!!!SBtab Document='Model'			
			
!!SBtab TableID='Reaction' TableType='Reaction' TableName='Reaction'			
!ID	!ReactionFormula	!Name	!IsReversible
R_PFK	M_atp_c + M_f6p_c <=> M_adp_c + M_fdp_c	R_PFK	False
R_PFL	M_pyr_c + M_coa_c <=> M_accoa_c + M_for_c	R_PFL	False
R_PGI	M_g6p_c <=> M_f6p_c	R_PGI	True
R_PGK	M_3pg_c + M_atp_c <=> M_13dpg_c + M_adp_c	R_PGK	True
R_PGL	M_h2o_c + M_6pgl_c <=> M_6pgc_c	R_PGL	False
R_ACALD	M_nad_c + M_acald_c + M_coa_c <=> M_nadh_c + M_accoa_c	R_ACALD	True
R_PGM	M_2pg_c <=> M_3pg_c	R_PGM	True
R_ALCD2x	M_nad_c + M_etoh_c <=> M_nadh_c + M_acald_c	R_ALCD2x	True
R_ACKr	M_ac_c + M_atp_c <=> M_actp_c + M_adp_c	R_ACKr	True
R_PPC	M_h2o_c + M_pep_c + M_co2_c <=> M_oaa_c + M_pi_c	R_PPC	False
R_ACONTa	M_cit_c <=> M_h2o_c + M_acon_C_c	R_ACONTa	True
R_ACONTb	M_h2o_c + M_acon_C_c <=> M_icit_c	R_ACONTb	True
R_ATPM	M_h2o_c + M_atp_c <=> M_pi_c + M_adp_c	R_ATPM	False
R_PPCK	M_oaa_c + M_atp_c <=> M_pep_c + M_adp_c + M_co2_c	R_PPCK	False
R_PPS	M_h2o_c + M_pyr_c + M_atp_c <=> M_pep_c + M_pi_c + M_amp_c	R_PPS	False
R_ADK1	M_amp_c + M_atp_c <=> 2 M_adp_c	R_ADK1	True
R_AKGDH	M_nad_c + M_akg_c + M_coa_c <=> M_nadh_c + M_succoa_c + M_co2_c	R_AKGDH	False
R_PTAr	M_pi_c + M_accoa_c <=> M_actp_c + M_coa_c	R_PTAr	True
R_PYK	M_pep_c + M_adp_c <=> M_pyr_c + M_atp_c	R_PYK	False
R_RPE	M_ru5p__D_c <=> M_xu5p__D_c	R_RPE	True
R_CS	M_h2o_c + M_oaa_c + M_accoa_c <=> M_cit_c + M_coa_c	R_CS	False
R_RPI	M_r5p_c <=> M_ru5p__D_c	R_RPI	True
R_ENO	M_2pg_c <=> M_h2o_c + M_pep_c	R_ENO	True
R_SUCDi	M_q8_c + M_succ_c <=> M_q8h2_c + M_fum_c	R_SUCDi	False
R_SUCOAS	M_succ_c + M_atp_c + M_coa_c <=> M_pi_c + M_succoa_c + M_adp_c	R_SUCOAS	True
R_TALA	M_s7p_c + M_g3p_c <=> M_e4p_c + M_f6p_c	R_TALA	True
R_TKT1	M_r5p_c + M_xu5p__D_c <=> M_s7p_c + M_g3p_c	R_TKT1	True
R_TKT2	M_xu5p__D_c + M_e4p_c <=> M_f6p_c + M_g3p_c	R_TKT2	True
R_TPI	M_dhap_c <=> M_g3p_c	R_TPI	True
R_FBA	M_fdp_c <=> M_dhap_c + M_g3p_c	R_FBA	True
R_FBP	M_h2o_c + M_fdp_c <=> M_pi_c + M_f6p_c	R_FBP	False
R_FRD7	M_q8h2_c + M_fum_c <=> M_q8_c + M_succ_c	R_FRD7	False
R_FUM	M_h2o_c + M_fum_c <=> M_mal__L_c	R_FUM	True
R_G6PDH2r	M_nadp_c + M_g6p_c <=> M_nadph_c + M_6pgl_c	R_G6PDH2r	True
R_GAPD	M_nad_c + M_pi_c + M_g3p_c <=> M_nadh_c + M_13dpg_c	R_GAPD	True
R_GLNS	M_glu__L_c + M_nh4_c + M_atp_c <=> M_gln__L_c + M_pi_c + M_adp_c	R_GLNS	False
R_GLUDy	M_glu__L_c + M_h2o_c + M_nadp_c <=> M_nadph_c + M_nh4_c + M_akg_c	R_GLUDy	True
R_GLUN	M_gln__L_c + M_h2o_c <=> M_glu__L_c + M_nh4_c	R_GLUN	False
R_GLUSy	M_gln__L_c + M_nadph_c + M_akg_c <=> 2 M_glu__L_c + M_nadp_c	R_GLUSy	False
R_GND	M_nadp_c + M_6pgc_c <=> M_nadph_c + M_ru5p__D_c + M_co2_c	R_GND	False
R_ICDHyr	M_icit_c + M_nadp_c <=> M_nadph_c + M_akg_c + M_co2_c	R_ICDHyr	True
R_ICL	M_icit_c <=> M_glx_c + M_succ_c	R_ICL	False
R_LDH_D	M_lac__D_c + M_nad_c <=> M_nadh_c + M_pyr_c	R_LDH_D	True
R_MALS	M_glx_c + M_h2o_c + M_accoa_c <=> M_mal__L_c + M_coa_c	R_MALS	False
R_MDH	M_mal__L_c + M_nad_c <=> M_nadh_c + M_oaa_c	R_MDH	True
R_ME1	M_mal__L_c + M_nad_c <=> M_nadh_c + M_pyr_c + M_co2_c	R_ME1	False
R_ME2	M_mal__L_c + M_nadp_c <=> M_nadph_c + M_pyr_c + M_co2_c	R_ME2	False
R_NADTRHD	M_nad_c + M_nadph_c <=> M_nadh_c + M_nadp_c	R_NADTRHD	False
R_PDH	M_nad_c + M_pyr_c + M_coa_c <=> M_nadh_c + M_accoa_c + M_co2_c	R_PDH	False
			
!!SBtab TableID='Compound' TableType='Compound' TableName='Compound'			
!ID	!Name	!Identifiers:kegg.compound	!IsConstant
M_gln__L_c	M_gln__L_c	C00064	False
M_glu__L_c	M_glu__L_c	C00025	False
M_glx_c	M_glx_c	C00048	False
M_h2o_c	M_h2o_c	C00001	False
M_icit_c	M_icit_c	C00311	False
M_lac__D_c	M_lac__D_c	C00256	False
M_mal__L_c	M_mal__L_c	C00149	False
M_nad_c	M_nad_c	C00003	False
M_nadh_c	M_nadh_c	C00004	False
M_nadp_c	M_nadp_c	C00006	False
M_nadph_c	M_nadph_c	C00005	False
M_nh4_c	M_nh4_c	C00014	False
M_13dpg_c	M_13dpg_c	C00236	False
M_2pg_c	M_2pg_c	C00631	False
M_3pg_c	M_3pg_c	C00197	False
M_oaa_c	M_oaa_c	C00036	False
M_pep_c	M_pep_c	C00074	False
M_6pgc_c	M_6pgc_c	C00345	False
M_pi_c	M_pi_c	C00009	False
M_6pgl_c	M_6pgl_c	C01236	False
M_ac_c	M_ac_c	C00033	False
M_pyr_c	M_pyr_c	C00022	False
M_q8_c	M_q8_c	C00399	False
M_q8h2_c	M_q8h2_c	C00390	False
M_r5p_c	M_r5p_c	C00117	False
M_ru5p__D_c	M_ru5p__D_c	C00199	False
M_acald_c	M_acald_c	C00084	False
M_s7p_c	M_s7p_c	C05382	False
M_accoa_c	M_accoa_c	C00024	False
M_succ_c	M_succ_c	C00042	False
M_succoa_c	M_succoa_c	C00091	False
M_acon_C_c	M_acon_C_c	C00417	False
M_xu5p__D_c	M_xu5p__D_c	C00231	False
M_actp_c	M_actp_c	C00227	False
M_adp_c	M_adp_c	C00008	False
M_akg_c	M_akg_c	C00026	False
M_amp_c	M_amp_c	C00020	False
M_atp_c	M_atp_c	C00002	False
M_cit_c	M_cit_c	C00158	False
M_co2_c	M_co2_c	C00011	False
M_coa_c	M_coa_c	C00010	False
M_dhap_c	M_dhap_c	C00111	False
M_e4p_c	M_e4p_c	C00279	False
M_etoh_c	M_etoh_c	C00469	False
M_f6p_c	M_f6p_c	C00085	False
M_fdp_c	M_fdp_c	C00354	False
M_for_c	M_for_c	C00058	False
M_fum_c	M_fum_c	C00122	False
M_g3p_c	M_g3p_c	C00118	False
M_g6p_c	M_g6p_c	C00092	False
			
!!SBtab TableID='ConcentrationConstraint' TableType='Quantity' TableName='Metabolite concentration constraints' Unit='mM'			
!QuantityType	!Compound	!Min	!Max
concentration	M_gln__L_c	1.4198169	3.1180769
concentration	M_glu__L_c	14.680811	32.178667
concentration	M_glx_c	0.001	10
concentration	M_h2o_c	0.001	10
concentration	M_icit_c	0.003469231	0.18501954
concentration	M_lac__D_c	0.001	10
concentration	M_mal__L_c	0.68196183	7.8367615
concentration	M_nad_c	1.0525084	2.288392
concentration	M_nadh_c	0.003821938	0.53772623
concentration	M_nadp_c	0.005296235	0.008360526
concentration	M_nadph_c	0.03312382	0.084932491
concentration	M_nh4_c	0.001	10
concentration	M_13dpg_c	0.018261555	0.053720542
concentration	M_2pg_c	0.001	10
concentration	M_3pg_c	1.02	2.23
concentration	M_oaa_c	0.001	10
concentration	M_pep_c	0.10961019	0.61668166
concentration	M_6pgc_c	0.0279357	0.22339159
concentration	M_pi_c	0.001	10
concentration	M_6pgl_c	0.001	10
concentration	M_ac_c	0.001	10
concentration	M_pyr_c	0.44652803	4.181654
concentration	M_q8_c	0.001	10
concentration	M_q8h2_c	0.001	10
concentration	M_r5p_c	0.015517213	0.20235087
concentration	M_ru5p__D_c	0.071848141	0.48026175
concentration	M_acald_c	0.001	10
concentration	M_s7p_c	0.42834432	3.0619893
concentration	M_accoa_c	0.227	1.74
concentration	M_succ_c	0.20092487	0.95136822
concentration	M_succoa_c	0.0988	1.54
concentration	M_acon_C_c	0.0138	0.143
concentration	M_xu5p__D_c	0.061995207	0.44017386
concentration	M_actp_c	1.02	2.04
concentration	M_adp_c	0.26094575	0.45288757
concentration	M_akg_c	0.14546384	0.69537709
concentration	M_amp_c	0.19863203	0.36091426
concentration	M_atp_c	1.4851174	2.4265438
concentration	M_cit_c	0.11756466	3.6033645
concentration	M_co2_c	0.001	10
concentration	M_coa_c	0.0883	63
concentration	M_dhap_c	0.31202413	1.6079276
concentration	M_e4p_c	0.009784009	0.018594236
concentration	M_etoh_c	0.001	10
concentration	M_f6p_c	0.12671865	0.41511036
concentration	M_fdp_c	0.083176284	0.95084125
concentration	M_for_c	0.001	10
concentration	M_fum_c	0.31825285	3.4768864
concentration	M_g3p_c	0.001	10
concentration	M_g6p_c	0.26083188	0.94482389
			
!!SBtab TableID='Flux' TableType='Quantity' TableName='Flux' Unit='mM/s'			
!QuantityType	!Reaction	!Value	
rate of reaction	R_PFK	1.3422644	
rate of reaction	R_PFL	0	
rate of reaction	R_PGI	-1.315509	
rate of reaction	R_PGK	-3.3920339	
rate of reaction	R_PGL	6.6725115	
rate of reaction	R_ACALD	0	
rate of reaction	R_PGM	0	
rate of reaction	R_ALCD2x	0	
rate of reaction	R_ACKr	10.944071	
rate of reaction	R_PPC	0	
rate of reaction	R_ACONTa	2.4463004	
rate of reaction	R_ACONTb	2.4463004	
rate of reaction	R_ATPM	0	
rate of reaction	R_PPCK	0	
rate of reaction	R_PPS	6.9988285	
rate of reaction	R_ADK1	6.9988285	
rate of reaction	R_AKGDH	0	
rate of reaction	R_PTAr	-10.944071	
rate of reaction	R_PYK	0	
rate of reaction	R_RPE	2.8185322	
rate of reaction	R_CS	2.4463004	
rate of reaction	R_RPI	-3.8539793	
rate of reaction	R_ENO	0	
rate of reaction	R_SUCDi	380.23766	
rate of reaction	R_SUCOAS	0	
rate of reaction	R_TALA	1.8185322	
rate of reaction	R_TKT1	1.8185322	
rate of reaction	R_TKT2	1	
rate of reaction	R_TPI	1.3422644	
rate of reaction	R_FBA	1.3422644	
rate of reaction	R_FBP	0	
rate of reaction	R_FRD7	0	
rate of reaction	R_FUM	20.442446	
rate of reaction	R_G6PDH2r	6.6725115	
rate of reaction	R_GAPD	3.3920339	
rate of reaction	R_GLNS	12.363691	
rate of reaction	R_GLUDy	0	
rate of reaction	R_GLUN	0	
rate of reaction	R_GLUSy	11.783917	
rate of reaction	R_GND	6.6725115	
rate of reaction	R_ICDHyr	2.4463004	
rate of reaction	R_ICL	0	
rate of reaction	R_LDH_D	-6.3448719	
rate of reaction	R_MALS	0	
rate of reaction	R_MDH	6.4974681	
rate of reaction	R_ME1	0	
rate of reaction	R_ME2	13.944978	
rate of reaction	R_NADTRHD	0	
rate of reaction	R_PDH	0	
			
!!SBtab TableName='Configuration' TableID='Configuration' TableType='Config' Method='unknown'			
!Option	!Value		
p_h	7.0 dimensionless		
p_mg	3.0 dimensionless		
ionic_strength	0.15 molar		
temperature	310.15 kelvin		
algorithm	MDF		
stdev_factor	1.96		
