!!!SBtab DocumentName='report' SBtabVersion='1.0' Date='2022-6-9'
!!SBtab TableID='Predicted concentrations' TableType='Quantity' TableName='Predicted concentrations' SBtabVersion='1.0' Unit='M'
!QuantityType	!Compound	!Value
concentration	M_h2o_c	1.000e+00
concentration	M_atp_c	1.946e-03
concentration	M_nadp_c	6.726e-06
concentration	M_nadph_c	4.994e-05
concentration	M_adp_c	3.339e-04
concentration	M_nad_c	1.959e-03
concentration	M_pi_c	9.071e-03
concentration	M_nadh_c	4.529e-06
concentration	M_coa_c	1.157e-04
concentration	M_co2_c	6.246e-05
concentration	M_amp_c	2.677e-04
concentration	M_nh4_c	5.426e-05
concentration	M_akg_c	2.575e-04
concentration	M_accoa_c	1.353e-03
concentration	M_pyr_c	9.458e-04
concentration	M_succ_c	3.975e-04
concentration	M_ac_c	6.513e-04
concentration	M_gln__L_c	2.086e-03
concentration	M_for_c	9.999e-05
concentration	M_oaa_c	3.381e-06
concentration	M_glx_c	9.999e-05
concentration	M_pep_c	6.167e-04
concentration	M_g3p_c	3.888e-05
concentration	M_acald_c	9.999e-05
concentration	M_dhap_c	8.158e-04
concentration	M_succoa_c	5.980e-04
concentration	M_fum_c	1.939e-03
concentration	M_mal__L_c	2.256e-03
concentration	M_r5p_c	9.421e-05
concentration	M_3pg_c	1.020e-03
concentration	M_cit_c	2.378e-03
concentration	M_ru5p__D_c	2.504e-04
concentration	M_g6p_c	4.827e-04
concentration	M_q8_c	1.959e-05
concentration	M_xu5p__D_c	2.113e-04
concentration	M_q8h2_c	5.104e-04
concentration	M_e4p_c	1.351e-05
concentration	M_13dpg_c	2.143e-05
concentration	M_s7p_c	7.475e-04
concentration	M_2pg_c	1.322e-04
concentration	M_actp_c	1.226e-03
concentration	M_lac__D_c	4.378e-04
concentration	M_etoh_c	9.999e-05
concentration	M_6pgc_c	9.920e-05
concentration	M_fdp_c	6.691e-04
concentration	M_6pgl_c	1.858e-05
concentration	M_acon_C_c	2.522e-05
concentration	M_glu__L_c	2.180e-02
concentration	M_icit_c	1.162e-05
concentration	M_f6p_c	2.172e-04

!!SBtab TableID='Predicted Gibbs energies' TableType='Quantity' TableName='Predicted Gibbs energies' SBtabVersion='1.0' Unit='kJ/mol'
!QuantityType	!Reaction	!Value
reaction gibbs energy	R_PFK	-1.773e+01
reaction gibbs energy	R_PFL	0.000e+00
reaction gibbs energy	R_PGI	0.000e+00
reaction gibbs energy	R_PGK	-5.621e+00
reaction gibbs energy	R_PGL	-1.988e+01
reaction gibbs energy	R_ACALD	0.000e+00
reaction gibbs energy	R_PGM	-1.384e+00
reaction gibbs energy	R_ALCD2x	0.000e+00
reaction gibbs energy	R_ACKr	-1.127e+01
reaction gibbs energy	R_PPC	0.000e+00
reaction gibbs energy	R_ACONTa	-2.517e+00
reaction gibbs energy	R_ACONTb	-3.474e+00
reaction gibbs energy	R_ATPM	0.000e+00
reaction gibbs energy	R_PPCK	-3.385e+00
reaction gibbs energy	R_PPS	0.000e+00
reaction gibbs energy	R_ADK1	0.000e+00
reaction gibbs energy	R_AKGDH	-4.238e+01
reaction gibbs energy	R_PTAr	-2.009e+00
reaction gibbs energy	R_PYK	0.000e+00
reaction gibbs energy	R_RPE	-3.937e+00
reaction gibbs energy	R_CS	-2.733e+01
reaction gibbs energy	R_RPI	-4.577e+00
reaction gibbs energy	R_ENO	-1.384e+00
reaction gibbs energy	R_SUCDi	-1.234e+01
reaction gibbs energy	R_SUCOAS	-5.717e+00
reaction gibbs energy	R_TALA	-6.749e+00
reaction gibbs energy	R_TKT1	-3.058e+00
reaction gibbs energy	R_TKT2	0.000e+00
reaction gibbs energy	R_TPI	-2.282e+00
reaction gibbs energy	R_FBA	-2.415e+00
reaction gibbs energy	R_FBP	0.000e+00
reaction gibbs energy	R_FRD7	0.000e+00
reaction gibbs energy	R_FUM	-3.049e+00
reaction gibbs energy	R_G6PDH2r	-8.082e+00
reaction gibbs energy	R_GAPD	-1.803e+00
reaction gibbs energy	R_GLNS	-1.184e+01
reaction gibbs energy	R_GLUDy	0.000e+00
reaction gibbs energy	R_GLUN	0.000e+00
reaction gibbs energy	R_GLUSy	-3.793e+01
reaction gibbs energy	R_GND	-5.555e+00
reaction gibbs energy	R_ICDHyr	-5.142e+00
reaction gibbs energy	R_ICL	0.000e+00
reaction gibbs energy	R_LDH_D	-9.107e+00
reaction gibbs energy	R_MALS	0.000e+00
reaction gibbs energy	R_MDH	-3.002e+00
reaction gibbs energy	R_ME1	0.000e+00
reaction gibbs energy	R_ME2	0.000e+00
reaction gibbs energy	R_NADTRHD	-2.011e+01
reaction gibbs energy	R_PDH	-5.103e+01

