!!!SBtab DocumentName='report' SBtabVersion='1.0' Date='2022-6-9'
!!SBtab TableID='Predicted concentrations' TableType='Quantity' TableName='Predicted concentrations' SBtabVersion='1.0' Unit='M'
!QuantityType	!Compound	!Value
concentration	M_h2o_c	1.000e+00
concentration	M_atp_c	2.427e-03
concentration	M_nadp_c	6.622e-06
concentration	M_nadph_c	5.319e-05
concentration	M_adp_c	2.609e-04
concentration	M_nad_c	1.595e-03
concentration	M_pi_c	1.908e-03
concentration	M_nadh_c	1.604e-05
concentration	M_coa_c	9.498e-04
concentration	M_co2_c	1.690e-04
concentration	M_amp_c	2.677e-04
concentration	M_nh4_c	5.806e-06
concentration	M_akg_c	2.933e-04
concentration	M_accoa_c	6.946e-04
concentration	M_pyr_c	1.216e-03
concentration	M_succ_c	4.062e-04
concentration	M_ac_c	1.000e-02
concentration	M_gln__L_c	2.140e-03
concentration	M_for_c	1.000e-04
concentration	M_oaa_c	2.367e-06
concentration	M_glx_c	1.000e-04
concentration	M_pep_c	6.167e-04
concentration	M_g3p_c	9.726e-05
concentration	M_acald_c	1.000e-04
concentration	M_dhap_c	5.492e-04
concentration	M_succoa_c	3.901e-04
concentration	M_fum_c	1.664e-03
concentration	M_mal__L_c	2.889e-03
concentration	M_r5p_c	1.027e-04
concentration	M_3pg_c	2.172e-03
concentration	M_cit_c	1.898e-03
concentration	M_ru5p__D_c	2.093e-04
concentration	M_g6p_c	4.139e-04
concentration	M_q8_c	1.569e-05
concentration	M_xu5p__D_c	2.371e-04
concentration	M_q8h2_c	6.376e-04
concentration	M_e4p_c	1.358e-05
concentration	M_13dpg_c	1.826e-05
concentration	M_s7p_c	7.083e-04
concentration	M_2pg_c	2.040e-04
concentration	M_actp_c	1.020e-03
concentration	M_lac__D_c	8.581e-04
concentration	M_etoh_c	1.000e-04
concentration	M_6pgc_c	9.894e-05
concentration	M_fdp_c	1.706e-04
concentration	M_6pgl_c	1.849e-05
concentration	M_acon_C_c	3.125e-05
concentration	M_glu__L_c	2.176e-02
concentration	M_icit_c	1.910e-05
concentration	M_f6p_c	2.765e-04

!!SBtab TableID='Predicted Gibbs energies' TableType='Quantity' TableName='Predicted Gibbs energies' SBtabVersion='1.0' Unit='kJ/mol'
!QuantityType	!Reaction	!Value
reaction gibbs energy	R_PFK	0.000e+00
reaction gibbs energy	R_PFL	0.000e+00
reaction gibbs energy	R_PGI	-1.501e+00
reaction gibbs energy	R_PGK	3.192e-01
reaction gibbs energy	R_PGL	-1.974e+01
reaction gibbs energy	R_ACALD	0.000e+00
reaction gibbs energy	R_PGM	3.192e-01
reaction gibbs energy	R_ALCD2x	0.000e+00
reaction gibbs energy	R_ACKr	3.192e-01
reaction gibbs energy	R_PPC	0.000e+00
reaction gibbs energy	R_ACONTa	-1.463e+00
reaction gibbs energy	R_ACONTb	-2.734e+00
reaction gibbs energy	R_ATPM	0.000e+00
reaction gibbs energy	R_PPCK	-1.523e+00
reaction gibbs energy	R_PPS	0.000e+00
reaction gibbs energy	R_ADK1	0.000e+00
reaction gibbs energy	R_AKGDH	0.000e+00
reaction gibbs energy	R_PTAr	-6.049e+00
reaction gibbs energy	R_PYK	0.000e+00
reaction gibbs energy	R_RPE	-3.134e+00
reaction gibbs energy	R_CS	-1.995e+01
reaction gibbs energy	R_RPI	-3.900e+00
reaction gibbs energy	R_ENO	3.192e-01
reaction gibbs energy	R_SUCDi	-1.167e+01
reaction gibbs energy	R_SUCOAS	0.000e+00
reaction gibbs energy	R_TALA	-8.231e+00
reaction gibbs energy	R_TKT1	-1.325e+00
reaction gibbs energy	R_TKT2	0.000e+00
reaction gibbs energy	R_TPI	-9.938e-01
reaction gibbs energy	R_FBA	-2.283e+00
reaction gibbs energy	R_FBP	-2.683e+01
reaction gibbs energy	R_FRD7	0.000e+00
reaction gibbs energy	R_FUM	-2.057e+00
reaction gibbs energy	R_G6PDH2r	-7.545e+00
reaction gibbs energy	R_GAPD	-1.903e+00
reaction gibbs energy	R_GLNS	-1.123e+01
reaction gibbs energy	R_GLUDy	0.000e+00
reaction gibbs energy	R_GLUN	0.000e+00
reaction gibbs energy	R_GLUSy	-3.844e+01
reaction gibbs energy	R_GND	-3.481e+00
reaction gibbs energy	R_ICDHyr	-3.571e+00
reaction gibbs energy	R_ICL	0.000e+00
reaction gibbs energy	R_LDH_D	-1.170e+01
reaction gibbs energy	R_MALS	0.000e+00
reaction gibbs energy	R_MDH	-8.820e-01
reaction gibbs energy	R_ME1	-2.207e+01
reaction gibbs energy	R_ME2	-5.422e+00
reaction gibbs energy	R_NADTRHD	0.000e+00
reaction gibbs energy	R_PDH	-5.160e+01

