!!!SBtab DocumentName='report' SBtabVersion='1.0' Date='2022-6-9'
!!SBtab TableID='Predicted concentrations' TableType='Quantity' TableName='Predicted concentrations' SBtabVersion='1.0' Unit='M'
!QuantityType	!Compound	!Value
concentration	M_h2o_c	1.000e+00
concentration	M_atp_c	2.427e-03
concentration	M_nadp_c	6.698e-06
concentration	M_nadph_c	5.131e-05
concentration	M_adp_c	2.609e-04
concentration	M_nad_c	1.554e-03
concentration	M_pi_c	3.738e-03
concentration	M_nadh_c	2.344e-05
concentration	M_coa_c	3.351e-04
concentration	M_co2_c	8.186e-05
concentration	M_amp_c	2.725e-04
concentration	M_nh4_c	5.901e-06
concentration	M_akg_c	2.904e-04
concentration	M_accoa_c	4.410e-04
concentration	M_pyr_c	9.536e-04
concentration	M_succ_c	3.148e-04
concentration	M_ac_c	1.000e-02
concentration	M_gln__L_c	2.121e-03
concentration	M_for_c	1.000e-04
concentration	M_oaa_c	1.985e-06
concentration	M_glx_c	1.000e-04
concentration	M_pep_c	6.167e-04
concentration	M_g3p_c	9.067e-05
concentration	M_acald_c	1.000e-04
concentration	M_dhap_c	5.229e-04
concentration	M_succoa_c	8.981e-04
concentration	M_fum_c	1.853e-03
concentration	M_mal__L_c	3.657e-03
concentration	M_r5p_c	1.026e-04
concentration	M_3pg_c	2.172e-03
concentration	M_cit_c	1.881e-03
concentration	M_ru5p__D_c	2.316e-04
concentration	M_g6p_c	4.074e-04
concentration	M_q8_c	1.926e-05
concentration	M_xu5p__D_c	2.372e-04
concentration	M_q8h2_c	5.192e-04
concentration	M_e4p_c	1.353e-05
concentration	M_13dpg_c	1.826e-05
concentration	M_s7p_c	7.115e-04
concentration	M_2pg_c	2.040e-04
concentration	M_actp_c	1.020e-03
concentration	M_lac__D_c	6.840e-04
concentration	M_etoh_c	1.000e-04
concentration	M_6pgc_c	8.926e-05
concentration	M_fdp_c	1.614e-04
concentration	M_6pgl_c	2.377e-05
concentration	M_acon_C_c	2.984e-05
concentration	M_glu__L_c	2.175e-02
concentration	M_icit_c	1.518e-05
concentration	M_f6p_c	2.812e-04

!!SBtab TableID='Predicted Gibbs energies' TableType='Quantity' TableName='Predicted Gibbs energies' SBtabVersion='1.0' Unit='kJ/mol'
!QuantityType	!Reaction	!Value
reaction gibbs energy	R_PFK	0.000e+00
reaction gibbs energy	R_PFL	0.000e+00
reaction gibbs energy	R_PGI	-1.581e+00
reaction gibbs energy	R_PGK	3.192e-01
reaction gibbs energy	R_PGL	-2.062e+01
reaction gibbs energy	R_ACALD	0.000e+00
reaction gibbs energy	R_PGM	3.192e-01
reaction gibbs energy	R_ALCD2x	0.000e+00
reaction gibbs energy	R_ACKr	3.192e-01
reaction gibbs energy	R_PPC	-4.510e+01
reaction gibbs energy	R_ACONTa	-1.555e+00
reaction gibbs energy	R_ACONTb	-3.190e+00
reaction gibbs energy	R_ATPM	0.000e+00
reaction gibbs energy	R_PPCK	0.000e+00
reaction gibbs energy	R_PPS	-2.218e+01
reaction gibbs energy	R_ADK1	-5.538e+00
reaction gibbs energy	R_AKGDH	-3.891e+01
reaction gibbs energy	R_PTAr	-2.928e+00
reaction gibbs energy	R_PYK	0.000e+00
reaction gibbs energy	R_RPE	-3.384e+00
reaction gibbs energy	R_CS	-2.099e+01
reaction gibbs energy	R_RPI	-4.156e+00
reaction gibbs energy	R_ENO	3.192e-01
reaction gibbs energy	R_SUCDi	-1.179e+01
reaction gibbs energy	R_SUCOAS	-1.348e+00
reaction gibbs energy	R_TALA	-8.037e+00
reaction gibbs energy	R_TKT1	-1.485e+00
reaction gibbs energy	R_TKT2	0.000e+00
reaction gibbs energy	R_TPI	-9.416e-01
reaction gibbs energy	R_FBA	-2.125e+00
reaction gibbs energy	R_FBP	-2.498e+01
reaction gibbs energy	R_FRD7	0.000e+00
reaction gibbs energy	R_FUM	-1.740e+00
reaction gibbs energy	R_G6PDH2r	-7.001e+00
reaction gibbs energy	R_GAPD	-1.417e+00
reaction gibbs energy	R_GLNS	-9.624e+00
reaction gibbs energy	R_GLUDy	0.000e+00
reaction gibbs energy	R_GLUN	0.000e+00
reaction gibbs energy	R_GLUSy	-3.828e+01
reaction gibbs energy	R_GND	-4.887e+00
reaction gibbs energy	R_ICDHyr	-4.938e+00
reaction gibbs energy	R_ICL	0.000e+00
reaction gibbs energy	R_LDH_D	-1.267e+01
reaction gibbs energy	R_MALS	0.000e+00
reaction gibbs energy	R_MDH	-8.955e-01
reaction gibbs energy	R_ME1	0.000e+00
reaction gibbs energy	R_ME2	0.000e+00
reaction gibbs energy	R_NADTRHD	-1.553e+01
reaction gibbs energy	R_PDH	0.000e+00

