!!!SBtab DocumentName='report' SBtabVersion='1.0' Date='2022-6-9'
!!SBtab TableID='Predicted concentrations' TableType='Quantity' TableName='Predicted concentrations' SBtabVersion='1.0' Unit='M'
!QuantityType	!Compound	!Value
concentration	M_h2o_c	1.000e+00
concentration	M_atp_c	2.427e-03
concentration	M_nadp_c	6.654e-06
concentration	M_nadph_c	5.304e-05
concentration	M_adp_c	2.609e-04
concentration	M_nad_c	1.552e-03
concentration	M_pi_c	1.646e-05
concentration	M_nadh_c	4.533e-05
concentration	M_coa_c	2.359e-03
concentration	M_co2_c	1.000e-04
concentration	M_amp_c	2.677e-04
concentration	M_nh4_c	1.000e-04
concentration	M_akg_c	3.180e-04
concentration	M_accoa_c	6.285e-04
concentration	M_pyr_c	1.366e-03
concentration	M_succ_c	5.055e-04
concentration	M_ac_c	1.000e-04
concentration	M_gln__L_c	2.104e-03
concentration	M_for_c	1.000e-04
concentration	M_oaa_c	1.000e-04
concentration	M_glx_c	1.000e-04
concentration	M_pep_c	2.600e-04
concentration	M_g3p_c	1.000e-04
concentration	M_acald_c	1.000e-04
concentration	M_dhap_c	7.083e-04
concentration	M_succoa_c	3.901e-04
concentration	M_fum_c	7.655e-04
concentration	M_mal__L_c	2.312e-03
concentration	M_r5p_c	5.603e-05
concentration	M_3pg_c	1.508e-03
concentration	M_cit_c	6.509e-04
concentration	M_ru5p__D_c	1.858e-04
concentration	M_g6p_c	4.964e-04
concentration	M_q8_c	5.126e-04
concentration	M_xu5p__D_c	1.652e-04
concentration	M_q8h2_c	1.951e-05
concentration	M_e4p_c	1.349e-05
concentration	M_13dpg_c	3.132e-05
concentration	M_s7p_c	1.145e-03
concentration	M_2pg_c	1.000e-04
concentration	M_actp_c	1.442e-03
concentration	M_lac__D_c	1.000e-04
concentration	M_etoh_c	1.000e-04
concentration	M_6pgc_c	7.900e-05
concentration	M_fdp_c	8.318e-05
concentration	M_6pgl_c	1.000e-04
concentration	M_acon_C_c	4.442e-05
concentration	M_glu__L_c	2.173e-02
concentration	M_icit_c	2.534e-05
concentration	M_f6p_c	4.151e-04

!!SBtab TableID='Predicted Gibbs energies' TableType='Quantity' TableName='Predicted Gibbs energies' SBtabVersion='1.0' Unit='kJ/mol'
!QuantityType	!Reaction	!Value
reaction gibbs energy	R_PFK	-3.033e+01
reaction gibbs energy	R_PFL	0.000e+00
reaction gibbs energy	R_PGI	0.000e+00
reaction gibbs energy	R_PGK	0.000e+00
reaction gibbs energy	R_PGL	0.000e+00
reaction gibbs energy	R_ACALD	0.000e+00
reaction gibbs energy	R_PGM	0.000e+00
reaction gibbs energy	R_ALCD2x	0.000e+00
reaction gibbs energy	R_ACKr	0.000e+00
reaction gibbs energy	R_PPC	0.000e+00
reaction gibbs energy	R_ACONTa	0.000e+00
reaction gibbs energy	R_ACONTb	0.000e+00
reaction gibbs energy	R_ATPM	0.000e+00
reaction gibbs energy	R_PPCK	0.000e+00
reaction gibbs energy	R_PPS	0.000e+00
reaction gibbs energy	R_ADK1	0.000e+00
reaction gibbs energy	R_AKGDH	0.000e+00
reaction gibbs energy	R_PTAr	0.000e+00
reaction gibbs energy	R_PYK	0.000e+00
reaction gibbs energy	R_RPE	0.000e+00
reaction gibbs energy	R_CS	0.000e+00
reaction gibbs energy	R_RPI	0.000e+00
reaction gibbs energy	R_ENO	0.000e+00
reaction gibbs energy	R_SUCDi	-3.164e+01
reaction gibbs energy	R_SUCOAS	0.000e+00
reaction gibbs energy	R_TALA	0.000e+00
reaction gibbs energy	R_TKT1	0.000e+00
reaction gibbs energy	R_TKT2	0.000e+00
reaction gibbs energy	R_TPI	0.000e+00
reaction gibbs energy	R_FBA	0.000e+00
reaction gibbs energy	R_FBP	-3.130e+01
reaction gibbs energy	R_FRD7	0.000e+00
reaction gibbs energy	R_FUM	0.000e+00
reaction gibbs energy	R_G6PDH2r	0.000e+00
reaction gibbs energy	R_GAPD	0.000e+00
reaction gibbs energy	R_GLNS	0.000e+00
reaction gibbs energy	R_GLUDy	0.000e+00
reaction gibbs energy	R_GLUN	0.000e+00
reaction gibbs energy	R_GLUSy	0.000e+00
reaction gibbs energy	R_GND	0.000e+00
reaction gibbs energy	R_ICDHyr	0.000e+00
reaction gibbs energy	R_ICL	0.000e+00
reaction gibbs energy	R_LDH_D	0.000e+00
reaction gibbs energy	R_MALS	0.000e+00
reaction gibbs energy	R_MDH	0.000e+00
reaction gibbs energy	R_ME1	0.000e+00
reaction gibbs energy	R_ME2	0.000e+00
reaction gibbs energy	R_NADTRHD	0.000e+00
reaction gibbs energy	R_PDH	0.000e+00

