!!!SBtab DocumentName='report' SBtabVersion='1.0' Date='2022-6-9'
!!SBtab TableID='Predicted concentrations' TableType='Quantity' TableName='Predicted concentrations' SBtabVersion='1.0' Unit='M'
!QuantityType	!Compound	!Value
concentration	M_h2o_c	1.000e+00
concentration	M_atp_c	1.930e-03
concentration	M_nadp_c	6.618e-06
concentration	M_nadph_c	5.299e-05
concentration	M_adp_c	3.364e-04
concentration	M_nad_c	1.676e-03
concentration	M_pi_c	8.245e-03
concentration	M_nadh_c	8.207e-06
concentration	M_coa_c	1.137e-04
concentration	M_co2_c	3.701e-05
concentration	M_amp_c	2.677e-04
concentration	M_nh4_c	1.135e-05
concentration	M_akg_c	2.988e-04
concentration	M_accoa_c	1.387e-03
concentration	M_pyr_c	9.479e-04
concentration	M_succ_c	4.107e-04
concentration	M_ac_c	7.178e-04
concentration	M_gln__L_c	2.106e-03
concentration	M_for_c	1.000e-04
concentration	M_oaa_c	2.121e-06
concentration	M_glx_c	1.000e-04
concentration	M_pep_c	6.167e-04
concentration	M_g3p_c	1.461e-04
concentration	M_acald_c	1.000e-04
concentration	M_dhap_c	4.817e-04
concentration	M_succoa_c	3.901e-04
concentration	M_fum_c	2.062e-03
concentration	M_mal__L_c	2.620e-03
concentration	M_r5p_c	1.365e-04
concentration	M_3pg_c	1.020e-03
concentration	M_cit_c	2.378e-03
concentration	M_ru5p__D_c	2.892e-04
concentration	M_g6p_c	3.487e-04
concentration	M_q8_c	1.672e-05
concentration	M_xu5p__D_c	3.042e-04
concentration	M_q8h2_c	5.983e-04
concentration	M_e4p_c	1.376e-05
concentration	M_13dpg_c	3.132e-05
concentration	M_s7p_c	5.792e-04
concentration	M_2pg_c	1.322e-04
concentration	M_actp_c	1.203e-03
concentration	M_lac__D_c	6.070e-04
concentration	M_etoh_c	1.000e-04
concentration	M_6pgc_c	9.313e-05
concentration	M_fdp_c	1.471e-04
concentration	M_6pgl_c	1.464e-05
concentration	M_acon_C_c	2.506e-05
concentration	M_glu__L_c	2.193e-02
concentration	M_icit_c	1.089e-05
concentration	M_f6p_c	3.168e-04

!!SBtab TableID='Predicted Gibbs energies' TableType='Quantity' TableName='Predicted Gibbs energies' SBtabVersion='1.0' Unit='kJ/mol'
!QuantityType	!Reaction	!Value
reaction gibbs energy	R_PFK	0.000e+00
reaction gibbs energy	R_PFL	0.000e+00
reaction gibbs energy	R_PGI	-2.264e+00
reaction gibbs energy	R_PGK	0.000e+00
reaction gibbs energy	R_PGL	-1.945e+01
reaction gibbs energy	R_ACALD	0.000e+00
reaction gibbs energy	R_PGM	-1.384e+00
reaction gibbs energy	R_ALCD2x	0.000e+00
reaction gibbs energy	R_ACKr	-1.102e+01
reaction gibbs energy	R_PPC	0.000e+00
reaction gibbs energy	R_ACONTa	-2.532e+00
reaction gibbs energy	R_ACONTb	-3.619e+00
reaction gibbs energy	R_ATPM	0.000e+00
reaction gibbs energy	R_PPCK	-3.488e+00
reaction gibbs energy	R_PPS	0.000e+00
reaction gibbs energy	R_ADK1	0.000e+00
reaction gibbs energy	R_AKGDH	0.000e+00
reaction gibbs energy	R_PTAr	-1.924e+00
reaction gibbs energy	R_PYK	0.000e+00
reaction gibbs energy	R_RPE	-3.392e+00
reaction gibbs energy	R_CS	-2.628e+01
reaction gibbs energy	R_RPI	-4.015e+00
reaction gibbs energy	R_ENO	-1.384e+00
reaction gibbs energy	R_SUCDi	-1.149e+01
reaction gibbs energy	R_SUCOAS	0.000e+00
reaction gibbs energy	R_TALA	-8.417e+00
reaction gibbs energy	R_TKT1	-2.231e+00
reaction gibbs energy	R_TKT2	-4.533e+00
reaction gibbs energy	R_TPI	-2.303e+00
reaction gibbs energy	R_FBA	-3.312e+00
reaction gibbs energy	R_FBP	-2.253e+01
reaction gibbs energy	R_FRD7	0.000e+00
reaction gibbs energy	R_FUM	-2.830e+00
reaction gibbs energy	R_G6PDH2r	-7.680e+00
reaction gibbs energy	R_GAPD	0.000e+00
reaction gibbs energy	R_GLNS	-8.154e+00
reaction gibbs energy	R_GLUDy	0.000e+00
reaction gibbs energy	R_GLUN	0.000e+00
reaction gibbs energy	R_GLUSy	-3.847e+01
reaction gibbs energy	R_GND	-6.152e+00
reaction gibbs energy	R_ICDHyr	-5.722e+00
reaction gibbs energy	R_ICL	0.000e+00
reaction gibbs energy	R_LDH_D	-1.016e+01
reaction gibbs energy	R_MALS	0.000e+00
reaction gibbs energy	R_MDH	-2.669e+00
reaction gibbs energy	R_ME1	0.000e+00
reaction gibbs energy	R_ME2	0.000e+00
reaction gibbs energy	R_NADTRHD	0.000e+00
reaction gibbs energy	R_PDH	-5.037e+01

