!!!SBtab DocumentName='report' SBtabVersion='1.0' Date='2022-6-9'
!!SBtab TableID='Predicted concentrations' TableType='Quantity' TableName='Predicted concentrations' SBtabVersion='1.0' Unit='M'
!QuantityType	!Compound	!Value
concentration	M_h2o_c	1.000e+00
concentration	M_atp_c	2.427e-03
concentration	M_nadp_c	6.694e-06
concentration	M_nadph_c	5.064e-05
concentration	M_adp_c	2.609e-04
concentration	M_nad_c	2.017e-03
concentration	M_pi_c	8.245e-03
concentration	M_nadh_c	4.433e-06
concentration	M_coa_c	7.194e-04
concentration	M_co2_c	1.306e-04
concentration	M_amp_c	2.677e-04
concentration	M_nh4_c	8.451e-06
concentration	M_akg_c	2.497e-04
concentration	M_accoa_c	3.189e-04
concentration	M_pyr_c	1.446e-03
concentration	M_succ_c	2.755e-04
concentration	M_ac_c	1.000e-02
concentration	M_gln__L_c	2.126e-03
concentration	M_for_c	1.000e-04
concentration	M_oaa_c	2.622e-06
concentration	M_glx_c	1.000e-04
concentration	M_pep_c	2.324e-04
concentration	M_g3p_c	3.841e-05
concentration	M_acald_c	1.000e-04
concentration	M_dhap_c	8.290e-04
concentration	M_succoa_c	1.094e-03
concentration	M_fum_c	1.813e-03
concentration	M_mal__L_c	1.990e-03
concentration	M_r5p_c	9.479e-05
concentration	M_3pg_c	1.448e-03
concentration	M_cit_c	2.359e-03
concentration	M_ru5p__D_c	2.403e-04
concentration	M_g6p_c	3.531e-04
concentration	M_q8_c	1.821e-05
concentration	M_xu5p__D_c	2.119e-04
concentration	M_q8h2_c	5.492e-04
concentration	M_e4p_c	1.347e-05
concentration	M_13dpg_c	2.144e-05
concentration	M_s7p_c	7.563e-04
concentration	M_2pg_c	1.000e-04
concentration	M_actp_c	1.020e-03
concentration	M_lac__D_c	5.941e-04
concentration	M_etoh_c	1.000e-04
concentration	M_6pgc_c	1.049e-04
concentration	M_fdp_c	6.885e-04
concentration	M_6pgl_c	1.515e-05
concentration	M_acon_C_c	2.652e-05
concentration	M_glu__L_c	2.174e-02
concentration	M_icit_c	1.291e-05
concentration	M_f6p_c	2.979e-04

!!SBtab TableID='Predicted Gibbs energies' TableType='Quantity' TableName='Predicted Gibbs energies' SBtabVersion='1.0' Unit='kJ/mol'
!QuantityType	!Reaction	!Value
reaction gibbs energy	R_PFK	-1.926e+01
reaction gibbs energy	R_PFL	0.000e+00
reaction gibbs energy	R_PGI	-2.145e+00
reaction gibbs energy	R_PGK	-3.500e+00
reaction gibbs energy	R_PGL	-1.892e+01
reaction gibbs energy	R_ACALD	0.000e+00
reaction gibbs energy	R_PGM	0.000e+00
reaction gibbs energy	R_ALCD2x	0.000e+00
reaction gibbs energy	R_ACKr	-1.274e+00
reaction gibbs energy	R_PPC	0.000e+00
reaction gibbs energy	R_ACONTa	-2.420e+00
reaction gibbs energy	R_ACONTb	-3.272e+00
reaction gibbs energy	R_ATPM	0.000e+00
reaction gibbs energy	R_PPCK	-5.825e+00
reaction gibbs energy	R_PPS	0.000e+00
reaction gibbs energy	R_ADK1	0.000e+00
reaction gibbs energy	R_AKGDH	-4.392e+01
reaction gibbs energy	R_PTAr	-2.324e+00
reaction gibbs energy	R_PYK	-1.656e+01
reaction gibbs energy	R_RPE	-3.684e+00
reaction gibbs energy	R_CS	-1.820e+01
reaction gibbs energy	R_RPI	-4.426e+00
reaction gibbs energy	R_ENO	0.000e+00
reaction gibbs energy	R_SUCDi	-1.138e+01
reaction gibbs energy	R_SUCOAS	-2.294e+00
reaction gibbs energy	R_TALA	-5.882e+00
reaction gibbs energy	R_TKT1	-2.897e+00
reaction gibbs energy	R_TKT2	0.000e+00
reaction gibbs energy	R_TPI	-2.054e+00
reaction gibbs energy	R_FBA	-2.191e+00
reaction gibbs energy	R_FBP	0.000e+00
reaction gibbs energy	R_FRD7	0.000e+00
reaction gibbs energy	R_FUM	-3.199e+00
reaction gibbs energy	R_G6PDH2r	-7.879e+00
reaction gibbs energy	R_GAPD	-1.624e+00
reaction gibbs energy	R_GLNS	-8.506e+00
reaction gibbs energy	R_GLUDy	0.000e+00
reaction gibbs energy	R_GLUN	0.000e+00
reaction gibbs energy	R_GLUSy	-3.771e+01
reaction gibbs energy	R_GND	-4.692e+00
reaction gibbs energy	R_ICDHyr	-4.399e+00
reaction gibbs energy	R_ICL	0.000e+00
reaction gibbs energy	R_LDH_D	-9.276e+00
reaction gibbs energy	R_MALS	0.000e+00
reaction gibbs energy	R_MDH	-3.506e+00
reaction gibbs energy	R_ME1	0.000e+00
reaction gibbs energy	R_ME2	0.000e+00
reaction gibbs energy	R_NADTRHD	0.000e+00
reaction gibbs energy	R_PDH	0.000e+00

