!!!SBtab DocumentName='report' SBtabVersion='1.0' Date='2022-6-9'
!!SBtab TableID='Predicted concentrations' TableType='Quantity' TableName='Predicted concentrations' SBtabVersion='1.0' Unit='M'
!QuantityType	!Compound	!Value
concentration	M_h2o_c	1.000e+00
concentration	M_atp_c	1.921e-03
concentration	M_nadp_c	6.747e-06
concentration	M_nadph_c	4.965e-05
concentration	M_adp_c	3.300e-04
concentration	M_nad_c	1.651e-03
concentration	M_pi_c	8.312e-03
concentration	M_nadh_c	9.007e-06
concentration	M_coa_c	1.101e-04
concentration	M_co2_c	1.081e-04
concentration	M_amp_c	2.745e-04
concentration	M_nh4_c	9.095e-06
concentration	M_akg_c	2.598e-04
concentration	M_accoa_c	1.380e-03
concentration	M_pyr_c	8.302e-04
concentration	M_succ_c	4.061e-04
concentration	M_ac_c	4.517e-04
concentration	M_gln__L_c	2.102e-03
concentration	M_for_c	1.000e-04
concentration	M_oaa_c	1.732e-06
concentration	M_glx_c	1.000e-04
concentration	M_pep_c	6.167e-04
concentration	M_g3p_c	1.485e-04
concentration	M_acald_c	1.000e-04
concentration	M_dhap_c	4.852e-04
concentration	M_succoa_c	3.901e-04
concentration	M_fum_c	1.995e-03
concentration	M_mal__L_c	2.443e-03
concentration	M_r5p_c	1.379e-04
concentration	M_3pg_c	1.020e-03
concentration	M_cit_c	2.409e-03
concentration	M_ru5p__D_c	2.812e-04
concentration	M_g6p_c	3.453e-04
concentration	M_q8_c	1.911e-05
concentration	M_xu5p__D_c	3.061e-04
concentration	M_q8h2_c	5.235e-04
concentration	M_e4p_c	1.378e-05
concentration	M_13dpg_c	3.132e-05
concentration	M_s7p_c	5.718e-04
concentration	M_2pg_c	1.322e-04
concentration	M_actp_c	1.223e-03
concentration	M_lac__D_c	6.445e-04
concentration	M_etoh_c	1.000e-04
concentration	M_6pgc_c	1.116e-04
concentration	M_fdp_c	1.514e-04
concentration	M_6pgl_c	2.081e-05
concentration	M_acon_C_c	2.579e-05
concentration	M_glu__L_c	2.213e-02
concentration	M_icit_c	1.299e-05
concentration	M_f6p_c	3.135e-04

!!SBtab TableID='Predicted Gibbs energies' TableType='Quantity' TableName='Predicted Gibbs energies' SBtabVersion='1.0' Unit='kJ/mol'
!QuantityType	!Reaction	!Value
reaction gibbs energy	R_PFK	0.000e+00
reaction gibbs energy	R_PFL	0.000e+00
reaction gibbs energy	R_PGI	-2.263e+00
reaction gibbs energy	R_PGK	0.000e+00
reaction gibbs energy	R_PGL	-1.987e+01
reaction gibbs energy	R_ACALD	0.000e+00
reaction gibbs energy	R_PGM	-1.384e+00
reaction gibbs energy	R_ALCD2x	0.000e+00
reaction gibbs energy	R_ACKr	-1.217e+01
reaction gibbs energy	R_PPC	0.000e+00
reaction gibbs energy	R_ACONTa	-2.493e+00
reaction gibbs energy	R_ACONTb	-3.253e+00
reaction gibbs energy	R_ATPM	0.000e+00
reaction gibbs energy	R_PPCK	0.000e+00
reaction gibbs energy	R_PPS	-1.926e+01
reaction gibbs energy	R_ADK1	-3.790e+00
reaction gibbs energy	R_AKGDH	0.000e+00
reaction gibbs energy	R_PTAr	-1.969e+00
reaction gibbs energy	R_PYK	0.000e+00
reaction gibbs energy	R_RPE	-3.307e+00
reaction gibbs energy	R_CS	-2.581e+01
reaction gibbs energy	R_RPI	-3.921e+00
reaction gibbs energy	R_ENO	-1.384e+00
reaction gibbs energy	R_SUCDi	-1.220e+01
reaction gibbs energy	R_SUCOAS	0.000e+00
reaction gibbs energy	R_TALA	-8.448e+00
reaction gibbs energy	R_TKT1	-2.262e+00
reaction gibbs energy	R_TKT2	-4.537e+00
reaction gibbs energy	R_TPI	-2.327e+00
reaction gibbs energy	R_FBA	-3.301e+00
reaction gibbs energy	R_FBP	-2.261e+01
reaction gibbs energy	R_FRD7	0.000e+00
reaction gibbs energy	R_FUM	-2.922e+00
reaction gibbs energy	R_G6PDH2r	-6.994e+00
reaction gibbs energy	R_GAPD	0.000e+00
reaction gibbs energy	R_GLNS	-7.648e+00
reaction gibbs energy	R_GLUDy	0.000e+00
reaction gibbs energy	R_GLUN	0.000e+00
reaction gibbs energy	R_GLUSy	-3.787e+01
reaction gibbs energy	R_GND	-4.222e+00
reaction gibbs energy	R_ICDHyr	-4.059e+00
reaction gibbs energy	R_ICL	0.000e+00
reaction gibbs energy	R_LDH_D	-9.953e+00
reaction gibbs energy	R_MALS	0.000e+00
reaction gibbs energy	R_MDH	-2.729e+00
reaction gibbs energy	R_ME1	0.000e+00
reaction gibbs energy	R_ME2	-7.012e+00
reaction gibbs energy	R_NADTRHD	0.000e+00
reaction gibbs energy	R_PDH	-4.705e+01

