!!!SBtab DocumentName='report' SBtabVersion='1.0' Date='2022-6-9'
!!SBtab TableID='Predicted concentrations' TableType='Quantity' TableName='Predicted concentrations' SBtabVersion='1.0' Unit='M'
!QuantityType	!Compound	!Value
concentration	M_h2o_c	1.000e+00
concentration	M_atp_c	2.427e-03
concentration	M_nadp_c	6.663e-06
concentration	M_nadph_c	5.328e-05
concentration	M_adp_c	2.609e-04
concentration	M_nad_c	2.015e-03
concentration	M_pi_c	8.073e-03
concentration	M_nadh_c	4.452e-06
concentration	M_coa_c	1.962e-02
concentration	M_co2_c	3.244e-05
concentration	M_amp_c	2.677e-04
concentration	M_nh4_c	1.404e-05
concentration	M_akg_c	2.944e-04
concentration	M_accoa_c	4.647e-04
concentration	M_pyr_c	1.576e-03
concentration	M_succ_c	4.291e-04
concentration	M_ac_c	1.000e-02
concentration	M_gln__L_c	2.089e-03
concentration	M_for_c	1.000e-04
concentration	M_oaa_c	1.320e-04
concentration	M_glx_c	2.041e-05
concentration	M_pep_c	1.571e-04
concentration	M_g3p_c	3.944e-05
concentration	M_acald_c	1.000e-04
concentration	M_dhap_c	8.378e-04
concentration	M_succoa_c	3.901e-04
concentration	M_fum_c	1.730e-03
concentration	M_mal__L_c	1.716e-03
concentration	M_r5p_c	9.673e-05
concentration	M_3pg_c	1.579e-03
concentration	M_cit_c	2.314e-03
concentration	M_ru5p__D_c	2.599e-04
concentration	M_g6p_c	3.513e-04
concentration	M_q8_c	1.776e-05
concentration	M_xu5p__D_c	2.148e-04
concentration	M_q8h2_c	5.631e-04
concentration	M_e4p_c	1.346e-05
concentration	M_13dpg_c	2.130e-05
concentration	M_s7p_c	7.572e-04
concentration	M_2pg_c	9.422e-05
concentration	M_actp_c	1.020e-03
concentration	M_lac__D_c	5.645e-04
concentration	M_etoh_c	1.000e-04
concentration	M_6pgc_c	9.201e-05
concentration	M_fdp_c	6.985e-04
concentration	M_6pgl_c	1.344e-05
concentration	M_acon_C_c	2.523e-05
concentration	M_glu__L_c	2.230e-02
concentration	M_icit_c	9.747e-06
concentration	M_f6p_c	2.998e-04

!!SBtab TableID='Predicted Gibbs energies' TableType='Quantity' TableName='Predicted Gibbs energies' SBtabVersion='1.0' Unit='kJ/mol'
!QuantityType	!Reaction	!Value
reaction gibbs energy	R_PFK	-1.924e+01
reaction gibbs energy	R_PFL	0.000e+00
reaction gibbs energy	R_PGI	-2.173e+00
reaction gibbs energy	R_PGK	-3.270e+00
reaction gibbs energy	R_PGL	-1.895e+01
reaction gibbs energy	R_ACALD	0.000e+00
reaction gibbs energy	R_PGM	-2.584e+00
reaction gibbs energy	R_ALCD2x	0.000e+00
reaction gibbs energy	R_ACKr	-1.274e+00
reaction gibbs energy	R_PPC	-2.591e+01
reaction gibbs energy	R_ACONTa	-2.496e+00
reaction gibbs energy	R_ACONTb	-3.845e+00
reaction gibbs energy	R_ATPM	0.000e+00
reaction gibbs energy	R_PPCK	0.000e+00
reaction gibbs energy	R_PPS	0.000e+00
reaction gibbs energy	R_ADK1	0.000e+00
reaction gibbs energy	R_AKGDH	0.000e+00
reaction gibbs energy	R_PTAr	-9.635e+00
reaction gibbs energy	R_PYK	-1.538e+01
reaction gibbs energy	R_RPE	-3.844e+00
reaction gibbs energy	R_CS	-2.069e+01
reaction gibbs energy	R_RPI	-4.570e+00
reaction gibbs energy	R_ENO	-2.595e+00
reaction gibbs energy	R_SUCDi	-1.247e+01
reaction gibbs energy	R_SUCOAS	0.000e+00
reaction gibbs energy	R_TALA	-5.938e+00
reaction gibbs energy	R_TKT1	-2.913e+00
reaction gibbs energy	R_TKT2	0.000e+00
reaction gibbs energy	R_TPI	-2.015e+00
reaction gibbs energy	R_FBA	-2.135e+00
reaction gibbs energy	R_FBP	0.000e+00
reaction gibbs energy	R_FRD7	0.000e+00
reaction gibbs energy	R_FUM	-3.448e+00
reaction gibbs energy	R_G6PDH2r	-8.024e+00
reaction gibbs energy	R_GAPD	-1.640e+00
reaction gibbs energy	R_GLNS	-9.924e+00
reaction gibbs energy	R_GLUDy	0.000e+00
reaction gibbs energy	R_GLUN	0.000e+00
reaction gibbs energy	R_GLUSy	-3.809e+01
reaction gibbs energy	R_GND	-7.485e+00
reaction gibbs energy	R_ICDHyr	-6.607e+00
reaction gibbs energy	R_ICL	-8.184e+00
reaction gibbs energy	R_LDH_D	-9.629e+00
reaction gibbs energy	R_MALS	-1.723e+01
reaction gibbs energy	R_MDH	0.000e+00
reaction gibbs energy	R_ME1	0.000e+00
reaction gibbs energy	R_ME2	-8.351e+00
reaction gibbs energy	R_NADTRHD	0.000e+00
reaction gibbs energy	R_PDH	0.000e+00

