!!!SBtab DocumentName='report' SBtabVersion='1.0' Date='2022-6-9'
!!SBtab TableID='Predicted concentrations' TableType='Quantity' TableName='Predicted concentrations' SBtabVersion='1.0' Unit='M'
!QuantityType	!Compound	!Value
concentration	M_h2o_c	1.000e+00
concentration	M_atp_c	2.427e-03
concentration	M_nadp_c	6.743e-06
concentration	M_nadph_c	4.980e-05
concentration	M_adp_c	2.609e-04
concentration	M_nad_c	1.966e-03
concentration	M_pi_c	8.781e-03
concentration	M_nadh_c	4.564e-06
concentration	M_coa_c	1.751e-02
concentration	M_co2_c	5.956e-05
concentration	M_amp_c	2.677e-04
concentration	M_nh4_c	1.618e-05
concentration	M_akg_c	2.898e-04
concentration	M_accoa_c	4.752e-04
concentration	M_pyr_c	1.647e-03
concentration	M_succ_c	4.254e-04
concentration	M_ac_c	1.000e-02
concentration	M_gln__L_c	2.092e-03
concentration	M_for_c	1.000e-04
concentration	M_oaa_c	1.689e-04
concentration	M_glx_c	2.546e-05
concentration	M_pep_c	1.589e-04
concentration	M_g3p_c	3.877e-05
concentration	M_acald_c	1.000e-04
concentration	M_dhap_c	8.323e-04
concentration	M_succoa_c	3.901e-04
concentration	M_fum_c	1.225e-03
concentration	M_mal__L_c	2.190e-03
concentration	M_r5p_c	9.681e-05
concentration	M_3pg_c	1.591e-03
concentration	M_cit_c	2.331e-03
concentration	M_ru5p__D_c	2.552e-04
concentration	M_g6p_c	3.521e-04
concentration	M_q8_c	2.362e-05
concentration	M_xu5p__D_c	2.102e-04
concentration	M_q8h2_c	4.233e-04
concentration	M_e4p_c	1.341e-05
concentration	M_13dpg_c	2.153e-05
concentration	M_s7p_c	7.562e-04
concentration	M_2pg_c	9.493e-05
concentration	M_actp_c	1.020e-03
concentration	M_lac__D_c	4.800e-04
concentration	M_etoh_c	1.000e-04
concentration	M_6pgc_c	9.461e-05
concentration	M_fdp_c	6.886e-04
concentration	M_6pgl_c	1.775e-05
concentration	M_acon_C_c	2.562e-05
concentration	M_glu__L_c	2.213e-02
concentration	M_icit_c	1.060e-05
concentration	M_f6p_c	3.012e-04

!!SBtab TableID='Predicted Gibbs energies' TableType='Quantity' TableName='Predicted Gibbs energies' SBtabVersion='1.0' Unit='kJ/mol'
!QuantityType	!Reaction	!Value
reaction gibbs energy	R_PFK	-1.928e+01
reaction gibbs energy	R_PFL	0.000e+00
reaction gibbs energy	R_PGI	-2.179e+00
reaction gibbs energy	R_PGK	-3.278e+00
reaction gibbs energy	R_PGL	-1.957e+01
reaction gibbs energy	R_ACALD	0.000e+00
reaction gibbs energy	R_PGM	-2.584e+00
reaction gibbs energy	R_ALCD2x	0.000e+00
reaction gibbs energy	R_ACKr	-1.274e+00
reaction gibbs energy	R_PPC	-2.662e+01
reaction gibbs energy	R_ACONTa	-2.476e+00
reaction gibbs energy	R_ACONTb	-3.675e+00
reaction gibbs energy	R_ATPM	0.000e+00
reaction gibbs energy	R_PPCK	0.000e+00
reaction gibbs energy	R_PPS	0.000e+00
reaction gibbs energy	R_ADK1	0.000e+00
reaction gibbs energy	R_AKGDH	0.000e+00
reaction gibbs energy	R_PTAr	-9.089e+00
reaction gibbs energy	R_PYK	-1.529e+01
reaction gibbs energy	R_RPE	-3.851e+00
reaction gibbs energy	R_CS	-2.162e+01
reaction gibbs energy	R_RPI	-4.522e+00
reaction gibbs energy	R_ENO	-2.587e+00
reaction gibbs energy	R_SUCDi	-1.472e+01
reaction gibbs energy	R_SUCOAS	0.000e+00
reaction gibbs energy	R_TALA	-5.889e+00
reaction gibbs energy	R_TKT1	-2.908e+00
reaction gibbs energy	R_TKT2	-6.783e+00
reaction gibbs energy	R_TPI	-2.041e+00
reaction gibbs energy	R_FBA	-2.159e+00
reaction gibbs energy	R_FBP	0.000e+00
reaction gibbs energy	R_FRD7	0.000e+00
reaction gibbs energy	R_FUM	0.000e+00
reaction gibbs energy	R_G6PDH2r	-7.538e+00
reaction gibbs energy	R_GAPD	-1.658e+00
reaction gibbs energy	R_GLNS	-1.004e+01
reaction gibbs energy	R_GLUDy	0.000e+00
reaction gibbs energy	R_GLUN	0.000e+00
reaction gibbs energy	R_GLUSy	-3.789e+01
reaction gibbs energy	R_GND	-6.291e+00
reaction gibbs energy	R_ICDHyr	-5.545e+00
reaction gibbs energy	R_ICL	-7.866e+00
reaction gibbs energy	R_LDH_D	-1.026e+01
reaction gibbs energy	R_MALS	-1.751e+01
reaction gibbs energy	R_MDH	0.000e+00
reaction gibbs energy	R_ME1	-2.762e+01
reaction gibbs energy	R_ME2	0.000e+00
reaction gibbs energy	R_NADTRHD	-2.008e+01
reaction gibbs energy	R_PDH	0.000e+00

