!!!SBtab DocumentName='report' SBtabVersion='1.0' Date='2022-6-9'
!!SBtab TableID='Predicted concentrations' TableType='Quantity' TableName='Predicted concentrations' SBtabVersion='1.0' Unit='M'
!QuantityType	!Compound	!Value
concentration	M_h2o_c	1.000e+00
concentration	M_atp_c	2.427e-03
concentration	M_nadp_c	6.711e-06
concentration	M_nadph_c	5.029e-05
concentration	M_adp_c	2.609e-04
concentration	M_nad_c	2.017e-03
concentration	M_pi_c	8.335e-03
concentration	M_nadh_c	4.452e-06
concentration	M_coa_c	7.207e-04
concentration	M_co2_c	1.319e-04
concentration	M_amp_c	2.677e-04
concentration	M_nh4_c	9.214e-06
concentration	M_akg_c	2.482e-04
concentration	M_accoa_c	3.194e-04
concentration	M_pyr_c	1.452e-03
concentration	M_succ_c	2.773e-04
concentration	M_ac_c	1.000e-02
concentration	M_gln__L_c	2.120e-03
concentration	M_for_c	9.999e-05
concentration	M_oaa_c	2.514e-06
concentration	M_glx_c	9.999e-05
concentration	M_pep_c	1.645e-04
concentration	M_g3p_c	3.850e-05
concentration	M_acald_c	9.999e-05
concentration	M_dhap_c	8.293e-04
concentration	M_succoa_c	1.088e-03
concentration	M_fum_c	1.806e-03
concentration	M_mal__L_c	1.972e-03
concentration	M_r5p_c	9.501e-05
concentration	M_3pg_c	1.589e-03
concentration	M_cit_c	2.359e-03
concentration	M_ru5p__D_c	2.398e-04
concentration	M_g6p_c	3.515e-04
concentration	M_q8_c	1.885e-05
concentration	M_xu5p__D_c	2.113e-04
concentration	M_q8h2_c	5.305e-04
concentration	M_e4p_c	1.347e-05
concentration	M_13dpg_c	2.146e-05
concentration	M_s7p_c	7.574e-04
concentration	M_2pg_c	9.673e-05
concentration	M_actp_c	1.020e-03
concentration	M_lac__D_c	5.781e-04
concentration	M_etoh_c	9.999e-05
concentration	M_6pgc_c	1.054e-04
concentration	M_fdp_c	6.888e-04
concentration	M_6pgl_c	1.488e-05
concentration	M_acon_C_c	2.650e-05
concentration	M_glu__L_c	2.188e-02
concentration	M_icit_c	1.283e-05
concentration	M_f6p_c	2.983e-04

!!SBtab TableID='Predicted Gibbs energies' TableType='Quantity' TableName='Predicted Gibbs energies' SBtabVersion='1.0' Unit='kJ/mol'
!QuantityType	!Reaction	!Value
reaction gibbs energy	R_PFK	-1.926e+01
reaction gibbs energy	R_PFL	0.000e+00
reaction gibbs energy	R_PGI	-2.159e+00
reaction gibbs energy	R_PGK	-3.273e+00
reaction gibbs energy	R_PGL	-1.887e+01
reaction gibbs energy	R_ACALD	0.000e+00
reaction gibbs energy	R_PGM	-2.535e+00
reaction gibbs energy	R_ALCD2x	0.000e+00
reaction gibbs energy	R_ACKr	-1.274e+00
reaction gibbs energy	R_PPC	0.000e+00
reaction gibbs energy	R_ACONTa	-2.422e+00
reaction gibbs energy	R_ACONTb	-3.286e+00
reaction gibbs energy	R_ATPM	0.000e+00
reaction gibbs energy	R_PPCK	-6.552e+00
reaction gibbs energy	R_PPS	0.000e+00
reaction gibbs energy	R_ADK1	0.000e+00
reaction gibbs energy	R_AKGDH	-4.388e+01
reaction gibbs energy	R_PTAr	-2.298e+00
reaction gibbs energy	R_PYK	-1.569e+01
reaction gibbs energy	R_RPE	-3.685e+00
reaction gibbs energy	R_CS	-1.809e+01
reaction gibbs energy	R_RPI	-4.414e+00
reaction gibbs energy	R_ENO	-2.548e+00
reaction gibbs energy	R_SUCDi	-1.158e+01
reaction gibbs energy	R_SUCOAS	-2.287e+00
reaction gibbs energy	R_TALA	-5.889e+00
reaction gibbs energy	R_TKT1	-2.887e+00
reaction gibbs energy	R_TKT2	0.000e+00
reaction gibbs energy	R_TPI	-2.049e+00
reaction gibbs energy	R_FBA	-2.186e+00
reaction gibbs energy	R_FBP	0.000e+00
reaction gibbs energy	R_FRD7	0.000e+00
reaction gibbs energy	R_FUM	-3.210e+00
reaction gibbs energy	R_G6PDH2r	-7.936e+00
reaction gibbs energy	R_GAPD	-1.644e+00
reaction gibbs energy	R_GLNS	-8.717e+00
reaction gibbs energy	R_GLUDy	0.000e+00
reaction gibbs energy	R_GLUN	0.000e+00
reaction gibbs energy	R_GLUSy	-3.763e+01
reaction gibbs energy	R_GND	-4.706e+00
reaction gibbs energy	R_ICDHyr	-4.396e+00
reaction gibbs energy	R_ICL	0.000e+00
reaction gibbs energy	R_LDH_D	-9.364e+00
reaction gibbs energy	R_MALS	0.000e+00
reaction gibbs energy	R_MDH	-3.579e+00
reaction gibbs energy	R_ME1	0.000e+00
reaction gibbs energy	R_ME2	0.000e+00
reaction gibbs energy	R_NADTRHD	0.000e+00
reaction gibbs energy	R_PDH	0.000e+00

