!!!SBtab DocumentName='report' SBtabVersion='1.0' Date='2022-6-9'
!!SBtab TableID='Predicted concentrations' TableType='Quantity' TableName='Predicted concentrations' SBtabVersion='1.0' Unit='M'
!QuantityType	!Compound	!Value
concentration	M_h2o_c	1.000e+00
concentration	M_atp_c	2.427e-03
concentration	M_nadp_c	6.664e-06
concentration	M_nadph_c	5.213e-05
concentration	M_adp_c	2.609e-04
concentration	M_nad_c	1.994e-03
concentration	M_pi_c	8.599e-03
concentration	M_nadh_c	4.496e-06
concentration	M_coa_c	4.133e-03
concentration	M_co2_c	6.886e-05
concentration	M_amp_c	2.677e-04
concentration	M_nh4_c	1.600e-05
concentration	M_akg_c	2.840e-04
concentration	M_accoa_c	5.950e-04
concentration	M_pyr_c	1.140e-03
concentration	M_succ_c	4.104e-04
concentration	M_ac_c	1.000e-02
concentration	M_gln__L_c	2.093e-03
concentration	M_for_c	9.999e-05
concentration	M_oaa_c	1.100e-04
concentration	M_glx_c	9.999e-05
concentration	M_pep_c	1.581e-04
concentration	M_g3p_c	3.824e-05
concentration	M_acald_c	9.999e-05
concentration	M_dhap_c	8.211e-04
concentration	M_succoa_c	3.901e-04
concentration	M_fum_c	1.683e-03
concentration	M_mal__L_c	1.545e-03
concentration	M_r5p_c	9.418e-05
concentration	M_3pg_c	1.573e-03
concentration	M_cit_c	2.347e-03
concentration	M_ru5p__D_c	2.516e-04
concentration	M_g6p_c	8.092e-04
concentration	M_q8_c	1.660e-05
concentration	M_xu5p__D_c	2.113e-04
concentration	M_q8h2_c	6.025e-04
concentration	M_e4p_c	1.354e-05
concentration	M_13dpg_c	2.148e-05
concentration	M_s7p_c	7.384e-04
concentration	M_2pg_c	9.408e-05
concentration	M_actp_c	1.020e-03
concentration	M_lac__D_c	4.660e-04
concentration	M_etoh_c	9.999e-05
concentration	M_6pgc_c	9.625e-05
concentration	M_fdp_c	6.778e-04
concentration	M_6pgl_c	2.900e-05
concentration	M_acon_C_c	2.613e-05
concentration	M_glu__L_c	2.225e-02
concentration	M_icit_c	1.160e-05
concentration	M_f6p_c	1.467e-04

!!SBtab TableID='Predicted Gibbs energies' TableType='Quantity' TableName='Predicted Gibbs energies' SBtabVersion='1.0' Unit='kJ/mol'
!QuantityType	!Reaction	!Value
reaction gibbs energy	R_PFK	-1.754e+01
reaction gibbs energy	R_PFL	0.000e+00
reaction gibbs energy	R_PGI	-1.665e+00
reaction gibbs energy	R_PGK	-3.300e+00
reaction gibbs energy	R_PGL	-2.075e+01
reaction gibbs energy	R_ACALD	0.000e+00
reaction gibbs energy	R_PGM	-2.579e+00
reaction gibbs energy	R_ALCD2x	0.000e+00
reaction gibbs energy	R_ACKr	-1.274e+00
reaction gibbs energy	R_PPC	-2.808e+01
reaction gibbs energy	R_ACONTa	-2.444e+00
reaction gibbs energy	R_ACONTb	-3.501e+00
reaction gibbs energy	R_ATPM	0.000e+00
reaction gibbs energy	R_PPCK	0.000e+00
reaction gibbs energy	R_PPS	0.000e+00
reaction gibbs energy	R_ADK1	0.000e+00
reaction gibbs energy	R_AKGDH	0.000e+00
reaction gibbs energy	R_PTAr	-5.007e+00
reaction gibbs energy	R_PYK	-1.619e+01
reaction gibbs energy	R_RPE	-3.803e+00
reaction gibbs energy	R_CS	-2.468e+01
reaction gibbs energy	R_RPI	-4.555e+00
reaction gibbs energy	R_ENO	-2.577e+00
reaction gibbs energy	R_SUCDi	-1.209e+01
reaction gibbs energy	R_SUCOAS	0.000e+00
reaction gibbs energy	R_TALA	-7.555e+00
reaction gibbs energy	R_TKT1	-2.945e+00
reaction gibbs energy	R_TKT2	0.000e+00
reaction gibbs energy	R_TPI	-2.041e+00
reaction gibbs energy	R_FBA	-2.187e+00
reaction gibbs energy	R_FBP	0.000e+00
reaction gibbs energy	R_FRD7	0.000e+00
reaction gibbs energy	R_FUM	-3.639e+00
reaction gibbs energy	R_G6PDH2r	-8.241e+00
reaction gibbs energy	R_GAPD	-1.649e+00
reaction gibbs energy	R_GLNS	-1.008e+01
reaction gibbs energy	R_GLUDy	0.000e+00
reaction gibbs energy	R_GLUN	0.000e+00
reaction gibbs energy	R_GLUSy	-3.796e+01
reaction gibbs energy	R_GND	-5.867e+00
reaction gibbs energy	R_ICDHyr	-5.316e+00
reaction gibbs energy	R_ICL	0.000e+00
reaction gibbs energy	R_LDH_D	-9.351e+00
reaction gibbs energy	R_MALS	0.000e+00
reaction gibbs energy	R_MDH	0.000e+00
reaction gibbs energy	R_ME1	0.000e+00
reaction gibbs energy	R_ME2	-7.085e+00
reaction gibbs energy	R_NADTRHD	0.000e+00
reaction gibbs energy	R_PDH	-6.041e+01

