!!!SBtab DocumentName='report' SBtabVersion='1.0' Date='2022-6-9'
!!SBtab TableID='Predicted concentrations' TableType='Quantity' TableName='Predicted concentrations' SBtabVersion='1.0' Unit='M'
!QuantityType	!Compound	!Value
concentration	M_h2o_c	1.000e+00
concentration	M_atp_c	2.427e-03
concentration	M_nadp_c	6.360e-06
concentration	M_nadph_c	5.555e-05
concentration	M_adp_c	2.609e-04
concentration	M_nad_c	1.985e-03
concentration	M_pi_c	8.184e-03
concentration	M_nadh_c	4.298e-06
concentration	M_coa_c	8.012e-03
concentration	M_co2_c	7.227e-05
concentration	M_amp_c	2.677e-04
concentration	M_nh4_c	3.609e-06
concentration	M_akg_c	3.104e-04
concentration	M_accoa_c	5.833e-04
concentration	M_pyr_c	1.500e-03
concentration	M_succ_c	3.991e-04
concentration	M_ac_c	1.000e-02
concentration	M_gln__L_c	2.180e-03
concentration	M_for_c	1.000e-04
concentration	M_oaa_c	2.476e-06
concentration	M_glx_c	1.000e-04
concentration	M_pep_c	1.685e-04
concentration	M_g3p_c	3.641e-05
concentration	M_acald_c	1.000e-04
concentration	M_dhap_c	8.232e-04
concentration	M_succoa_c	3.901e-04
concentration	M_fum_c	1.736e-03
concentration	M_mal__L_c	1.843e-03
concentration	M_r5p_c	9.804e-05
concentration	M_3pg_c	1.606e-03
concentration	M_cit_c	2.290e-03
concentration	M_ru5p__D_c	2.543e-04
concentration	M_g6p_c	3.638e-04
concentration	M_q8_c	1.800e-05
concentration	M_xu5p__D_c	2.079e-04
concentration	M_q8h2_c	5.554e-04
concentration	M_e4p_c	1.338e-05
concentration	M_13dpg_c	2.173e-05
concentration	M_s7p_c	7.504e-04
concentration	M_2pg_c	9.834e-05
concentration	M_actp_c	1.020e-03
concentration	M_lac__D_c	5.469e-04
concentration	M_etoh_c	1.000e-04
concentration	M_6pgc_c	1.014e-04
concentration	M_fdp_c	6.743e-04
concentration	M_6pgl_c	1.372e-05
concentration	M_acon_C_c	2.567e-05
concentration	M_glu__L_c	2.052e-02
concentration	M_icit_c	1.226e-05
concentration	M_f6p_c	3.026e-04

!!SBtab TableID='Predicted Gibbs energies' TableType='Quantity' TableName='Predicted Gibbs energies' SBtabVersion='1.0' Unit='kJ/mol'
!QuantityType	!Reaction	!Value
reaction gibbs energy	R_PFK	-1.935e+01
reaction gibbs energy	R_PFL	0.000e+00
reaction gibbs energy	R_PGI	-2.110e+00
reaction gibbs energy	R_PGK	-3.277e+00
reaction gibbs energy	R_PGL	-1.876e+01
reaction gibbs energy	R_ACALD	0.000e+00
reaction gibbs energy	R_PGM	-2.520e+00
reaction gibbs energy	R_ALCD2x	0.000e+00
reaction gibbs energy	R_ACKr	-1.274e+00
reaction gibbs energy	R_PPC	0.000e+00
reaction gibbs energy	R_ACONTa	-2.427e+00
reaction gibbs energy	R_ACONTb	-3.318e+00
reaction gibbs energy	R_ATPM	0.000e+00
reaction gibbs energy	R_PPCK	0.000e+00
reaction gibbs energy	R_PPS	0.000e+00
reaction gibbs energy	R_ADK1	0.000e+00
reaction gibbs energy	R_AKGDH	0.000e+00
reaction gibbs energy	R_PTAr	-6.819e+00
reaction gibbs energy	R_PYK	-1.567e+01
reaction gibbs energy	R_RPE	-3.870e+00
reaction gibbs energy	R_CS	-1.365e+01
reaction gibbs energy	R_RPI	-4.482e+00
reaction gibbs energy	R_ENO	-2.529e+00
reaction gibbs energy	R_SUCDi	-1.235e+01
reaction gibbs energy	R_SUCOAS	0.000e+00
reaction gibbs energy	R_TALA	-5.708e+00
reaction gibbs energy	R_TKT1	-3.086e+00
reaction gibbs energy	R_TKT2	-6.894e+00
reaction gibbs energy	R_TPI	-2.169e+00
reaction gibbs energy	R_FBA	-2.289e+00
reaction gibbs energy	R_FBP	0.000e+00
reaction gibbs energy	R_FRD7	0.000e+00
reaction gibbs energy	R_FUM	-3.280e+00
reaction gibbs energy	R_G6PDH2r	-7.842e+00
reaction gibbs energy	R_GAPD	-1.477e+00
reaction gibbs energy	R_GLNS	-6.212e+00
reaction gibbs energy	R_GLUDy	0.000e+00
reaction gibbs energy	R_GLUN	0.000e+00
reaction gibbs energy	R_GLUSy	-3.895e+01
reaction gibbs energy	R_GND	-5.578e+00
reaction gibbs energy	R_ICDHyr	-4.841e+00
reaction gibbs energy	R_ICL	0.000e+00
reaction gibbs energy	R_LDH_D	-9.537e+00
reaction gibbs energy	R_MALS	0.000e+00
reaction gibbs energy	R_MDH	-3.496e+00
reaction gibbs energy	R_ME1	0.000e+00
reaction gibbs energy	R_ME2	-6.446e+00
reaction gibbs energy	R_NADTRHD	-2.067e+01
reaction gibbs energy	R_PDH	0.000e+00

