!!!SBtab DocumentName='report' SBtabVersion='1.0' Date='2022-6-9'
!!SBtab TableID='Predicted concentrations' TableType='Quantity' TableName='Predicted concentrations' SBtabVersion='1.0' Unit='M'
!QuantityType	!Compound	!Value
concentration	M_h2o_c	1.000e+00
concentration	M_atp_c	1.932e-03
concentration	M_nadp_c	6.647e-06
concentration	M_nadph_c	5.029e-05
concentration	M_adp_c	3.382e-04
concentration	M_nad_c	1.940e-03
concentration	M_pi_c	8.709e-03
concentration	M_nadh_c	4.482e-06
concentration	M_coa_c	5.038e-03
concentration	M_co2_c	1.262e-04
concentration	M_amp_c	2.670e-04
concentration	M_nh4_c	5.013e-05
concentration	M_akg_c	2.754e-04
concentration	M_accoa_c	5.813e-04
concentration	M_pyr_c	9.931e-04
concentration	M_succ_c	4.256e-04
concentration	M_ac_c	1.000e-04
concentration	M_gln__L_c	2.090e-03
concentration	M_for_c	1.000e-04
concentration	M_oaa_c	2.499e-06
concentration	M_glx_c	2.170e-05
concentration	M_pep_c	6.167e-04
concentration	M_g3p_c	4.010e-05
concentration	M_acald_c	1.000e-04
concentration	M_dhap_c	8.298e-04
concentration	M_succoa_c	3.901e-04
concentration	M_fum_c	1.824e-03
concentration	M_mal__L_c	1.930e-03
concentration	M_r5p_c	9.624e-05
concentration	M_3pg_c	1.020e-03
concentration	M_cit_c	2.341e-03
concentration	M_ru5p__D_c	2.479e-04
concentration	M_g6p_c	4.895e-04
concentration	M_q8_c	2.016e-05
concentration	M_xu5p__D_c	2.160e-04
concentration	M_q8h2_c	4.961e-04
concentration	M_e4p_c	1.352e-05
concentration	M_13dpg_c	2.158e-05
concentration	M_s7p_c	7.288e-04
concentration	M_2pg_c	1.322e-04
concentration	M_actp_c	1.442e-03
concentration	M_lac__D_c	4.462e-04
concentration	M_etoh_c	1.000e-04
concentration	M_6pgc_c	1.072e-04
concentration	M_fdp_c	6.883e-04
concentration	M_6pgl_c	2.902e-05
concentration	M_acon_C_c	2.518e-05
concentration	M_glu__L_c	2.117e-02
concentration	M_icit_c	1.313e-05
concentration	M_f6p_c	2.194e-04

!!SBtab TableID='Predicted Gibbs energies' TableType='Quantity' TableName='Predicted Gibbs energies' SBtabVersion='1.0' Unit='kJ/mol'
!QuantityType	!Reaction	!Value
reaction gibbs energy	R_PFK	-1.764e+01
reaction gibbs energy	R_PFL	0.000e+00
reaction gibbs energy	R_PGI	0.000e+00
reaction gibbs energy	R_PGK	-5.687e+00
reaction gibbs energy	R_PGL	-2.079e+01
reaction gibbs energy	R_ACALD	0.000e+00
reaction gibbs energy	R_PGM	-1.384e+00
reaction gibbs energy	R_ALCD2x	0.000e+00
reaction gibbs energy	R_ACKr	0.000e+00
reaction gibbs energy	R_PPC	0.000e+00
reaction gibbs energy	R_ACONTa	-2.481e+00
reaction gibbs energy	R_ACONTb	-3.169e+00
reaction gibbs energy	R_ATPM	0.000e+00
reaction gibbs energy	R_PPCK	0.000e+00
reaction gibbs energy	R_PPS	-1.967e+01
reaction gibbs energy	R_ADK1	-3.613e+00
reaction gibbs energy	R_AKGDH	0.000e+00
reaction gibbs energy	R_PTAr	0.000e+00
reaction gibbs energy	R_PYK	0.000e+00
reaction gibbs energy	R_RPE	-3.858e+00
reaction gibbs energy	R_CS	-1.518e+01
reaction gibbs energy	R_RPI	-4.499e+00
reaction gibbs energy	R_ENO	-1.384e+00
reaction gibbs energy	R_SUCDi	-1.280e+01
reaction gibbs energy	R_SUCOAS	0.000e+00
reaction gibbs energy	R_TALA	-6.736e+00
reaction gibbs energy	R_TKT1	-3.150e+00
reaction gibbs energy	R_TKT2	0.000e+00
reaction gibbs energy	R_TPI	-2.246e+00
reaction gibbs energy	R_FBA	-2.366e+00
reaction gibbs energy	R_FBP	0.000e+00
reaction gibbs energy	R_FRD7	0.000e+00
reaction gibbs energy	R_FUM	-3.284e+00
reaction gibbs energy	R_G6PDH2r	-6.966e+00
reaction gibbs energy	R_GAPD	-1.763e+00
reaction gibbs energy	R_GLNS	-1.162e+01
reaction gibbs energy	R_GLUDy	0.000e+00
reaction gibbs energy	R_GLUN	0.000e+00
reaction gibbs energy	R_GLUSy	-3.829e+01
reaction gibbs energy	R_GND	-3.984e+00
reaction gibbs energy	R_ICDHyr	-3.487e+00
reaction gibbs energy	R_ICL	-8.905e+00
reaction gibbs energy	R_LDH_D	-9.179e+00
reaction gibbs energy	R_MALS	-1.927e+01
reaction gibbs energy	R_MDH	-3.366e+00
reaction gibbs energy	R_ME1	-2.569e+01
reaction gibbs energy	R_ME2	-5.532e+00
reaction gibbs energy	R_NADTRHD	0.000e+00
reaction gibbs energy	R_PDH	-6.085e+01

