!!!SBtab DocumentName='report' SBtabVersion='1.0' Date='2022-6-9'
!!SBtab TableID='Predicted concentrations' TableType='Quantity' TableName='Predicted concentrations' SBtabVersion='1.0' Unit='M'
!QuantityType	!Compound	!Value
concentration	M_h2o_c	1.000e+00
concentration	M_atp_c	2.427e-03
concentration	M_nadp_c	6.546e-06
concentration	M_nadph_c	5.249e-05
concentration	M_adp_c	2.609e-04
concentration	M_nad_c	1.922e-03
concentration	M_pi_c	6.382e-03
concentration	M_nadh_c	4.604e-06
concentration	M_coa_c	1.156e-02
concentration	M_co2_c	1.583e-04
concentration	M_amp_c	2.699e-04
concentration	M_nh4_c	6.818e-06
concentration	M_akg_c	2.755e-04
concentration	M_accoa_c	4.943e-04
concentration	M_pyr_c	1.394e-03
concentration	M_succ_c	4.070e-04
concentration	M_ac_c	1.000e-02
concentration	M_gln__L_c	2.097e-03
concentration	M_for_c	1.000e-04
concentration	M_oaa_c	2.922e-06
concentration	M_glx_c	4.708e-05
concentration	M_pep_c	6.167e-04
concentration	M_g3p_c	4.285e-05
concentration	M_acald_c	1.000e-04
concentration	M_dhap_c	7.756e-04
concentration	M_succoa_c	3.901e-04
concentration	M_fum_c	1.653e-03
concentration	M_mal__L_c	1.924e-03
concentration	M_r5p_c	8.953e-05
concentration	M_3pg_c	1.020e-03
concentration	M_cit_c	2.142e-03
concentration	M_ru5p__D_c	2.136e-04
concentration	M_g6p_c	4.794e-04
concentration	M_q8_c	1.764e-05
concentration	M_xu5p__D_c	2.099e-04
concentration	M_q8h2_c	5.672e-04
concentration	M_e4p_c	1.360e-05
concentration	M_13dpg_c	2.261e-05
concentration	M_s7p_c	7.653e-04
concentration	M_2pg_c	1.399e-04
concentration	M_actp_c	1.020e-03
concentration	M_lac__D_c	1.000e-04
concentration	M_etoh_c	1.000e-04
concentration	M_6pgc_c	1.054e-04
concentration	M_fdp_c	6.119e-04
concentration	M_6pgl_c	2.257e-05
concentration	M_acon_C_c	2.831e-05
concentration	M_glu__L_c	2.195e-02
concentration	M_icit_c	1.473e-05
concentration	M_f6p_c	2.214e-04

!!SBtab TableID='Predicted Gibbs energies' TableType='Quantity' TableName='Predicted Gibbs energies' SBtabVersion='1.0' Unit='kJ/mol'
!QuantityType	!Reaction	!Value
reaction gibbs energy	R_PFK	-1.901e+01
reaction gibbs energy	R_PFL	0.000e+00
reaction gibbs energy	R_PGI	0.000e+00
reaction gibbs energy	R_PGK	-4.556e+00
reaction gibbs energy	R_PGL	-2.006e+01
reaction gibbs energy	R_ACALD	0.000e+00
reaction gibbs energy	R_PGM	-5.939e-01
reaction gibbs energy	R_ALCD2x	0.000e+00
reaction gibbs energy	R_ACKr	-5.939e-01
reaction gibbs energy	R_PPC	0.000e+00
reaction gibbs energy	R_ACONTa	-2.014e+00
reaction gibbs energy	R_ACONTb	-3.129e+00
reaction gibbs energy	R_ATPM	0.000e+00
reaction gibbs energy	R_PPCK	0.000e+00
reaction gibbs energy	R_PPS	-2.181e+01
reaction gibbs energy	R_ADK1	-5.518e+00
reaction gibbs energy	R_AKGDH	0.000e+00
reaction gibbs energy	R_PTAr	-9.310e+00
reaction gibbs energy	R_PYK	0.000e+00
reaction gibbs energy	R_RPE	-3.487e+00
reaction gibbs energy	R_CS	-1.305e+01
reaction gibbs energy	R_RPI	-4.292e+00
reaction gibbs energy	R_ENO	-5.939e-01
reaction gibbs energy	R_SUCDi	-1.248e+01
reaction gibbs energy	R_SUCOAS	0.000e+00
reaction gibbs energy	R_TALA	-6.939e+00
reaction gibbs energy	R_TKT1	-2.524e+00
reaction gibbs energy	R_TKT2	0.000e+00
reaction gibbs energy	R_TPI	-1.803e+00
reaction gibbs energy	R_FBA	-1.971e+00
reaction gibbs energy	R_FBP	0.000e+00
reaction gibbs energy	R_FRD7	0.000e+00
reaction gibbs energy	R_FUM	-3.050e+00
reaction gibbs energy	R_G6PDH2r	-7.444e+00
reaction gibbs energy	R_GAPD	-9.383e-01
reaction gibbs energy	R_GLNS	-8.707e+00
reaction gibbs energy	R_GLUDy	0.000e+00
reaction gibbs energy	R_GLUN	0.000e+00
reaction gibbs energy	R_GLUSy	-3.813e+01
reaction gibbs energy	R_GND	-3.950e+00
reaction gibbs energy	R_ICDHyr	-3.449e+00
reaction gibbs energy	R_ICL	-7.352e+00
reaction gibbs energy	R_LDH_D	0.000e+00
reaction gibbs energy	R_MALS	-1.973e+01
reaction gibbs energy	R_MDH	-2.921e+00
reaction gibbs energy	R_ME1	-2.464e+01
reaction gibbs energy	R_ME2	0.000e+00
reaction gibbs energy	R_NADTRHD	0.000e+00
reaction gibbs energy	R_PDH	0.000e+00

