!!!SBtab DocumentName='report' SBtabVersion='1.0' Date='2022-6-9'
!!SBtab TableID='Predicted concentrations' TableType='Quantity' TableName='Predicted concentrations' SBtabVersion='1.0' Unit='M'
!QuantityType	!Compound	!Value
concentration	M_h2o_c	1.000e+00
concentration	M_atp_c	2.427e-03
concentration	M_nadp_c	6.649e-06
concentration	M_nadph_c	5.351e-05
concentration	M_adp_c	2.609e-04
concentration	M_nad_c	1.588e-03
concentration	M_pi_c	1.721e-03
concentration	M_nadh_c	1.597e-05
concentration	M_coa_c	8.142e-03
concentration	M_co2_c	1.154e-04
concentration	M_amp_c	2.677e-04
concentration	M_nh4_c	1.000e-04
concentration	M_akg_c	3.180e-04
concentration	M_accoa_c	5.472e-04
concentration	M_pyr_c	1.300e-03
concentration	M_succ_c	4.287e-04
concentration	M_ac_c	1.000e-02
concentration	M_gln__L_c	2.104e-03
concentration	M_for_c	1.000e-04
concentration	M_oaa_c	2.300e-06
concentration	M_glx_c	4.443e-05
concentration	M_pep_c	6.167e-04
concentration	M_g3p_c	9.730e-05
concentration	M_acald_c	1.000e-04
concentration	M_dhap_c	5.452e-04
concentration	M_succoa_c	3.901e-04
concentration	M_fum_c	1.744e-03
concentration	M_mal__L_c	3.216e-03
concentration	M_r5p_c	1.034e-04
concentration	M_3pg_c	2.172e-03
concentration	M_cit_c	1.859e-03
concentration	M_ru5p__D_c	2.087e-04
concentration	M_g6p_c	4.183e-04
concentration	M_q8_c	1.438e-05
concentration	M_xu5p__D_c	2.294e-04
concentration	M_q8h2_c	6.954e-04
concentration	M_e4p_c	1.357e-05
concentration	M_13dpg_c	1.826e-05
concentration	M_s7p_c	7.058e-04
concentration	M_2pg_c	2.040e-04
concentration	M_actp_c	1.020e-03
concentration	M_lac__D_c	7.693e-04
concentration	M_etoh_c	1.000e-04
concentration	M_6pgc_c	9.648e-05
concentration	M_fdp_c	1.648e-04
concentration	M_6pgl_c	1.958e-05
concentration	M_acon_C_c	2.987e-05
concentration	M_glu__L_c	2.173e-02
concentration	M_icit_c	1.374e-05
concentration	M_f6p_c	2.910e-04

!!SBtab TableID='Predicted Gibbs energies' TableType='Quantity' TableName='Predicted Gibbs energies' SBtabVersion='1.0' Unit='kJ/mol'
!QuantityType	!Reaction	!Value
reaction gibbs energy	R_PFK	0.000e+00
reaction gibbs energy	R_PFL	0.000e+00
reaction gibbs energy	R_PGI	-1.601e+00
reaction gibbs energy	R_PGK	3.192e-01
reaction gibbs energy	R_PGL	-1.994e+01
reaction gibbs energy	R_ACALD	0.000e+00
reaction gibbs energy	R_PGM	3.192e-01
reaction gibbs energy	R_ALCD2x	0.000e+00
reaction gibbs energy	R_ACKr	3.192e-01
reaction gibbs energy	R_PPC	0.000e+00
reaction gibbs energy	R_ACONTa	-1.524e+00
reaction gibbs energy	R_ACONTb	-3.439e+00
reaction gibbs energy	R_ATPM	0.000e+00
reaction gibbs energy	R_PPCK	-2.397e+00
reaction gibbs energy	R_PPS	0.000e+00
reaction gibbs energy	R_ADK1	0.000e+00
reaction gibbs energy	R_AKGDH	0.000e+00
reaction gibbs energy	R_PTAr	-1.222e+01
reaction gibbs energy	R_PYK	0.000e+00
reaction gibbs energy	R_RPE	-3.208e+00
reaction gibbs energy	R_CS	-1.401e+01
reaction gibbs energy	R_RPI	-3.876e+00
reaction gibbs energy	R_ENO	3.192e-01
reaction gibbs energy	R_SUCDi	-1.125e+01
reaction gibbs energy	R_SUCOAS	0.000e+00
reaction gibbs energy	R_TALA	-8.099e+00
reaction gibbs energy	R_TKT1	-1.268e+00
reaction gibbs energy	R_TKT2	-4.923e+00
reaction gibbs energy	R_TPI	-1.013e+00
reaction gibbs energy	R_FBA	-2.352e+00
reaction gibbs energy	R_FBP	-2.687e+01
reaction gibbs energy	R_FRD7	0.000e+00
reaction gibbs energy	R_FUM	-1.908e+00
reaction gibbs energy	R_G6PDH2r	-7.424e+00
reaction gibbs energy	R_GAPD	-2.158e+00
reaction gibbs energy	R_GLNS	0.000e+00
reaction gibbs energy	R_GLUDy	0.000e+00
reaction gibbs energy	R_GLUN	0.000e+00
reaction gibbs energy	R_GLUSy	0.000e+00
reaction gibbs energy	R_GND	-4.366e+00
reaction gibbs energy	R_ICDHyr	0.000e+00
reaction gibbs energy	R_ICL	-7.198e+00
reaction gibbs energy	R_LDH_D	-1.214e+01
reaction gibbs energy	R_MALS	-1.906e+01
reaction gibbs energy	R_MDH	-1.219e+00
reaction gibbs energy	R_ME1	0.000e+00
reaction gibbs energy	R_ME2	-6.462e+00
reaction gibbs energy	R_NADTRHD	-1.665e+01
reaction gibbs energy	R_PDH	0.000e+00

