!!!SBtab DocumentName='report' SBtabVersion='1.0' Date='2022-6-9'
!!SBtab TableID='Predicted concentrations' TableType='Quantity' TableName='Predicted concentrations' SBtabVersion='1.0' Unit='M'
!QuantityType	!Compound	!Value
concentration	M_h2o_c	1.000e+00
concentration	M_atp_c	1.867e-03
concentration	M_nadp_c	6.800e-06
concentration	M_nadph_c	4.757e-05
concentration	M_adp_c	3.388e-04
concentration	M_nad_c	1.943e-03
concentration	M_pi_c	8.870e-03
concentration	M_nadh_c	4.842e-06
concentration	M_coa_c	2.339e-04
concentration	M_co2_c	1.371e-04
concentration	M_amp_c	2.785e-04
concentration	M_nh4_c	1.263e-05
concentration	M_akg_c	2.389e-04
concentration	M_accoa_c	6.572e-04
concentration	M_pyr_c	9.980e-04
concentration	M_succ_c	3.579e-04
concentration	M_ac_c	1.000e-04
concentration	M_gln__L_c	2.082e-03
concentration	M_for_c	1.000e-04
concentration	M_oaa_c	1.607e-04
concentration	M_glx_c	1.000e-04
concentration	M_pep_c	6.167e-04
concentration	M_g3p_c	4.343e-05
concentration	M_acald_c	1.000e-04
concentration	M_dhap_c	8.372e-04
concentration	M_succoa_c	7.542e-04
concentration	M_fum_c	1.634e-03
concentration	M_mal__L_c	1.321e-03
concentration	M_r5p_c	9.725e-05
concentration	M_3pg_c	1.020e-03
concentration	M_cit_c	2.429e-03
concentration	M_ru5p__D_c	2.422e-04
concentration	M_g6p_c	4.892e-04
concentration	M_q8_c	2.219e-05
concentration	M_xu5p__D_c	2.188e-04
concentration	M_q8h2_c	4.506e-04
concentration	M_e4p_c	1.352e-05
concentration	M_13dpg_c	2.141e-05
concentration	M_s7p_c	7.261e-04
concentration	M_2pg_c	1.322e-04
concentration	M_actp_c	1.442e-03
concentration	M_lac__D_c	3.167e-04
concentration	M_etoh_c	1.000e-04
concentration	M_6pgc_c	1.084e-04
concentration	M_fdp_c	7.092e-04
concentration	M_6pgl_c	2.282e-05
concentration	M_acon_C_c	2.589e-05
concentration	M_glu__L_c	2.233e-02
concentration	M_icit_c	1.325e-05
concentration	M_f6p_c	2.163e-04

!!SBtab TableID='Predicted Gibbs energies' TableType='Quantity' TableName='Predicted Gibbs energies' SBtabVersion='1.0' Unit='kJ/mol'
!QuantityType	!Reaction	!Value
reaction gibbs energy	R_PFK	-1.744e+01
reaction gibbs energy	R_PFL	0.000e+00
reaction gibbs energy	R_PGI	0.000e+00
reaction gibbs energy	R_PGK	-5.758e+00
reaction gibbs energy	R_PGL	-2.017e+01
reaction gibbs energy	R_ACALD	0.000e+00
reaction gibbs energy	R_PGM	-1.384e+00
reaction gibbs energy	R_ALCD2x	0.000e+00
reaction gibbs energy	R_ACKr	0.000e+00
reaction gibbs energy	R_PPC	-3.377e+01
reaction gibbs energy	R_ACONTa	-2.504e+00
reaction gibbs energy	R_ACONTb	-3.214e+00
reaction gibbs energy	R_ATPM	0.000e+00
reaction gibbs energy	R_PPCK	0.000e+00
reaction gibbs energy	R_PPS	-1.945e+01
reaction gibbs energy	R_ADK1	-3.624e+00
reaction gibbs energy	R_AKGDH	-4.123e+01
reaction gibbs energy	R_PTAr	0.000e+00
reaction gibbs energy	R_PYK	0.000e+00
reaction gibbs energy	R_RPE	-3.769e+00
reaction gibbs energy	R_CS	-3.331e+01
reaction gibbs energy	R_RPI	-4.416e+00
reaction gibbs energy	R_ENO	-1.384e+00
reaction gibbs energy	R_SUCDi	-1.312e+01
reaction gibbs energy	R_SUCOAS	-4.892e+00
reaction gibbs energy	R_TALA	-6.961e+00
reaction gibbs energy	R_TKT1	-3.019e+00
reaction gibbs energy	R_TKT2	0.000e+00
reaction gibbs energy	R_TPI	-2.071e+00
reaction gibbs energy	R_FBA	-2.220e+00
reaction gibbs energy	R_FBP	0.000e+00
reaction gibbs energy	R_FRD7	0.000e+00
reaction gibbs energy	R_FUM	-3.951e+00
reaction gibbs energy	R_G6PDH2r	-7.755e+00
reaction gibbs energy	R_GAPD	-1.839e+00
reaction gibbs energy	R_GLNS	-8.210e+00
reaction gibbs energy	R_GLUDy	0.000e+00
reaction gibbs energy	R_GLUN	0.000e+00
reaction gibbs energy	R_GLUSy	-3.747e+01
reaction gibbs energy	R_GND	-4.057e+00
reaction gibbs energy	R_ICDHyr	-3.853e+00
reaction gibbs energy	R_ICL	0.000e+00
reaction gibbs energy	R_LDH_D	-1.023e+01
reaction gibbs energy	R_MALS	0.000e+00
reaction gibbs energy	R_MDH	0.000e+00
reaction gibbs energy	R_ME1	-2.435e+01
reaction gibbs energy	R_ME2	0.000e+00
reaction gibbs energy	R_NADTRHD	0.000e+00
reaction gibbs energy	R_PDH	-5.256e+01

