!!!SBtab DocumentName='report' SBtabVersion='1.0' Date='2022-6-9'
!!SBtab TableID='Predicted concentrations' TableType='Quantity' TableName='Predicted concentrations' SBtabVersion='1.0' Unit='M'
!QuantityType	!Compound	!Value
concentration	M_h2o_c	1.000e+00
concentration	M_atp_c	2.427e-03
concentration	M_nadp_c	6.767e-06
concentration	M_nadph_c	4.949e-05
concentration	M_adp_c	2.609e-04
concentration	M_nad_c	1.726e-03
concentration	M_pi_c	7.194e-03
concentration	M_nadh_c	6.436e-06
concentration	M_coa_c	6.353e-04
concentration	M_co2_c	5.302e-05
concentration	M_amp_c	2.727e-04
concentration	M_nh4_c	1.531e-05
concentration	M_akg_c	2.598e-04
concentration	M_accoa_c	3.211e-04
concentration	M_pyr_c	9.827e-04
concentration	M_succ_c	2.747e-04
concentration	M_ac_c	1.000e-02
concentration	M_gln__L_c	2.098e-03
concentration	M_for_c	9.999e-05
concentration	M_oaa_c	2.410e-06
concentration	M_glx_c	9.999e-05
concentration	M_pep_c	2.638e-04
concentration	M_g3p_c	1.552e-04
concentration	M_acald_c	9.999e-05
concentration	M_dhap_c	5.283e-04
concentration	M_succoa_c	1.096e-03
concentration	M_fum_c	1.938e-03
concentration	M_mal__L_c	2.380e-03
concentration	M_r5p_c	1.405e-04
concentration	M_3pg_c	1.468e-03
concentration	M_cit_c	2.318e-03
concentration	M_ru5p__D_c	2.902e-04
concentration	M_g6p_c	3.547e-04
concentration	M_q8_c	2.180e-05
concentration	M_xu5p__D_c	3.120e-04
concentration	M_q8h2_c	4.585e-04
concentration	M_e4p_c	1.380e-05
concentration	M_13dpg_c	2.794e-05
concentration	M_s7p_c	5.719e-04
concentration	M_2pg_c	9.999e-05
concentration	M_actp_c	1.020e-03
concentration	M_lac__D_c	5.321e-04
concentration	M_etoh_c	9.999e-05
concentration	M_6pgc_c	9.315e-05
concentration	M_fdp_c	1.618e-04
concentration	M_6pgl_c	1.849e-05
concentration	M_acon_C_c	2.555e-05
concentration	M_glu__L_c	2.212e-02
concentration	M_icit_c	1.109e-05
concentration	M_f6p_c	3.087e-04

!!SBtab TableID='Predicted Gibbs energies' TableType='Quantity' TableName='Predicted Gibbs energies' SBtabVersion='1.0' Unit='kJ/mol'
!QuantityType	!Reaction	!Value
reaction gibbs energy	R_PFK	0.000e+00
reaction gibbs energy	R_PFL	0.000e+00
reaction gibbs energy	R_PGI	-2.222e+00
reaction gibbs energy	R_PGK	-4.123e+00
reaction gibbs energy	R_PGL	-1.971e+01
reaction gibbs energy	R_ACALD	0.000e+00
reaction gibbs energy	R_PGM	0.000e+00
reaction gibbs energy	R_ALCD2x	0.000e+00
reaction gibbs energy	R_ACKr	-1.274e+00
reaction gibbs energy	R_PPC	-3.861e+01
reaction gibbs energy	R_ACONTa	-2.468e+00
reaction gibbs energy	R_ACONTb	-3.557e+00
reaction gibbs energy	R_ATPM	0.000e+00
reaction gibbs energy	R_PPCK	0.000e+00
reaction gibbs energy	R_PPS	-2.277e+01
reaction gibbs energy	R_ADK1	-5.542e+00
reaction gibbs energy	R_AKGDH	-4.463e+01
reaction gibbs energy	R_PTAr	-2.337e+00
reaction gibbs energy	R_PYK	0.000e+00
reaction gibbs energy	R_RPE	-3.191e+00
reaction gibbs energy	R_CS	-1.836e+01
reaction gibbs energy	R_RPI	-3.917e+00
reaction gibbs energy	R_ENO	0.000e+00
reaction gibbs energy	R_SUCDi	-1.210e+01
reaction gibbs energy	R_SUCOAS	-2.276e+00
reaction gibbs energy	R_TALA	-8.501e+00
reaction gibbs energy	R_TKT1	-2.065e+00
reaction gibbs energy	R_TKT2	-4.335e+00
reaction gibbs energy	R_TPI	-2.521e+00
reaction gibbs energy	R_FBA	-3.740e+00
reaction gibbs energy	R_FBP	-2.321e+01
reaction gibbs energy	R_FRD7	0.000e+00
reaction gibbs energy	R_FUM	-2.920e+00
reaction gibbs energy	R_G6PDH2r	-7.481e+00
reaction gibbs energy	R_GAPD	-2.779e+00
reaction gibbs energy	R_GLNS	-1.039e+01
reaction gibbs energy	R_GLUDy	0.000e+00
reaction gibbs energy	R_GLUN	0.000e+00
reaction gibbs energy	R_GLUSy	-3.761e+01
reaction gibbs energy	R_GND	-6.247e+00
reaction gibbs energy	R_ICDHyr	-6.240e+00
reaction gibbs energy	R_ICL	0.000e+00
reaction gibbs energy	R_LDH_D	-9.902e+00
reaction gibbs energy	R_MALS	0.000e+00
reaction gibbs energy	R_MDH	-2.849e+00
reaction gibbs energy	R_ME1	0.000e+00
reaction gibbs energy	R_ME2	0.000e+00
reaction gibbs energy	R_NADTRHD	-1.888e+01
reaction gibbs energy	R_PDH	0.000e+00

