!!!SBtab DocumentName='report' SBtabVersion='1.0' Date='2022-6-9'
!!SBtab TableID='Predicted concentrations' TableType='Quantity' TableName='Predicted concentrations' SBtabVersion='1.0' Unit='M'
!QuantityType	!Compound	!Value
concentration	M_h2o_c	1.000e+00
concentration	M_atp_c	2.427e-03
concentration	M_nadp_c	6.730e-06
concentration	M_nadph_c	5.005e-05
concentration	M_adp_c	2.609e-04
concentration	M_nad_c	1.945e-03
concentration	M_pi_c	8.850e-03
concentration	M_nadh_c	4.509e-06
concentration	M_coa_c	8.804e-03
concentration	M_co2_c	7.817e-05
concentration	M_amp_c	2.723e-04
concentration	M_nh4_c	1.600e-05
concentration	M_akg_c	2.847e-04
concentration	M_accoa_c	5.410e-04
concentration	M_pyr_c	9.648e-04
concentration	M_succ_c	4.268e-04
concentration	M_ac_c	1.000e-02
concentration	M_gln__L_c	2.097e-03
concentration	M_for_c	9.999e-05
concentration	M_oaa_c	1.459e-04
concentration	M_glx_c	2.074e-05
concentration	M_pep_c	1.715e-04
concentration	M_g3p_c	3.880e-05
concentration	M_acald_c	9.999e-05
concentration	M_dhap_c	8.115e-04
concentration	M_succoa_c	3.901e-04
concentration	M_fum_c	1.729e-03
concentration	M_mal__L_c	1.729e-03
concentration	M_r5p_c	9.541e-05
concentration	M_3pg_c	1.586e-03
concentration	M_cit_c	2.370e-03
concentration	M_ru5p__D_c	2.495e-04
concentration	M_g6p_c	4.797e-04
concentration	M_q8_c	2.121e-05
concentration	M_xu5p__D_c	2.089e-04
concentration	M_q8h2_c	4.715e-04
concentration	M_e4p_c	1.339e-05
concentration	M_13dpg_c	2.178e-05
concentration	M_s7p_c	7.506e-04
concentration	M_2pg_c	9.912e-05
concentration	M_actp_c	1.020e-03
concentration	M_lac__D_c	9.999e-05
concentration	M_etoh_c	9.999e-05
concentration	M_6pgc_c	9.651e-05
concentration	M_fdp_c	6.710e-04
concentration	M_6pgl_c	2.827e-05
concentration	M_acon_C_c	2.630e-05
concentration	M_glu__L_c	2.210e-02
concentration	M_icit_c	1.146e-05
concentration	M_f6p_c	2.213e-04

!!SBtab TableID='Predicted Gibbs energies' TableType='Quantity' TableName='Predicted Gibbs energies' SBtabVersion='1.0' Unit='kJ/mol'
!QuantityType	!Reaction	!Value
reaction gibbs energy	R_PFK	-1.858e+01
reaction gibbs energy	R_PFL	0.000e+00
reaction gibbs energy	R_PGI	0.000e+00
reaction gibbs energy	R_PGK	-3.315e+00
reaction gibbs energy	R_PGL	-2.068e+01
reaction gibbs energy	R_ACALD	0.000e+00
reaction gibbs energy	R_PGM	-2.469e+00
reaction gibbs energy	R_ALCD2x	0.000e+00
reaction gibbs energy	R_ACKr	-1.274e+00
reaction gibbs energy	R_PPC	-2.783e+01
reaction gibbs energy	R_ACONTa	-2.452e+00
reaction gibbs energy	R_ACONTb	-3.548e+00
reaction gibbs energy	R_ATPM	0.000e+00
reaction gibbs energy	R_PPCK	0.000e+00
reaction gibbs energy	R_PPS	-2.329e+01
reaction gibbs energy	R_ADK1	-5.538e+00
reaction gibbs energy	R_AKGDH	0.000e+00
reaction gibbs energy	R_PTAr	-7.045e+00
reaction gibbs energy	R_PYK	0.000e+00
reaction gibbs energy	R_RPE	-3.811e+00
reaction gibbs energy	R_CS	-2.325e+01
reaction gibbs energy	R_RPI	-4.502e+00
reaction gibbs energy	R_ENO	-2.504e+00
reaction gibbs energy	R_SUCDi	-1.334e+01
reaction gibbs energy	R_SUCOAS	0.000e+00
reaction gibbs energy	R_TALA	-6.641e+00
reaction gibbs energy	R_TKT1	-2.873e+00
reaction gibbs energy	R_TKT2	-7.526e+00
reaction gibbs energy	R_TPI	-1.976e+00
reaction gibbs energy	R_FBA	-2.155e+00
reaction gibbs energy	R_FBP	0.000e+00
reaction gibbs energy	R_FRD7	0.000e+00
reaction gibbs energy	R_FUM	-3.429e+00
reaction gibbs energy	R_G6PDH2r	-7.134e+00
reaction gibbs energy	R_GAPD	-1.653e+00
reaction gibbs energy	R_GLNS	-9.987e+00
reaction gibbs energy	R_GLUDy	0.000e+00
reaction gibbs energy	R_GLUN	0.000e+00
reaction gibbs energy	R_GLUSy	-3.788e+01
reaction gibbs energy	R_GND	-5.705e+00
reaction gibbs energy	R_ICDHyr	-5.091e+00
reaction gibbs energy	R_ICL	-8.559e+00
reaction gibbs energy	R_LDH_D	0.000e+00
reaction gibbs energy	R_MALS	-1.962e+01
reaction gibbs energy	R_MDH	0.000e+00
reaction gibbs energy	R_ME1	0.000e+00
reaction gibbs energy	R_ME2	-7.586e+00
reaction gibbs energy	R_NADTRHD	-2.010e+01
reaction gibbs energy	R_PDH	-6.173e+01

