!!!SBtab DocumentName='report' SBtabVersion='1.0' Date='2022-6-9'
!!SBtab TableID='Predicted concentrations' TableType='Quantity' TableName='Predicted concentrations' SBtabVersion='1.0' Unit='M'
!QuantityType	!Compound	!Value
concentration	M_h2o_c	1.000e+00
concentration	M_atp_c	2.427e-03
concentration	M_nadp_c	6.640e-06
concentration	M_nadph_c	5.272e-05
concentration	M_adp_c	2.609e-04
concentration	M_nad_c	1.859e-03
concentration	M_pi_c	8.238e-03
concentration	M_nadh_c	4.962e-06
concentration	M_coa_c	6.299e-04
concentration	M_co2_c	1.052e-04
concentration	M_amp_c	2.716e-04
concentration	M_nh4_c	1.313e-05
concentration	M_akg_c	2.597e-04
concentration	M_accoa_c	3.447e-04
concentration	M_pyr_c	1.074e-03
concentration	M_succ_c	2.971e-04
concentration	M_ac_c	1.000e-02
concentration	M_gln__L_c	2.096e-03
concentration	M_for_c	9.997e-05
concentration	M_oaa_c	3.877e-06
concentration	M_glx_c	9.997e-05
concentration	M_pep_c	6.167e-04
concentration	M_g3p_c	4.060e-05
concentration	M_acald_c	9.997e-05
concentration	M_dhap_c	7.622e-04
concentration	M_succoa_c	1.000e-03
concentration	M_fum_c	1.729e-03
concentration	M_mal__L_c	2.385e-03
concentration	M_r5p_c	8.996e-05
concentration	M_3pg_c	1.020e-03
concentration	M_cit_c	2.168e-03
concentration	M_ru5p__D_c	2.165e-04
concentration	M_g6p_c	4.885e-04
concentration	M_q8_c	1.945e-05
concentration	M_xu5p__D_c	2.081e-04
concentration	M_q8h2_c	5.137e-04
concentration	M_e4p_c	1.361e-05
concentration	M_13dpg_c	2.319e-05
concentration	M_s7p_c	7.784e-04
concentration	M_2pg_c	1.399e-04
concentration	M_actp_c	1.020e-03
concentration	M_lac__D_c	9.997e-05
concentration	M_etoh_c	9.997e-05
concentration	M_6pgc_c	1.001e-04
concentration	M_fdp_c	5.818e-04
concentration	M_6pgl_c	1.692e-05
concentration	M_acon_C_c	2.744e-05
concentration	M_glu__L_c	2.203e-02
concentration	M_icit_c	1.286e-05
concentration	M_f6p_c	2.258e-04

!!SBtab TableID='Predicted Gibbs energies' TableType='Quantity' TableName='Predicted Gibbs energies' SBtabVersion='1.0' Unit='kJ/mol'
!QuantityType	!Reaction	!Value
reaction gibbs energy	R_PFK	-1.919e+01
reaction gibbs energy	R_PFL	0.000e+00
reaction gibbs energy	R_PGI	0.000e+00
reaction gibbs energy	R_PGK	-4.619e+00
reaction gibbs energy	R_PGL	-1.947e+01
reaction gibbs energy	R_ACALD	0.000e+00
reaction gibbs energy	R_PGM	-5.939e-01
reaction gibbs energy	R_ALCD2x	0.000e+00
reaction gibbs energy	R_ACKr	-5.939e-01
reaction gibbs energy	R_PPC	-4.180e+01
reaction gibbs energy	R_ACONTa	-2.122e+00
reaction gibbs energy	R_ACONTb	-3.386e+00
reaction gibbs energy	R_ATPM	0.000e+00
reaction gibbs energy	R_PPCK	0.000e+00
reaction gibbs energy	R_PPS	-2.051e+01
reaction gibbs energy	R_ADK1	-5.533e+00
reaction gibbs energy	R_AKGDH	-4.378e+01
reaction gibbs energy	R_PTAr	-2.361e+00
reaction gibbs energy	R_PYK	0.000e+00
reaction gibbs energy	R_RPE	-3.542e+00
reaction gibbs energy	R_CS	-2.004e+01
reaction gibbs energy	R_RPI	-4.313e+00
reaction gibbs energy	R_ENO	-5.939e-01
reaction gibbs energy	R_SUCDi	-1.208e+01
reaction gibbs energy	R_SUCOAS	-2.169e+00
reaction gibbs energy	R_TALA	-6.798e+00
reaction gibbs energy	R_TKT1	-2.606e+00
reaction gibbs energy	R_TKT2	0.000e+00
reaction gibbs energy	R_TPI	-1.894e+00
reaction gibbs energy	R_FBA	-2.022e+00
reaction gibbs energy	R_FBP	0.000e+00
reaction gibbs energy	R_FRD7	0.000e+00
reaction gibbs energy	R_FUM	-2.628e+00
reaction gibbs energy	R_G6PDH2r	-8.229e+00
reaction gibbs energy	R_GAPD	-1.107e+00
reaction gibbs energy	R_GLNS	-9.709e+00
reaction gibbs energy	R_GLUDy	0.000e+00
reaction gibbs energy	R_GLUN	0.000e+00
reaction gibbs energy	R_GLUSy	-3.794e+01
reaction gibbs energy	R_GND	-4.826e+00
reaction gibbs energy	R_ICDHyr	-4.296e+00
reaction gibbs energy	R_ICL	0.000e+00
reaction gibbs energy	R_LDH_D	0.000e+00
reaction gibbs energy	R_MALS	0.000e+00
reaction gibbs energy	R_MDH	-2.485e+00
reaction gibbs energy	R_ME1	0.000e+00
reaction gibbs energy	R_ME2	0.000e+00
reaction gibbs energy	R_NADTRHD	0.000e+00
reaction gibbs energy	R_PDH	0.000e+00

