!!!SBtab DocumentName='report' SBtabVersion='1.0' Date='2022-6-9'
!!SBtab TableID='Predicted concentrations' TableType='Quantity' TableName='Predicted concentrations' SBtabVersion='1.0' Unit='M'
!QuantityType	!Compound	!Value
concentration	M_h2o_c	1.000e+00
concentration	M_atp_c	2.427e-03
concentration	M_nadp_c	6.677e-06
concentration	M_nadph_c	5.216e-05
concentration	M_adp_c	2.609e-04
concentration	M_nad_c	1.557e-03
concentration	M_pi_c	6.449e-03
concentration	M_nadh_c	4.575e-05
concentration	M_coa_c	1.807e-02
concentration	M_co2_c	3.893e-05
concentration	M_amp_c	2.725e-04
concentration	M_nh4_c	1.025e-05
concentration	M_akg_c	2.971e-04
concentration	M_accoa_c	4.706e-04
concentration	M_pyr_c	9.942e-04
concentration	M_succ_c	4.314e-04
concentration	M_ac_c	1.000e-02
concentration	M_gln__L_c	2.100e-03
concentration	M_for_c	9.996e-05
concentration	M_oaa_c	2.089e-04
concentration	M_glx_c	2.669e-05
concentration	M_pep_c	6.167e-04
concentration	M_g3p_c	1.295e-04
concentration	M_acald_c	9.996e-05
concentration	M_dhap_c	5.336e-04
concentration	M_succoa_c	3.900e-04
concentration	M_fum_c	1.623e-03
concentration	M_mal__L_c	1.940e-03
concentration	M_r5p_c	1.229e-04
concentration	M_3pg_c	1.020e-03
concentration	M_cit_c	2.135e-03
concentration	M_ru5p__D_c	2.513e-04
concentration	M_g6p_c	3.874e-04
concentration	M_q8_c	2.269e-05
concentration	M_xu5p__D_c	2.771e-04
concentration	M_q8h2_c	4.404e-04
concentration	M_e4p_c	1.366e-05
concentration	M_13dpg_c	3.132e-05
concentration	M_s7p_c	6.290e-04
concentration	M_2pg_c	1.399e-04
concentration	M_actp_c	1.020e-03
concentration	M_lac__D_c	8.251e-04
concentration	M_etoh_c	9.996e-05
concentration	M_6pgc_c	9.044e-05
concentration	M_fdp_c	1.671e-04
concentration	M_6pgl_c	1.916e-05
concentration	M_acon_C_c	2.721e-05
concentration	M_glu__L_c	2.217e-02
concentration	M_icit_c	1.081e-05
concentration	M_f6p_c	2.882e-04

!!SBtab TableID='Predicted Gibbs energies' TableType='Quantity' TableName='Predicted Gibbs energies' SBtabVersion='1.0' Unit='kJ/mol'
!QuantityType	!Reaction	!Value
reaction gibbs energy	R_PFK	0.000e+00
reaction gibbs energy	R_PFL	0.000e+00
reaction gibbs energy	R_PGI	-1.791e+00
reaction gibbs energy	R_PGK	0.000e+00
reaction gibbs energy	R_PGL	-2.003e+01
reaction gibbs energy	R_ACALD	0.000e+00
reaction gibbs energy	R_PGM	-5.939e-01
reaction gibbs energy	R_ALCD2x	0.000e+00
reaction gibbs energy	R_ACKr	-5.939e-01
reaction gibbs energy	R_PPC	-3.007e+01
reaction gibbs energy	R_ACONTa	-2.104e+00
reaction gibbs energy	R_ACONTb	-3.796e+00
reaction gibbs energy	R_ATPM	0.000e+00
reaction gibbs energy	R_PPCK	0.000e+00
reaction gibbs energy	R_PPS	-2.092e+01
reaction gibbs energy	R_ADK1	-5.542e+00
reaction gibbs energy	R_AKGDH	0.000e+00
reaction gibbs energy	R_PTAr	-1.051e+01
reaction gibbs energy	R_PYK	0.000e+00
reaction gibbs energy	R_RPE	-3.202e+00
reaction gibbs energy	R_CS	-2.241e+01
reaction gibbs energy	R_RPI	-3.909e+00
reaction gibbs energy	R_ENO	-5.939e-01
reaction gibbs energy	R_SUCDi	-1.392e+01
reaction gibbs energy	R_SUCOAS	0.000e+00
reaction gibbs energy	R_TALA	-8.530e+00
reaction gibbs energy	R_TKT1	-1.742e+00
reaction gibbs energy	R_TKT2	-4.725e+00
reaction gibbs energy	R_TPI	-1.864e+00
reaction gibbs energy	R_FBA	-3.060e+00
reaction gibbs energy	R_FBP	-2.369e+01
reaction gibbs energy	R_FRD7	0.000e+00
reaction gibbs energy	R_FUM	-2.983e+00
reaction gibbs energy	R_G6PDH2r	-7.387e+00
reaction gibbs energy	R_GAPD	0.000e+00
reaction gibbs energy	R_GLNS	-9.713e+00
reaction gibbs energy	R_GLUDy	0.000e+00
reaction gibbs energy	R_GLUN	0.000e+00
reaction gibbs energy	R_GLUSy	-3.821e+01
reaction gibbs energy	R_GND	-6.709e+00
reaction gibbs energy	R_ICDHyr	-6.037e+00
reaction gibbs energy	R_ICL	-7.848e+00
reaction gibbs energy	R_LDH_D	-1.396e+01
reaction gibbs energy	R_MALS	-1.708e+01
reaction gibbs energy	R_MDH	0.000e+00
reaction gibbs energy	R_ME1	0.000e+00
reaction gibbs energy	R_ME2	-8.827e+00
reaction gibbs energy	R_NADTRHD	-1.393e+01
reaction gibbs energy	R_PDH	0.000e+00

