!!!SBtab DocumentName='report' SBtabVersion='1.0' Date='2022-6-9'
!!SBtab TableID='Predicted concentrations' TableType='Quantity' TableName='Predicted concentrations' SBtabVersion='1.0' Unit='M'
!QuantityType	!Compound	!Value
concentration	M_h2o_c	1.000e+00
concentration	M_atp_c	1.485e-03
concentration	M_nadp_c	6.896e-06
concentration	M_nadph_c	4.643e-05
concentration	M_adp_c	3.065e-04
concentration	M_nad_c	2.288e-03
concentration	M_pi_c	1.000e-02
concentration	M_nadh_c	3.822e-06
concentration	M_coa_c	8.830e-05
concentration	M_co2_c	4.796e-05
concentration	M_amp_c	3.609e-04
concentration	M_nh4_c	2.806e-05
concentration	M_akg_c	2.413e-04
concentration	M_accoa_c	1.740e-03
concentration	M_pyr_c	9.078e-04
concentration	M_succ_c	4.116e-04
concentration	M_ac_c	4.805e-04
concentration	M_gln__L_c	2.071e-03
concentration	M_for_c	1.000e-04
concentration	M_oaa_c	1.369e-06
concentration	M_glx_c	1.000e-04
concentration	M_pep_c	1.096e-04
concentration	M_g3p_c	5.045e-05
concentration	M_acald_c	1.000e-04
concentration	M_dhap_c	9.821e-04
concentration	M_succoa_c	3.901e-04
concentration	M_fum_c	2.657e-03
concentration	M_mal__L_c	1.451e-03
concentration	M_r5p_c	1.343e-04
concentration	M_3pg_c	2.108e-03
concentration	M_cit_c	3.316e-03
concentration	M_ru5p__D_c	4.196e-04
concentration	M_g6p_c	4.939e-04
concentration	M_q8_c	2.118e-05
concentration	M_xu5p__D_c	2.534e-04
concentration	M_q8h2_c	4.723e-04
concentration	M_e4p_c	1.320e-05
concentration	M_13dpg_c	1.826e-05
concentration	M_s7p_c	5.199e-04
concentration	M_2pg_c	9.619e-05
concentration	M_actp_c	1.020e-03
concentration	M_lac__D_c	1.000e-04
concentration	M_etoh_c	1.000e-04
concentration	M_6pgc_c	9.830e-05
concentration	M_fdp_c	9.508e-04
concentration	M_6pgl_c	1.373e-05
concentration	M_acon_C_c	1.582e-05
concentration	M_glu__L_c	2.254e-02
concentration	M_icit_c	4.356e-06
concentration	M_f6p_c	1.969e-04

!!SBtab TableID='Predicted Gibbs energies' TableType='Quantity' TableName='Predicted Gibbs energies' SBtabVersion='1.0' Unit='kJ/mol'
!QuantityType	!Reaction	!Value
reaction gibbs energy	R_PFK	-1.481e+01
reaction gibbs energy	R_PFL	0.000e+00
reaction gibbs energy	R_PGI	0.000e+00
reaction gibbs energy	R_PGK	-4.275e+00
reaction gibbs energy	R_PGL	-1.885e+01
reaction gibbs energy	R_ACALD	0.000e+00
reaction gibbs energy	R_PGM	-4.275e+00
reaction gibbs energy	R_ALCD2x	0.000e+00
reaction gibbs energy	R_ACKr	-1.163e+01
reaction gibbs energy	R_PPC	0.000e+00
reaction gibbs energy	R_ACONTa	-4.481e+00
reaction gibbs energy	R_ACONTb	-4.710e+00
reaction gibbs energy	R_ATPM	0.000e+00
reaction gibbs energy	R_PPCK	0.000e+00
reaction gibbs energy	R_PPS	-2.216e+01
reaction gibbs energy	R_ADK1	-4.275e+00
reaction gibbs energy	R_AKGDH	0.000e+00
reaction gibbs energy	R_PTAr	-4.275e+00
reaction gibbs energy	R_PYK	0.000e+00
reaction gibbs energy	R_RPE	-4.859e+00
reaction gibbs energy	R_CS	-2.515e+01
reaction gibbs energy	R_RPI	-5.022e+00
reaction gibbs energy	R_ENO	-4.275e+00
reaction gibbs energy	R_SUCDi	-1.258e+01
reaction gibbs energy	R_SUCOAS	0.000e+00
reaction gibbs energy	R_TALA	-6.854e+00
reaction gibbs energy	R_TKT1	-4.754e+00
reaction gibbs energy	R_TKT2	-7.904e+00
reaction gibbs energy	R_TPI	-4.275e+00
reaction gibbs energy	R_FBA	-4.275e+00
reaction gibbs energy	R_FBP	0.000e+00
reaction gibbs energy	R_FRD7	0.000e+00
reaction gibbs energy	R_FUM	-4.940e+00
reaction gibbs energy	R_G6PDH2r	-9.564e+00
reaction gibbs energy	R_GAPD	-4.275e+00
reaction gibbs energy	R_GLNS	-9.493e+00
reaction gibbs energy	R_GLUDy	0.000e+00
reaction gibbs energy	R_GLUN	0.000e+00
reaction gibbs energy	R_GLUSy	-3.689e+01
reaction gibbs energy	R_GND	-7.872e+00
reaction gibbs energy	R_ICDHyr	-6.149e+00
reaction gibbs energy	R_ICL	0.000e+00
reaction gibbs energy	R_LDH_D	0.000e+00
reaction gibbs energy	R_MALS	0.000e+00
reaction gibbs energy	R_MDH	-5.038e+00
reaction gibbs energy	R_ME1	0.000e+00
reaction gibbs energy	R_ME2	-1.060e+01
reaction gibbs energy	R_NADTRHD	-2.079e+01
reaction gibbs energy	R_PDH	-4.872e+01

