!!!SBtab DocumentName='report' SBtabVersion='1.0' Date='2022-6-9'
!!SBtab TableID='Predicted concentrations' TableType='Quantity' TableName='Predicted concentrations' SBtabVersion='1.0' Unit='M'
!QuantityType	!Compound	!Value
concentration	M_h2o_c	1.000e+00
concentration	M_atp_c	2.427e-03
concentration	M_nadp_c	6.699e-06
concentration	M_nadph_c	4.968e-05
concentration	M_adp_c	2.609e-04
concentration	M_nad_c	1.738e-03
concentration	M_pi_c	6.119e-03
concentration	M_nadh_c	6.032e-06
concentration	M_coa_c	1.908e-02
concentration	M_co2_c	1.173e-04
concentration	M_amp_c	2.707e-04
concentration	M_nh4_c	7.332e-06
concentration	M_akg_c	2.863e-04
concentration	M_accoa_c	4.701e-04
concentration	M_pyr_c	1.190e-03
concentration	M_succ_c	4.328e-04
concentration	M_ac_c	1.000e-02
concentration	M_gln__L_c	2.121e-03
concentration	M_for_c	1.000e-04
concentration	M_oaa_c	2.237e-06
concentration	M_glx_c	2.518e-05
concentration	M_pep_c	2.981e-04
concentration	M_g3p_c	1.524e-04
concentration	M_acald_c	1.000e-04
concentration	M_dhap_c	5.271e-04
concentration	M_succoa_c	3.901e-04
concentration	M_fum_c	1.830e-03
concentration	M_mal__L_c	2.207e-03
concentration	M_r5p_c	1.395e-04
concentration	M_3pg_c	1.491e-03
concentration	M_cit_c	2.322e-03
concentration	M_ru5p__D_c	2.786e-04
concentration	M_g6p_c	3.622e-04
concentration	M_q8_c	2.200e-05
concentration	M_xu5p__D_c	3.108e-04
concentration	M_q8h2_c	4.545e-04
concentration	M_e4p_c	1.370e-05
concentration	M_13dpg_c	2.755e-05
concentration	M_s7p_c	5.705e-04
concentration	M_2pg_c	1.000e-04
concentration	M_actp_c	1.020e-03
concentration	M_lac__D_c	5.339e-04
concentration	M_etoh_c	1.000e-04
concentration	M_6pgc_c	1.038e-04
concentration	M_fdp_c	1.584e-04
concentration	M_6pgl_c	1.811e-05
concentration	M_acon_C_c	2.638e-05
concentration	M_glu__L_c	2.156e-02
concentration	M_icit_c	1.236e-05
concentration	M_f6p_c	3.055e-04

!!SBtab TableID='Predicted Gibbs energies' TableType='Quantity' TableName='Predicted Gibbs energies' SBtabVersion='1.0' Unit='kJ/mol'
!QuantityType	!Reaction	!Value
reaction gibbs energy	R_PFK	0.000e+00
reaction gibbs energy	R_PFL	0.000e+00
reaction gibbs energy	R_PGI	-2.144e+00
reaction gibbs energy	R_PGK	-4.049e+00
reaction gibbs energy	R_PGL	-1.939e+01
reaction gibbs energy	R_ACALD	0.000e+00
reaction gibbs energy	R_PGM	0.000e+00
reaction gibbs energy	R_ALCD2x	0.000e+00
reaction gibbs energy	R_ACKr	-1.274e+00
reaction gibbs energy	R_PPC	0.000e+00
reaction gibbs energy	R_ACONTa	-2.394e+00
reaction gibbs energy	R_ACONTb	-3.368e+00
reaction gibbs energy	R_ATPM	0.000e+00
reaction gibbs energy	R_PPCK	0.000e+00
reaction gibbs energy	R_PPS	-2.337e+01
reaction gibbs energy	R_ADK1	-5.524e+00
reaction gibbs energy	R_AKGDH	0.000e+00
reaction gibbs energy	R_PTAr	-1.022e+01
reaction gibbs energy	R_PYK	0.000e+00
reaction gibbs energy	R_RPE	-3.100e+00
reaction gibbs energy	R_CS	-1.068e+01
reaction gibbs energy	R_RPI	-3.834e+00
reaction gibbs energy	R_ENO	0.000e+00
reaction gibbs energy	R_SUCDi	-1.341e+01
reaction gibbs energy	R_SUCOAS	0.000e+00
reaction gibbs energy	R_TALA	-8.493e+00
reaction gibbs energy	R_TKT1	-2.088e+00
reaction gibbs energy	R_TKT2	-4.379e+00
reaction gibbs energy	R_TPI	-2.482e+00
reaction gibbs energy	R_FBA	-3.741e+00
reaction gibbs energy	R_FBP	-2.359e+01
reaction gibbs energy	R_FRD7	0.000e+00
reaction gibbs energy	R_FUM	-2.964e+00
reaction gibbs energy	R_G6PDH2r	-7.549e+00
reaction gibbs energy	R_GAPD	-2.546e+00
reaction gibbs energy	R_GLNS	-8.879e+00
reaction gibbs energy	R_GLUDy	0.000e+00
reaction gibbs energy	R_GLUN	0.000e+00
reaction gibbs energy	R_GLUSy	-3.804e+01
reaction gibbs energy	R_GND	-4.613e+00
reaction gibbs energy	R_ICDHyr	-4.266e+00
reaction gibbs energy	R_ICL	-8.231e+00
reaction gibbs energy	R_LDH_D	-1.019e+01
reaction gibbs energy	R_MALS	-1.723e+01
reaction gibbs energy	R_MDH	-3.024e+00
reaction gibbs energy	R_ME1	-2.576e+01
reaction gibbs energy	R_ME2	0.000e+00
reaction gibbs energy	R_NADTRHD	-1.909e+01
reaction gibbs energy	R_PDH	0.000e+00

