!!!SBtab DocumentName='report' SBtabVersion='1.0' Date='2022-6-9'
!!SBtab TableID='Predicted concentrations' TableType='Quantity' TableName='Predicted concentrations' SBtabVersion='1.0' Unit='M'
!QuantityType	!Compound	!Value
concentration	M_h2o_c	1.000e+00
concentration	M_atp_c	2.427e-03
concentration	M_nadp_c	6.657e-06
concentration	M_nadph_c	5.064e-05
concentration	M_adp_c	2.609e-04
concentration	M_nad_c	1.588e-03
concentration	M_pi_c	1.463e-03
concentration	M_nadh_c	2.093e-05
concentration	M_coa_c	3.702e-03
concentration	M_co2_c	2.888e-04
concentration	M_amp_c	2.700e-04
concentration	M_nh4_c	9.994e-05
concentration	M_akg_c	3.180e-04
concentration	M_accoa_c	5.962e-04
concentration	M_pyr_c	7.848e-04
concentration	M_succ_c	4.258e-04
concentration	M_ac_c	9.994e-05
concentration	M_gln__L_c	2.104e-03
concentration	M_for_c	9.994e-05
concentration	M_oaa_c	3.127e-06
concentration	M_glx_c	3.160e-05
concentration	M_pep_c	6.167e-04
concentration	M_g3p_c	1.102e-04
concentration	M_acald_c	9.994e-05
concentration	M_dhap_c	5.271e-04
concentration	M_succoa_c	3.900e-04
concentration	M_fum_c	1.288e-03
concentration	M_mal__L_c	5.227e-03
concentration	M_r5p_c	1.113e-04
concentration	M_3pg_c	2.056e-03
concentration	M_cit_c	2.318e-03
concentration	M_ru5p__D_c	2.075e-04
concentration	M_g6p_c	3.985e-04
concentration	M_q8_c	1.708e-05
concentration	M_xu5p__D_c	2.512e-04
concentration	M_q8h2_c	5.848e-04
concentration	M_e4p_c	1.359e-05
concentration	M_13dpg_c	1.826e-05
concentration	M_s7p_c	6.636e-04
concentration	M_2pg_c	1.947e-04
concentration	M_actp_c	1.442e-03
concentration	M_lac__D_c	6.840e-04
concentration	M_etoh_c	9.994e-05
concentration	M_6pgc_c	1.146e-04
concentration	M_fdp_c	1.613e-04
concentration	M_6pgl_c	2.076e-05
concentration	M_acon_C_c	2.954e-05
concentration	M_glu__L_c	2.173e-02
concentration	M_icit_c	1.269e-05
concentration	M_f6p_c	2.920e-04

!!SBtab TableID='Predicted Gibbs energies' TableType='Quantity' TableName='Predicted Gibbs energies' SBtabVersion='1.0' Unit='kJ/mol'
!QuantityType	!Reaction	!Value
reaction gibbs energy	R_PFK	0.000e+00
reaction gibbs energy	R_PFL	0.000e+00
reaction gibbs energy	R_PGI	-1.722e+00
reaction gibbs energy	R_PGK	-1.870e-02
reaction gibbs energy	R_PGL	-1.973e+01
reaction gibbs energy	R_ACALD	0.000e+00
reaction gibbs energy	R_PGM	-1.870e-02
reaction gibbs energy	R_ALCD2x	0.000e+00
reaction gibbs energy	R_ACKr	0.000e+00
reaction gibbs energy	R_PPC	0.000e+00
reaction gibbs energy	R_ACONTa	-2.066e+00
reaction gibbs energy	R_ACONTb	-3.635e+00
reaction gibbs energy	R_ATPM	0.000e+00
reaction gibbs energy	R_PPCK	0.000e+00
reaction gibbs energy	R_PPS	-2.407e+01
reaction gibbs energy	R_ADK1	-5.492e+00
reaction gibbs energy	R_AKGDH	0.000e+00
reaction gibbs energy	R_PTAr	0.000e+00
reaction gibbs energy	R_PYK	0.000e+00
reaction gibbs energy	R_RPE	-2.998e+00
reaction gibbs energy	R_CS	-1.657e+01
reaction gibbs energy	R_RPI	-3.688e+00
reaction gibbs energy	R_ENO	-1.870e-02
reaction gibbs energy	R_SUCDi	-1.261e+01
reaction gibbs energy	R_SUCOAS	0.000e+00
reaction gibbs energy	R_TALA	-8.260e+00
reaction gibbs energy	R_TKT1	-1.556e+00
reaction gibbs energy	R_TKT2	-4.871e+00
reaction gibbs energy	R_TPI	-1.360e+00
reaction gibbs energy	R_FBA	-2.587e+00
reaction gibbs energy	R_FBP	-2.722e+01
reaction gibbs energy	R_FRD7	0.000e+00
reaction gibbs energy	R_FUM	0.000e+00
reaction gibbs energy	R_G6PDH2r	-7.274e+00
reaction gibbs energy	R_GAPD	-2.620e+00
reaction gibbs energy	R_GLNS	0.000e+00
reaction gibbs energy	R_GLUDy	0.000e+00
reaction gibbs energy	R_GLUN	0.000e+00
reaction gibbs energy	R_GLUSy	0.000e+00
reaction gibbs energy	R_GND	-2.508e+00
reaction gibbs energy	R_ICDHyr	0.000e+00
reaction gibbs energy	R_ICL	-7.857e+00
reaction gibbs energy	R_LDH_D	-1.185e+01
reaction gibbs energy	R_MALS	-1.861e+01
reaction gibbs energy	R_MDH	-9.633e-01
reaction gibbs energy	R_ME1	0.000e+00
reaction gibbs energy	R_ME2	0.000e+00
reaction gibbs energy	R_NADTRHD	-1.584e+01
reaction gibbs energy	R_PDH	-5.283e+01

