!!!SBtab DocumentName='report' SBtabVersion='1.0' Date='2022-6-9'
!!SBtab TableID='Predicted concentrations' TableType='Quantity' TableName='Predicted concentrations' SBtabVersion='1.0' Unit='M'
!QuantityType	!Compound	!Value
concentration	M_h2o_c	1.000e+00
concentration	M_atp_c	2.427e-03
concentration	M_nadp_c	6.732e-06
concentration	M_nadph_c	5.130e-05
concentration	M_adp_c	2.609e-04
concentration	M_nad_c	1.962e-03
concentration	M_pi_c	8.633e-03
concentration	M_nadh_c	4.419e-06
concentration	M_coa_c	1.954e-02
concentration	M_co2_c	3.380e-05
concentration	M_amp_c	2.677e-04
concentration	M_nh4_c	1.216e-05
concentration	M_akg_c	2.992e-04
concentration	M_accoa_c	4.636e-04
concentration	M_pyr_c	1.507e-03
concentration	M_succ_c	4.261e-04
concentration	M_ac_c	1.000e-02
concentration	M_gln__L_c	2.097e-03
concentration	M_for_c	1.000e-04
concentration	M_oaa_c	1.588e-04
concentration	M_glx_c	2.674e-05
concentration	M_pep_c	1.576e-04
concentration	M_g3p_c	3.826e-05
concentration	M_acald_c	1.000e-04
concentration	M_dhap_c	8.273e-04
concentration	M_succoa_c	3.901e-04
concentration	M_fum_c	1.742e-03
concentration	M_mal__L_c	1.815e-03
concentration	M_r5p_c	9.633e-05
concentration	M_3pg_c	1.603e-03
concentration	M_cit_c	2.298e-03
concentration	M_ru5p__D_c	2.590e-04
concentration	M_g6p_c	4.866e-04
concentration	M_q8_c	2.438e-05
concentration	M_xu5p__D_c	2.136e-04
concentration	M_q8h2_c	4.101e-04
concentration	M_e4p_c	1.353e-05
concentration	M_13dpg_c	2.165e-05
concentration	M_s7p_c	7.439e-04
concentration	M_2pg_c	9.523e-05
concentration	M_actp_c	1.020e-03
concentration	M_lac__D_c	5.039e-04
concentration	M_etoh_c	1.000e-04
concentration	M_6pgc_c	9.175e-05
concentration	M_fdp_c	6.827e-04
concentration	M_6pgl_c	1.969e-05
concentration	M_acon_C_c	2.506e-05
concentration	M_glu__L_c	2.204e-02
concentration	M_icit_c	9.996e-06
concentration	M_f6p_c	2.217e-04

!!SBtab TableID='Predicted Gibbs energies' TableType='Quantity' TableName='Predicted Gibbs energies' SBtabVersion='1.0' Unit='kJ/mol'
!QuantityType	!Reaction	!Value
reaction gibbs energy	R_PFK	-1.855e+01
reaction gibbs energy	R_PFL	0.000e+00
reaction gibbs energy	R_PGI	0.000e+00
reaction gibbs energy	R_PGK	-3.274e+00
reaction gibbs energy	R_PGL	-1.991e+01
reaction gibbs energy	R_ACALD	0.000e+00
reaction gibbs energy	R_PGM	-2.594e+00
reaction gibbs energy	R_ALCD2x	0.000e+00
reaction gibbs energy	R_ACKr	-1.274e+00
reaction gibbs energy	R_PPC	-2.539e+01
reaction gibbs energy	R_ACONTa	-2.495e+00
reaction gibbs energy	R_ACONTb	-3.766e+00
reaction gibbs energy	R_ATPM	0.000e+00
reaction gibbs energy	R_PPCK	0.000e+00
reaction gibbs energy	R_PPS	0.000e+00
reaction gibbs energy	R_ADK1	0.000e+00
reaction gibbs energy	R_AKGDH	0.000e+00
reaction gibbs energy	R_PTAr	-9.464e+00
reaction gibbs energy	R_PYK	-1.549e+01
reaction gibbs energy	R_RPE	-3.848e+00
reaction gibbs energy	R_CS	-2.117e+01
reaction gibbs energy	R_RPI	-4.571e+00
reaction gibbs energy	R_ENO	-2.614e+00
reaction gibbs energy	R_SUCDi	-1.400e+01
reaction gibbs energy	R_SUCOAS	0.000e+00
reaction gibbs energy	R_TALA	-6.552e+00
reaction gibbs energy	R_TKT1	-3.009e+00
reaction gibbs energy	R_TKT2	0.000e+00
reaction gibbs energy	R_TPI	-2.059e+00
reaction gibbs energy	R_FBA	-2.185e+00
reaction gibbs energy	R_FBP	0.000e+00
reaction gibbs energy	R_FRD7	0.000e+00
reaction gibbs energy	R_FUM	-3.327e+00
reaction gibbs energy	R_G6PDH2r	-8.005e+00
reaction gibbs energy	R_GAPD	-1.643e+00
reaction gibbs energy	R_GLNS	-9.361e+00
reaction gibbs energy	R_GLUDy	0.000e+00
reaction gibbs energy	R_GLUN	0.000e+00
reaction gibbs energy	R_GLUSy	-3.807e+01
reaction gibbs energy	R_GND	-7.504e+00
reaction gibbs energy	R_ICDHyr	-6.646e+00
reaction gibbs energy	R_ICL	-7.596e+00
reaction gibbs energy	R_LDH_D	-9.848e+00
reaction gibbs energy	R_MALS	-1.777e+01
reaction gibbs energy	R_MDH	0.000e+00
reaction gibbs energy	R_ME1	0.000e+00
reaction gibbs energy	R_ME2	-8.618e+00
reaction gibbs energy	R_NADTRHD	-2.023e+01
reaction gibbs energy	R_PDH	0.000e+00

