!!!SBtab DocumentName='report' SBtabVersion='1.0' Date='2022-6-9'
!!SBtab TableID='Predicted concentrations' TableType='Quantity' TableName='Predicted concentrations' SBtabVersion='1.0' Unit='M'
!QuantityType	!Compound	!Value
concentration	M_h2o_c	1.000e+00
concentration	M_atp_c	2.427e-03
concentration	M_nadp_c	6.647e-06
concentration	M_nadph_c	4.943e-05
concentration	M_adp_c	2.609e-04
concentration	M_nad_c	1.530e-03
concentration	M_pi_c	6.841e-03
concentration	M_nadh_c	4.784e-05
concentration	M_coa_c	1.301e-04
concentration	M_co2_c	2.969e-04
concentration	M_amp_c	2.669e-04
concentration	M_nh4_c	7.860e-06
concentration	M_akg_c	2.768e-04
concentration	M_accoa_c	1.293e-03
concentration	M_pyr_c	1.044e-03
concentration	M_succ_c	4.042e-04
concentration	M_ac_c	6.489e-04
concentration	M_gln__L_c	2.116e-03
concentration	M_for_c	1.000e-04
concentration	M_oaa_c	1.299e-06
concentration	M_glx_c	1.000e-04
concentration	M_pep_c	6.167e-04
concentration	M_g3p_c	9.255e-05
concentration	M_acald_c	1.000e-04
concentration	M_dhap_c	4.899e-04
concentration	M_succoa_c	3.901e-04
concentration	M_fum_c	2.104e-03
concentration	M_mal__L_c	4.505e-03
concentration	M_r5p_c	1.066e-04
concentration	M_3pg_c	2.056e-03
concentration	M_cit_c	2.039e-03
concentration	M_ru5p__D_c	2.062e-04
concentration	M_g6p_c	4.004e-04
concentration	M_q8_c	1.932e-05
concentration	M_xu5p__D_c	2.422e-04
concentration	M_q8h2_c	5.176e-04
concentration	M_e4p_c	1.361e-05
concentration	M_13dpg_c	1.826e-05
concentration	M_s7p_c	6.834e-04
concentration	M_2pg_c	1.947e-04
concentration	M_actp_c	1.283e-03
concentration	M_lac__D_c	1.000e-04
concentration	M_etoh_c	1.000e-04
concentration	M_6pgc_c	1.111e-04
concentration	M_fdp_c	1.453e-04
concentration	M_6pgl_c	3.365e-05
concentration	M_acon_C_c	3.028e-05
concentration	M_glu__L_c	2.103e-02
concentration	M_icit_c	2.075e-05
concentration	M_f6p_c	2.871e-04

!!SBtab TableID='Predicted Gibbs energies' TableType='Quantity' TableName='Predicted Gibbs energies' SBtabVersion='1.0' Unit='kJ/mol'
!QuantityType	!Reaction	!Value
reaction gibbs energy	R_PFK	0.000e+00
reaction gibbs energy	R_PFL	0.000e+00
reaction gibbs energy	R_PGI	-1.668e+00
reaction gibbs energy	R_PGK	-1.870e-02
reaction gibbs energy	R_PGL	-2.100e+01
reaction gibbs energy	R_ACALD	0.000e+00
reaction gibbs energy	R_PGM	-1.870e-02
reaction gibbs energy	R_ALCD2x	0.000e+00
reaction gibbs energy	R_ACKr	-1.023e+01
reaction gibbs energy	R_PPC	0.000e+00
reaction gibbs energy	R_ACONTa	-1.687e+00
reaction gibbs energy	R_ACONTb	-2.479e+00
reaction gibbs energy	R_ATPM	0.000e+00
reaction gibbs energy	R_PPCK	0.000e+00
reaction gibbs energy	R_PPS	-2.099e+01
reaction gibbs energy	R_ADK1	-5.463e+00
reaction gibbs energy	R_AKGDH	0.000e+00
reaction gibbs energy	R_PTAr	-7.964e-01
reaction gibbs energy	R_PYK	0.000e+00
reaction gibbs energy	R_RPE	-3.072e+00
reaction gibbs energy	R_CS	-2.492e+01
reaction gibbs energy	R_RPI	-3.778e+00
reaction gibbs energy	R_ENO	-1.870e-02
reaction gibbs energy	R_SUCDi	-1.187e+01
reaction gibbs energy	R_SUCOAS	0.000e+00
reaction gibbs energy	R_TALA	-7.938e+00
reaction gibbs energy	R_TKT1	-1.718e+00
reaction gibbs energy	R_TKT2	0.000e+00
reaction gibbs energy	R_TPI	-1.109e+00
reaction gibbs energy	R_FBA	-2.233e+00
reaction gibbs energy	R_FBP	-2.318e+01
reaction gibbs energy	R_FRD7	0.000e+00
reaction gibbs energy	R_FUM	-1.537e+00
reaction gibbs energy	R_G6PDH2r	-6.146e+00
reaction gibbs energy	R_GAPD	-1.370e+00
reaction gibbs energy	R_GLNS	-8.765e+00
reaction gibbs energy	R_GLUDy	0.000e+00
reaction gibbs energy	R_GLUN	0.000e+00
reaction gibbs energy	R_GLUSy	-3.832e+01
reaction gibbs energy	R_GND	-2.434e+00
reaction gibbs energy	R_ICDHyr	-2.515e+00
reaction gibbs energy	R_ICL	0.000e+00
reaction gibbs energy	R_LDH_D	0.000e+00
reaction gibbs energy	R_MALS	0.000e+00
reaction gibbs energy	R_MDH	-6.320e-01
reaction gibbs energy	R_ME1	-1.916e+01
reaction gibbs energy	R_ME2	0.000e+00
reaction gibbs energy	R_NADTRHD	-1.365e+01
reaction gibbs energy	R_PDH	-4.112e+01

