!!!SBtab DocumentName='report' SBtabVersion='1.0' Date='2022-6-9'
!!SBtab TableID='Predicted concentrations' TableType='Quantity' TableName='Predicted concentrations' SBtabVersion='1.0' Unit='M'
!QuantityType	!Compound	!Value
concentration	M_h2o_c	1.000e+00
concentration	M_atp_c	1.485e-03
concentration	M_nadp_c	6.802e-06
concentration	M_nadph_c	4.624e-05
concentration	M_adp_c	2.675e-04
concentration	M_nad_c	2.288e-03
concentration	M_pi_c	1.000e-02
concentration	M_nadh_c	3.822e-06
concentration	M_coa_c	3.020e-03
concentration	M_co2_c	2.844e-05
concentration	M_amp_c	3.609e-04
concentration	M_nh4_c	2.976e-05
concentration	M_akg_c	2.350e-04
concentration	M_accoa_c	6.119e-04
concentration	M_pyr_c	1.039e-03
concentration	M_succ_c	3.922e-04
concentration	M_ac_c	1.000e-04
concentration	M_gln__L_c	2.097e-03
concentration	M_for_c	1.000e-04
concentration	M_oaa_c	1.189e-06
concentration	M_glx_c	5.801e-06
concentration	M_pep_c	3.030e-04
concentration	M_g3p_c	4.957e-05
concentration	M_acald_c	1.000e-04
concentration	M_dhap_c	9.776e-04
concentration	M_succoa_c	3.901e-04
concentration	M_fum_c	2.993e-03
concentration	M_mal__L_c	1.417e-03
concentration	M_r5p_c	1.446e-04
concentration	M_3pg_c	1.020e-03
concentration	M_cit_c	3.561e-03
concentration	M_ru5p__D_c	4.644e-04
concentration	M_g6p_c	2.608e-04
concentration	M_q8_c	2.407e-05
concentration	M_xu5p__D_c	2.500e-04
concentration	M_q8h2_c	4.155e-04
concentration	M_e4p_c	1.077e-05
concentration	M_13dpg_c	1.826e-05
concentration	M_s7p_c	4.786e-04
concentration	M_2pg_c	1.000e-04
concentration	M_actp_c	1.443e-03
concentration	M_lac__D_c	1.000e-04
concentration	M_etoh_c	1.000e-04
concentration	M_6pgc_c	1.021e-04
concentration	M_fdp_c	9.508e-04
concentration	M_6pgl_c	8.342e-06
concentration	M_acon_C_c	1.415e-05
concentration	M_glu__L_c	2.168e-02
concentration	M_icit_c	3.538e-06
concentration	M_f6p_c	4.151e-04

!!SBtab TableID='Predicted Gibbs energies' TableType='Quantity' TableName='Predicted Gibbs energies' SBtabVersion='1.0' Unit='kJ/mol'
!QuantityType	!Reaction	!Value
reaction gibbs energy	R_PFK	-1.730e+01
reaction gibbs energy	R_PFL	0.000e+00
reaction gibbs energy	R_PGI	-4.910e+00
reaction gibbs energy	R_PGK	-4.910e+00
reaction gibbs energy	R_PGL	-1.761e+01
reaction gibbs energy	R_ACALD	0.000e+00
reaction gibbs energy	R_PGM	0.000e+00
reaction gibbs energy	R_ALCD2x	0.000e+00
reaction gibbs energy	R_ACKr	0.000e+00
reaction gibbs energy	R_PPC	0.000e+00
reaction gibbs energy	R_ACONTa	-4.940e+00
reaction gibbs energy	R_ACONTb	-4.967e+00
reaction gibbs energy	R_ATPM	0.000e+00
reaction gibbs energy	R_PPCK	0.000e+00
reaction gibbs energy	R_PPS	-1.988e+01
reaction gibbs energy	R_ADK1	-4.910e+00
reaction gibbs energy	R_AKGDH	0.000e+00
reaction gibbs energy	R_PTAr	0.000e+00
reaction gibbs energy	R_PYK	0.000e+00
reaction gibbs energy	R_RPE	-5.081e+00
reaction gibbs energy	R_CS	-1.335e+01
reaction gibbs energy	R_RPI	-5.100e+00
reaction gibbs energy	R_ENO	0.000e+00
reaction gibbs energy	R_SUCDi	-1.297e+01
reaction gibbs energy	R_SUCOAS	0.000e+00
reaction gibbs energy	R_TALA	-5.223e+00
reaction gibbs energy	R_TKT1	-5.076e+00
reaction gibbs energy	R_TKT2	0.000e+00
reaction gibbs energy	R_TPI	-4.910e+00
reaction gibbs energy	R_FBA	-4.910e+00
reaction gibbs energy	R_FBP	0.000e+00
reaction gibbs energy	R_FRD7	0.000e+00
reaction gibbs energy	R_FUM	-5.290e+00
reaction gibbs energy	R_G6PDH2r	-9.058e+00
reaction gibbs energy	R_GAPD	-4.910e+00
reaction gibbs energy	R_GLNS	-9.884e+00
reaction gibbs energy	R_GLUDy	0.000e+00
reaction gibbs energy	R_GLUN	0.000e+00
reaction gibbs energy	R_GLUSy	-3.714e+01
reaction gibbs energy	R_GND	-8.225e+00
reaction gibbs energy	R_ICDHyr	-6.359e+00
reaction gibbs energy	R_ICL	-8.917e+00
reaction gibbs energy	R_LDH_D	0.000e+00
reaction gibbs energy	R_MALS	-2.077e+01
reaction gibbs energy	R_MDH	-5.318e+00
reaction gibbs energy	R_ME1	-3.142e+01
reaction gibbs energy	R_ME2	0.000e+00
reaction gibbs energy	R_NADTRHD	0.000e+00
reaction gibbs energy	R_PDH	-6.275e+01

