!!!SBtab DocumentName='report' SBtabVersion='1.0' Date='2022-6-9'
!!SBtab TableID='Predicted concentrations' TableType='Quantity' TableName='Predicted concentrations' SBtabVersion='1.0' Unit='M'
!QuantityType	!Compound	!Value
concentration	M_h2o_c	1.000e+00
concentration	M_atp_c	2.427e-03
concentration	M_nadp_c	6.436e-06
concentration	M_nadph_c	5.429e-05
concentration	M_adp_c	2.609e-04
concentration	M_nad_c	1.970e-03
concentration	M_pi_c	8.629e-03
concentration	M_nadh_c	4.288e-06
concentration	M_coa_c	8.048e-03
concentration	M_co2_c	8.087e-05
concentration	M_amp_c	2.677e-04
concentration	M_nh4_c	4.090e-06
concentration	M_akg_c	2.962e-04
concentration	M_accoa_c	5.732e-04
concentration	M_pyr_c	1.238e-03
concentration	M_succ_c	4.006e-04
concentration	M_ac_c	1.000e-02
concentration	M_gln__L_c	2.169e-03
concentration	M_for_c	1.000e-04
concentration	M_oaa_c	2.537e-06
concentration	M_glx_c	1.000e-04
concentration	M_pep_c	1.688e-04
concentration	M_g3p_c	3.610e-05
concentration	M_acald_c	1.000e-04
concentration	M_dhap_c	8.196e-04
concentration	M_succoa_c	3.901e-04
concentration	M_fum_c	1.747e-03
concentration	M_mal__L_c	1.856e-03
concentration	M_r5p_c	9.748e-05
concentration	M_3pg_c	1.597e-03
concentration	M_cit_c	2.278e-03
concentration	M_ru5p__D_c	2.556e-04
concentration	M_g6p_c	3.592e-04
concentration	M_q8_c	1.918e-05
concentration	M_xu5p__D_c	2.047e-04
concentration	M_q8h2_c	5.213e-04
concentration	M_e4p_c	1.340e-05
concentration	M_13dpg_c	2.191e-05
concentration	M_s7p_c	7.496e-04
concentration	M_2pg_c	9.792e-05
concentration	M_actp_c	1.020e-03
concentration	M_lac__D_c	6.089e-04
concentration	M_etoh_c	1.000e-04
concentration	M_6pgc_c	1.009e-04
concentration	M_fdp_c	6.736e-04
concentration	M_6pgl_c	1.405e-05
concentration	M_acon_C_c	2.542e-05
concentration	M_glu__L_c	2.099e-02
concentration	M_icit_c	1.209e-05
concentration	M_f6p_c	3.028e-04

!!SBtab TableID='Predicted Gibbs energies' TableType='Quantity' TableName='Predicted Gibbs energies' SBtabVersion='1.0' Unit='kJ/mol'
!QuantityType	!Reaction	!Value
reaction gibbs energy	R_PFK	-1.935e+01
reaction gibbs energy	R_PFL	0.000e+00
reaction gibbs energy	R_PGI	-2.142e+00
reaction gibbs energy	R_PGK	-3.311e+00
reaction gibbs energy	R_PGL	-1.883e+01
reaction gibbs energy	R_ACALD	0.000e+00
reaction gibbs energy	R_PGM	-2.517e+00
reaction gibbs energy	R_ALCD2x	0.000e+00
reaction gibbs energy	R_ACKr	-1.274e+00
reaction gibbs energy	R_PPC	0.000e+00
reaction gibbs energy	R_ACONTa	-2.438e+00
reaction gibbs energy	R_ACONTb	-3.329e+00
reaction gibbs energy	R_ATPM	0.000e+00
reaction gibbs energy	R_PPCK	0.000e+00
reaction gibbs energy	R_PPS	0.000e+00
reaction gibbs energy	R_ADK1	0.000e+00
reaction gibbs energy	R_AKGDH	0.000e+00
reaction gibbs energy	R_PTAr	-6.742e+00
reaction gibbs energy	R_PYK	0.000e+00
reaction gibbs energy	R_RPE	-3.921e+00
reaction gibbs energy	R_CS	-1.367e+01
reaction gibbs energy	R_RPI	-4.508e+00
reaction gibbs energy	R_ENO	-2.514e+00
reaction gibbs energy	R_SUCDi	-1.266e+01
reaction gibbs energy	R_SUCOAS	0.000e+00
reaction gibbs energy	R_TALA	-5.679e+00
reaction gibbs energy	R_TKT1	-3.057e+00
reaction gibbs energy	R_TKT2	-6.880e+00
reaction gibbs energy	R_TPI	-2.180e+00
reaction gibbs energy	R_FBA	-2.319e+00
reaction gibbs energy	R_FBP	0.000e+00
reaction gibbs energy	R_FRD7	0.000e+00
reaction gibbs energy	R_FUM	-3.277e+00
reaction gibbs energy	R_G6PDH2r	-7.838e+00
reaction gibbs energy	R_GAPD	-1.553e+00
reaction gibbs energy	R_GLNS	-6.459e+00
reaction gibbs energy	R_GLUDy	0.000e+00
reaction gibbs energy	R_GLUN	0.000e+00
reaction gibbs energy	R_GLUSy	-3.863e+01
reaction gibbs energy	R_GND	-5.360e+00
reaction gibbs energy	R_ICDHyr	-4.730e+00
reaction gibbs energy	R_ICL	0.000e+00
reaction gibbs energy	R_LDH_D	-8.807e+00
reaction gibbs energy	R_MALS	0.000e+00
reaction gibbs energy	R_MDH	-3.439e+00
reaction gibbs energy	R_ME1	0.000e+00
reaction gibbs energy	R_ME2	-6.749e+00
reaction gibbs energy	R_NADTRHD	-2.057e+01
reaction gibbs energy	R_PDH	0.000e+00

