!!!SBtab DocumentName='report' SBtabVersion='1.0' Date='2022-6-9'
!!SBtab TableID='Predicted concentrations' TableType='Quantity' TableName='Predicted concentrations' SBtabVersion='1.0' Unit='M'
!QuantityType	!Compound	!Value
concentration	M_h2o_c	1.000e+00
concentration	M_atp_c	2.427e-03
concentration	M_nadp_c	6.686e-06
concentration	M_nadph_c	5.120e-05
concentration	M_adp_c	2.609e-04
concentration	M_nad_c	1.527e-03
concentration	M_pi_c	7.355e-03
concentration	M_nadh_c	1.968e-04
concentration	M_coa_c	1.364e-04
concentration	M_co2_c	8.065e-05
concentration	M_amp_c	2.701e-04
concentration	M_nh4_c	1.278e-05
concentration	M_akg_c	2.916e-04
concentration	M_accoa_c	1.233e-03
concentration	M_pyr_c	9.742e-04
concentration	M_succ_c	4.354e-04
concentration	M_ac_c	5.765e-04
concentration	M_gln__L_c	2.117e-03
concentration	M_for_c	1.000e-04
concentration	M_oaa_c	1.105e-04
concentration	M_glx_c	1.810e-05
concentration	M_pep_c	6.167e-04
concentration	M_g3p_c	1.216e-04
concentration	M_acald_c	1.000e-04
concentration	M_dhap_c	5.545e-04
concentration	M_succoa_c	3.901e-04
concentration	M_fum_c	1.557e-03
concentration	M_mal__L_c	2.109e-03
concentration	M_r5p_c	1.145e-04
concentration	M_3pg_c	2.056e-03
concentration	M_cit_c	2.026e-03
concentration	M_ru5p__D_c	2.319e-04
concentration	M_g6p_c	4.005e-04
concentration	M_q8_c	2.003e-05
concentration	M_xu5p__D_c	2.577e-04
concentration	M_q8h2_c	4.994e-04
concentration	M_e4p_c	1.360e-05
concentration	M_13dpg_c	1.826e-05
concentration	M_s7p_c	6.662e-04
concentration	M_2pg_c	1.947e-04
concentration	M_actp_c	1.274e-03
concentration	M_lac__D_c	1.000e-04
concentration	M_etoh_c	1.000e-04
concentration	M_6pgc_c	9.436e-05
concentration	M_fdp_c	1.739e-04
concentration	M_6pgl_c	2.019e-05
concentration	M_acon_C_c	2.868e-05
concentration	M_glu__L_c	2.195e-02
concentration	M_icit_c	1.316e-05
concentration	M_f6p_c	2.815e-04

!!SBtab TableID='Predicted Gibbs energies' TableType='Quantity' TableName='Predicted Gibbs energies' SBtabVersion='1.0' Unit='kJ/mol'
!QuantityType	!Reaction	!Value
reaction gibbs energy	R_PFK	0.000e+00
reaction gibbs energy	R_PFL	0.000e+00
reaction gibbs energy	R_PGI	-1.619e+00
reaction gibbs energy	R_PGK	-1.870e-02
reaction gibbs energy	R_PGL	-2.014e+01
reaction gibbs energy	R_ACALD	0.000e+00
reaction gibbs energy	R_PGM	-1.870e-02
reaction gibbs energy	R_ALCD2x	0.000e+00
reaction gibbs energy	R_ACKr	-1.050e+01
reaction gibbs energy	R_PPC	-3.373e+01
reaction gibbs energy	R_ACONTa	-1.806e+00
reaction gibbs energy	R_ACONTb	-3.472e+00
reaction gibbs energy	R_ATPM	0.000e+00
reaction gibbs energy	R_PPCK	0.000e+00
reaction gibbs energy	R_PPS	-2.061e+01
reaction gibbs energy	R_ADK1	-5.493e+00
reaction gibbs energy	R_AKGDH	0.000e+00
reaction gibbs energy	R_PTAr	-7.592e-01
reaction gibbs energy	R_PYK	0.000e+00
reaction gibbs energy	R_RPE	-3.210e+00
reaction gibbs energy	R_CS	-3.571e+01
reaction gibbs energy	R_RPI	-3.893e+00
reaction gibbs energy	R_ENO	-1.870e-02
reaction gibbs energy	R_SUCDi	-1.298e+01
reaction gibbs energy	R_SUCOAS	0.000e+00
reaction gibbs energy	R_TALA	-8.603e+00
reaction gibbs energy	R_TKT1	-1.433e+00
reaction gibbs energy	R_TKT2	0.000e+00
reaction gibbs energy	R_TPI	-1.480e+00
reaction gibbs energy	R_FBA	-2.771e+00
reaction gibbs energy	R_FBP	-2.350e+01
reaction gibbs energy	R_FRD7	0.000e+00
reaction gibbs energy	R_FUM	-2.671e+00
reaction gibbs energy	R_G6PDH2r	-7.339e+00
reaction gibbs energy	R_GAPD	-4.023e+00
reaction gibbs energy	R_GLNS	-9.896e+00
reaction gibbs energy	R_GLUDy	0.000e+00
reaction gibbs energy	R_GLUN	0.000e+00
reaction gibbs energy	R_GLUSy	-3.831e+01
reaction gibbs energy	R_GND	-4.896e+00
reaction gibbs energy	R_ICDHyr	-4.415e+00
reaction gibbs energy	R_ICL	-9.272e+00
reaction gibbs energy	R_LDH_D	0.000e+00
reaction gibbs energy	R_MALS	-2.945e+01
reaction gibbs energy	R_MDH	0.000e+00
reaction gibbs energy	R_ME1	0.000e+00
reaction gibbs energy	R_ME2	-6.955e+00
reaction gibbs energy	R_NADTRHD	-1.021e+01
reaction gibbs energy	R_PDH	-4.090e+01

