!!!SBtab DocumentName='report' SBtabVersion='1.0' Date='2022-6-9'
!!SBtab TableID='Predicted concentrations' TableType='Quantity' TableName='Predicted concentrations' SBtabVersion='1.0' Unit='M'
!QuantityType	!Compound	!Value
concentration	M_h2o_c	1.000e+00
concentration	M_atp_c	1.485e-03
concentration	M_nadp_c	6.797e-06
concentration	M_nadph_c	4.791e-05
concentration	M_adp_c	4.529e-04
concentration	M_nad_c	2.288e-03
concentration	M_pi_c	1.000e-02
concentration	M_nadh_c	3.822e-06
concentration	M_coa_c	2.156e-04
concentration	M_co2_c	5.513e-05
concentration	M_amp_c	2.677e-04
concentration	M_nh4_c	3.655e-05
concentration	M_akg_c	2.255e-04
concentration	M_accoa_c	6.642e-04
concentration	M_pyr_c	1.151e-03
concentration	M_succ_c	3.675e-04
concentration	M_ac_c	9.999e-05
concentration	M_gln__L_c	2.075e-03
concentration	M_for_c	9.999e-05
concentration	M_oaa_c	1.431e-06
concentration	M_glx_c	9.999e-05
concentration	M_pep_c	1.096e-04
concentration	M_g3p_c	4.094e-05
concentration	M_acald_c	9.999e-05
concentration	M_dhap_c	9.870e-04
concentration	M_succoa_c	7.277e-04
concentration	M_fum_c	2.647e-03
concentration	M_mal__L_c	1.507e-03
concentration	M_r5p_c	1.147e-04
concentration	M_3pg_c	2.230e-03
concentration	M_cit_c	3.279e-03
concentration	M_ru5p__D_c	3.840e-04
concentration	M_g6p_c	9.448e-04
concentration	M_q8_c	2.313e-05
concentration	M_xu5p__D_c	2.361e-04
concentration	M_q8h2_c	4.323e-04
concentration	M_e4p_c	1.326e-05
concentration	M_13dpg_c	1.826e-05
concentration	M_s7p_c	5.634e-04
concentration	M_2pg_c	9.770e-05
concentration	M_actp_c	1.442e-03
concentration	M_lac__D_c	2.806e-04
concentration	M_etoh_c	9.999e-05
concentration	M_6pgc_c	1.005e-04
concentration	M_fdp_c	9.508e-04
concentration	M_6pgl_c	1.695e-05
concentration	M_acon_C_c	1.626e-05
concentration	M_glu__L_c	2.227e-02
concentration	M_icit_c	4.591e-06
concentration	M_f6p_c	1.267e-04

!!SBtab TableID='Predicted Gibbs energies' TableType='Quantity' TableName='Predicted Gibbs energies' SBtabVersion='1.0' Unit='kJ/mol'
!QuantityType	!Reaction	!Value
reaction gibbs energy	R_PFK	-1.274e+01
reaction gibbs energy	R_PFL	0.000e+00
reaction gibbs energy	R_PGI	-4.154e+00
reaction gibbs energy	R_PGK	-4.154e+00
reaction gibbs energy	R_PGL	-1.951e+01
reaction gibbs energy	R_ACALD	0.000e+00
reaction gibbs energy	R_PGM	-4.154e+00
reaction gibbs energy	R_ALCD2x	0.000e+00
reaction gibbs energy	R_ACKr	0.000e+00
reaction gibbs energy	R_PPC	0.000e+00
reaction gibbs energy	R_ACONTa	-4.386e+00
reaction gibbs energy	R_ACONTb	-4.644e+00
reaction gibbs energy	R_ATPM	0.000e+00
reaction gibbs energy	R_PPCK	0.000e+00
reaction gibbs energy	R_PPS	0.000e+00
reaction gibbs energy	R_ADK1	0.000e+00
reaction gibbs energy	R_AKGDH	-4.519e+01
reaction gibbs energy	R_PTAr	0.000e+00
reaction gibbs energy	R_PYK	-1.743e+01
reaction gibbs energy	R_RPE	-5.081e+00
reaction gibbs energy	R_CS	-2.072e+01
reaction gibbs energy	R_RPI	-5.199e+00
reaction gibbs energy	R_ENO	-4.154e+00
reaction gibbs energy	R_SUCDi	-1.240e+01
reaction gibbs energy	R_SUCOAS	-6.635e+00
reaction gibbs energy	R_TALA	-7.783e+00
reaction gibbs energy	R_TKT1	-4.839e+00
reaction gibbs energy	R_TKT2	-9.684e+00
reaction gibbs energy	R_TPI	-4.154e+00
reaction gibbs energy	R_FBA	-4.154e+00
reaction gibbs energy	R_FBP	0.000e+00
reaction gibbs energy	R_FRD7	0.000e+00
reaction gibbs energy	R_FUM	-4.833e+00
reaction gibbs energy	R_G6PDH2r	-1.060e+01
reaction gibbs energy	R_GAPD	-4.154e+00
reaction gibbs energy	R_GLNS	-9.147e+00
reaction gibbs energy	R_GLUDy	0.000e+00
reaction gibbs energy	R_GLUN	0.000e+00
reaction gibbs energy	R_GLUSy	-3.699e+01
reaction gibbs energy	R_GND	-7.763e+00
reaction gibbs energy	R_ICDHyr	-5.857e+00
reaction gibbs energy	R_ICL	0.000e+00
reaction gibbs energy	R_LDH_D	-9.890e+00
reaction gibbs energy	R_MALS	0.000e+00
reaction gibbs energy	R_MDH	-5.007e+00
reaction gibbs energy	R_ME1	0.000e+00
reaction gibbs energy	R_ME2	0.000e+00
reaction gibbs energy	R_NADTRHD	0.000e+00
reaction gibbs energy	R_PDH	-5.352e+01

