!!!SBtab DocumentName='report' SBtabVersion='1.0' Date='2022-6-9'
!!SBtab TableID='Predicted concentrations' TableType='Quantity' TableName='Predicted concentrations' SBtabVersion='1.0' Unit='M'
!QuantityType	!Compound	!Value
concentration	M_h2o_c	1.000e+00
concentration	M_atp_c	1.485e-03
concentration	M_nadp_c	6.838e-06
concentration	M_nadph_c	4.748e-05
concentration	M_adp_c	4.529e-04
concentration	M_nad_c	2.288e-03
concentration	M_pi_c	1.000e-02
concentration	M_nadh_c	3.822e-06
concentration	M_coa_c	2.303e-04
concentration	M_co2_c	3.553e-05
concentration	M_amp_c	2.677e-04
concentration	M_nh4_c	4.648e-05
concentration	M_akg_c	2.273e-04
concentration	M_accoa_c	6.282e-04
concentration	M_pyr_c	1.175e-03
concentration	M_succ_c	3.535e-04
concentration	M_ac_c	1.000e-04
concentration	M_gln__L_c	2.067e-03
concentration	M_for_c	1.000e-04
concentration	M_oaa_c	3.257e-05
concentration	M_glx_c	1.000e-04
concentration	M_pep_c	1.096e-04
concentration	M_g3p_c	4.599e-05
concentration	M_acald_c	1.000e-04
concentration	M_dhap_c	9.827e-04
concentration	M_succoa_c	7.732e-04
concentration	M_fum_c	1.221e-03
concentration	M_mal__L_c	2.312e-03
concentration	M_r5p_c	1.406e-04
concentration	M_3pg_c	2.230e-03
concentration	M_cit_c	3.375e-03
concentration	M_ru5p__D_c	4.340e-04
concentration	M_g6p_c	2.608e-04
concentration	M_q8_c	1.987e-05
concentration	M_xu5p__D_c	2.513e-04
concentration	M_q8h2_c	5.034e-04
concentration	M_e4p_c	1.170e-05
concentration	M_13dpg_c	1.826e-05
concentration	M_s7p_c	5.503e-04
concentration	M_2pg_c	9.963e-05
concentration	M_actp_c	1.442e-03
concentration	M_lac__D_c	2.601e-04
concentration	M_etoh_c	1.000e-04
concentration	M_6pgc_c	9.773e-05
concentration	M_fdp_c	9.508e-04
concentration	M_6pgl_c	9.467e-06
concentration	M_acon_C_c	1.539e-05
concentration	M_glu__L_c	2.256e-02
concentration	M_icit_c	4.099e-06
concentration	M_f6p_c	4.151e-04

!!SBtab TableID='Predicted Gibbs energies' TableType='Quantity' TableName='Predicted Gibbs energies' SBtabVersion='1.0' Unit='kJ/mol'
!QuantityType	!Reaction	!Value
reaction gibbs energy	R_PFK	-1.578e+01
reaction gibbs energy	R_PFL	0.000e+00
reaction gibbs energy	R_PGI	-4.432e+00
reaction gibbs energy	R_PGK	-4.432e+00
reaction gibbs energy	R_PGL	-1.788e+01
reaction gibbs energy	R_ACALD	0.000e+00
reaction gibbs energy	R_PGM	-4.432e+00
reaction gibbs energy	R_ALCD2x	0.000e+00
reaction gibbs energy	R_ACKr	0.000e+00
reaction gibbs energy	R_PPC	-2.562e+01
reaction gibbs energy	R_ACONTa	-4.595e+00
reaction gibbs energy	R_ACONTb	-4.792e+00
reaction gibbs energy	R_ATPM	0.000e+00
reaction gibbs energy	R_PPCK	0.000e+00
reaction gibbs energy	R_PPS	0.000e+00
reaction gibbs energy	R_ADK1	0.000e+00
reaction gibbs energy	R_AKGDH	-4.706e+01
reaction gibbs energy	R_PTAr	0.000e+00
reaction gibbs energy	R_PYK	-1.732e+01
reaction gibbs energy	R_RPE	-4.860e+00
reaction gibbs energy	R_CS	-2.802e+01
reaction gibbs energy	R_RPI	-4.977e+00
reaction gibbs energy	R_ENO	-4.432e+00
reaction gibbs energy	R_SUCDi	-1.370e+01
reaction gibbs energy	R_SUCOAS	-6.774e+00
reaction gibbs energy	R_TALA	-5.152e+00
reaction gibbs energy	R_TKT1	-4.807e+00
reaction gibbs energy	R_TKT2	0.000e+00
reaction gibbs energy	R_TPI	-4.432e+00
reaction gibbs energy	R_FBA	-4.432e+00
reaction gibbs energy	R_FBP	0.000e+00
reaction gibbs energy	R_FRD7	0.000e+00
reaction gibbs energy	R_FUM	0.000e+00
reaction gibbs energy	R_G6PDH2r	-8.767e+00
reaction gibbs energy	R_GAPD	-4.432e+00
reaction gibbs energy	R_GLNS	-9.765e+00
reaction gibbs energy	R_GLUDy	0.000e+00
reaction gibbs energy	R_GLUN	0.000e+00
reaction gibbs energy	R_GLUSy	-3.676e+01
reaction gibbs energy	R_GND	-8.160e+00
reaction gibbs energy	R_ICDHyr	-6.617e+00
reaction gibbs energy	R_ICL	0.000e+00
reaction gibbs energy	R_LDH_D	-1.013e+01
reaction gibbs energy	R_MALS	0.000e+00
reaction gibbs energy	R_MDH	0.000e+00
reaction gibbs energy	R_ME1	0.000e+00
reaction gibbs energy	R_ME2	0.000e+00
reaction gibbs energy	R_NADTRHD	0.000e+00
reaction gibbs energy	R_PDH	-5.520e+01

