!!!SBtab DocumentName='report' SBtabVersion='1.0' Date='2022-6-9'
!!SBtab TableID='Predicted concentrations' TableType='Quantity' TableName='Predicted concentrations' SBtabVersion='1.0' Unit='M'
!QuantityType	!Compound	!Value
concentration	M_h2o_c	1.000e+00
concentration	M_atp_c	2.427e-03
concentration	M_nadp_c	6.678e-06
concentration	M_nadph_c	5.226e-05
concentration	M_adp_c	2.609e-04
concentration	M_nad_c	1.999e-03
concentration	M_pi_c	8.322e-03
concentration	M_nadh_c	4.452e-06
concentration	M_coa_c	7.317e-04
concentration	M_co2_c	5.667e-05
concentration	M_amp_c	2.677e-04
concentration	M_nh4_c	1.458e-05
concentration	M_akg_c	2.585e-04
concentration	M_accoa_c	3.195e-04
concentration	M_pyr_c	1.438e-03
concentration	M_succ_c	2.801e-04
concentration	M_ac_c	1.000e-02
concentration	M_gln__L_c	2.101e-03
concentration	M_for_c	9.999e-05
concentration	M_oaa_c	1.120e-04
concentration	M_glx_c	2.052e-05
concentration	M_pep_c	1.594e-04
concentration	M_g3p_c	3.851e-05
concentration	M_acald_c	9.999e-05
concentration	M_dhap_c	8.250e-04
concentration	M_succoa_c	1.097e-03
concentration	M_fum_c	1.770e-03
concentration	M_mal__L_c	1.843e-03
concentration	M_r5p_c	9.465e-05
concentration	M_3pg_c	1.586e-03
concentration	M_cit_c	2.321e-03
concentration	M_ru5p__D_c	2.539e-04
concentration	M_g6p_c	8.098e-04
concentration	M_q8_c	2.278e-05
concentration	M_xu5p__D_c	2.115e-04
concentration	M_q8h2_c	4.389e-04
concentration	M_e4p_c	1.353e-05
concentration	M_13dpg_c	2.140e-05
concentration	M_s7p_c	7.383e-04
concentration	M_2pg_c	9.490e-05
concentration	M_actp_c	1.020e-03
concentration	M_lac__D_c	4.563e-04
concentration	M_etoh_c	9.999e-05
concentration	M_6pgc_c	9.543e-05
concentration	M_fdp_c	6.829e-04
concentration	M_6pgl_c	2.509e-05
concentration	M_acon_C_c	2.546e-05
concentration	M_glu__L_c	2.210e-02
concentration	M_icit_c	1.013e-05
concentration	M_f6p_c	1.468e-04

!!SBtab TableID='Predicted Gibbs energies' TableType='Quantity' TableName='Predicted Gibbs energies' SBtabVersion='1.0' Unit='kJ/mol'
!QuantityType	!Reaction	!Value
reaction gibbs energy	R_PFK	-1.752e+01
reaction gibbs energy	R_PFL	0.000e+00
reaction gibbs energy	R_PGI	-1.665e+00
reaction gibbs energy	R_PGK	-3.270e+00
reaction gibbs energy	R_PGL	-2.041e+01
reaction gibbs energy	R_ACALD	0.000e+00
reaction gibbs energy	R_PGM	-2.577e+00
reaction gibbs energy	R_ALCD2x	0.000e+00
reaction gibbs energy	R_ACKr	-1.274e+00
reaction gibbs energy	R_PPC	-2.765e+01
reaction gibbs energy	R_ACONTa	-2.481e+00
reaction gibbs energy	R_ACONTb	-3.772e+00
reaction gibbs energy	R_ATPM	0.000e+00
reaction gibbs energy	R_PPCK	0.000e+00
reaction gibbs energy	R_PPS	0.000e+00
reaction gibbs energy	R_ADK1	0.000e+00
reaction gibbs energy	R_AKGDH	-4.607e+01
reaction gibbs energy	R_PTAr	-2.339e+00
reaction gibbs energy	R_PYK	-1.564e+01
reaction gibbs energy	R_RPE	-3.823e+00
reaction gibbs energy	R_CS	-2.750e+01
reaction gibbs energy	R_RPI	-4.565e+00
reaction gibbs energy	R_ENO	-2.578e+00
reaction gibbs energy	R_SUCDi	-1.259e+01
reaction gibbs energy	R_SUCOAS	-2.240e+00
reaction gibbs energy	R_TALA	-7.570e+00
reaction gibbs energy	R_TKT1	-2.943e+00
reaction gibbs energy	R_TKT2	0.000e+00
reaction gibbs energy	R_TPI	-2.036e+00
reaction gibbs energy	R_FBA	-2.177e+00
reaction gibbs energy	R_FBP	0.000e+00
reaction gibbs energy	R_FRD7	0.000e+00
reaction gibbs energy	R_FUM	-3.329e+00
reaction gibbs energy	R_G6PDH2r	-8.601e+00
reaction gibbs energy	R_GAPD	-1.626e+00
reaction gibbs energy	R_GLNS	-9.905e+00
reaction gibbs energy	R_GLUDy	0.000e+00
reaction gibbs energy	R_GLUN	0.000e+00
reaction gibbs energy	R_GLUSy	-3.777e+01
reaction gibbs energy	R_GND	-6.305e+00
reaction gibbs energy	R_ICDHyr	-5.695e+00
reaction gibbs energy	R_ICL	-9.324e+00
reaction gibbs energy	R_LDH_D	-9.949e+00
reaction gibbs energy	R_MALS	-2.429e+01
reaction gibbs energy	R_MDH	0.000e+00
reaction gibbs energy	R_ME1	0.000e+00
reaction gibbs energy	R_ME2	-7.426e+00
reaction gibbs energy	R_NADTRHD	0.000e+00
reaction gibbs energy	R_PDH	0.000e+00

