!!!SBtab DocumentName='report' SBtabVersion='1.0' Date='2022-6-9'
!!SBtab TableID='Predicted concentrations' TableType='Quantity' TableName='Predicted concentrations' SBtabVersion='1.0' Unit='M'
!QuantityType	!Compound	!Value
concentration	M_h2o_c	1.000e+00
concentration	M_atp_c	2.427e-03
concentration	M_nadp_c	6.639e-06
concentration	M_nadph_c	5.279e-05
concentration	M_adp_c	2.609e-04
concentration	M_nad_c	2.018e-03
concentration	M_pi_c	8.475e-03
concentration	M_nadh_c	4.376e-06
concentration	M_coa_c	2.179e-02
concentration	M_co2_c	7.550e-05
concentration	M_amp_c	2.677e-04
concentration	M_nh4_c	4.938e-06
concentration	M_akg_c	2.874e-04
concentration	M_accoa_c	4.565e-04
concentration	M_pyr_c	1.551e-03
concentration	M_succ_c	4.356e-04
concentration	M_ac_c	1.000e-02
concentration	M_gln__L_c	2.117e-03
concentration	M_for_c	1.000e-04
concentration	M_oaa_c	3.042e-06
concentration	M_glx_c	2.180e-05
concentration	M_pep_c	1.679e-04
concentration	M_g3p_c	3.746e-05
concentration	M_acald_c	1.000e-04
concentration	M_dhap_c	8.120e-04
concentration	M_succoa_c	3.901e-04
concentration	M_fum_c	1.911e-03
concentration	M_mal__L_c	2.321e-03
concentration	M_r5p_c	9.501e-05
concentration	M_3pg_c	1.583e-03
concentration	M_cit_c	2.279e-03
concentration	M_ru5p__D_c	2.477e-04
concentration	M_g6p_c	3.570e-04
concentration	M_q8_c	1.866e-05
concentration	M_xu5p__D_c	2.123e-04
concentration	M_q8h2_c	5.358e-04
concentration	M_e4p_c	1.349e-05
concentration	M_13dpg_c	2.170e-05
concentration	M_s7p_c	7.609e-04
concentration	M_2pg_c	9.759e-05
concentration	M_actp_c	1.020e-03
concentration	M_lac__D_c	5.681e-04
concentration	M_etoh_c	1.000e-04
concentration	M_6pgc_c	9.867e-05
concentration	M_fdp_c	6.723e-04
concentration	M_6pgl_c	1.423e-05
concentration	M_acon_C_c	2.555e-05
concentration	M_glu__L_c	2.174e-02
concentration	M_icit_c	1.079e-05
concentration	M_f6p_c	2.974e-04

!!SBtab TableID='Predicted Gibbs energies' TableType='Quantity' TableName='Predicted Gibbs energies' SBtabVersion='1.0' Unit='kJ/mol'
!QuantityType	!Reaction	!Value
reaction gibbs energy	R_PFK	-1.931e+01
reaction gibbs energy	R_PFL	0.000e+00
reaction gibbs energy	R_PGI	-2.113e+00
reaction gibbs energy	R_PGK	-3.310e+00
reaction gibbs energy	R_PGL	-1.892e+01
reaction gibbs energy	R_ACALD	0.000e+00
reaction gibbs energy	R_PGM	-2.503e+00
reaction gibbs energy	R_ALCD2x	0.000e+00
reaction gibbs energy	R_ACKr	-1.274e+00
reaction gibbs energy	R_PPC	0.000e+00
reaction gibbs energy	R_ACONTa	-2.426e+00
reaction gibbs energy	R_ACONTb	-3.625e+00
reaction gibbs energy	R_ATPM	0.000e+00
reaction gibbs energy	R_PPCK	0.000e+00
reaction gibbs energy	R_PPS	0.000e+00
reaction gibbs energy	R_ADK1	0.000e+00
reaction gibbs energy	R_AKGDH	0.000e+00
reaction gibbs energy	R_PTAr	-9.818e+00
reaction gibbs energy	R_PYK	-1.558e+01
reaction gibbs energy	R_RPE	-3.754e+00
reaction gibbs energy	R_CS	-1.109e+01
reaction gibbs energy	R_RPI	-4.495e+00
reaction gibbs energy	R_ENO	-2.519e+00
reaction gibbs energy	R_SUCDi	-1.251e+01
reaction gibbs energy	R_SUCOAS	0.000e+00
reaction gibbs energy	R_TALA	-5.836e+00
reaction gibbs energy	R_TKT1	-2.954e+00
reaction gibbs energy	R_TKT2	0.000e+00
reaction gibbs energy	R_TPI	-2.065e+00
reaction gibbs energy	R_FBA	-2.245e+00
reaction gibbs energy	R_FBP	0.000e+00
reaction gibbs energy	R_FRD7	0.000e+00
reaction gibbs energy	R_FUM	-2.947e+00
reaction gibbs energy	R_G6PDH2r	-7.936e+00
reaction gibbs energy	R_GAPD	-1.633e+00
reaction gibbs energy	R_GLNS	-7.118e+00
reaction gibbs energy	R_GLUDy	0.000e+00
reaction gibbs energy	R_GLUN	0.000e+00
reaction gibbs energy	R_GLUSy	-3.817e+01
reaction gibbs energy	R_GND	-5.698e+00
reaction gibbs energy	R_ICDHyr	-4.839e+00
reaction gibbs energy	R_ICL	-8.236e+00
reaction gibbs energy	R_LDH_D	-9.528e+00
reaction gibbs energy	R_MALS	-1.634e+01
reaction gibbs energy	R_MDH	-3.553e+00
reaction gibbs energy	R_ME1	0.000e+00
reaction gibbs energy	R_ME2	-7.060e+00
reaction gibbs energy	R_NADTRHD	0.000e+00
reaction gibbs energy	R_PDH	0.000e+00

