!!!SBtab DocumentName='report' SBtabVersion='1.0' Date='2022-6-9'
!!SBtab TableID='Predicted concentrations' TableType='Quantity' TableName='Predicted concentrations' SBtabVersion='1.0' Unit='M'
!QuantityType	!Compound	!Value
concentration	M_h2o_c	1.000e+00
concentration	M_atp_c	2.427e-03
concentration	M_nadp_c	6.621e-06
concentration	M_nadph_c	5.417e-05
concentration	M_adp_c	2.609e-04
concentration	M_nad_c	1.537e-03
concentration	M_pi_c	5.413e-03
concentration	M_nadh_c	1.927e-04
concentration	M_coa_c	1.664e-02
concentration	M_co2_c	8.110e-05
concentration	M_amp_c	2.748e-04
concentration	M_nh4_c	1.000e-04
concentration	M_akg_c	3.180e-04
concentration	M_accoa_c	4.786e-04
concentration	M_pyr_c	1.284e-03
concentration	M_succ_c	4.267e-04
concentration	M_ac_c	1.000e-02
concentration	M_gln__L_c	2.104e-03
concentration	M_for_c	1.000e-04
concentration	M_oaa_c	1.093e-04
concentration	M_glx_c	2.678e-05
concentration	M_pep_c	6.167e-04
concentration	M_g3p_c	1.153e-04
concentration	M_acald_c	1.000e-04
concentration	M_dhap_c	5.619e-04
concentration	M_succoa_c	3.901e-04
concentration	M_fum_c	1.556e-03
concentration	M_mal__L_c	2.118e-03
concentration	M_r5p_c	1.094e-04
concentration	M_3pg_c	2.172e-03
concentration	M_cit_c	1.892e-03
concentration	M_ru5p__D_c	2.227e-04
concentration	M_g6p_c	4.166e-04
concentration	M_q8_c	1.339e-05
concentration	M_xu5p__D_c	2.475e-04
concentration	M_q8h2_c	7.468e-04
concentration	M_e4p_c	1.354e-05
concentration	M_13dpg_c	1.826e-05
concentration	M_s7p_c	6.808e-04
concentration	M_2pg_c	2.040e-04
concentration	M_actp_c	1.020e-03
concentration	M_lac__D_c	1.000e-04
concentration	M_etoh_c	1.000e-04
concentration	M_6pgc_c	9.362e-05
concentration	M_fdp_c	1.722e-04
concentration	M_6pgl_c	1.874e-05
concentration	M_acon_C_c	2.930e-05
concentration	M_glu__L_c	2.173e-02
concentration	M_icit_c	1.257e-05
concentration	M_f6p_c	2.849e-04

!!SBtab TableID='Predicted Gibbs energies' TableType='Quantity' TableName='Predicted Gibbs energies' SBtabVersion='1.0' Unit='kJ/mol'
!QuantityType	!Reaction	!Value
reaction gibbs energy	R_PFK	0.000e+00
reaction gibbs energy	R_PFL	0.000e+00
reaction gibbs energy	R_PGI	-1.559e+00
reaction gibbs energy	R_PGK	3.192e-01
reaction gibbs energy	R_PGL	-1.991e+01
reaction gibbs energy	R_ACALD	0.000e+00
reaction gibbs energy	R_PGM	3.192e-01
reaction gibbs energy	R_ALCD2x	0.000e+00
reaction gibbs energy	R_ACKr	3.192e-01
reaction gibbs energy	R_PPC	-3.423e+01
reaction gibbs energy	R_ACONTa	-1.614e+00
reaction gibbs energy	R_ACONTb	-3.610e+00
reaction gibbs energy	R_ATPM	0.000e+00
reaction gibbs energy	R_PPCK	0.000e+00
reaction gibbs energy	R_PPS	-2.198e+01
reaction gibbs energy	R_ADK1	-5.558e+00
reaction gibbs energy	R_AKGDH	0.000e+00
reaction gibbs energy	R_PTAr	-1.148e+01
reaction gibbs energy	R_PYK	0.000e+00
reaction gibbs energy	R_RPE	-3.181e+00
reaction gibbs energy	R_CS	-2.143e+01
reaction gibbs energy	R_RPI	-3.898e+00
reaction gibbs energy	R_ENO	3.192e-01
reaction gibbs energy	R_SUCDi	-1.117e+01
reaction gibbs energy	R_SUCOAS	0.000e+00
reaction gibbs energy	R_TALA	-8.487e+00
reaction gibbs energy	R_TKT1	-1.263e+00
reaction gibbs energy	R_TKT2	-4.739e+00
reaction gibbs energy	R_TPI	-1.358e+00
reaction gibbs energy	R_FBA	-2.738e+00
reaction gibbs energy	R_FBP	-2.419e+01
reaction gibbs energy	R_FRD7	0.000e+00
reaction gibbs energy	R_FUM	-2.660e+00
reaction gibbs energy	R_G6PDH2r	-7.482e+00
reaction gibbs energy	R_GAPD	-5.152e+00
reaction gibbs energy	R_GLNS	0.000e+00
reaction gibbs energy	R_GLUDy	0.000e+00
reaction gibbs energy	R_GLUN	0.000e+00
reaction gibbs energy	R_GLUSy	0.000e+00
reaction gibbs energy	R_GND	-4.963e+00
reaction gibbs energy	R_ICDHyr	0.000e+00
reaction gibbs energy	R_ICL	-8.246e+00
reaction gibbs energy	R_LDH_D	0.000e+00
reaction gibbs energy	R_MALS	-1.674e+01
reaction gibbs energy	R_MDH	0.000e+00
reaction gibbs energy	R_ME1	0.000e+00
reaction gibbs energy	R_ME2	-6.291e+00
reaction gibbs energy	R_NADTRHD	-1.044e+01
reaction gibbs energy	R_PDH	0.000e+00

