!!!SBtab DocumentName='report' SBtabVersion='1.0' Date='2022-6-9'
!!SBtab TableID='Predicted concentrations' TableType='Quantity' TableName='Predicted concentrations' SBtabVersion='1.0' Unit='M'
!QuantityType	!Compound	!Value
concentration	M_h2o_c	1.000e+00
concentration	M_atp_c	1.958e-03
concentration	M_nadp_c	6.678e-06
concentration	M_nadph_c	5.089e-05
concentration	M_adp_c	3.307e-04
concentration	M_nad_c	1.610e-03
concentration	M_pi_c	8.493e-03
concentration	M_nadh_c	1.112e-05
concentration	M_coa_c	1.170e-04
concentration	M_co2_c	3.431e-05
concentration	M_amp_c	2.677e-04
concentration	M_nh4_c	3.438e-05
concentration	M_akg_c	3.021e-04
concentration	M_accoa_c	1.381e-03
concentration	M_pyr_c	1.031e-03
concentration	M_succ_c	4.305e-04
concentration	M_ac_c	6.556e-04
concentration	M_gln__L_c	2.088e-03
concentration	M_for_c	9.989e-05
concentration	M_oaa_c	1.956e-06
concentration	M_glx_c	1.598e-05
concentration	M_pep_c	6.167e-04
concentration	M_g3p_c	1.480e-04
concentration	M_acald_c	9.989e-05
concentration	M_dhap_c	4.825e-04
concentration	M_succoa_c	3.899e-04
concentration	M_fum_c	2.239e-03
concentration	M_mal__L_c	3.169e-03
concentration	M_r5p_c	1.379e-04
concentration	M_3pg_c	1.020e-03
concentration	M_cit_c	2.354e-03
concentration	M_ru5p__D_c	2.965e-04
concentration	M_g6p_c	3.482e-04
concentration	M_q8_c	1.996e-05
concentration	M_xu5p__D_c	3.086e-04
concentration	M_q8h2_c	4.997e-04
concentration	M_e4p_c	1.377e-05
concentration	M_13dpg_c	3.132e-05
concentration	M_s7p_c	5.755e-04
concentration	M_2pg_c	1.322e-04
concentration	M_actp_c	1.208e-03
concentration	M_lac__D_c	9.989e-05
concentration	M_etoh_c	9.989e-05
concentration	M_6pgc_c	9.075e-05
concentration	M_fdp_c	1.462e-04
concentration	M_6pgl_c	1.801e-05
concentration	M_acon_C_c	2.446e-05
concentration	M_glu__L_c	2.176e-02
concentration	M_icit_c	9.911e-06
concentration	M_f6p_c	3.139e-04

!!SBtab TableID='Predicted Gibbs energies' TableType='Quantity' TableName='Predicted Gibbs energies' SBtabVersion='1.0' Unit='kJ/mol'
!QuantityType	!Reaction	!Value
reaction gibbs energy	R_PFK	0.000e+00
reaction gibbs energy	R_PFL	0.000e+00
reaction gibbs energy	R_PGI	-2.245e+00
reaction gibbs energy	R_PGK	0.000e+00
reaction gibbs energy	R_PGL	-2.002e+01
reaction gibbs energy	R_ACALD	0.000e+00
reaction gibbs energy	R_PGM	-1.384e+00
reaction gibbs energy	R_ALCD2x	0.000e+00
reaction gibbs energy	R_ACKr	-1.118e+01
reaction gibbs energy	R_PPC	0.000e+00
reaction gibbs energy	R_ACONTa	-2.567e+00
reaction gibbs energy	R_ACONTb	-3.794e+00
reaction gibbs energy	R_ATPM	0.000e+00
reaction gibbs energy	R_PPCK	-3.554e+00
reaction gibbs energy	R_PPS	0.000e+00
reaction gibbs energy	R_ADK1	0.000e+00
reaction gibbs energy	R_AKGDH	0.000e+00
reaction gibbs energy	R_PTAr	-1.905e+00
reaction gibbs energy	R_PYK	0.000e+00
reaction gibbs energy	R_RPE	-3.418e+00
reaction gibbs energy	R_CS	-2.602e+01
reaction gibbs energy	R_RPI	-4.052e+00
reaction gibbs energy	R_ENO	-1.384e+00
reaction gibbs energy	R_SUCDi	-1.228e+01
reaction gibbs energy	R_SUCOAS	0.000e+00
reaction gibbs energy	R_TALA	-8.454e+00
reaction gibbs energy	R_TKT1	-2.275e+00
reaction gibbs energy	R_TKT2	-4.562e+00
reaction gibbs energy	R_TPI	-2.332e+00
reaction gibbs energy	R_FBA	-3.365e+00
reaction gibbs energy	R_FBP	-2.247e+01
reaction gibbs energy	R_FRD7	0.000e+00
reaction gibbs energy	R_FUM	-2.563e+00
reaction gibbs energy	R_G6PDH2r	-7.286e+00
reaction gibbs energy	R_GAPD	0.000e+00
reaction gibbs energy	R_GLNS	-1.091e+01
reaction gibbs energy	R_GLUDy	0.000e+00
reaction gibbs energy	R_GLUN	0.000e+00
reaction gibbs energy	R_GLUSy	-3.840e+01
reaction gibbs energy	R_GND	-6.336e+00
reaction gibbs energy	R_ICDHyr	-5.771e+00
reaction gibbs energy	R_ICL	-8.938e+00
reaction gibbs energy	R_LDH_D	0.000e+00
reaction gibbs energy	R_MALS	-2.875e+01
reaction gibbs energy	R_MDH	-2.490e+00
reaction gibbs energy	R_ME1	0.000e+00
reaction gibbs energy	R_ME2	0.000e+00
reaction gibbs energy	R_NADTRHD	-1.747e+01
reaction gibbs energy	R_PDH	-5.000e+01

