!!!SBtab DocumentName='report' SBtabVersion='1.0' Date='2022-6-9'
!!SBtab TableID='Predicted concentrations' TableType='Quantity' TableName='Predicted concentrations' SBtabVersion='1.0' Unit='M'
!QuantityType	!Compound	!Value
concentration	M_h2o_c	1.000e+00
concentration	M_atp_c	1.485e-03
concentration	M_nadp_c	6.766e-06
concentration	M_nadph_c	4.901e-05
concentration	M_adp_c	4.529e-04
concentration	M_nad_c	2.288e-03
concentration	M_pi_c	1.000e-02
concentration	M_nadh_c	3.822e-06
concentration	M_coa_c	2.788e-04
concentration	M_co2_c	2.990e-05
concentration	M_amp_c	2.677e-04
concentration	M_nh4_c	4.275e-05
concentration	M_akg_c	2.356e-04
concentration	M_accoa_c	5.260e-04
concentration	M_pyr_c	9.939e-04
concentration	M_succ_c	3.480e-04
concentration	M_ac_c	9.998e-05
concentration	M_gln__L_c	2.069e-03
concentration	M_for_c	9.998e-05
concentration	M_oaa_c	1.381e-06
concentration	M_glx_c	6.502e-06
concentration	M_pep_c	1.096e-04
concentration	M_g3p_c	4.629e-05
concentration	M_acald_c	9.998e-05
concentration	M_dhap_c	9.824e-04
concentration	M_succoa_c	8.011e-04
concentration	M_fum_c	2.819e-03
concentration	M_mal__L_c	1.518e-03
concentration	M_r5p_c	1.332e-04
concentration	M_3pg_c	2.230e-03
concentration	M_cit_c	3.387e-03
concentration	M_ru5p__D_c	4.261e-04
concentration	M_g6p_c	4.898e-04
concentration	M_q8_c	2.554e-05
concentration	M_xu5p__D_c	2.464e-04
concentration	M_q8h2_c	3.914e-04
concentration	M_e4p_c	1.306e-05
concentration	M_13dpg_c	1.826e-05
concentration	M_s7p_c	5.168e-04
concentration	M_2pg_c	9.973e-05
concentration	M_actp_c	1.442e-03
concentration	M_lac__D_c	2.292e-04
concentration	M_etoh_c	9.998e-05
concentration	M_6pgc_c	9.595e-05
concentration	M_fdp_c	9.508e-04
concentration	M_6pgl_c	1.306e-05
concentration	M_acon_C_c	1.537e-05
concentration	M_glu__L_c	2.254e-02
concentration	M_icit_c	4.071e-06
concentration	M_f6p_c	1.990e-04

!!SBtab TableID='Predicted Gibbs energies' TableType='Quantity' TableName='Predicted Gibbs energies' SBtabVersion='1.0' Unit='kJ/mol'
!QuantityType	!Reaction	!Value
reaction gibbs energy	R_PFK	-1.386e+01
reaction gibbs energy	R_PFL	0.000e+00
reaction gibbs energy	R_PGI	0.000e+00
reaction gibbs energy	R_PGK	-4.449e+00
reaction gibbs energy	R_PGL	-1.877e+01
reaction gibbs energy	R_ACALD	0.000e+00
reaction gibbs energy	R_PGM	-4.449e+00
reaction gibbs energy	R_ALCD2x	0.000e+00
reaction gibbs energy	R_ACKr	0.000e+00
reaction gibbs energy	R_PPC	-3.284e+01
reaction gibbs energy	R_ACONTa	-4.604e+00
reaction gibbs energy	R_ACONTb	-4.805e+00
reaction gibbs energy	R_ATPM	0.000e+00
reaction gibbs energy	R_PPCK	0.000e+00
reaction gibbs energy	R_PPS	0.000e+00
reaction gibbs energy	R_ADK1	0.000e+00
reaction gibbs energy	R_AKGDH	-4.790e+01
reaction gibbs energy	R_PTAr	0.000e+00
reaction gibbs energy	R_PYK	0.000e+00
reaction gibbs energy	R_RPE	-4.953e+00
reaction gibbs energy	R_CS	-1.926e+01
reaction gibbs energy	R_RPI	-5.074e+00
reaction gibbs energy	R_ENO	-4.449e+00
reaction gibbs energy	R_SUCDi	-1.283e+01
reaction gibbs energy	R_SUCOAS	-6.423e+00
reaction gibbs energy	R_TALA	-6.618e+00
reaction gibbs energy	R_TKT1	-4.874e+00
reaction gibbs energy	R_TKT2	0.000e+00
reaction gibbs energy	R_TPI	-4.449e+00
reaction gibbs energy	R_FBA	-4.449e+00
reaction gibbs energy	R_FBP	0.000e+00
reaction gibbs energy	R_FRD7	0.000e+00
reaction gibbs energy	R_FUM	-4.973e+00
reaction gibbs energy	R_G6PDH2r	-9.472e+00
reaction gibbs energy	R_GAPD	-4.449e+00
reaction gibbs energy	R_GLNS	-9.553e+00
reaction gibbs energy	R_GLUDy	0.000e+00
reaction gibbs energy	R_GLUN	0.000e+00
reaction gibbs energy	R_GLUSy	-3.697e+01
reaction gibbs energy	R_GND	-8.689e+00
reaction gibbs energy	R_ICDHyr	-6.961e+00
reaction gibbs energy	R_ICL	-9.165e+00
reaction gibbs energy	R_LDH_D	-1.003e+01
reaction gibbs energy	R_MALS	-2.708e+01
reaction gibbs energy	R_MDH	-5.132e+00
reaction gibbs energy	R_ME1	0.000e+00
reaction gibbs energy	R_ME2	0.000e+00
reaction gibbs energy	R_NADTRHD	0.000e+00
reaction gibbs energy	R_PDH	-5.599e+01

