!!!SBtab DocumentName='report' SBtabVersion='1.0' Date='2022-6-9'
!!SBtab TableID='Predicted concentrations' TableType='Quantity' TableName='Predicted concentrations' SBtabVersion='1.0' Unit='M'
!QuantityType	!Compound	!Value
concentration	M_h2o_c	1.000e+00
concentration	M_atp_c	2.427e-03
concentration	M_nadp_c	6.667e-06
concentration	M_nadph_c	5.214e-05
concentration	M_adp_c	2.609e-04
concentration	M_nad_c	1.603e-03
concentration	M_pi_c	4.879e-03
concentration	M_nadh_c	1.546e-05
concentration	M_coa_c	2.073e-04
concentration	M_co2_c	1.188e-04
concentration	M_amp_c	2.677e-04
concentration	M_nh4_c	9.836e-06
concentration	M_akg_c	2.644e-04
concentration	M_accoa_c	6.634e-04
concentration	M_pyr_c	1.057e-03
concentration	M_succ_c	3.500e-04
concentration	M_ac_c	9.996e-05
concentration	M_gln__L_c	2.100e-03
concentration	M_for_c	9.996e-05
concentration	M_oaa_c	2.318e-06
concentration	M_glx_c	9.996e-05
concentration	M_pep_c	6.167e-04
concentration	M_g3p_c	1.369e-05
concentration	M_acald_c	9.996e-05
concentration	M_dhap_c	7.083e-04
concentration	M_succoa_c	7.353e-04
concentration	M_fum_c	1.819e-03
concentration	M_mal__L_c	3.314e-03
concentration	M_r5p_c	6.685e-05
concentration	M_3pg_c	2.056e-03
concentration	M_cit_c	2.014e-03
concentration	M_ru5p__D_c	1.942e-04
concentration	M_g6p_c	3.983e-04
concentration	M_q8_c	1.708e-05
concentration	M_xu5p__D_c	1.719e-04
concentration	M_q8h2_c	5.851e-04
concentration	M_e4p_c	1.344e-05
concentration	M_13dpg_c	1.826e-05
concentration	M_s7p_c	1.057e-03
concentration	M_2pg_c	1.947e-04
concentration	M_actp_c	1.442e-03
concentration	M_lac__D_c	9.996e-05
concentration	M_etoh_c	9.996e-05
concentration	M_6pgc_c	9.752e-05
concentration	M_fdp_c	2.710e-04
concentration	M_6pgl_c	2.645e-05
concentration	M_acon_C_c	2.970e-05
concentration	M_glu__L_c	2.229e-02
concentration	M_icit_c	1.633e-05
concentration	M_f6p_c	2.706e-04

!!SBtab TableID='Predicted Gibbs energies' TableType='Quantity' TableName='Predicted Gibbs energies' SBtabVersion='1.0' Unit='kJ/mol'
!QuantityType	!Reaction	!Value
reaction gibbs energy	R_PFK	-2.169e+01
reaction gibbs energy	R_PFL	0.000e+00
reaction gibbs energy	R_PGI	-1.535e+00
reaction gibbs energy	R_PGK	-1.870e-02
reaction gibbs energy	R_PGL	-2.073e+01
reaction gibbs energy	R_ACALD	0.000e+00
reaction gibbs energy	R_PGM	-1.870e-02
reaction gibbs energy	R_ALCD2x	0.000e+00
reaction gibbs energy	R_ACKr	0.000e+00
reaction gibbs energy	R_PPC	0.000e+00
reaction gibbs energy	R_ACONTa	-1.704e+00
reaction gibbs energy	R_ACONTb	-3.024e+00
reaction gibbs energy	R_ATPM	0.000e+00
reaction gibbs energy	R_PPCK	-2.116e+00
reaction gibbs energy	R_PPS	0.000e+00
reaction gibbs energy	R_ADK1	0.000e+00
reaction gibbs energy	R_AKGDH	-3.812e+01
reaction gibbs energy	R_PTAr	0.000e+00
reaction gibbs energy	R_PYK	0.000e+00
reaction gibbs energy	R_RPE	-3.773e+00
reaction gibbs energy	R_CS	-2.358e+01
reaction gibbs energy	R_RPI	-4.787e+00
reaction gibbs energy	R_ENO	-1.870e-02
reaction gibbs energy	R_SUCDi	-1.127e+01
reaction gibbs energy	R_SUCOAS	-2.413e+00
reaction gibbs energy	R_TALA	-4.462e+00
reaction gibbs energy	R_TKT1	-3.365e+00
reaction gibbs energy	R_TKT2	0.000e+00
reaction gibbs energy	R_TPI	0.000e+00
reaction gibbs energy	R_FBA	0.000e+00
reaction gibbs energy	R_FBP	-2.571e+01
reaction gibbs energy	R_FRD7	0.000e+00
reaction gibbs energy	R_FUM	-1.937e+00
reaction gibbs energy	R_G6PDH2r	-6.605e+00
reaction gibbs energy	R_GAPD	-4.028e+00
reaction gibbs energy	R_GLNS	-1.032e+01
reaction gibbs energy	R_GLUDy	0.000e+00
reaction gibbs energy	R_GLUN	0.000e+00
reaction gibbs energy	R_GLUSy	-3.803e+01
reaction gibbs energy	R_GND	-4.405e+00
reaction gibbs energy	R_ICDHyr	-4.181e+00
reaction gibbs energy	R_ICL	0.000e+00
reaction gibbs energy	R_LDH_D	0.000e+00
reaction gibbs energy	R_MALS	0.000e+00
reaction gibbs energy	R_MDH	-1.350e+00
reaction gibbs energy	R_ME1	0.000e+00
reaction gibbs energy	R_ME2	0.000e+00
reaction gibbs energy	R_NADTRHD	0.000e+00
reaction gibbs energy	R_PDH	-4.914e+01

