!!!SBtab DocumentName='report' SBtabVersion='1.0' Date='2022-6-9'
!!SBtab TableID='Predicted concentrations' TableType='Quantity' TableName='Predicted concentrations' SBtabVersion='1.0' Unit='M'
!QuantityType	!Compound	!Value
concentration	M_h2o_c	1.000e+00
concentration	M_atp_c	2.427e-03
concentration	M_nadp_c	6.585e-06
concentration	M_nadph_c	5.100e-05
concentration	M_adp_c	2.609e-04
concentration	M_nad_c	1.563e-03
concentration	M_pi_c	5.506e-03
concentration	M_nadh_c	2.440e-04
concentration	M_coa_c	1.861e-03
concentration	M_co2_c	1.640e-04
concentration	M_amp_c	2.660e-04
concentration	M_nh4_c	8.630e-06
concentration	M_akg_c	2.853e-04
concentration	M_accoa_c	6.444e-04
concentration	M_pyr_c	1.057e-03
concentration	M_succ_c	4.104e-04
concentration	M_ac_c	1.000e-04
concentration	M_gln__L_c	2.127e-03
concentration	M_for_c	1.000e-04
concentration	M_oaa_c	1.534e-04
concentration	M_glx_c	1.000e-04
concentration	M_pep_c	6.167e-04
concentration	M_g3p_c	1.226e-04
concentration	M_acald_c	1.000e-04
concentration	M_dhap_c	5.634e-04
concentration	M_succoa_c	3.901e-04
concentration	M_fum_c	1.410e-03
concentration	M_mal__L_c	1.568e-03
concentration	M_r5p_c	1.148e-04
concentration	M_3pg_c	2.056e-03
concentration	M_cit_c	2.006e-03
concentration	M_ru5p__D_c	2.195e-04
concentration	M_g6p_c	4.081e-04
concentration	M_q8_c	2.007e-05
concentration	M_xu5p__D_c	2.584e-04
concentration	M_q8h2_c	4.984e-04
concentration	M_e4p_c	1.352e-05
concentration	M_13dpg_c	1.826e-05
concentration	M_s7p_c	6.631e-04
concentration	M_2pg_c	1.947e-04
concentration	M_actp_c	1.442e-03
concentration	M_lac__D_c	1.000e-04
concentration	M_etoh_c	1.000e-04
concentration	M_6pgc_c	1.018e-04
concentration	M_fdp_c	1.750e-04
concentration	M_6pgl_c	3.140e-05
concentration	M_acon_C_c	2.983e-05
concentration	M_glu__L_c	2.187e-02
concentration	M_icit_c	1.770e-05
concentration	M_f6p_c	2.748e-04

!!SBtab TableID='Predicted Gibbs energies' TableType='Quantity' TableName='Predicted Gibbs energies' SBtabVersion='1.0' Unit='kJ/mol'
!QuantityType	!Reaction	!Value
reaction gibbs energy	R_PFK	0.000e+00
reaction gibbs energy	R_PFL	0.000e+00
reaction gibbs energy	R_PGI	-1.513e+00
reaction gibbs energy	R_PGK	-1.870e-02
reaction gibbs energy	R_PGL	-2.105e+01
reaction gibbs energy	R_ACALD	0.000e+00
reaction gibbs energy	R_PGM	-1.870e-02
reaction gibbs energy	R_ALCD2x	0.000e+00
reaction gibbs energy	R_ACKr	0.000e+00
reaction gibbs energy	R_PPC	-3.540e+01
reaction gibbs energy	R_ACONTa	-1.684e+00
reaction gibbs energy	R_ACONTb	-2.834e+00
reaction gibbs energy	R_ATPM	0.000e+00
reaction gibbs energy	R_PPCK	0.000e+00
reaction gibbs energy	R_PPS	-2.156e+01
reaction gibbs energy	R_ADK1	-5.455e+00
reaction gibbs energy	R_AKGDH	0.000e+00
reaction gibbs energy	R_PTAr	0.000e+00
reaction gibbs energy	R_PYK	0.000e+00
reaction gibbs energy	R_RPE	-3.067e+00
reaction gibbs energy	R_CS	-2.847e+01
reaction gibbs energy	R_RPI	-3.750e+00
reaction gibbs energy	R_ENO	-1.870e-02
reaction gibbs energy	R_SUCDi	-1.309e+01
reaction gibbs energy	R_SUCOAS	0.000e+00
reaction gibbs energy	R_TALA	-8.685e+00
reaction gibbs energy	R_TKT1	-1.440e+00
reaction gibbs energy	R_TKT2	-4.815e+00
reaction gibbs energy	R_TPI	-1.459e+00
reaction gibbs energy	R_FBA	-2.814e+00
reaction gibbs energy	R_FBP	-2.429e+01
reaction gibbs energy	R_FRD7	0.000e+00
reaction gibbs energy	R_FUM	-3.161e+00
reaction gibbs energy	R_G6PDH2r	-6.264e+00
reaction gibbs energy	R_GAPD	-5.196e+00
reaction gibbs energy	R_GLNS	-9.618e+00
reaction gibbs energy	R_GLUDy	0.000e+00
reaction gibbs energy	R_GLUN	0.000e+00
reaction gibbs energy	R_GLUSy	-3.832e+01
reaction gibbs energy	R_GND	-3.433e+00
reaction gibbs energy	R_ICDHyr	-3.418e+00
reaction gibbs energy	R_ICL	0.000e+00
reaction gibbs energy	R_LDH_D	0.000e+00
reaction gibbs energy	R_MALS	0.000e+00
reaction gibbs energy	R_MDH	0.000e+00
reaction gibbs energy	R_ME1	-1.399e+01
reaction gibbs energy	R_ME2	0.000e+00
reaction gibbs energy	R_NADTRHD	-9.764e+00
reaction gibbs energy	R_PDH	-4.695e+01

