!!!SBtab DocumentName='report' SBtabVersion='1.0' Date='2022-6-9'
!!SBtab TableID='Predicted concentrations' TableType='Quantity' TableName='Predicted concentrations' SBtabVersion='1.0' Unit='M'
!QuantityType	!Compound	!Value
concentration	M_h2o_c	1.000e+00
concentration	M_atp_c	2.427e-03
concentration	M_nadp_c	6.672e-06
concentration	M_nadph_c	5.178e-05
concentration	M_adp_c	2.609e-04
concentration	M_nad_c	2.009e-03
concentration	M_pi_c	8.992e-03
concentration	M_nadh_c	4.421e-06
concentration	M_coa_c	8.121e-04
concentration	M_co2_c	5.360e-05
concentration	M_amp_c	2.677e-04
concentration	M_nh4_c	1.000e-04
concentration	M_akg_c	2.799e-04
concentration	M_accoa_c	3.266e-04
concentration	M_pyr_c	1.191e-03
concentration	M_succ_c	2.866e-04
concentration	M_ac_c	1.000e-02
concentration	M_gln__L_c	2.104e-03
concentration	M_for_c	1.000e-04
concentration	M_oaa_c	3.461e-06
concentration	M_glx_c	2.497e-05
concentration	M_pep_c	1.667e-04
concentration	M_g3p_c	3.628e-05
concentration	M_acald_c	1.000e-04
concentration	M_dhap_c	7.899e-04
concentration	M_succoa_c	1.107e-03
concentration	M_fum_c	1.946e-03
concentration	M_mal__L_c	2.394e-03
concentration	M_r5p_c	9.312e-05
concentration	M_3pg_c	1.583e-03
concentration	M_cit_c	2.421e-03
concentration	M_ru5p__D_c	2.447e-04
concentration	M_g6p_c	4.838e-04
concentration	M_q8_c	2.341e-05
concentration	M_xu5p__D_c	1.983e-04
concentration	M_q8h2_c	4.272e-04
concentration	M_e4p_c	1.341e-05
concentration	M_13dpg_c	2.196e-05
concentration	M_s7p_c	7.586e-04
concentration	M_2pg_c	9.744e-05
concentration	M_actp_c	1.020e-03
concentration	M_lac__D_c	4.266e-04
concentration	M_etoh_c	1.000e-04
concentration	M_6pgc_c	9.344e-05
concentration	M_fdp_c	6.476e-04
concentration	M_6pgl_c	2.087e-05
concentration	M_acon_C_c	2.631e-05
concentration	M_glu__L_c	2.173e-02
concentration	M_icit_c	1.013e-05
concentration	M_f6p_c	2.239e-04

!!SBtab TableID='Predicted Gibbs energies' TableType='Quantity' TableName='Predicted Gibbs energies' SBtabVersion='1.0' Unit='kJ/mol'
!QuantityType	!Reaction	!Value
reaction gibbs energy	R_PFK	-1.870e+01
reaction gibbs energy	R_PFL	0.000e+00
reaction gibbs energy	R_PGI	0.000e+00
reaction gibbs energy	R_PGK	-3.340e+00
reaction gibbs energy	R_PGL	-2.000e+01
reaction gibbs energy	R_ACALD	0.000e+00
reaction gibbs energy	R_PGM	-2.506e+00
reaction gibbs energy	R_ALCD2x	0.000e+00
reaction gibbs energy	R_ACKr	-1.274e+00
reaction gibbs energy	R_PPC	-3.605e+01
reaction gibbs energy	R_ACONTa	-2.504e+00
reaction gibbs energy	R_ACONTb	-3.853e+00
reaction gibbs energy	R_ATPM	0.000e+00
reaction gibbs energy	R_PPCK	0.000e+00
reaction gibbs energy	R_PPS	0.000e+00
reaction gibbs energy	R_ADK1	0.000e+00
reaction gibbs energy	R_AKGDH	-4.667e+01
reaction gibbs energy	R_PTAr	-2.351e+00
reaction gibbs energy	R_PYK	0.000e+00
reaction gibbs energy	R_RPE	-3.891e+00
reaction gibbs energy	R_CS	-1.858e+01
reaction gibbs energy	R_RPI	-4.514e+00
reaction gibbs energy	R_ENO	-2.533e+00
reaction gibbs energy	R_SUCDi	-1.255e+01
reaction gibbs energy	R_SUCOAS	-2.141e+00
reaction gibbs energy	R_TALA	-6.467e+00
reaction gibbs energy	R_TKT1	-2.823e+00
reaction gibbs energy	R_TKT2	-7.537e+00
reaction gibbs energy	R_TPI	-2.076e+00
reaction gibbs energy	R_FBA	-2.301e+00
reaction gibbs energy	R_FBP	0.000e+00
reaction gibbs energy	R_FRD7	0.000e+00
reaction gibbs energy	R_FUM	-2.915e+00
reaction gibbs energy	R_G6PDH2r	-7.802e+00
reaction gibbs energy	R_GAPD	-1.635e+00
reaction gibbs energy	R_GLNS	0.000e+00
reaction gibbs energy	R_GLUDy	0.000e+00
reaction gibbs energy	R_GLUN	0.000e+00
reaction gibbs energy	R_GLUSy	0.000e+00
reaction gibbs energy	R_GND	-6.503e+00
reaction gibbs energy	R_ICDHyr	-5.658e+00
reaction gibbs energy	R_ICL	-8.781e+00
reaction gibbs energy	R_LDH_D	-9.619e+00
reaction gibbs energy	R_MALS	-2.392e+01
reaction gibbs energy	R_MDH	-3.274e+00
reaction gibbs energy	R_ME1	0.000e+00
reaction gibbs energy	R_ME2	0.000e+00
reaction gibbs energy	R_NADTRHD	-2.033e+01
reaction gibbs energy	R_PDH	0.000e+00

