!!!SBtab DocumentName='report' SBtabVersion='1.0' Date='2022-6-9'
!!SBtab TableID='Predicted concentrations' TableType='Quantity' TableName='Predicted concentrations' SBtabVersion='1.0' Unit='M'
!QuantityType	!Compound	!Value
concentration	M_h2o_c	1.000e+00
concentration	M_atp_c	2.427e-03
concentration	M_nadp_c	6.687e-06
concentration	M_nadph_c	5.153e-05
concentration	M_adp_c	2.609e-04
concentration	M_nad_c	1.565e-03
concentration	M_pi_c	4.144e-03
concentration	M_nadh_c	3.048e-05
concentration	M_coa_c	2.661e-04
concentration	M_co2_c	1.194e-04
concentration	M_amp_c	2.715e-04
concentration	M_nh4_c	9.554e-06
concentration	M_akg_c	2.720e-04
concentration	M_accoa_c	5.512e-04
concentration	M_pyr_c	8.451e-04
concentration	M_succ_c	3.411e-04
concentration	M_ac_c	9.999e-05
concentration	M_gln__L_c	2.108e-03
concentration	M_for_c	9.999e-05
concentration	M_oaa_c	1.860e-06
concentration	M_glx_c	2.794e-05
concentration	M_pep_c	6.167e-04
concentration	M_g3p_c	9.432e-05
concentration	M_acald_c	9.999e-05
concentration	M_dhap_c	5.104e-04
concentration	M_succoa_c	7.985e-04
concentration	M_fum_c	1.220e-03
concentration	M_mal__L_c	5.061e-03
concentration	M_r5p_c	1.044e-04
concentration	M_3pg_c	2.056e-03
concentration	M_cit_c	1.973e-03
concentration	M_ru5p__D_c	2.206e-04
concentration	M_g6p_c	4.045e-04
concentration	M_q8_c	1.663e-05
concentration	M_xu5p__D_c	2.385e-04
concentration	M_q8h2_c	6.010e-04
concentration	M_e4p_c	1.359e-05
concentration	M_13dpg_c	1.826e-05
concentration	M_s7p_c	7.035e-04
concentration	M_2pg_c	1.947e-04
concentration	M_actp_c	1.442e-03
concentration	M_lac__D_c	8.733e-04
concentration	M_etoh_c	9.999e-05
concentration	M_6pgc_c	9.782e-05
concentration	M_fdp_c	1.576e-04
concentration	M_6pgl_c	1.860e-05
concentration	M_acon_C_c	2.894e-05
concentration	M_glu__L_c	2.186e-02
concentration	M_icit_c	1.389e-05
concentration	M_f6p_c	2.872e-04

!!SBtab TableID='Predicted Gibbs energies' TableType='Quantity' TableName='Predicted Gibbs energies' SBtabVersion='1.0' Unit='kJ/mol'
!QuantityType	!Reaction	!Value
reaction gibbs energy	R_PFK	0.000e+00
reaction gibbs energy	R_PFL	0.000e+00
reaction gibbs energy	R_PGI	-1.644e+00
reaction gibbs energy	R_PGK	-1.870e-02
reaction gibbs energy	R_PGL	-1.985e+01
reaction gibbs energy	R_ACALD	0.000e+00
reaction gibbs energy	R_PGM	-1.870e-02
reaction gibbs energy	R_ALCD2x	0.000e+00
reaction gibbs energy	R_ACKr	0.000e+00
reaction gibbs energy	R_PPC	-4.625e+01
reaction gibbs energy	R_ACONTa	-1.719e+00
reaction gibbs energy	R_ACONTb	-3.361e+00
reaction gibbs energy	R_ATPM	0.000e+00
reaction gibbs energy	R_PPCK	0.000e+00
reaction gibbs energy	R_PPS	-2.166e+01
reaction gibbs energy	R_ADK1	-5.506e+00
reaction gibbs energy	R_AKGDH	-3.685e+01
reaction gibbs energy	R_PTAr	0.000e+00
reaction gibbs energy	R_PYK	0.000e+00
reaction gibbs energy	R_RPE	-3.278e+00
reaction gibbs energy	R_CS	-2.201e+01
reaction gibbs energy	R_RPI	-3.998e+00
reaction gibbs energy	R_ENO	-1.870e-02
reaction gibbs energy	R_SUCDi	-1.206e+01
reaction gibbs energy	R_SUCOAS	-1.657e+00
reaction gibbs energy	R_TALA	-8.061e+00
reaction gibbs energy	R_TKT1	-1.509e+00
reaction gibbs energy	R_TKT2	0.000e+00
reaction gibbs energy	R_TPI	-1.055e+00
reaction gibbs energy	R_FBA	-2.179e+00
reaction gibbs energy	R_FBP	-2.463e+01
reaction gibbs energy	R_FRD7	0.000e+00
reaction gibbs energy	R_FUM	0.000e+00
reaction gibbs energy	R_G6PDH2r	-7.552e+00
reaction gibbs energy	R_GAPD	-1.392e+00
reaction gibbs energy	R_GLNS	-1.060e+01
reaction gibbs energy	R_GLUDy	0.000e+00
reaction gibbs energy	R_GLUN	0.000e+00
reaction gibbs energy	R_GLUSy	-3.817e+01
reaction gibbs energy	R_GND	-4.119e+00
reaction gibbs energy	R_ICDHyr	-3.732e+00
reaction gibbs energy	R_ICL	-8.936e+00
reaction gibbs energy	R_LDH_D	-1.240e+01
reaction gibbs energy	R_MALS	-2.471e+01
reaction gibbs energy	R_MDH	-1.203e+00
reaction gibbs energy	R_ME1	0.000e+00
reaction gibbs energy	R_ME2	0.000e+00
reaction gibbs energy	R_NADTRHD	0.000e+00
reaction gibbs energy	R_PDH	-4.791e+01

