!!!SBtab DocumentName='report' SBtabVersion='1.0' Date='2022-6-9'
!!SBtab TableID='Predicted concentrations' TableType='Quantity' TableName='Predicted concentrations' SBtabVersion='1.0' Unit='M'
!QuantityType	!Compound	!Value
concentration	M_h2o_c	1.000e+00
concentration	M_atp_c	2.427e-03
concentration	M_nadp_c	6.721e-06
concentration	M_nadph_c	5.018e-05
concentration	M_adp_c	2.609e-04
concentration	M_nad_c	1.654e-03
concentration	M_pi_c	7.800e-03
concentration	M_nadh_c	5.725e-06
concentration	M_coa_c	6.950e-04
concentration	M_co2_c	9.204e-05
concentration	M_amp_c	2.731e-04
concentration	M_nh4_c	1.000e-04
concentration	M_akg_c	2.745e-04
concentration	M_accoa_c	3.250e-04
concentration	M_pyr_c	1.390e-03
concentration	M_succ_c	2.760e-04
concentration	M_ac_c	1.000e-02
concentration	M_gln__L_c	2.104e-03
concentration	M_for_c	1.000e-04
concentration	M_oaa_c	1.634e-04
concentration	M_glx_c	1.000e-04
concentration	M_pep_c	1.704e-04
concentration	M_g3p_c	9.883e-05
concentration	M_acald_c	1.000e-04
concentration	M_dhap_c	7.083e-04
concentration	M_succoa_c	1.080e-03
concentration	M_fum_c	1.598e-03
concentration	M_mal__L_c	1.379e-03
concentration	M_r5p_c	1.228e-04
concentration	M_3pg_c	1.617e-03
concentration	M_cit_c	2.357e-03
concentration	M_ru5p__D_c	2.690e-04
concentration	M_g6p_c	3.554e-04
concentration	M_q8_c	1.822e-05
concentration	M_xu5p__D_c	2.711e-04
concentration	M_q8h2_c	5.489e-04
concentration	M_e4p_c	1.354e-05
concentration	M_13dpg_c	2.625e-05
concentration	M_s7p_c	6.301e-04
concentration	M_2pg_c	9.923e-05
concentration	M_actp_c	1.020e-03
concentration	M_lac__D_c	1.000e-04
concentration	M_etoh_c	1.000e-04
concentration	M_6pgc_c	1.007e-04
concentration	M_fdp_c	2.829e-04
concentration	M_6pgl_c	1.907e-05
concentration	M_acon_C_c	2.642e-05
concentration	M_glu__L_c	2.173e-02
concentration	M_icit_c	1.200e-05
concentration	M_f6p_c	3.018e-04

!!SBtab TableID='Predicted Gibbs energies' TableType='Quantity' TableName='Predicted Gibbs energies' SBtabVersion='1.0' Unit='kJ/mol'
!QuantityType	!Reaction	!Value
reaction gibbs energy	R_PFK	-2.149e+01
reaction gibbs energy	R_PFL	0.000e+00
reaction gibbs energy	R_PGI	-2.161e+00
reaction gibbs energy	R_PGK	-3.728e+00
reaction gibbs energy	R_PGL	-1.960e+01
reaction gibbs energy	R_ACALD	0.000e+00
reaction gibbs energy	R_PGM	-2.515e+00
reaction gibbs energy	R_ALCD2x	0.000e+00
reaction gibbs energy	R_ACKr	-1.274e+00
reaction gibbs energy	R_PPC	-2.825e+01
reaction gibbs energy	R_ACONTa	-2.427e+00
reaction gibbs energy	R_ACONTb	-3.444e+00
reaction gibbs energy	R_ATPM	0.000e+00
reaction gibbs energy	R_PPCK	0.000e+00
reaction gibbs energy	R_PPS	-2.451e+01
reaction gibbs energy	R_ADK1	-5.545e+00
reaction gibbs energy	R_AKGDH	-4.384e+01
reaction gibbs energy	R_PTAr	-2.329e+00
reaction gibbs energy	R_PYK	0.000e+00
reaction gibbs energy	R_RPE	-3.352e+00
reaction gibbs energy	R_CS	-2.857e+01
reaction gibbs energy	R_RPI	-4.064e+00
reaction gibbs energy	R_ENO	-2.523e+00
reaction gibbs energy	R_SUCDi	-1.170e+01
reaction gibbs energy	R_SUCOAS	-2.205e+00
reaction gibbs energy	R_TALA	-7.727e+00
reaction gibbs energy	R_TKT1	-2.259e+00
reaction gibbs energy	R_TKT2	-5.113e+00
reaction gibbs energy	R_TPI	0.000e+00
reaction gibbs energy	R_FBA	0.000e+00
reaction gibbs energy	R_FBP	-2.445e+01
reaction gibbs energy	R_FRD7	0.000e+00
reaction gibbs energy	R_FUM	-3.792e+00
reaction gibbs energy	R_G6PDH2r	-7.357e+00
reaction gibbs energy	R_GAPD	-2.202e+00
reaction gibbs energy	R_GLNS	0.000e+00
reaction gibbs energy	R_GLUDy	0.000e+00
reaction gibbs energy	R_GLUN	0.000e+00
reaction gibbs energy	R_GLUSy	0.000e+00
reaction gibbs energy	R_GND	-5.209e+00
reaction gibbs energy	R_ICDHyr	-4.882e+00
reaction gibbs energy	R_ICL	0.000e+00
reaction gibbs energy	R_LDH_D	0.000e+00
reaction gibbs energy	R_MALS	0.000e+00
reaction gibbs energy	R_MDH	0.000e+00
reaction gibbs energy	R_ME1	-2.482e+01
reaction gibbs energy	R_ME2	0.000e+00
reaction gibbs energy	R_NADTRHD	-1.911e+01
reaction gibbs energy	R_PDH	0.000e+00

