!!!SBtab DocumentName='report' SBtabVersion='1.0' Date='2022-6-9'
!!SBtab TableID='Predicted concentrations' TableType='Quantity' TableName='Predicted concentrations' SBtabVersion='1.0' Unit='M'
!QuantityType	!Compound	!Value
concentration	M_h2o_c	1.000e+00
concentration	M_atp_c	2.427e-03
concentration	M_nadp_c	6.751e-06
concentration	M_nadph_c	4.870e-05
concentration	M_adp_c	2.609e-04
concentration	M_nad_c	1.994e-03
concentration	M_pi_c	8.582e-03
concentration	M_nadh_c	4.456e-06
concentration	M_coa_c	6.846e-04
concentration	M_co2_c	1.118e-04
concentration	M_amp_c	2.677e-04
concentration	M_nh4_c	2.108e-05
concentration	M_akg_c	2.630e-04
concentration	M_accoa_c	3.170e-04
concentration	M_pyr_c	1.067e-03
concentration	M_succ_c	2.819e-04
concentration	M_ac_c	1.000e-02
concentration	M_gln__L_c	2.104e-03
concentration	M_for_c	1.000e-04
concentration	M_oaa_c	3.277e-06
concentration	M_glx_c	1.000e-04
concentration	M_pep_c	1.609e-04
concentration	M_g3p_c	3.784e-05
concentration	M_acald_c	1.000e-04
concentration	M_dhap_c	8.191e-04
concentration	M_succoa_c	1.067e-03
concentration	M_fum_c	1.848e-03
concentration	M_mal__L_c	2.134e-03
concentration	M_r5p_c	9.584e-05
concentration	M_3pg_c	1.584e-03
concentration	M_cit_c	2.301e-03
concentration	M_ru5p__D_c	2.503e-04
concentration	M_g6p_c	3.553e-04
concentration	M_q8_c	2.483e-05
concentration	M_xu5p__D_c	2.122e-04
concentration	M_q8h2_c	4.027e-04
concentration	M_e4p_c	1.343e-05
concentration	M_13dpg_c	2.167e-05
concentration	M_s7p_c	7.706e-04
concentration	M_2pg_c	9.491e-05
concentration	M_actp_c	1.020e-03
concentration	M_lac__D_c	1.000e-04
concentration	M_etoh_c	1.000e-04
concentration	M_6pgc_c	9.718e-05
concentration	M_fdp_c	6.699e-04
concentration	M_6pgl_c	3.340e-05
concentration	M_acon_C_c	2.538e-05
concentration	M_glu__L_c	2.186e-02
concentration	M_icit_c	1.167e-05
concentration	M_f6p_c	3.031e-04

!!SBtab TableID='Predicted Gibbs energies' TableType='Quantity' TableName='Predicted Gibbs energies' SBtabVersion='1.0' Unit='kJ/mol'
!QuantityType	!Reaction	!Value
reaction gibbs energy	R_PFK	-1.937e+01
reaction gibbs energy	R_PFL	0.000e+00
reaction gibbs energy	R_PGI	-2.172e+00
reaction gibbs energy	R_PGK	-3.305e+00
reaction gibbs energy	R_PGL	-2.107e+01
reaction gibbs energy	R_ACALD	0.000e+00
reaction gibbs energy	R_PGM	-2.574e+00
reaction gibbs energy	R_ALCD2x	0.000e+00
reaction gibbs energy	R_ACKr	-1.274e+00
reaction gibbs energy	R_PPC	-3.803e+01
reaction gibbs energy	R_ACONTa	-2.468e+00
reaction gibbs energy	R_ACONTb	-3.413e+00
reaction gibbs energy	R_ATPM	0.000e+00
reaction gibbs energy	R_PPCK	0.000e+00
reaction gibbs energy	R_PPS	0.000e+00
reaction gibbs energy	R_ADK1	0.000e+00
reaction gibbs energy	R_AKGDH	-4.433e+01
reaction gibbs energy	R_PTAr	-2.117e+00
reaction gibbs energy	R_PYK	0.000e+00
reaction gibbs energy	R_RPE	-3.780e+00
reaction gibbs energy	R_CS	-1.892e+01
reaction gibbs energy	R_RPI	-4.499e+00
reaction gibbs energy	R_ENO	-2.555e+00
reaction gibbs energy	R_SUCDi	-1.293e+01
reaction gibbs energy	R_SUCOAS	-2.398e+00
reaction gibbs energy	R_TALA	-5.856e+00
reaction gibbs energy	R_TKT1	-2.919e+00
reaction gibbs energy	R_TKT2	0.000e+00
reaction gibbs energy	R_TPI	-2.061e+00
reaction gibbs energy	R_FBA	-2.190e+00
reaction gibbs energy	R_FBP	-2.634e+01
reaction gibbs energy	R_FRD7	0.000e+00
reaction gibbs energy	R_FUM	-3.072e+00
reaction gibbs energy	R_G6PDH2r	-6.053e+00
reaction gibbs energy	R_GAPD	-1.619e+00
reaction gibbs energy	R_GLNS	-1.071e+01
reaction gibbs energy	R_GLUDy	0.000e+00
reaction gibbs energy	R_GLUN	0.000e+00
reaction gibbs energy	R_GLUSy	-3.767e+01
reaction gibbs energy	R_GND	-4.904e+00
reaction gibbs energy	R_ICDHyr	-4.523e+00
reaction gibbs energy	R_ICL	0.000e+00
reaction gibbs energy	R_LDH_D	0.000e+00
reaction gibbs energy	R_MALS	0.000e+00
reaction gibbs energy	R_MDH	-3.086e+00
reaction gibbs energy	R_ME1	0.000e+00
reaction gibbs energy	R_ME2	0.000e+00
reaction gibbs energy	R_NADTRHD	-2.011e+01
reaction gibbs energy	R_PDH	-5.618e+01

