!!!SBtab DocumentName='report' SBtabVersion='1.0' Date='2022-6-9'
!!SBtab TableID='Predicted concentrations' TableType='Quantity' TableName='Predicted concentrations' SBtabVersion='1.0' Unit='M'
!QuantityType	!Compound	!Value
concentration	M_h2o_c	1.000e+00
concentration	M_atp_c	2.427e-03
concentration	M_nadp_c	6.696e-06
concentration	M_nadph_c	4.937e-05
concentration	M_adp_c	2.609e-04
concentration	M_nad_c	1.724e-03
concentration	M_pi_c	6.721e-03
concentration	M_nadh_c	6.753e-06
concentration	M_coa_c	5.851e-04
concentration	M_co2_c	8.877e-05
concentration	M_amp_c	2.728e-04
concentration	M_nh4_c	7.589e-06
concentration	M_akg_c	2.624e-04
concentration	M_accoa_c	3.258e-04
concentration	M_pyr_c	1.093e-03
concentration	M_succ_c	2.794e-04
concentration	M_ac_c	1.000e-02
concentration	M_gln__L_c	2.115e-03
concentration	M_for_c	1.000e-04
concentration	M_oaa_c	2.239e-06
concentration	M_glx_c	2.659e-05
concentration	M_pep_c	2.972e-04
concentration	M_g3p_c	1.598e-04
concentration	M_acald_c	1.000e-04
concentration	M_dhap_c	5.406e-04
concentration	M_succoa_c	1.090e-03
concentration	M_fum_c	1.982e-03
concentration	M_mal__L_c	2.535e-03
concentration	M_r5p_c	1.415e-04
concentration	M_3pg_c	1.474e-03
concentration	M_cit_c	2.310e-03
concentration	M_ru5p__D_c	2.837e-04
concentration	M_g6p_c	3.558e-04
concentration	M_q8_c	2.329e-05
concentration	M_xu5p__D_c	3.128e-04
concentration	M_q8h2_c	4.295e-04
concentration	M_e4p_c	1.376e-05
concentration	M_13dpg_c	2.800e-05
concentration	M_s7p_c	5.691e-04
concentration	M_2pg_c	1.000e-04
concentration	M_actp_c	1.020e-03
concentration	M_lac__D_c	1.000e-04
concentration	M_etoh_c	1.000e-04
concentration	M_6pgc_c	9.739e-05
concentration	M_fdp_c	1.661e-04
concentration	M_6pgl_c	2.185e-05
concentration	M_acon_C_c	2.554e-05
concentration	M_glu__L_c	2.168e-02
concentration	M_icit_c	1.102e-05
concentration	M_f6p_c	3.070e-04

!!SBtab TableID='Predicted Gibbs energies' TableType='Quantity' TableName='Predicted Gibbs energies' SBtabVersion='1.0' Unit='kJ/mol'
!QuantityType	!Reaction	!Value
reaction gibbs energy	R_PFK	0.000e+00
reaction gibbs energy	R_PFL	0.000e+00
reaction gibbs energy	R_PGI	-2.201e+00
reaction gibbs energy	R_PGK	-4.117e+00
reaction gibbs energy	R_PGL	-2.002e+01
reaction gibbs energy	R_ACALD	0.000e+00
reaction gibbs energy	R_PGM	0.000e+00
reaction gibbs energy	R_ALCD2x	0.000e+00
reaction gibbs energy	R_ACKr	-1.274e+00
reaction gibbs energy	R_PPC	0.000e+00
reaction gibbs energy	R_ACONTa	-2.461e+00
reaction gibbs energy	R_ACONTb	-3.572e+00
reaction gibbs energy	R_ATPM	0.000e+00
reaction gibbs energy	R_PPCK	-5.781e+00
reaction gibbs energy	R_PPS	-2.291e+01
reaction gibbs energy	R_ADK1	-5.543e+00
reaction gibbs energy	R_AKGDH	-4.306e+01
reaction gibbs energy	R_PTAr	-2.266e+00
reaction gibbs energy	R_PYK	0.000e+00
reaction gibbs energy	R_RPE	-3.129e+00
reaction gibbs energy	R_CS	-1.842e+01
reaction gibbs energy	R_RPI	-3.844e+00
reaction gibbs energy	R_ENO	0.000e+00
reaction gibbs energy	R_SUCDi	-1.241e+01
reaction gibbs energy	R_SUCOAS	-2.255e+00
reaction gibbs energy	R_TALA	-8.582e+00
reaction gibbs energy	R_TKT1	-2.028e+00
reaction gibbs energy	R_TKT2	-4.275e+00
reaction gibbs energy	R_TPI	-2.537e+00
reaction gibbs energy	R_FBA	-3.805e+00
reaction gibbs energy	R_FBP	-2.346e+01
reaction gibbs energy	R_FRD7	0.000e+00
reaction gibbs energy	R_FUM	-2.818e+00
reaction gibbs energy	R_G6PDH2r	-7.054e+00
reaction gibbs energy	R_GAPD	-2.557e+00
reaction gibbs energy	R_GLNS	-8.753e+00
reaction gibbs energy	R_GLUDy	0.000e+00
reaction gibbs energy	R_GLUN	0.000e+00
reaction gibbs energy	R_GLUSy	-3.777e+01
reaction gibbs energy	R_GND	-5.116e+00
reaction gibbs energy	R_ICDHyr	-4.902e+00
reaction gibbs energy	R_ICL	-8.895e+00
reaction gibbs energy	R_LDH_D	0.000e+00
reaction gibbs energy	R_MALS	-2.475e+01
reaction gibbs energy	R_MDH	-3.066e+00
reaction gibbs energy	R_ME1	0.000e+00
reaction gibbs energy	R_ME2	0.000e+00
reaction gibbs energy	R_NADTRHD	-1.878e+01
reaction gibbs energy	R_PDH	0.000e+00

