!!!SBtab DocumentName='report' SBtabVersion='1.0' Date='2022-6-9'
!!SBtab TableID='Predicted concentrations' TableType='Quantity' TableName='Predicted concentrations' SBtabVersion='1.0' Unit='M'
!QuantityType	!Compound	!Value
concentration	M_h2o_c	1.000e+00
concentration	M_atp_c	2.427e-03
concentration	M_nadp_c	6.724e-06
concentration	M_nadph_c	5.045e-05
concentration	M_adp_c	2.609e-04
concentration	M_nad_c	1.975e-03
concentration	M_pi_c	8.726e-03
concentration	M_nadh_c	4.582e-06
concentration	M_coa_c	7.722e-04
concentration	M_co2_c	1.057e-04
concentration	M_amp_c	2.677e-04
concentration	M_nh4_c	1.627e-05
concentration	M_akg_c	2.533e-04
concentration	M_accoa_c	3.241e-04
concentration	M_pyr_c	1.737e-03
concentration	M_succ_c	2.758e-04
concentration	M_ac_c	1.000e-02
concentration	M_gln__L_c	2.091e-03
concentration	M_for_c	9.999e-05
concentration	M_oaa_c	1.261e-04
concentration	M_glx_c	9.999e-05
concentration	M_pep_c	1.593e-04
concentration	M_g3p_c	3.875e-05
concentration	M_acald_c	9.999e-05
concentration	M_dhap_c	8.283e-04
concentration	M_succoa_c	1.090e-03
concentration	M_fum_c	1.608e-03
concentration	M_mal__L_c	1.361e-03
concentration	M_r5p_c	9.534e-05
concentration	M_3pg_c	1.577e-03
concentration	M_cit_c	2.366e-03
concentration	M_ru5p__D_c	2.451e-04
concentration	M_g6p_c	4.844e-04
concentration	M_q8_c	1.983e-05
concentration	M_xu5p__D_c	2.057e-04
concentration	M_q8h2_c	5.042e-04
concentration	M_e4p_c	1.338e-05
concentration	M_13dpg_c	2.146e-05
concentration	M_s7p_c	7.431e-04
concentration	M_2pg_c	9.443e-05
concentration	M_actp_c	1.020e-03
concentration	M_lac__D_c	4.850e-04
concentration	M_etoh_c	9.999e-05
concentration	M_6pgc_c	1.019e-04
concentration	M_fdp_c	6.845e-04
concentration	M_6pgl_c	2.292e-05
concentration	M_acon_C_c	2.655e-05
concentration	M_glu__L_c	2.225e-02
concentration	M_icit_c	1.235e-05
concentration	M_f6p_c	2.220e-04

!!SBtab TableID='Predicted Gibbs energies' TableType='Quantity' TableName='Predicted Gibbs energies' SBtabVersion='1.0' Unit='kJ/mol'
!QuantityType	!Reaction	!Value
reaction gibbs energy	R_PFK	-1.854e+01
reaction gibbs energy	R_PFL	0.000e+00
reaction gibbs energy	R_PGI	0.000e+00
reaction gibbs energy	R_PGK	-3.292e+00
reaction gibbs energy	R_PGL	-2.002e+01
reaction gibbs energy	R_ACALD	0.000e+00
reaction gibbs energy	R_PGM	-2.575e+00
reaction gibbs energy	R_ALCD2x	0.000e+00
reaction gibbs energy	R_ACKr	-1.274e+00
reaction gibbs energy	R_PPC	-2.879e+01
reaction gibbs energy	R_ACONTa	-2.424e+00
reaction gibbs energy	R_ACONTb	-3.385e+00
reaction gibbs energy	R_ATPM	0.000e+00
reaction gibbs energy	R_PPCK	0.000e+00
reaction gibbs energy	R_PPS	0.000e+00
reaction gibbs energy	R_ADK1	0.000e+00
reaction gibbs energy	R_AKGDH	-4.453e+01
reaction gibbs energy	R_PTAr	-2.319e+00
reaction gibbs energy	R_PYK	-1.517e+01
reaction gibbs energy	R_RPE	-3.805e+00
reaction gibbs energy	R_CS	-2.765e+01
reaction gibbs energy	R_RPI	-4.460e+00
reaction gibbs energy	R_ENO	-2.567e+00
reaction gibbs energy	R_SUCDi	-1.210e+01
reaction gibbs energy	R_SUCOAS	-2.246e+00
reaction gibbs energy	R_TALA	-6.605e+00
reaction gibbs energy	R_TKT1	-2.860e+00
reaction gibbs energy	R_TKT2	-7.482e+00
reaction gibbs energy	R_TPI	-2.030e+00
reaction gibbs energy	R_FBA	-2.157e+00
reaction gibbs energy	R_FBP	0.000e+00
reaction gibbs energy	R_FRD7	0.000e+00
reaction gibbs energy	R_FUM	-3.841e+00
reaction gibbs energy	R_G6PDH2r	-7.657e+00
reaction gibbs energy	R_GAPD	-1.650e+00
reaction gibbs energy	R_GLNS	-1.009e+01
reaction gibbs energy	R_GLUDy	0.000e+00
reaction gibbs energy	R_GLUN	0.000e+00
reaction gibbs energy	R_GLUSy	-3.757e+01
reaction gibbs energy	R_GND	-5.113e+00
reaction gibbs energy	R_ICDHyr	-4.796e+00
reaction gibbs energy	R_ICL	0.000e+00
reaction gibbs energy	R_LDH_D	-1.037e+01
reaction gibbs energy	R_MALS	0.000e+00
reaction gibbs energy	R_MDH	0.000e+00
reaction gibbs energy	R_ME1	-2.488e+01
reaction gibbs energy	R_ME2	0.000e+00
reaction gibbs energy	R_NADTRHD	0.000e+00
reaction gibbs energy	R_PDH	0.000e+00

