!!!SBtab DocumentName='report' SBtabVersion='1.0' Date='2022-6-9'
!!SBtab TableID='Predicted concentrations' TableType='Quantity' TableName='Predicted concentrations' SBtabVersion='1.0' Unit='M'
!QuantityType	!Compound	!Value
concentration	M_h2o_c	1.000e+00
concentration	M_atp_c	2.427e-03
concentration	M_nadp_c	6.700e-06
concentration	M_nadph_c	5.134e-05
concentration	M_adp_c	2.609e-04
concentration	M_nad_c	1.639e-03
concentration	M_pi_c	7.978e-03
concentration	M_nadh_c	8.283e-06
concentration	M_coa_c	8.830e-03
concentration	M_co2_c	2.853e-05
concentration	M_amp_c	2.639e-04
concentration	M_nh4_c	1.108e-05
concentration	M_akg_c	3.051e-04
concentration	M_accoa_c	5.201e-04
concentration	M_pyr_c	1.111e-03
concentration	M_succ_c	4.372e-04
concentration	M_ac_c	1.000e-02
concentration	M_gln__L_c	2.099e-03
concentration	M_for_c	1.000e-04
concentration	M_oaa_c	1.225e-04
concentration	M_glx_c	1.000e-04
concentration	M_pep_c	1.638e-04
concentration	M_g3p_c	1.595e-04
concentration	M_acald_c	1.000e-04
concentration	M_dhap_c	5.304e-04
concentration	M_succoa_c	3.901e-04
concentration	M_fum_c	1.052e-03
concentration	M_mal__L_c	2.312e-03
concentration	M_r5p_c	1.429e-04
concentration	M_3pg_c	1.597e-03
concentration	M_cit_c	2.285e-03
concentration	M_ru5p__D_c	3.000e-04
concentration	M_g6p_c	3.565e-04
concentration	M_q8_c	1.000e-04
concentration	M_xu5p__D_c	3.155e-04
concentration	M_q8h2_c	1.000e-04
concentration	M_e4p_c	1.382e-05
concentration	M_13dpg_c	2.716e-05
concentration	M_s7p_c	5.648e-04
concentration	M_2pg_c	9.689e-05
concentration	M_actp_c	1.020e-03
concentration	M_lac__D_c	1.000e-04
concentration	M_etoh_c	1.000e-04
concentration	M_6pgc_c	8.803e-05
concentration	M_fdp_c	1.569e-04
concentration	M_6pgl_c	2.782e-05
concentration	M_acon_C_c	2.529e-05
concentration	M_glu__L_c	2.196e-02
concentration	M_icit_c	1.082e-05
concentration	M_f6p_c	3.104e-04

!!SBtab TableID='Predicted Gibbs energies' TableType='Quantity' TableName='Predicted Gibbs energies' SBtabVersion='1.0' Unit='kJ/mol'
!QuantityType	!Reaction	!Value
reaction gibbs energy	R_PFK	0.000e+00
reaction gibbs energy	R_PFL	0.000e+00
reaction gibbs energy	R_PGI	-2.222e+00
reaction gibbs energy	R_PGK	-3.843e+00
reaction gibbs energy	R_PGL	-2.087e+01
reaction gibbs energy	R_ACALD	0.000e+00
reaction gibbs energy	R_PGM	-2.543e+00
reaction gibbs energy	R_ALCD2x	0.000e+00
reaction gibbs energy	R_ACKr	-1.274e+00
reaction gibbs energy	R_PPC	-2.590e+01
reaction gibbs energy	R_ACONTa	-2.459e+00
reaction gibbs energy	R_ACONTb	-3.592e+00
reaction gibbs energy	R_ATPM	0.000e+00
reaction gibbs energy	R_PPCK	0.000e+00
reaction gibbs energy	R_PPS	-2.408e+01
reaction gibbs energy	R_ADK1	-5.461e+00
reaction gibbs energy	R_AKGDH	0.000e+00
reaction gibbs energy	R_PTAr	-7.407e+00
reaction gibbs energy	R_PYK	0.000e+00
reaction gibbs energy	R_RPE	-3.246e+00
reaction gibbs energy	R_CS	-2.280e+01
reaction gibbs energy	R_RPI	-3.958e+00
reaction gibbs energy	R_ENO	-2.562e+00
reaction gibbs energy	R_SUCDi	0.000e+00
reaction gibbs energy	R_SUCOAS	0.000e+00
reaction gibbs energy	R_TALA	-8.521e+00
reaction gibbs energy	R_TKT1	-2.097e+00
reaction gibbs energy	R_TKT2	-4.285e+00
reaction gibbs energy	R_TPI	-2.580e+00
reaction gibbs energy	R_FBA	-3.895e+00
reaction gibbs energy	R_FBP	-2.287e+01
reaction gibbs energy	R_FRD7	0.000e+00
reaction gibbs energy	R_FUM	0.000e+00
reaction gibbs energy	R_G6PDH2r	-6.364e+00
reaction gibbs energy	R_GAPD	-2.422e+00
reaction gibbs energy	R_GLNS	-9.317e+00
reaction gibbs energy	R_GLUDy	0.000e+00
reaction gibbs energy	R_GLUN	0.000e+00
reaction gibbs energy	R_GLUSy	-3.816e+01
reaction gibbs energy	R_GND	-7.444e+00
reaction gibbs energy	R_ICDHyr	-7.200e+00
reaction gibbs energy	R_ICL	0.000e+00
reaction gibbs energy	R_LDH_D	0.000e+00
reaction gibbs energy	R_MALS	0.000e+00
reaction gibbs energy	R_MDH	0.000e+00
reaction gibbs energy	R_ME1	0.000e+00
reaction gibbs energy	R_ME2	0.000e+00
reaction gibbs energy	R_NADTRHD	-1.824e+01
reaction gibbs energy	R_PDH	0.000e+00

