!!!SBtab DocumentName='report' SBtabVersion='1.0' Date='2022-6-9'
!!SBtab TableID='Predicted concentrations' TableType='Quantity' TableName='Predicted concentrations' SBtabVersion='1.0' Unit='M'
!QuantityType	!Compound	!Value
concentration	M_h2o_c	1.000e+00
concentration	M_atp_c	2.427e-03
concentration	M_nadp_c	6.730e-06
concentration	M_nadph_c	5.164e-05
concentration	M_adp_c	2.609e-04
concentration	M_nad_c	1.531e-03
concentration	M_pi_c	6.472e-03
concentration	M_nadh_c	5.669e-05
concentration	M_coa_c	7.680e-03
concentration	M_co2_c	6.873e-05
concentration	M_amp_c	2.744e-04
concentration	M_nh4_c	9.864e-06
concentration	M_akg_c	2.950e-04
concentration	M_accoa_c	5.633e-04
concentration	M_pyr_c	1.068e-03
concentration	M_succ_c	4.035e-04
concentration	M_ac_c	1.000e-02
concentration	M_gln__L_c	2.119e-03
concentration	M_for_c	9.998e-05
concentration	M_oaa_c	2.688e-04
concentration	M_glx_c	9.998e-05
concentration	M_pep_c	6.167e-04
concentration	M_g3p_c	1.269e-04
concentration	M_acald_c	9.998e-05
concentration	M_dhap_c	5.237e-04
concentration	M_succoa_c	3.900e-04
concentration	M_fum_c	1.475e-03
concentration	M_mal__L_c	1.462e-03
concentration	M_r5p_c	1.232e-04
concentration	M_3pg_c	1.020e-03
concentration	M_cit_c	2.208e-03
concentration	M_ru5p__D_c	2.548e-04
concentration	M_g6p_c	3.856e-04
concentration	M_q8_c	1.845e-05
concentration	M_xu5p__D_c	2.790e-04
concentration	M_q8h2_c	5.417e-04
concentration	M_e4p_c	1.352e-05
concentration	M_13dpg_c	3.132e-05
concentration	M_s7p_c	6.258e-04
concentration	M_2pg_c	1.399e-04
concentration	M_actp_c	1.020e-03
concentration	M_lac__D_c	8.993e-04
concentration	M_etoh_c	9.998e-05
concentration	M_6pgc_c	9.757e-05
concentration	M_fdp_c	1.670e-04
concentration	M_6pgl_c	1.478e-05
concentration	M_acon_C_c	2.874e-05
concentration	M_glu__L_c	2.205e-02
concentration	M_icit_c	1.402e-05
concentration	M_f6p_c	2.871e-04

!!SBtab TableID='Predicted Gibbs energies' TableType='Quantity' TableName='Predicted Gibbs energies' SBtabVersion='1.0' Unit='kJ/mol'
!QuantityType	!Reaction	!Value
reaction gibbs energy	R_PFK	0.000e+00
reaction gibbs energy	R_PFL	0.000e+00
reaction gibbs energy	R_PGI	-1.793e+00
reaction gibbs energy	R_PGK	0.000e+00
reaction gibbs energy	R_PGL	-1.920e+01
reaction gibbs energy	R_ACALD	0.000e+00
reaction gibbs energy	R_PGM	-5.939e-01
reaction gibbs energy	R_ALCD2x	0.000e+00
reaction gibbs energy	R_ACKr	-5.939e-01
reaction gibbs energy	R_PPC	-3.084e+01
reaction gibbs energy	R_ACONTa	-2.052e+00
reaction gibbs energy	R_ACONTb	-3.289e+00
reaction gibbs energy	R_ATPM	0.000e+00
reaction gibbs energy	R_PPCK	0.000e+00
reaction gibbs energy	R_PPS	-2.107e+01
reaction gibbs energy	R_ADK1	-5.559e+00
reaction gibbs energy	R_AKGDH	0.000e+00
reaction gibbs energy	R_PTAr	-7.938e+00
reaction gibbs energy	R_PYK	0.000e+00
reaction gibbs energy	R_RPE	-3.220e+00
reaction gibbs energy	R_CS	-2.552e+01
reaction gibbs energy	R_RPI	-3.937e+00
reaction gibbs energy	R_ENO	-5.939e-01
reaction gibbs energy	R_SUCDi	-1.297e+01
reaction gibbs energy	R_SUCOAS	0.000e+00
reaction gibbs energy	R_TALA	-8.501e+00
reaction gibbs energy	R_TKT1	-1.830e+00
reaction gibbs energy	R_TKT2	-4.778e+00
reaction gibbs energy	R_TPI	-1.859e+00
reaction gibbs energy	R_FBA	-2.964e+00
reaction gibbs energy	R_FBP	-2.369e+01
reaction gibbs energy	R_FRD7	0.000e+00
reaction gibbs energy	R_FUM	-3.447e+00
reaction gibbs energy	R_G6PDH2r	-8.062e+00
reaction gibbs energy	R_GAPD	0.000e+00
reaction gibbs energy	R_GLNS	-9.573e+00
reaction gibbs energy	R_GLUDy	0.000e+00
reaction gibbs energy	R_GLUN	0.000e+00
reaction gibbs energy	R_GLUSy	-3.820e+01
reaction gibbs energy	R_GND	-5.498e+00
reaction gibbs energy	R_ICDHyr	-5.333e+00
reaction gibbs energy	R_ICL	0.000e+00
reaction gibbs energy	R_LDH_D	-1.449e+01
reaction gibbs energy	R_MALS	0.000e+00
reaction gibbs energy	R_MDH	0.000e+00
reaction gibbs energy	R_ME1	-1.990e+01
reaction gibbs energy	R_ME2	0.000e+00
reaction gibbs energy	R_NADTRHD	0.000e+00
reaction gibbs energy	R_PDH	0.000e+00

