!!!SBtab DocumentName='report' SBtabVersion='1.0' Date='2022-6-9'
!!SBtab TableID='Predicted concentrations' TableType='Quantity' TableName='Predicted concentrations' SBtabVersion='1.0' Unit='M'
!QuantityType	!Compound	!Value
concentration	M_h2o_c	1.000e+00
concentration	M_atp_c	1.485e-03
concentration	M_nadp_c	6.743e-06
concentration	M_nadph_c	4.988e-05
concentration	M_adp_c	4.529e-04
concentration	M_nad_c	2.288e-03
concentration	M_pi_c	1.000e-02
concentration	M_nadh_c	3.822e-06
concentration	M_coa_c	8.090e-03
concentration	M_co2_c	5.087e-05
concentration	M_amp_c	2.677e-04
concentration	M_nh4_c	9.998e-05
concentration	M_akg_c	3.180e-04
concentration	M_accoa_c	5.389e-04
concentration	M_pyr_c	9.389e-04
concentration	M_succ_c	4.073e-04
concentration	M_ac_c	9.998e-05
concentration	M_gln__L_c	2.104e-03
concentration	M_for_c	9.998e-05
concentration	M_oaa_c	7.347e-05
concentration	M_glx_c	6.830e-06
concentration	M_pep_c	1.096e-04
concentration	M_g3p_c	4.629e-05
concentration	M_acald_c	9.998e-05
concentration	M_dhap_c	9.824e-04
concentration	M_succoa_c	3.900e-04
concentration	M_fum_c	2.392e-03
concentration	M_mal__L_c	1.088e-03
concentration	M_r5p_c	1.327e-04
concentration	M_3pg_c	2.230e-03
concentration	M_cit_c	3.383e-03
concentration	M_ru5p__D_c	4.251e-04
concentration	M_g6p_c	4.946e-04
concentration	M_q8_c	2.222e-05
concentration	M_xu5p__D_c	2.469e-04
concentration	M_q8h2_c	4.499e-04
concentration	M_e4p_c	1.311e-05
concentration	M_13dpg_c	1.826e-05
concentration	M_s7p_c	5.174e-04
concentration	M_2pg_c	9.973e-05
concentration	M_actp_c	1.442e-03
concentration	M_lac__D_c	2.312e-04
concentration	M_etoh_c	9.998e-05
concentration	M_6pgc_c	1.033e-04
concentration	M_fdp_c	9.508e-04
concentration	M_6pgl_c	1.387e-05
concentration	M_acon_C_c	1.533e-05
concentration	M_glu__L_c	2.173e-02
concentration	M_icit_c	4.054e-06
concentration	M_f6p_c	2.062e-04

!!SBtab TableID='Predicted Gibbs energies' TableType='Quantity' TableName='Predicted Gibbs energies' SBtabVersion='1.0' Unit='kJ/mol'
!QuantityType	!Reaction	!Value
reaction gibbs energy	R_PFK	-1.395e+01
reaction gibbs energy	R_PFL	0.000e+00
reaction gibbs energy	R_PGI	0.000e+00
reaction gibbs energy	R_PGK	-4.449e+00
reaction gibbs energy	R_PGL	-1.874e+01
reaction gibbs energy	R_ACALD	0.000e+00
reaction gibbs energy	R_PGM	-4.449e+00
reaction gibbs energy	R_ALCD2x	0.000e+00
reaction gibbs energy	R_ACKr	0.000e+00
reaction gibbs energy	R_PPC	-2.431e+01
reaction gibbs energy	R_ACONTa	-4.608e+00
reaction gibbs energy	R_ACONTb	-4.809e+00
reaction gibbs energy	R_ATPM	0.000e+00
reaction gibbs energy	R_PPCK	0.000e+00
reaction gibbs energy	R_PPS	0.000e+00
reaction gibbs energy	R_ADK1	0.000e+00
reaction gibbs energy	R_AKGDH	0.000e+00
reaction gibbs energy	R_PTAr	0.000e+00
reaction gibbs energy	R_PYK	0.000e+00
reaction gibbs energy	R_RPE	-4.942e+00
reaction gibbs energy	R_CS	-2.082e+01
reaction gibbs energy	R_RPI	-5.076e+00
reaction gibbs energy	R_ENO	-4.449e+00
reaction gibbs energy	R_SUCDi	-1.294e+01
reaction gibbs energy	R_SUCOAS	0.000e+00
reaction gibbs energy	R_TALA	-6.522e+00
reaction gibbs energy	R_TKT1	-4.869e+00
reaction gibbs energy	R_TKT2	-7.906e+00
reaction gibbs energy	R_TPI	-4.449e+00
reaction gibbs energy	R_FBA	-4.449e+00
reaction gibbs energy	R_FBP	-2.841e+01
reaction gibbs energy	R_FRD7	0.000e+00
reaction gibbs energy	R_FUM	-5.392e+00
reaction gibbs energy	R_G6PDH2r	-9.296e+00
reaction gibbs energy	R_GAPD	-4.449e+00
reaction gibbs energy	R_GLNS	0.000e+00
reaction gibbs energy	R_GLUDy	0.000e+00
reaction gibbs energy	R_GLUN	0.000e+00
reaction gibbs energy	R_GLUSy	0.000e+00
reaction gibbs energy	R_GND	-7.508e+00
reaction gibbs energy	R_ICDHyr	0.000e+00
reaction gibbs energy	R_ICL	-8.643e+00
reaction gibbs energy	R_LDH_D	-9.865e+00
reaction gibbs energy	R_MALS	-1.974e+01
reaction gibbs energy	R_MDH	0.000e+00
reaction gibbs energy	R_ME1	0.000e+00
reaction gibbs energy	R_ME2	-9.359e+00
reaction gibbs energy	R_NADTRHD	-2.101e+01
reaction gibbs energy	R_PDH	-6.282e+01

