!!!SBtab DocumentName='report' SBtabVersion='1.0' Date='2022-6-9'
!!SBtab TableID='Predicted concentrations' TableType='Quantity' TableName='Predicted concentrations' SBtabVersion='1.0' Unit='M'
!QuantityType	!Compound	!Value
concentration	M_h2o_c	1.000e+00
concentration	M_atp_c	2.427e-03
concentration	M_nadp_c	6.833e-06
concentration	M_nadph_c	4.756e-05
concentration	M_adp_c	2.609e-04
concentration	M_nad_c	1.565e-03
concentration	M_pi_c	3.671e-03
concentration	M_nadh_c	3.206e-05
concentration	M_coa_c	1.995e-04
concentration	M_co2_c	3.689e-04
concentration	M_amp_c	2.734e-04
concentration	M_nh4_c	9.978e-06
concentration	M_akg_c	2.438e-04
concentration	M_accoa_c	6.459e-04
concentration	M_pyr_c	1.040e-03
concentration	M_succ_c	3.406e-04
concentration	M_ac_c	1.000e-04
concentration	M_gln__L_c	2.104e-03
concentration	M_for_c	1.000e-04
concentration	M_oaa_c	1.461e-06
concentration	M_glx_c	1.000e-04
concentration	M_pep_c	6.167e-04
concentration	M_g3p_c	9.905e-05
concentration	M_acald_c	1.000e-04
concentration	M_dhap_c	5.200e-04
concentration	M_succoa_c	7.789e-04
concentration	M_fum_c	1.923e-03
concentration	M_mal__L_c	3.792e-03
concentration	M_r5p_c	1.049e-04
concentration	M_3pg_c	2.056e-03
concentration	M_cit_c	2.068e-03
concentration	M_ru5p__D_c	1.879e-04
concentration	M_g6p_c	4.014e-04
concentration	M_q8_c	1.667e-05
concentration	M_xu5p__D_c	2.311e-04
concentration	M_q8h2_c	5.998e-04
concentration	M_e4p_c	1.361e-05
concentration	M_13dpg_c	1.826e-05
concentration	M_s7p_c	6.939e-04
concentration	M_2pg_c	1.947e-04
concentration	M_actp_c	1.442e-03
concentration	M_lac__D_c	1.000e-04
concentration	M_etoh_c	1.000e-04
concentration	M_6pgc_c	1.179e-04
concentration	M_fdp_c	1.599e-04
concentration	M_6pgl_c	1.830e-05
concentration	M_acon_C_c	3.190e-05
concentration	M_glu__L_c	2.220e-02
concentration	M_icit_c	2.222e-05
concentration	M_f6p_c	2.897e-04

!!SBtab TableID='Predicted Gibbs energies' TableType='Quantity' TableName='Predicted Gibbs energies' SBtabVersion='1.0' Unit='kJ/mol'
!QuantityType	!Reaction	!Value
reaction gibbs energy	R_PFK	0.000e+00
reaction gibbs energy	R_PFL	0.000e+00
reaction gibbs energy	R_PGI	-1.685e+00
reaction gibbs energy	R_PGK	-1.870e-02
reaction gibbs energy	R_PGL	-1.935e+01
reaction gibbs energy	R_ACALD	0.000e+00
reaction gibbs energy	R_PGM	-1.870e-02
reaction gibbs energy	R_ALCD2x	0.000e+00
reaction gibbs energy	R_ACKr	0.000e+00
reaction gibbs energy	R_PPC	0.000e+00
reaction gibbs energy	R_ACONTa	-1.593e+00
reaction gibbs energy	R_ACONTb	-2.438e+00
reaction gibbs energy	R_ATPM	0.000e+00
reaction gibbs energy	R_PPCK	0.000e+00
reaction gibbs energy	R_PPS	-2.246e+01
reaction gibbs energy	R_ADK1	-5.523e+00
reaction gibbs energy	R_AKGDH	-3.300e+01
reaction gibbs energy	R_PTAr	0.000e+00
reaction gibbs energy	R_PYK	0.000e+00
reaction gibbs energy	R_RPE	-2.958e+00
reaction gibbs energy	R_CS	-2.240e+01
reaction gibbs energy	R_RPI	-3.589e+00
reaction gibbs energy	R_ENO	-1.870e-02
reaction gibbs energy	R_SUCDi	-1.094e+01
reaction gibbs energy	R_SUCOAS	-2.013e+00
reaction gibbs energy	R_TALA	-8.122e+00
reaction gibbs energy	R_TKT1	-1.355e+00
reaction gibbs energy	R_TKT2	-4.953e+00
reaction gibbs energy	R_TPI	-1.130e+00
reaction gibbs energy	R_FBA	-2.310e+00
reaction gibbs energy	R_FBP	-2.494e+01
reaction gibbs energy	R_FRD7	0.000e+00
reaction gibbs energy	R_FUM	-1.741e+00
reaction gibbs energy	R_G6PDH2r	-7.825e+00
reaction gibbs energy	R_GAPD	-1.697e+00
reaction gibbs energy	R_GLNS	-1.105e+01
reaction gibbs energy	R_GLUDy	0.000e+00
reaction gibbs energy	R_GLUN	0.000e+00
reaction gibbs energy	R_GLUSy	-3.756e+01
reaction gibbs energy	R_GND	-2.438e+00
reaction gibbs energy	R_ICDHyr	-2.626e+00
reaction gibbs energy	R_ICL	0.000e+00
reaction gibbs energy	R_LDH_D	0.000e+00
reaction gibbs energy	R_MALS	0.000e+00
reaction gibbs energy	R_MDH	-9.607e-01
reaction gibbs energy	R_ME1	-1.925e+01
reaction gibbs energy	R_ME2	0.000e+00
reaction gibbs energy	R_NADTRHD	0.000e+00
reaction gibbs energy	R_PDH	-4.440e+01

