!!!SBtab DocumentName='report' SBtabVersion='1.0' Date='2022-6-9'
!!SBtab TableID='Predicted concentrations' TableType='Quantity' TableName='Predicted concentrations' SBtabVersion='1.0' Unit='M'
!QuantityType	!Compound	!Value
concentration	M_h2o_c	1.000e+00
concentration	M_atp_c	1.485e-03
concentration	M_nadp_c	6.783e-06
concentration	M_nadph_c	4.777e-05
concentration	M_adp_c	4.529e-04
concentration	M_nad_c	2.288e-03
concentration	M_pi_c	1.000e-02
concentration	M_nadh_c	3.822e-06
concentration	M_coa_c	8.493e-04
concentration	M_co2_c	3.622e-05
concentration	M_amp_c	2.677e-04
concentration	M_nh4_c	3.796e-05
concentration	M_akg_c	2.498e-04
concentration	M_accoa_c	7.050e-04
concentration	M_pyr_c	9.317e-04
concentration	M_succ_c	4.121e-04
concentration	M_ac_c	1.000e-04
concentration	M_gln__L_c	2.099e-03
concentration	M_for_c	1.000e-04
concentration	M_oaa_c	1.310e-06
concentration	M_glx_c	1.000e-04
concentration	M_pep_c	1.096e-04
concentration	M_g3p_c	4.599e-05
concentration	M_acald_c	1.000e-04
concentration	M_dhap_c	9.827e-04
concentration	M_succoa_c	3.901e-04
concentration	M_fum_c	2.732e-03
concentration	M_mal__L_c	1.436e-03
concentration	M_r5p_c	1.414e-04
concentration	M_3pg_c	2.230e-03
concentration	M_cit_c	3.373e-03
concentration	M_ru5p__D_c	4.390e-04
concentration	M_g6p_c	2.608e-04
concentration	M_q8_c	2.498e-05
concentration	M_xu5p__D_c	2.571e-04
concentration	M_q8h2_c	4.004e-04
concentration	M_e4p_c	1.217e-05
concentration	M_13dpg_c	1.826e-05
concentration	M_s7p_c	5.611e-04
concentration	M_2pg_c	9.963e-05
concentration	M_actp_c	1.443e-03
concentration	M_lac__D_c	2.894e-04
concentration	M_etoh_c	1.000e-04
concentration	M_6pgc_c	9.825e-05
concentration	M_fdp_c	9.508e-04
concentration	M_6pgl_c	8.063e-06
concentration	M_acon_C_c	1.533e-05
concentration	M_glu__L_c	2.195e-02
concentration	M_icit_c	4.078e-06
concentration	M_f6p_c	4.151e-04

!!SBtab TableID='Predicted Gibbs energies' TableType='Quantity' TableName='Predicted Gibbs energies' SBtabVersion='1.0' Unit='kJ/mol'
!QuantityType	!Reaction	!Value
reaction gibbs energy	R_PFK	-1.578e+01
reaction gibbs energy	R_PFL	0.000e+00
reaction gibbs energy	R_PGI	-4.432e+00
reaction gibbs energy	R_PGK	-4.432e+00
reaction gibbs energy	R_PGL	-1.747e+01
reaction gibbs energy	R_ACALD	0.000e+00
reaction gibbs energy	R_PGM	-4.432e+00
reaction gibbs energy	R_ALCD2x	0.000e+00
reaction gibbs energy	R_ACKr	0.000e+00
reaction gibbs energy	R_PPC	0.000e+00
reaction gibbs energy	R_ACONTa	-4.602e+00
reaction gibbs energy	R_ACONTb	-4.795e+00
reaction gibbs energy	R_ATPM	0.000e+00
reaction gibbs energy	R_PPCK	0.000e+00
reaction gibbs energy	R_PPS	0.000e+00
reaction gibbs energy	R_ADK1	0.000e+00
reaction gibbs energy	R_AKGDH	0.000e+00
reaction gibbs energy	R_PTAr	0.000e+00
reaction gibbs energy	R_PYK	0.000e+00
reaction gibbs energy	R_RPE	-4.832e+00
reaction gibbs energy	R_CS	-1.711e+01
reaction gibbs energy	R_RPI	-4.991e+00
reaction gibbs energy	R_ENO	-4.432e+00
reaction gibbs energy	R_SUCDi	-1.322e+01
reaction gibbs energy	R_SUCOAS	0.000e+00
reaction gibbs energy	R_TALA	-5.102e+00
reaction gibbs energy	R_TKT1	-4.831e+00
reaction gibbs energy	R_TKT2	-5.994e+00
reaction gibbs energy	R_TPI	-4.432e+00
reaction gibbs energy	R_FBA	-4.432e+00
reaction gibbs energy	R_FBP	0.000e+00
reaction gibbs energy	R_FRD7	0.000e+00
reaction gibbs energy	R_FUM	-5.033e+00
reaction gibbs energy	R_G6PDH2r	-9.130e+00
reaction gibbs energy	R_GAPD	-4.432e+00
reaction gibbs energy	R_GLNS	-9.157e+00
reaction gibbs energy	R_GLUDy	0.000e+00
reaction gibbs energy	R_GLUN	0.000e+00
reaction gibbs energy	R_GLUSy	-3.721e+01
reaction gibbs energy	R_GND	-8.062e+00
reaction gibbs energy	R_ICDHyr	-6.286e+00
reaction gibbs energy	R_ICL	0.000e+00
reaction gibbs energy	R_LDH_D	-9.289e+00
reaction gibbs energy	R_MALS	0.000e+00
reaction gibbs energy	R_MDH	-5.123e+00
reaction gibbs energy	R_ME1	0.000e+00
reaction gibbs energy	R_ME2	0.000e+00
reaction gibbs energy	R_NADTRHD	0.000e+00
reaction gibbs energy	R_PDH	-5.752e+01

