!!!SBtab DocumentName='report' SBtabVersion='1.0' Date='2022-6-9'
!!SBtab TableID='Predicted concentrations' TableType='Quantity' TableName='Predicted concentrations' SBtabVersion='1.0' Unit='M'
!QuantityType	!Compound	!Value
concentration	M_h2o_c	1.000e+00
concentration	M_atp_c	2.427e-03
concentration	M_nadp_c	6.647e-06
concentration	M_nadph_c	5.332e-05
concentration	M_adp_c	2.609e-04
concentration	M_nad_c	1.963e-03
concentration	M_pi_c	8.865e-03
concentration	M_nadh_c	4.493e-06
concentration	M_coa_c	1.079e-02
concentration	M_co2_c	2.763e-05
concentration	M_amp_c	2.715e-04
concentration	M_nh4_c	1.435e-05
concentration	M_akg_c	3.050e-04
concentration	M_accoa_c	5.217e-04
concentration	M_pyr_c	1.022e-03
concentration	M_succ_c	4.067e-04
concentration	M_ac_c	1.000e-02
concentration	M_gln__L_c	2.099e-03
concentration	M_for_c	1.000e-04
concentration	M_oaa_c	1.360e-04
concentration	M_glx_c	1.000e-04
concentration	M_pep_c	1.748e-04
concentration	M_g3p_c	3.788e-05
concentration	M_acald_c	1.000e-04
concentration	M_dhap_c	8.211e-04
concentration	M_succoa_c	3.901e-04
concentration	M_fum_c	1.246e-03
concentration	M_mal__L_c	2.312e-03
concentration	M_r5p_c	9.765e-05
concentration	M_3pg_c	1.624e-03
concentration	M_cit_c	2.350e-03
concentration	M_ru5p__D_c	2.570e-04
concentration	M_g6p_c	3.538e-04
concentration	M_q8_c	2.509e-05
concentration	M_xu5p__D_c	2.056e-04
concentration	M_q8h2_c	3.986e-04
concentration	M_e4p_c	1.342e-05
concentration	M_13dpg_c	2.171e-05
concentration	M_s7p_c	7.500e-04
concentration	M_2pg_c	1.005e-04
concentration	M_actp_c	1.020e-03
concentration	M_lac__D_c	1.000e-04
concentration	M_etoh_c	1.000e-04
concentration	M_6pgc_c	9.241e-05
concentration	M_fdp_c	6.746e-04
concentration	M_6pgl_c	1.852e-05
concentration	M_acon_C_c	2.563e-05
concentration	M_glu__L_c	2.189e-02
concentration	M_icit_c	1.076e-05
concentration	M_f6p_c	3.023e-04

!!SBtab TableID='Predicted Gibbs energies' TableType='Quantity' TableName='Predicted Gibbs energies' SBtabVersion='1.0' Unit='kJ/mol'
!QuantityType	!Reaction	!Value
reaction gibbs energy	R_PFK	-1.934e+01
reaction gibbs energy	R_PFL	0.000e+00
reaction gibbs energy	R_PGI	-2.176e+00
reaction gibbs energy	R_PGK	-3.247e+00
reaction gibbs energy	R_PGL	-1.974e+01
reaction gibbs energy	R_ACALD	0.000e+00
reaction gibbs energy	R_PGM	-2.495e+00
reaction gibbs energy	R_ALCD2x	0.000e+00
reaction gibbs energy	R_ACKr	-1.274e+00
reaction gibbs energy	R_PPC	-2.547e+01
reaction gibbs energy	R_ACONTa	-2.495e+00
reaction gibbs energy	R_ACONTb	-3.639e+00
reaction gibbs energy	R_ATPM	0.000e+00
reaction gibbs energy	R_PPCK	0.000e+00
reaction gibbs energy	R_PPS	-2.338e+01
reaction gibbs energy	R_ADK1	-5.532e+00
reaction gibbs energy	R_AKGDH	0.000e+00
reaction gibbs energy	R_PTAr	-7.636e+00
reaction gibbs energy	R_PYK	0.000e+00
reaction gibbs energy	R_RPE	-3.925e+00
reaction gibbs energy	R_CS	-2.250e+01
reaction gibbs energy	R_RPI	-4.518e+00
reaction gibbs energy	R_ENO	-2.491e+00
reaction gibbs energy	R_SUCDi	-1.486e+01
reaction gibbs energy	R_SUCOAS	0.000e+00
reaction gibbs energy	R_TALA	-5.800e+00
reaction gibbs energy	R_TKT1	-2.951e+00
reaction gibbs energy	R_TKT2	-6.778e+00
reaction gibbs energy	R_TPI	-2.065e+00
reaction gibbs energy	R_FBA	-2.199e+00
reaction gibbs energy	R_FBP	0.000e+00
reaction gibbs energy	R_FRD7	0.000e+00
reaction gibbs energy	R_FUM	0.000e+00
reaction gibbs energy	R_G6PDH2r	-7.241e+00
reaction gibbs energy	R_GAPD	-1.637e+00
reaction gibbs energy	R_GLNS	-9.689e+00
reaction gibbs energy	R_GLUDy	0.000e+00
reaction gibbs energy	R_GLUN	0.000e+00
reaction gibbs energy	R_GLUSy	-3.828e+01
reaction gibbs energy	R_GND	-7.914e+00
reaction gibbs energy	R_ICDHyr	-7.154e+00
reaction gibbs energy	R_ICL	0.000e+00
reaction gibbs energy	R_LDH_D	0.000e+00
reaction gibbs energy	R_MALS	0.000e+00
reaction gibbs energy	R_MDH	0.000e+00
reaction gibbs energy	R_ME1	0.000e+00
reaction gibbs energy	R_ME2	0.000e+00
reaction gibbs energy	R_NADTRHD	0.000e+00
reaction gibbs energy	R_PDH	0.000e+00

