!!!SBtab DocumentName='report' SBtabVersion='1.0' Date='2022-6-9'
!!SBtab TableID='Predicted concentrations' TableType='Quantity' TableName='Predicted concentrations' SBtabVersion='1.0' Unit='M'
!QuantityType	!Compound	!Value
concentration	M_h2o_c	1.000e+00
concentration	M_atp_c	1.893e-03
concentration	M_nadp_c	6.611e-06
concentration	M_nadph_c	5.154e-05
concentration	M_adp_c	3.353e-04
concentration	M_nad_c	1.535e-03
concentration	M_pi_c	4.420e-03
concentration	M_nadh_c	1.988e-04
concentration	M_coa_c	8.375e-03
concentration	M_co2_c	5.160e-05
concentration	M_amp_c	2.738e-04
concentration	M_nh4_c	1.038e-05
concentration	M_akg_c	2.855e-04
concentration	M_accoa_c	5.511e-04
concentration	M_pyr_c	9.305e-04
concentration	M_succ_c	4.269e-04
concentration	M_ac_c	1.000e-04
concentration	M_gln__L_c	2.131e-03
concentration	M_for_c	1.000e-04
concentration	M_oaa_c	1.861e-04
concentration	M_glx_c	1.959e-05
concentration	M_pep_c	6.167e-04
concentration	M_g3p_c	1.495e-04
concentration	M_acald_c	1.000e-04
concentration	M_dhap_c	4.857e-04
concentration	M_succoa_c	3.901e-04
concentration	M_fum_c	1.729e-03
concentration	M_mal__L_c	1.765e-03
concentration	M_r5p_c	1.388e-04
concentration	M_3pg_c	1.020e-03
concentration	M_cit_c	2.347e-03
concentration	M_ru5p__D_c	2.893e-04
concentration	M_g6p_c	3.480e-04
concentration	M_q8_c	1.933e-05
concentration	M_xu5p__D_c	3.072e-04
concentration	M_q8h2_c	5.173e-04
concentration	M_e4p_c	1.360e-05
concentration	M_13dpg_c	3.132e-05
concentration	M_s7p_c	5.785e-04
concentration	M_2pg_c	1.322e-04
concentration	M_actp_c	1.442e-03
concentration	M_lac__D_c	1.000e-04
concentration	M_etoh_c	1.000e-04
concentration	M_6pgc_c	9.633e-05
concentration	M_fdp_c	1.478e-04
concentration	M_6pgl_c	2.683e-05
concentration	M_acon_C_c	2.454e-05
concentration	M_glu__L_c	2.189e-02
concentration	M_icit_c	1.044e-05
concentration	M_f6p_c	3.084e-04

!!SBtab TableID='Predicted Gibbs energies' TableType='Quantity' TableName='Predicted Gibbs energies' SBtabVersion='1.0' Unit='kJ/mol'
!QuantityType	!Reaction	!Value
reaction gibbs energy	R_PFK	0.000e+00
reaction gibbs energy	R_PFL	0.000e+00
reaction gibbs energy	R_PGI	-2.203e+00
reaction gibbs energy	R_PGK	0.000e+00
reaction gibbs energy	R_PGL	-2.086e+01
reaction gibbs energy	R_ACALD	0.000e+00
reaction gibbs energy	R_PGM	-1.384e+00
reaction gibbs energy	R_ALCD2x	0.000e+00
reaction gibbs energy	R_ACKr	0.000e+00
reaction gibbs energy	R_PPC	-3.271e+01
reaction gibbs energy	R_ACONTa	-2.551e+00
reaction gibbs energy	R_ACONTb	-3.674e+00
reaction gibbs energy	R_ATPM	0.000e+00
reaction gibbs energy	R_PPCK	0.000e+00
reaction gibbs energy	R_PPS	-2.108e+01
reaction gibbs energy	R_ADK1	-3.667e+00
reaction gibbs energy	R_AKGDH	0.000e+00
reaction gibbs energy	R_PTAr	0.000e+00
reaction gibbs energy	R_PYK	0.000e+00
reaction gibbs energy	R_RPE	-3.369e+00
reaction gibbs energy	R_CS	-2.446e+01
reaction gibbs energy	R_RPI	-3.975e+00
reaction gibbs energy	R_ENO	-1.384e+00
reaction gibbs energy	R_SUCDi	-1.274e+01
reaction gibbs energy	R_SUCOAS	0.000e+00
reaction gibbs energy	R_TALA	-8.566e+00
reaction gibbs energy	R_TKT1	-2.242e+00
reaction gibbs energy	R_TKT2	-4.538e+00
reaction gibbs energy	R_TPI	-2.341e+00
reaction gibbs energy	R_FBA	-3.379e+00
reaction gibbs energy	R_FBP	-2.416e+01
reaction gibbs energy	R_FRD7	0.000e+00
reaction gibbs energy	R_FUM	-3.372e+00
reaction gibbs energy	R_G6PDH2r	-6.241e+00
reaction gibbs energy	R_GAPD	0.000e+00
reaction gibbs energy	R_GLNS	-9.401e+00
reaction gibbs energy	R_GLUDy	0.000e+00
reaction gibbs energy	R_GLUN	0.000e+00
reaction gibbs energy	R_GLUSy	-3.834e+01
reaction gibbs energy	R_GND	-5.477e+00
reaction gibbs energy	R_ICDHyr	-4.971e+00
reaction gibbs energy	R_ICL	-8.582e+00
reaction gibbs energy	R_LDH_D	0.000e+00
reaction gibbs energy	R_MALS	-1.785e+01
reaction gibbs energy	R_MDH	0.000e+00
reaction gibbs energy	R_ME1	0.000e+00
reaction gibbs energy	R_ME2	-7.613e+00
reaction gibbs energy	R_NADTRHD	-1.026e+01
reaction gibbs energy	R_PDH	-5.432e+01

