!!!SBtab DocumentName='report' SBtabVersion='1.0' Date='2022-6-9'
!!SBtab TableID='Predicted concentrations' TableType='Quantity' TableName='Predicted concentrations' SBtabVersion='1.0' Unit='M'
!QuantityType	!Compound	!Value
concentration	M_h2o_c	1.000e+00
concentration	M_atp_c	1.911e-03
concentration	M_nadp_c	6.769e-06
concentration	M_nadph_c	4.843e-05
concentration	M_adp_c	3.327e-04
concentration	M_nad_c	1.600e-03
concentration	M_pi_c	4.547e-03
concentration	M_nadh_c	1.231e-05
concentration	M_coa_c	5.413e-03
concentration	M_co2_c	9.897e-05
concentration	M_amp_c	2.748e-04
concentration	M_nh4_c	2.046e-05
concentration	M_akg_c	2.702e-04
concentration	M_accoa_c	5.725e-04
concentration	M_pyr_c	9.173e-04
concentration	M_succ_c	4.323e-04
concentration	M_ac_c	9.985e-05
concentration	M_gln__L_c	2.097e-03
concentration	M_for_c	9.985e-05
concentration	M_oaa_c	1.649e-06
concentration	M_glx_c	2.172e-05
concentration	M_pep_c	6.167e-04
concentration	M_g3p_c	1.465e-04
concentration	M_acald_c	9.985e-05
concentration	M_dhap_c	4.795e-04
concentration	M_succoa_c	3.899e-04
concentration	M_fum_c	2.180e-03
concentration	M_mal__L_c	3.000e-03
concentration	M_r5p_c	1.377e-04
concentration	M_3pg_c	1.020e-03
concentration	M_cit_c	2.351e-03
concentration	M_ru5p__D_c	2.829e-04
concentration	M_g6p_c	3.485e-04
concentration	M_q8_c	2.014e-05
concentration	M_xu5p__D_c	3.065e-04
concentration	M_q8h2_c	4.949e-04
concentration	M_e4p_c	1.378e-05
concentration	M_13dpg_c	3.132e-05
concentration	M_s7p_c	5.747e-04
concentration	M_2pg_c	1.322e-04
concentration	M_actp_c	1.442e-03
concentration	M_lac__D_c	9.985e-05
concentration	M_etoh_c	9.985e-05
concentration	M_6pgc_c	1.056e-04
concentration	M_fdp_c	1.446e-04
concentration	M_6pgl_c	1.965e-05
concentration	M_acon_C_c	2.510e-05
concentration	M_glu__L_c	2.173e-02
concentration	M_icit_c	1.182e-05
concentration	M_f6p_c	3.147e-04

!!SBtab TableID='Predicted Gibbs energies' TableType='Quantity' TableName='Predicted Gibbs energies' SBtabVersion='1.0' Unit='kJ/mol'
!QuantityType	!Reaction	!Value
reaction gibbs energy	R_PFK	0.000e+00
reaction gibbs energy	R_PFL	0.000e+00
reaction gibbs energy	R_PGI	-2.249e+00
reaction gibbs energy	R_PGK	0.000e+00
reaction gibbs energy	R_PGL	-1.986e+01
reaction gibbs energy	R_ACALD	0.000e+00
reaction gibbs energy	R_PGM	-1.384e+00
reaction gibbs energy	R_ALCD2x	0.000e+00
reaction gibbs energy	R_ACKr	0.000e+00
reaction gibbs energy	R_PPC	0.000e+00
reaction gibbs energy	R_ACONTa	-2.501e+00
reaction gibbs energy	R_ACONTb	-3.421e+00
reaction gibbs energy	R_ATPM	0.000e+00
reaction gibbs energy	R_PPCK	0.000e+00
reaction gibbs energy	R_PPS	-2.099e+01
reaction gibbs energy	R_ADK1	-3.737e+00
reaction gibbs energy	R_AKGDH	0.000e+00
reaction gibbs energy	R_PTAr	0.000e+00
reaction gibbs energy	R_PYK	0.000e+00
reaction gibbs energy	R_RPE	-3.318e+00
reaction gibbs energy	R_CS	-1.392e+01
reaction gibbs energy	R_RPI	-3.939e+00
reaction gibbs energy	R_ENO	-1.384e+00
reaction gibbs energy	R_SUCDi	-1.240e+01
reaction gibbs energy	R_SUCOAS	0.000e+00
reaction gibbs energy	R_TALA	-8.419e+00
reaction gibbs energy	R_TKT1	-2.283e+00
reaction gibbs energy	R_TKT2	-4.564e+00
reaction gibbs energy	R_TPI	-2.323e+00
reaction gibbs energy	R_FBA	-3.352e+00
reaction gibbs energy	R_FBP	-2.398e+01
reaction gibbs energy	R_FRD7	0.000e+00
reaction gibbs energy	R_FUM	-2.632e+00
reaction gibbs energy	R_G6PDH2r	-7.229e+00
reaction gibbs energy	R_GAPD	0.000e+00
reaction gibbs energy	R_GLNS	-1.108e+01
reaction gibbs energy	R_GLUDy	0.000e+00
reaction gibbs energy	R_GLUN	0.000e+00
reaction gibbs energy	R_GLUSy	-3.798e+01
reaction gibbs energy	R_GND	-4.359e+00
reaction gibbs energy	R_ICDHyr	-4.015e+00
reaction gibbs energy	R_ICL	-8.604e+00
reaction gibbs energy	R_LDH_D	0.000e+00
reaction gibbs energy	R_MALS	-1.796e+01
reaction gibbs energy	R_MDH	-2.510e+00
reaction gibbs energy	R_ME1	0.000e+00
reaction gibbs energy	R_ME2	-7.562e+00
reaction gibbs energy	R_NADTRHD	-1.704e+01
reaction gibbs energy	R_PDH	-5.850e+01

