!!!SBtab DocumentName='report' SBtabVersion='1.0' Date='2022-6-9'
!!SBtab TableID='Predicted concentrations' TableType='Quantity' TableName='Predicted concentrations' SBtabVersion='1.0' Unit='M'
!QuantityType	!Compound	!Value
concentration	M_h2o_c	1.000e+00
concentration	M_atp_c	1.894e-03
concentration	M_nadp_c	6.723e-06
concentration	M_nadph_c	5.038e-05
concentration	M_adp_c	3.323e-04
concentration	M_nad_c	1.986e-03
concentration	M_pi_c	9.015e-03
concentration	M_nadh_c	4.549e-06
concentration	M_coa_c	1.137e-04
concentration	M_co2_c	6.983e-05
concentration	M_amp_c	2.793e-04
concentration	M_nh4_c	1.995e-05
concentration	M_akg_c	2.547e-04
concentration	M_accoa_c	1.351e-03
concentration	M_pyr_c	8.560e-04
concentration	M_succ_c	4.019e-04
concentration	M_ac_c	5.773e-04
concentration	M_gln__L_c	2.088e-03
concentration	M_for_c	1.000e-04
concentration	M_oaa_c	3.010e-06
concentration	M_glx_c	1.000e-04
concentration	M_pep_c	6.167e-04
concentration	M_g3p_c	3.899e-05
concentration	M_acald_c	1.000e-04
concentration	M_dhap_c	8.097e-04
concentration	M_succoa_c	5.576e-04
concentration	M_fum_c	1.908e-03
concentration	M_mal__L_c	2.156e-03
concentration	M_r5p_c	9.357e-05
concentration	M_3pg_c	1.020e-03
concentration	M_cit_c	2.398e-03
concentration	M_ru5p__D_c	2.466e-04
concentration	M_g6p_c	4.845e-04
concentration	M_q8_c	2.050e-05
concentration	M_xu5p__D_c	2.114e-04
concentration	M_q8h2_c	4.878e-04
concentration	M_e4p_c	1.349e-05
concentration	M_13dpg_c	2.145e-05
concentration	M_s7p_c	7.518e-04
concentration	M_2pg_c	1.322e-04
concentration	M_actp_c	1.226e-03
concentration	M_lac__D_c	3.905e-04
concentration	M_etoh_c	1.000e-04
concentration	M_6pgc_c	1.012e-04
concentration	M_fdp_c	6.613e-04
concentration	M_6pgl_c	1.688e-05
concentration	M_acon_C_c	2.554e-05
concentration	M_glu__L_c	2.233e-02
concentration	M_icit_c	1.155e-05
concentration	M_f6p_c	2.179e-04

!!SBtab TableID='Predicted Gibbs energies' TableType='Quantity' TableName='Predicted Gibbs energies' SBtabVersion='1.0' Unit='kJ/mol'
!QuantityType	!Reaction	!Value
reaction gibbs energy	R_PFK	-1.771e+01
reaction gibbs energy	R_PFL	0.000e+00
reaction gibbs energy	R_PGI	0.000e+00
reaction gibbs energy	R_PGK	-5.678e+00
reaction gibbs energy	R_PGL	-1.959e+01
reaction gibbs energy	R_ACALD	0.000e+00
reaction gibbs energy	R_PGM	-1.384e+00
reaction gibbs energy	R_ALCD2x	0.000e+00
reaction gibbs energy	R_ACKr	-1.162e+01
reaction gibbs energy	R_PPC	-4.191e+01
reaction gibbs energy	R_ACONTa	-2.506e+00
reaction gibbs energy	R_ACONTb	-3.521e+00
reaction gibbs energy	R_ATPM	0.000e+00
reaction gibbs energy	R_PPCK	0.000e+00
reaction gibbs energy	R_PPS	-1.906e+01
reaction gibbs energy	R_ADK1	-3.764e+00
reaction gibbs energy	R_AKGDH	-4.223e+01
reaction gibbs energy	R_PTAr	-2.034e+00
reaction gibbs energy	R_PYK	0.000e+00
reaction gibbs energy	R_RPE	-3.898e+00
reaction gibbs energy	R_CS	-2.706e+01
reaction gibbs energy	R_RPI	-4.556e+00
reaction gibbs energy	R_ENO	-1.384e+00
reaction gibbs energy	R_SUCDi	-1.263e+01
reaction gibbs energy	R_SUCOAS	-5.599e+00
reaction gibbs energy	R_TALA	-6.768e+00
reaction gibbs energy	R_TKT1	-3.020e+00
reaction gibbs energy	R_TKT2	0.000e+00
reaction gibbs energy	R_TPI	-2.255e+00
reaction gibbs energy	R_FBA	-2.397e+00
reaction gibbs energy	R_FBP	0.000e+00
reaction gibbs energy	R_FRD7	0.000e+00
reaction gibbs energy	R_FUM	-3.121e+00
reaction gibbs energy	R_G6PDH2r	-8.307e+00
reaction gibbs energy	R_GAPD	-1.815e+00
reaction gibbs energy	R_GLNS	-9.380e+00
reaction gibbs energy	R_GLUDy	0.000e+00
reaction gibbs energy	R_GLUN	0.000e+00
reaction gibbs energy	R_GLUSy	-3.780e+01
reaction gibbs energy	R_GND	-5.344e+00
reaction gibbs energy	R_ICDHyr	-4.854e+00
reaction gibbs energy	R_ICL	0.000e+00
reaction gibbs energy	R_LDH_D	-9.120e+00
reaction gibbs energy	R_MALS	0.000e+00
reaction gibbs energy	R_MDH	-3.200e+00
reaction gibbs energy	R_ME1	0.000e+00
reaction gibbs energy	R_ME2	0.000e+00
reaction gibbs energy	R_NADTRHD	0.000e+00
reaction gibbs energy	R_PDH	-5.049e+01

