!!!SBtab DocumentName='report' SBtabVersion='1.0' Date='2022-6-9'
!!SBtab TableID='Predicted concentrations' TableType='Quantity' TableName='Predicted concentrations' SBtabVersion='1.0' Unit='M'
!QuantityType	!Compound	!Value
concentration	M_h2o_c	1.000e+00
concentration	M_atp_c	1.485e-03
concentration	M_nadp_c	6.895e-06
concentration	M_nadph_c	4.708e-05
concentration	M_adp_c	4.529e-04
concentration	M_nad_c	2.288e-03
concentration	M_pi_c	1.000e-02
concentration	M_nadh_c	3.822e-06
concentration	M_coa_c	7.258e-03
concentration	M_co2_c	5.039e-05
concentration	M_amp_c	2.677e-04
concentration	M_nh4_c	3.422e-05
concentration	M_akg_c	2.413e-04
concentration	M_accoa_c	5.498e-04
concentration	M_pyr_c	1.212e-03
concentration	M_succ_c	4.090e-04
concentration	M_ac_c	1.000e-04
concentration	M_gln__L_c	2.078e-03
concentration	M_for_c	1.000e-04
concentration	M_oaa_c	6.785e-05
concentration	M_glx_c	7.994e-06
concentration	M_pep_c	1.096e-04
concentration	M_g3p_c	4.094e-05
concentration	M_acald_c	1.000e-04
concentration	M_dhap_c	9.870e-04
concentration	M_succoa_c	3.901e-04
concentration	M_fum_c	2.234e-03
concentration	M_mal__L_c	1.045e-03
concentration	M_r5p_c	1.156e-04
concentration	M_3pg_c	2.230e-03
concentration	M_cit_c	3.294e-03
concentration	M_ru5p__D_c	3.987e-04
concentration	M_g6p_c	9.448e-04
concentration	M_q8_c	2.242e-05
concentration	M_xu5p__D_c	2.386e-04
concentration	M_q8h2_c	4.461e-04
concentration	M_e4p_c	1.323e-05
concentration	M_13dpg_c	1.826e-05
concentration	M_s7p_c	5.542e-04
concentration	M_2pg_c	9.770e-05
concentration	M_actp_c	1.442e-03
concentration	M_lac__D_c	2.464e-04
concentration	M_etoh_c	1.000e-04
concentration	M_6pgc_c	8.647e-05
concentration	M_fdp_c	9.508e-04
concentration	M_6pgl_c	3.473e-05
concentration	M_acon_C_c	1.624e-05
concentration	M_glu__L_c	2.237e-02
concentration	M_icit_c	4.569e-06
concentration	M_f6p_c	1.267e-04

!!SBtab TableID='Predicted Gibbs energies' TableType='Quantity' TableName='Predicted Gibbs energies' SBtabVersion='1.0' Unit='kJ/mol'
!QuantityType	!Reaction	!Value
reaction gibbs energy	R_PFK	-1.274e+01
reaction gibbs energy	R_PFL	0.000e+00
reaction gibbs energy	R_PGI	-4.154e+00
reaction gibbs energy	R_PGK	-4.154e+00
reaction gibbs energy	R_PGL	-2.166e+01
reaction gibbs energy	R_ACALD	0.000e+00
reaction gibbs energy	R_PGM	-4.154e+00
reaction gibbs energy	R_ALCD2x	0.000e+00
reaction gibbs energy	R_ACKr	0.000e+00
reaction gibbs energy	R_PPC	-2.472e+01
reaction gibbs energy	R_ACONTa	-4.399e+00
reaction gibbs energy	R_ACONTb	-4.653e+00
reaction gibbs energy	R_ATPM	0.000e+00
reaction gibbs energy	R_PPCK	0.000e+00
reaction gibbs energy	R_PPS	0.000e+00
reaction gibbs energy	R_ADK1	0.000e+00
reaction gibbs energy	R_AKGDH	0.000e+00
reaction gibbs energy	R_PTAr	0.000e+00
reaction gibbs energy	R_PYK	0.000e+00
reaction gibbs energy	R_RPE	-5.147e+00
reaction gibbs energy	R_CS	-2.109e+01
reaction gibbs energy	R_RPI	-5.272e+00
reaction gibbs energy	R_ENO	-4.154e+00
reaction gibbs energy	R_SUCDi	-1.293e+01
reaction gibbs energy	R_SUCOAS	0.000e+00
reaction gibbs energy	R_TALA	-7.748e+00
reaction gibbs energy	R_TKT1	-4.926e+00
reaction gibbs energy	R_TKT2	0.000e+00
reaction gibbs energy	R_TPI	-4.154e+00
reaction gibbs energy	R_FBA	-4.154e+00
reaction gibbs energy	R_FBP	0.000e+00
reaction gibbs energy	R_FRD7	0.000e+00
reaction gibbs energy	R_FUM	-5.318e+00
reaction gibbs energy	R_G6PDH2r	-8.897e+00
reaction gibbs energy	R_GAPD	-4.154e+00
reaction gibbs energy	R_GLNS	-8.991e+00
reaction gibbs energy	R_GLUDy	0.000e+00
reaction gibbs energy	R_GLUN	0.000e+00
reaction gibbs energy	R_GLUSy	-3.706e+01
reaction gibbs energy	R_GND	-7.599e+00
reaction gibbs energy	R_ICDHyr	-5.978e+00
reaction gibbs energy	R_ICL	-8.571e+00
reaction gibbs energy	R_LDH_D	-1.034e+01
reaction gibbs energy	R_MALS	-2.001e+01
reaction gibbs energy	R_MDH	0.000e+00
reaction gibbs energy	R_ME1	-2.963e+01
reaction gibbs energy	R_ME2	-8.804e+00
reaction gibbs energy	R_NADTRHD	0.000e+00
reaction gibbs energy	R_PDH	-6.305e+01

