!!!SBtab DocumentName='report' SBtabVersion='1.0' Date='2022-6-9'
!!SBtab TableID='Predicted concentrations' TableType='Quantity' TableName='Predicted concentrations' SBtabVersion='1.0' Unit='M'
!QuantityType	!Compound	!Value
concentration	M_h2o_c	1.000e+00
concentration	M_atp_c	2.427e-03
concentration	M_nadp_c	6.654e-06
concentration	M_nadph_c	5.200e-05
concentration	M_adp_c	2.609e-04
concentration	M_nad_c	1.611e-03
concentration	M_pi_c	1.139e-03
concentration	M_nadh_c	1.379e-05
concentration	M_coa_c	8.876e-04
concentration	M_co2_c	1.085e-04
concentration	M_amp_c	2.677e-04
concentration	M_nh4_c	5.643e-06
concentration	M_akg_c	2.982e-04
concentration	M_accoa_c	6.738e-04
concentration	M_pyr_c	1.010e-03
concentration	M_succ_c	4.043e-04
concentration	M_ac_c	1.000e-04
concentration	M_gln__L_c	2.129e-03
concentration	M_for_c	1.000e-04
concentration	M_oaa_c	2.320e-06
concentration	M_glx_c	1.000e-04
concentration	M_pep_c	6.167e-04
concentration	M_g3p_c	1.137e-04
concentration	M_acald_c	1.000e-04
concentration	M_dhap_c	5.584e-04
concentration	M_succoa_c	3.901e-04
concentration	M_fum_c	1.716e-03
concentration	M_mal__L_c	3.076e-03
concentration	M_r5p_c	1.116e-04
concentration	M_3pg_c	2.056e-03
concentration	M_cit_c	1.998e-03
concentration	M_ru5p__D_c	2.219e-04
concentration	M_g6p_c	4.047e-04
concentration	M_q8_c	1.605e-05
concentration	M_xu5p__D_c	2.480e-04
concentration	M_q8h2_c	6.231e-04
concentration	M_e4p_c	1.361e-05
concentration	M_13dpg_c	1.826e-05
concentration	M_s7p_c	6.653e-04
concentration	M_2pg_c	1.947e-04
concentration	M_actp_c	1.442e-03
concentration	M_lac__D_c	6.579e-04
concentration	M_etoh_c	1.000e-04
concentration	M_6pgc_c	9.707e-05
concentration	M_fdp_c	1.762e-04
concentration	M_6pgl_c	1.412e-05
concentration	M_acon_C_c	2.944e-05
concentration	M_glu__L_c	2.164e-02
concentration	M_icit_c	1.664e-05
concentration	M_f6p_c	2.786e-04

!!SBtab TableID='Predicted Gibbs energies' TableType='Quantity' TableName='Predicted Gibbs energies' SBtabVersion='1.0' Unit='kJ/mol'
!QuantityType	!Reaction	!Value
reaction gibbs energy	R_PFK	0.000e+00
reaction gibbs energy	R_PFL	0.000e+00
reaction gibbs energy	R_PGI	-1.568e+00
reaction gibbs energy	R_PGK	-1.870e-02
reaction gibbs energy	R_PGL	-1.919e+01
reaction gibbs energy	R_ACALD	0.000e+00
reaction gibbs energy	R_PGM	-1.870e-02
reaction gibbs energy	R_ALCD2x	0.000e+00
reaction gibbs energy	R_ACKr	0.000e+00
reaction gibbs energy	R_PPC	0.000e+00
reaction gibbs energy	R_ACONTa	-1.707e+00
reaction gibbs energy	R_ACONTb	-2.956e+00
reaction gibbs energy	R_ATPM	0.000e+00
reaction gibbs energy	R_PPCK	-2.342e+00
reaction gibbs energy	R_PPS	0.000e+00
reaction gibbs energy	R_ADK1	0.000e+00
reaction gibbs energy	R_AKGDH	0.000e+00
reaction gibbs energy	R_PTAr	0.000e+00
reaction gibbs energy	R_PYK	-2.019e+01
reaction gibbs energy	R_RPE	-3.195e+00
reaction gibbs energy	R_CS	-2.004e+01
reaction gibbs energy	R_RPI	-3.848e+00
reaction gibbs energy	R_ENO	-1.870e-02
reaction gibbs energy	R_SUCDi	-1.146e+01
reaction gibbs energy	R_SUCOAS	0.000e+00
reaction gibbs energy	R_TALA	-8.457e+00
reaction gibbs energy	R_TKT1	-1.444e+00
reaction gibbs energy	R_TKT2	-4.881e+00
reaction gibbs energy	R_TPI	-1.296e+00
reaction gibbs energy	R_FBA	-2.590e+00
reaction gibbs energy	R_FBP	-2.818e+01
reaction gibbs energy	R_FRD7	0.000e+00
reaction gibbs energy	R_FUM	-1.978e+00
reaction gibbs energy	R_G6PDH2r	-8.201e+00
reaction gibbs energy	R_GAPD	-2.091e+00
reaction gibbs energy	R_GLNS	-1.244e+01
reaction gibbs energy	R_GLUDy	0.000e+00
reaction gibbs energy	R_GLUN	0.000e+00
reaction gibbs energy	R_GLUSy	-3.851e+01
reaction gibbs energy	R_GND	-4.289e+00
reaction gibbs energy	R_ICDHyr	-4.155e+00
reaction gibbs energy	R_ICL	0.000e+00
reaction gibbs energy	R_LDH_D	-1.150e+01
reaction gibbs energy	R_MALS	0.000e+00
reaction gibbs energy	R_MDH	-1.459e+00
reaction gibbs energy	R_ME1	0.000e+00
reaction gibbs energy	R_ME2	0.000e+00
reaction gibbs energy	R_NADTRHD	0.000e+00
reaction gibbs energy	R_PDH	-5.311e+01

