!!!SBtab DocumentName='report' SBtabVersion='1.0' Date='2022-6-9'
!!SBtab TableID='Predicted concentrations' TableType='Quantity' TableName='Predicted concentrations' SBtabVersion='1.0' Unit='M'
!QuantityType	!Compound	!Value
concentration	M_h2o_c	1.000e+00
concentration	M_atp_c	2.427e-03
concentration	M_nadp_c	6.723e-06
concentration	M_nadph_c	5.111e-05
concentration	M_adp_c	2.609e-04
concentration	M_nad_c	1.948e-03
concentration	M_pi_c	8.799e-03
concentration	M_nadh_c	4.272e-06
concentration	M_coa_c	1.138e-02
concentration	M_co2_c	4.472e-05
concentration	M_amp_c	2.677e-04
concentration	M_nh4_c	9.267e-06
concentration	M_akg_c	2.967e-04
concentration	M_accoa_c	5.322e-04
concentration	M_pyr_c	1.245e-03
concentration	M_succ_c	4.032e-04
concentration	M_ac_c	1.000e-02
concentration	M_gln__L_c	2.105e-03
concentration	M_for_c	1.000e-04
concentration	M_oaa_c	1.332e-04
concentration	M_glx_c	1.000e-04
concentration	M_pep_c	1.654e-04
concentration	M_g3p_c	3.718e-05
concentration	M_acald_c	1.000e-04
concentration	M_dhap_c	8.175e-04
concentration	M_succoa_c	3.901e-04
concentration	M_fum_c	1.630e-03
concentration	M_mal__L_c	1.546e-03
concentration	M_r5p_c	9.761e-05
concentration	M_3pg_c	1.610e-03
concentration	M_cit_c	2.309e-03
concentration	M_ru5p__D_c	2.566e-04
concentration	M_g6p_c	3.567e-04
concentration	M_q8_c	2.317e-05
concentration	M_xu5p__D_c	2.057e-04
concentration	M_q8h2_c	4.317e-04
concentration	M_e4p_c	1.340e-05
concentration	M_13dpg_c	2.207e-05
concentration	M_s7p_c	7.502e-04
concentration	M_2pg_c	9.770e-05
concentration	M_actp_c	1.020e-03
concentration	M_lac__D_c	5.038e-04
concentration	M_etoh_c	1.000e-04
concentration	M_6pgc_c	9.537e-05
concentration	M_fdp_c	6.729e-04
concentration	M_6pgl_c	1.805e-05
concentration	M_acon_C_c	2.556e-05
concentration	M_glu__L_c	2.189e-02
concentration	M_icit_c	1.119e-05
concentration	M_f6p_c	3.023e-04

!!SBtab TableID='Predicted Gibbs energies' TableType='Quantity' TableName='Predicted Gibbs energies' SBtabVersion='1.0' Unit='kJ/mol'
!QuantityType	!Reaction	!Value
reaction gibbs energy	R_PFK	-1.935e+01
reaction gibbs energy	R_PFL	0.000e+00
reaction gibbs energy	R_PGI	-2.156e+00
reaction gibbs energy	R_PGK	-3.309e+00
reaction gibbs energy	R_PGL	-1.959e+01
reaction gibbs energy	R_ACALD	0.000e+00
reaction gibbs energy	R_PGM	-2.543e+00
reaction gibbs energy	R_ALCD2x	0.000e+00
reaction gibbs energy	R_ACKr	-1.274e+00
reaction gibbs energy	R_PPC	-2.659e+01
reaction gibbs energy	R_ACONTa	-2.458e+00
reaction gibbs energy	R_ACONTb	-3.536e+00
reaction gibbs energy	R_ATPM	0.000e+00
reaction gibbs energy	R_PPCK	0.000e+00
reaction gibbs energy	R_PPS	0.000e+00
reaction gibbs energy	R_ADK1	0.000e+00
reaction gibbs energy	R_AKGDH	0.000e+00
reaction gibbs energy	R_PTAr	-7.736e+00
reaction gibbs energy	R_PYK	0.000e+00
reaction gibbs energy	R_RPE	-3.919e+00
reaction gibbs energy	R_CS	-2.241e+01
reaction gibbs energy	R_RPI	-4.515e+00
reaction gibbs energy	R_ENO	-2.558e+00
reaction gibbs energy	R_SUCDi	-1.378e+01
reaction gibbs energy	R_SUCOAS	0.000e+00
reaction gibbs energy	R_TALA	-5.758e+00
reaction gibbs energy	R_TKT1	-2.998e+00
reaction gibbs energy	R_TKT2	-6.823e+00
reaction gibbs energy	R_TPI	-2.100e+00
reaction gibbs energy	R_FBA	-2.249e+00
reaction gibbs energy	R_FBP	0.000e+00
reaction gibbs energy	R_FRD7	0.000e+00
reaction gibbs energy	R_FUM	-3.559e+00
reaction gibbs energy	R_G6PDH2r	-7.457e+00
reaction gibbs energy	R_GAPD	-1.638e+00
reaction gibbs energy	R_GLNS	-8.616e+00
reaction gibbs energy	R_GLUDy	0.000e+00
reaction gibbs energy	R_GLUN	0.000e+00
reaction gibbs energy	R_GLUSy	-3.809e+01
reaction gibbs energy	R_GND	-6.935e+00
reaction gibbs energy	R_ICDHyr	-6.258e+00
reaction gibbs energy	R_ICL	0.000e+00
reaction gibbs energy	R_LDH_D	-9.309e+00
reaction gibbs energy	R_MALS	0.000e+00
reaction gibbs energy	R_MDH	0.000e+00
reaction gibbs energy	R_ME1	0.000e+00
reaction gibbs energy	R_ME2	-8.007e+00
reaction gibbs energy	R_NADTRHD	-2.029e+01
reaction gibbs energy	R_PDH	0.000e+00

