!!!SBtab DocumentName='report' SBtabVersion='1.0' Date='2022-6-9'
!!SBtab TableID='Predicted concentrations' TableType='Quantity' TableName='Predicted concentrations' SBtabVersion='1.0' Unit='M'
!QuantityType	!Compound	!Value
concentration	M_h2o_c	1.000e+00
concentration	M_atp_c	2.427e-03
concentration	M_nadp_c	6.747e-06
concentration	M_nadph_c	5.048e-05
concentration	M_adp_c	2.609e-04
concentration	M_nad_c	1.605e-03
concentration	M_pi_c	4.011e-03
concentration	M_nadh_c	1.567e-05
concentration	M_coa_c	1.495e-02
concentration	M_co2_c	8.915e-05
concentration	M_amp_c	2.747e-04
concentration	M_nh4_c	9.997e-05
concentration	M_akg_c	3.180e-04
concentration	M_accoa_c	4.662e-04
concentration	M_pyr_c	8.449e-04
concentration	M_succ_c	4.258e-04
concentration	M_ac_c	1.000e-02
concentration	M_gln__L_c	2.104e-03
concentration	M_for_c	9.997e-05
concentration	M_oaa_c	2.120e-06
concentration	M_glx_c	3.211e-05
concentration	M_pep_c	3.116e-04
concentration	M_g3p_c	1.282e-04
concentration	M_acald_c	9.997e-05
concentration	M_dhap_c	4.905e-04
concentration	M_succoa_c	3.900e-04
concentration	M_fum_c	1.335e-03
concentration	M_mal__L_c	5.175e-03
concentration	M_r5p_c	1.328e-04
concentration	M_3pg_c	1.508e-03
concentration	M_cit_c	2.421e-03
concentration	M_ru5p__D_c	2.724e-04
concentration	M_g6p_c	3.614e-04
concentration	M_q8_c	2.102e-05
concentration	M_xu5p__D_c	2.941e-04
concentration	M_q8h2_c	4.753e-04
concentration	M_e4p_c	1.374e-05
concentration	M_13dpg_c	3.132e-05
concentration	M_s7p_c	5.877e-04
concentration	M_2pg_c	9.997e-05
concentration	M_actp_c	1.020e-03
concentration	M_lac__D_c	6.206e-04
concentration	M_etoh_c	9.997e-05
concentration	M_6pgc_c	1.006e-04
concentration	M_fdp_c	1.495e-04
concentration	M_6pgl_c	2.315e-05
concentration	M_acon_C_c	2.640e-05
concentration	M_glu__L_c	2.173e-02
concentration	M_icit_c	1.085e-05
concentration	M_f6p_c	3.058e-04

!!SBtab TableID='Predicted Gibbs energies' TableType='Quantity' TableName='Predicted Gibbs energies' SBtabVersion='1.0' Unit='kJ/mol'
!QuantityType	!Reaction	!Value
reaction gibbs energy	R_PFK	0.000e+00
reaction gibbs energy	R_PFL	0.000e+00
reaction gibbs energy	R_PGI	-2.152e+00
reaction gibbs energy	R_PGK	0.000e+00
reaction gibbs energy	R_PGL	-2.008e+01
reaction gibbs energy	R_ACALD	0.000e+00
reaction gibbs energy	R_PGM	0.000e+00
reaction gibbs energy	R_ALCD2x	0.000e+00
reaction gibbs energy	R_ACKr	-1.274e+00
reaction gibbs energy	R_PPC	0.000e+00
reaction gibbs energy	R_ACONTa	-2.496e+00
reaction gibbs energy	R_ACONTb	-3.691e+00
reaction gibbs energy	R_ATPM	0.000e+00
reaction gibbs energy	R_PPCK	0.000e+00
reaction gibbs energy	R_PPS	-2.342e+01
reaction gibbs energy	R_ADK1	-5.560e+00
reaction gibbs energy	R_AKGDH	0.000e+00
reaction gibbs energy	R_PTAr	-1.069e+01
reaction gibbs energy	R_PYK	0.000e+00
reaction gibbs energy	R_RPE	-3.181e+00
reaction gibbs energy	R_CS	-1.103e+01
reaction gibbs energy	R_RPI	-3.901e+00
reaction gibbs energy	R_ENO	0.000e+00
reaction gibbs energy	R_SUCDi	-1.393e+01
reaction gibbs energy	R_SUCOAS	0.000e+00
reaction gibbs energy	R_TALA	-8.130e+00
reaction gibbs energy	R_TKT1	-2.182e+00
reaction gibbs energy	R_TKT2	-4.673e+00
reaction gibbs energy	R_TPI	-2.233e+00
reaction gibbs energy	R_FBA	-3.280e+00
reaction gibbs energy	R_FBP	-2.449e+01
reaction gibbs energy	R_FRD7	0.000e+00
reaction gibbs energy	R_FUM	0.000e+00
reaction gibbs energy	R_G6PDH2r	-6.913e+00
reaction gibbs energy	R_GAPD	0.000e+00
reaction gibbs energy	R_GLNS	0.000e+00
reaction gibbs energy	R_GLUDy	0.000e+00
reaction gibbs energy	R_GLUN	0.000e+00
reaction gibbs energy	R_GLUSy	0.000e+00
reaction gibbs energy	R_GND	-5.249e+00
reaction gibbs energy	R_ICDHyr	0.000e+00
reaction gibbs energy	R_ICL	-7.348e+00
reaction gibbs energy	R_LDH_D	-1.153e+01
reaction gibbs energy	R_MALS	-1.630e+01
reaction gibbs energy	R_MDH	-2.706e+00
reaction gibbs energy	R_ME1	0.000e+00
reaction gibbs energy	R_ME2	0.000e+00
reaction gibbs energy	R_NADTRHD	-1.655e+01
reaction gibbs energy	R_PDH	0.000e+00

