!!!SBtab DocumentName='report' SBtabVersion='1.0' Date='2022-6-9'
!!SBtab TableID='Predicted concentrations' TableType='Quantity' TableName='Predicted concentrations' SBtabVersion='1.0' Unit='M'
!QuantityType	!Compound	!Value
concentration	M_h2o_c	1.000e+00
concentration	M_atp_c	2.427e-03
concentration	M_nadp_c	6.527e-06
concentration	M_nadph_c	5.295e-05
concentration	M_adp_c	2.609e-04
concentration	M_nad_c	1.966e-03
concentration	M_pi_c	8.708e-03
concentration	M_nadh_c	4.288e-06
concentration	M_coa_c	7.961e-03
concentration	M_co2_c	7.054e-05
concentration	M_amp_c	2.677e-04
concentration	M_nh4_c	3.298e-06
concentration	M_akg_c	2.955e-04
concentration	M_accoa_c	5.667e-04
concentration	M_pyr_c	1.133e-03
concentration	M_succ_c	4.048e-04
concentration	M_ac_c	1.000e-02
concentration	M_gln__L_c	2.155e-03
concentration	M_for_c	1.000e-04
concentration	M_oaa_c	2.635e-06
concentration	M_glx_c	1.000e-04
concentration	M_pep_c	1.690e-04
concentration	M_g3p_c	3.613e-05
concentration	M_acald_c	1.000e-04
concentration	M_dhap_c	8.128e-04
concentration	M_succoa_c	3.901e-04
concentration	M_fum_c	1.767e-03
concentration	M_mal__L_c	1.956e-03
concentration	M_r5p_c	9.741e-05
concentration	M_3pg_c	1.597e-03
concentration	M_cit_c	2.283e-03
concentration	M_ru5p__D_c	2.556e-04
concentration	M_g6p_c	3.576e-04
concentration	M_q8_c	2.272e-05
concentration	M_xu5p__D_c	2.040e-04
concentration	M_q8h2_c	4.400e-04
concentration	M_e4p_c	1.342e-05
concentration	M_13dpg_c	2.192e-05
concentration	M_s7p_c	7.488e-04
concentration	M_2pg_c	9.802e-05
concentration	M_actp_c	1.020e-03
concentration	M_lac__D_c	6.104e-04
concentration	M_etoh_c	1.000e-04
concentration	M_6pgc_c	9.884e-05
concentration	M_fdp_c	6.706e-04
concentration	M_6pgl_c	1.430e-05
concentration	M_acon_C_c	2.534e-05
concentration	M_glu__L_c	2.144e-02
concentration	M_icit_c	1.170e-05
concentration	M_f6p_c	3.016e-04

!!SBtab TableID='Predicted Gibbs energies' TableType='Quantity' TableName='Predicted Gibbs energies' SBtabVersion='1.0' Unit='kJ/mol'
!QuantityType	!Reaction	!Value
reaction gibbs energy	R_PFK	-1.935e+01
reaction gibbs energy	R_PFL	0.000e+00
reaction gibbs energy	R_PGI	-2.144e+00
reaction gibbs energy	R_PGK	-3.313e+00
reaction gibbs energy	R_PGL	-1.893e+01
reaction gibbs energy	R_ACALD	0.000e+00
reaction gibbs energy	R_PGM	-2.514e+00
reaction gibbs energy	R_ALCD2x	0.000e+00
reaction gibbs energy	R_ACKr	-1.274e+00
reaction gibbs energy	R_PPC	0.000e+00
reaction gibbs energy	R_ACONTa	-2.451e+00
reaction gibbs energy	R_ACONTb	-3.402e+00
reaction gibbs energy	R_ATPM	0.000e+00
reaction gibbs energy	R_PPCK	0.000e+00
reaction gibbs energy	R_PPS	0.000e+00
reaction gibbs energy	R_ADK1	0.000e+00
reaction gibbs energy	R_AKGDH	0.000e+00
reaction gibbs energy	R_PTAr	-6.721e+00
reaction gibbs energy	R_PYK	0.000e+00
reaction gibbs energy	R_RPE	-3.930e+00
reaction gibbs energy	R_CS	-1.376e+01
reaction gibbs energy	R_RPI	-4.510e+00
reaction gibbs energy	R_ENO	-2.514e+00
reaction gibbs energy	R_SUCDi	-1.349e+01
reaction gibbs energy	R_SUCOAS	0.000e+00
reaction gibbs energy	R_TALA	-5.685e+00
reaction gibbs energy	R_TKT1	-3.047e+00
reaction gibbs energy	R_TKT2	-6.881e+00
reaction gibbs energy	R_TPI	-2.157e+00
reaction gibbs energy	R_FBA	-2.326e+00
reaction gibbs energy	R_FBP	0.000e+00
reaction gibbs energy	R_FRD7	0.000e+00
reaction gibbs energy	R_FUM	-3.175e+00
reaction gibbs energy	R_G6PDH2r	-7.880e+00
reaction gibbs energy	R_GAPD	-1.571e+00
reaction gibbs energy	R_GLNS	-5.972e+00
reaction gibbs energy	R_GLUDy	0.000e+00
reaction gibbs energy	R_GLUN	0.000e+00
reaction gibbs energy	R_GLUSy	-3.840e+01
reaction gibbs energy	R_GND	-5.744e+00
reaction gibbs energy	R_ICDHyr	-5.091e+00
reaction gibbs energy	R_ICL	0.000e+00
reaction gibbs energy	R_LDH_D	-8.587e+00
reaction gibbs energy	R_MALS	0.000e+00
reaction gibbs energy	R_MDH	-3.472e+00
reaction gibbs energy	R_ME1	0.000e+00
reaction gibbs energy	R_ME2	0.000e+00
reaction gibbs energy	R_NADTRHD	-2.046e+01
reaction gibbs energy	R_PDH	0.000e+00

