!!!SBtab DocumentName='report' SBtabVersion='1.0' Date='2022-6-9'
!!SBtab TableID='Predicted concentrations' TableType='Quantity' TableName='Predicted concentrations' SBtabVersion='1.0' Unit='M'
!QuantityType	!Compound	!Value
concentration	M_h2o_c	1.000e+00
concentration	M_atp_c	1.901e-03
concentration	M_nadp_c	6.844e-06
concentration	M_nadph_c	5.020e-05
concentration	M_adp_c	3.338e-04
concentration	M_nad_c	1.929e-03
concentration	M_pi_c	9.078e-03
concentration	M_nadh_c	4.781e-06
concentration	M_coa_c	1.190e-04
concentration	M_co2_c	5.994e-05
concentration	M_amp_c	2.755e-04
concentration	M_nh4_c	1.540e-05
concentration	M_akg_c	2.802e-04
concentration	M_accoa_c	1.367e-03
concentration	M_pyr_c	9.520e-04
concentration	M_succ_c	4.304e-04
concentration	M_ac_c	6.864e-04
concentration	M_gln__L_c	2.094e-03
concentration	M_for_c	9.999e-05
concentration	M_oaa_c	9.470e-05
concentration	M_glx_c	1.476e-05
concentration	M_pep_c	6.167e-04
concentration	M_g3p_c	4.237e-05
concentration	M_acald_c	9.999e-05
concentration	M_dhap_c	8.229e-04
concentration	M_succoa_c	3.901e-04
concentration	M_fum_c	1.734e-03
concentration	M_mal__L_c	1.727e-03
concentration	M_r5p_c	9.750e-05
concentration	M_3pg_c	1.020e-03
concentration	M_cit_c	2.401e-03
concentration	M_ru5p__D_c	2.632e-04
concentration	M_g6p_c	4.950e-04
concentration	M_q8_c	2.185e-05
concentration	M_xu5p__D_c	2.198e-04
concentration	M_q8h2_c	4.575e-04
concentration	M_e4p_c	1.349e-05
concentration	M_13dpg_c	2.161e-05
concentration	M_s7p_c	7.323e-04
concentration	M_2pg_c	1.322e-04
concentration	M_actp_c	1.215e-03
concentration	M_lac__D_c	9.999e-05
concentration	M_etoh_c	9.999e-05
concentration	M_6pgc_c	9.638e-05
concentration	M_fdp_c	6.913e-04
concentration	M_6pgl_c	2.231e-05
concentration	M_acon_C_c	2.477e-05
concentration	M_glu__L_c	2.217e-02
concentration	M_icit_c	1.077e-05
concentration	M_f6p_c	2.159e-04

!!SBtab TableID='Predicted Gibbs energies' TableType='Quantity' TableName='Predicted Gibbs energies' SBtabVersion='1.0' Unit='kJ/mol'
!QuantityType	!Reaction	!Value
reaction gibbs energy	R_PFK	-1.758e+01
reaction gibbs energy	R_PFL	0.000e+00
reaction gibbs energy	R_PGI	0.000e+00
reaction gibbs energy	R_PGK	-5.699e+00
reaction gibbs energy	R_PGL	-2.040e+01
reaction gibbs energy	R_ACALD	0.000e+00
reaction gibbs energy	R_PGM	-1.384e+00
reaction gibbs energy	R_ALCD2x	0.000e+00
reaction gibbs energy	R_ACKr	-1.118e+01
reaction gibbs energy	R_PPC	-3.297e+01
reaction gibbs energy	R_ACONTa	-2.585e+00
reaction gibbs energy	R_ACONTb	-3.618e+00
reaction gibbs energy	R_ATPM	0.000e+00
reaction gibbs energy	R_PPCK	0.000e+00
reaction gibbs energy	R_PPS	-1.935e+01
reaction gibbs energy	R_ADK1	-3.714e+00
reaction gibbs energy	R_AKGDH	0.000e+00
reaction gibbs energy	R_PTAr	-1.990e+00
reaction gibbs energy	R_PYK	0.000e+00
reaction gibbs energy	R_RPE	-3.963e+00
reaction gibbs energy	R_CS	-3.552e+01
reaction gibbs energy	R_RPI	-4.615e+00
reaction gibbs energy	R_ENO	-1.384e+00
reaction gibbs energy	R_SUCDi	-1.336e+01
reaction gibbs energy	R_SUCOAS	0.000e+00
reaction gibbs energy	R_TALA	-6.931e+00
reaction gibbs energy	R_TKT1	-3.077e+00
reaction gibbs energy	R_TKT2	0.000e+00
reaction gibbs energy	R_TPI	-2.090e+00
reaction gibbs energy	R_FBA	-2.261e+00
reaction gibbs energy	R_FBP	0.000e+00
reaction gibbs energy	R_FRD7	0.000e+00
reaction gibbs energy	R_FUM	-3.433e+00
reaction gibbs energy	R_G6PDH2r	-7.722e+00
reaction gibbs energy	R_GAPD	-1.825e+00
reaction gibbs energy	R_GLNS	-8.692e+00
reaction gibbs energy	R_GLUDy	0.000e+00
reaction gibbs energy	R_GLUN	0.000e+00
reaction gibbs energy	R_GLUSy	-3.803e+01
reaction gibbs energy	R_GND	-5.493e+00
reaction gibbs energy	R_ICDHyr	-4.876e+00
reaction gibbs energy	R_ICL	-9.342e+00
reaction gibbs energy	R_LDH_D	0.000e+00
reaction gibbs energy	R_MALS	-2.999e+01
reaction gibbs energy	R_MDH	0.000e+00
reaction gibbs energy	R_ME1	0.000e+00
reaction gibbs energy	R_ME2	-7.283e+00
reaction gibbs energy	R_NADTRHD	0.000e+00
reaction gibbs energy	R_PDH	-5.102e+01

