!!!SBtab DocumentName='report' SBtabVersion='1.0' Date='2022-6-9'
!!SBtab TableID='Predicted concentrations' TableType='Quantity' TableName='Predicted concentrations' SBtabVersion='1.0' Unit='M'
!QuantityType	!Compound	!Value
concentration	M_h2o_c	1.000e+00
concentration	M_atp_c	2.427e-03
concentration	M_nadp_c	6.674e-06
concentration	M_nadph_c	5.030e-05
concentration	M_adp_c	2.609e-04
concentration	M_nad_c	1.530e-03
concentration	M_pi_c	7.601e-03
concentration	M_nadh_c	1.973e-04
concentration	M_coa_c	1.338e-04
concentration	M_co2_c	1.359e-04
concentration	M_amp_c	2.700e-04
concentration	M_nh4_c	1.238e-05
concentration	M_akg_c	2.857e-04
concentration	M_accoa_c	1.228e-03
concentration	M_pyr_c	9.258e-04
concentration	M_succ_c	4.114e-04
concentration	M_ac_c	6.213e-04
concentration	M_gln__L_c	2.113e-03
concentration	M_for_c	1.000e-04
concentration	M_oaa_c	1.168e-04
concentration	M_glx_c	1.000e-04
concentration	M_pep_c	6.167e-04
concentration	M_g3p_c	1.207e-04
concentration	M_acald_c	1.000e-04
concentration	M_dhap_c	5.571e-04
concentration	M_succoa_c	3.901e-04
concentration	M_fum_c	1.428e-03
concentration	M_mal__L_c	1.570e-03
concentration	M_r5p_c	1.143e-04
concentration	M_3pg_c	2.056e-03
concentration	M_cit_c	2.056e-03
concentration	M_ru5p__D_c	2.217e-04
concentration	M_g6p_c	4.029e-04
concentration	M_q8_c	2.066e-05
concentration	M_xu5p__D_c	2.557e-04
concentration	M_q8h2_c	4.840e-04
concentration	M_e4p_c	1.360e-05
concentration	M_13dpg_c	1.826e-05
concentration	M_s7p_c	6.664e-04
concentration	M_2pg_c	1.947e-04
concentration	M_actp_c	1.291e-03
concentration	M_lac__D_c	1.038e-03
concentration	M_etoh_c	1.000e-04
concentration	M_6pgc_c	1.008e-04
concentration	M_fdp_c	1.754e-04
concentration	M_6pgl_c	1.824e-05
concentration	M_acon_C_c	2.988e-05
concentration	M_glu__L_c	2.202e-02
concentration	M_icit_c	1.701e-05
concentration	M_f6p_c	2.791e-04

!!SBtab TableID='Predicted Gibbs energies' TableType='Quantity' TableName='Predicted Gibbs energies' SBtabVersion='1.0' Unit='kJ/mol'
!QuantityType	!Reaction	!Value
reaction gibbs energy	R_PFK	0.000e+00
reaction gibbs energy	R_PFL	0.000e+00
reaction gibbs energy	R_PGI	-1.583e+00
reaction gibbs energy	R_PGK	-1.870e-02
reaction gibbs energy	R_PGL	-1.973e+01
reaction gibbs energy	R_ACALD	0.000e+00
reaction gibbs energy	R_PGM	-1.870e-02
reaction gibbs energy	R_ALCD2x	0.000e+00
reaction gibbs energy	R_ACKr	-1.035e+01
reaction gibbs energy	R_PPC	-3.481e+01
reaction gibbs energy	R_ACONTa	-1.741e+00
reaction gibbs energy	R_ACONTb	-2.938e+00
reaction gibbs energy	R_ATPM	0.000e+00
reaction gibbs energy	R_PPCK	0.000e+00
reaction gibbs energy	R_PPS	-2.040e+01
reaction gibbs energy	R_ADK1	-5.492e+00
reaction gibbs energy	R_AKGDH	0.000e+00
reaction gibbs energy	R_PTAr	-8.461e-01
reaction gibbs energy	R_PYK	0.000e+00
reaction gibbs energy	R_RPE	-3.117e+00
reaction gibbs energy	R_CS	-3.585e+01
reaction gibbs energy	R_RPI	-3.784e+00
reaction gibbs energy	R_ENO	-1.870e-02
reaction gibbs energy	R_SUCDi	-1.321e+01
reaction gibbs energy	R_SUCOAS	0.000e+00
reaction gibbs energy	R_TALA	-8.607e+00
reaction gibbs energy	R_TKT1	-1.429e+00
reaction gibbs energy	R_TKT2	0.000e+00
reaction gibbs energy	R_TPI	-1.450e+00
reaction gibbs energy	R_FBA	-2.744e+00
reaction gibbs energy	R_FBP	-2.346e+01
reaction gibbs energy	R_FRD7	0.000e+00
reaction gibbs energy	R_FUM	-3.188e+00
reaction gibbs energy	R_G6PDH2r	-7.646e+00
reaction gibbs energy	R_GAPD	-3.960e+00
reaction gibbs energy	R_GLNS	-9.748e+00
reaction gibbs energy	R_GLUDy	0.000e+00
reaction gibbs energy	R_GLUN	0.000e+00
reaction gibbs energy	R_GLUSy	-3.820e+01
reaction gibbs energy	R_GND	-3.915e+00
reaction gibbs energy	R_ICDHyr	-3.848e+00
reaction gibbs energy	R_ICL	0.000e+00
reaction gibbs energy	R_LDH_D	-1.688e+01
reaction gibbs energy	R_MALS	0.000e+00
reaction gibbs energy	R_MDH	0.000e+00
reaction gibbs energy	R_ME1	-1.527e+01
reaction gibbs energy	R_ME2	0.000e+00
reaction gibbs energy	R_NADTRHD	-1.017e+01
reaction gibbs energy	R_PDH	-3.944e+01

