!!!SBtab DocumentName='report' SBtabVersion='1.0' Date='2022-6-9'
!!SBtab TableID='Predicted concentrations' TableType='Quantity' TableName='Predicted concentrations' SBtabVersion='1.0' Unit='M'
!QuantityType	!Compound	!Value
concentration	M_h2o_c	1.000e+00
concentration	M_atp_c	2.427e-03
concentration	M_nadp_c	6.682e-06
concentration	M_nadph_c	5.178e-05
concentration	M_adp_c	2.609e-04
concentration	M_nad_c	1.926e-03
concentration	M_pi_c	6.872e-03
concentration	M_nadh_c	4.508e-06
concentration	M_coa_c	5.867e-04
concentration	M_co2_c	1.160e-04
concentration	M_amp_c	2.677e-04
concentration	M_nh4_c	6.701e-06
concentration	M_akg_c	2.602e-04
concentration	M_accoa_c	3.654e-04
concentration	M_pyr_c	1.436e-03
concentration	M_succ_c	2.953e-04
concentration	M_ac_c	1.000e-02
concentration	M_gln__L_c	2.108e-03
concentration	M_for_c	1.000e-04
concentration	M_oaa_c	3.406e-06
concentration	M_glx_c	1.000e-04
concentration	M_pep_c	6.167e-04
concentration	M_g3p_c	4.215e-05
concentration	M_acald_c	1.000e-04
concentration	M_dhap_c	7.799e-04
concentration	M_succoa_c	9.693e-04
concentration	M_fum_c	1.682e-03
concentration	M_mal__L_c	2.074e-03
concentration	M_r5p_c	9.038e-05
concentration	M_3pg_c	1.020e-03
concentration	M_cit_c	2.149e-03
concentration	M_ru5p__D_c	2.277e-04
concentration	M_g6p_c	4.816e-04
concentration	M_q8_c	1.518e-05
concentration	M_xu5p__D_c	2.105e-04
concentration	M_q8h2_c	6.590e-04
concentration	M_e4p_c	1.358e-05
concentration	M_13dpg_c	2.254e-05
concentration	M_s7p_c	7.654e-04
concentration	M_2pg_c	1.399e-04
concentration	M_actp_c	1.020e-03
concentration	M_lac__D_c	1.000e-04
concentration	M_etoh_c	1.000e-04
concentration	M_6pgc_c	9.907e-05
concentration	M_fdp_c	6.056e-04
concentration	M_6pgl_c	2.595e-05
concentration	M_acon_C_c	2.802e-05
concentration	M_glu__L_c	2.213e-02
concentration	M_icit_c	1.466e-05
concentration	M_f6p_c	2.217e-04

!!SBtab TableID='Predicted Gibbs energies' TableType='Quantity' TableName='Predicted Gibbs energies' SBtabVersion='1.0' Unit='kJ/mol'
!QuantityType	!Reaction	!Value
reaction gibbs energy	R_PFK	-1.904e+01
reaction gibbs energy	R_PFL	0.000e+00
reaction gibbs energy	R_PGI	0.000e+00
reaction gibbs energy	R_PGK	-4.549e+00
reaction gibbs energy	R_PGL	-2.055e+01
reaction gibbs energy	R_ACALD	0.000e+00
reaction gibbs energy	R_PGM	-5.939e-01
reaction gibbs energy	R_ALCD2x	0.000e+00
reaction gibbs energy	R_ACKr	-5.939e-01
reaction gibbs energy	R_PPC	0.000e+00
reaction gibbs energy	R_ACONTa	-2.048e+00
reaction gibbs energy	R_ACONTb	-3.114e+00
reaction gibbs energy	R_ATPM	0.000e+00
reaction gibbs energy	R_PPCK	-3.596e+00
reaction gibbs energy	R_PPS	0.000e+00
reaction gibbs energy	R_ADK1	0.000e+00
reaction gibbs energy	R_AKGDH	-4.377e+01
reaction gibbs energy	R_PTAr	-2.490e+00
reaction gibbs energy	R_PYK	0.000e+00
reaction gibbs energy	R_RPE	-3.638e+00
reaction gibbs energy	R_CS	-2.006e+01
reaction gibbs energy	R_RPI	-4.426e+00
reaction gibbs energy	R_ENO	-5.939e-01
reaction gibbs energy	R_SUCDi	-1.090e+01
reaction gibbs energy	R_SUCOAS	-1.834e+00
reaction gibbs energy	R_TALA	-6.899e+00
reaction gibbs energy	R_TKT1	-2.595e+00
reaction gibbs energy	R_TKT2	0.000e+00
reaction gibbs energy	R_TPI	-1.858e+00
reaction gibbs energy	R_FBA	-1.972e+00
reaction gibbs energy	R_FBP	0.000e+00
reaction gibbs energy	R_FRD7	0.000e+00
reaction gibbs energy	R_FUM	-2.907e+00
reaction gibbs energy	R_G6PDH2r	-7.194e+00
reaction gibbs energy	R_GAPD	-1.146e+00
reaction gibbs energy	R_GLNS	-8.489e+00
reaction gibbs energy	R_GLUDy	0.000e+00
reaction gibbs energy	R_GLUN	0.000e+00
reaction gibbs energy	R_GLUSy	-3.788e+01
reaction gibbs energy	R_GND	-4.495e+00
reaction gibbs energy	R_ICDHyr	-4.435e+00
reaction gibbs energy	R_ICL	0.000e+00
reaction gibbs energy	R_LDH_D	0.000e+00
reaction gibbs energy	R_MALS	0.000e+00
reaction gibbs energy	R_MDH	-2.784e+00
reaction gibbs energy	R_ME1	0.000e+00
reaction gibbs energy	R_ME2	-5.396e+00
reaction gibbs energy	R_NADTRHD	0.000e+00
reaction gibbs energy	R_PDH	0.000e+00

