!!!SBtab DocumentName='report' SBtabVersion='1.0' Date='2022-6-9'
!!SBtab TableID='Predicted concentrations' TableType='Quantity' TableName='Predicted concentrations' SBtabVersion='1.0' Unit='M'
!QuantityType	!Compound	!Value
concentration	M_h2o_c	1.000e+00
concentration	M_atp_c	2.427e-03
concentration	M_nadp_c	6.676e-06
concentration	M_nadph_c	5.265e-05
concentration	M_adp_c	2.609e-04
concentration	M_nad_c	1.967e-03
concentration	M_pi_c	8.662e-03
concentration	M_nadh_c	4.606e-06
concentration	M_coa_c	1.787e-02
concentration	M_co2_c	3.519e-05
concentration	M_amp_c	2.677e-04
concentration	M_nh4_c	1.000e-04
concentration	M_akg_c	3.180e-04
concentration	M_accoa_c	4.745e-04
concentration	M_pyr_c	1.279e-03
concentration	M_succ_c	4.251e-04
concentration	M_ac_c	1.000e-02
concentration	M_gln__L_c	2.104e-03
concentration	M_for_c	1.000e-04
concentration	M_oaa_c	1.308e-04
concentration	M_glx_c	2.724e-05
concentration	M_pep_c	1.623e-04
concentration	M_g3p_c	3.895e-05
concentration	M_acald_c	1.000e-04
concentration	M_dhap_c	8.291e-04
concentration	M_succoa_c	3.901e-04
concentration	M_fum_c	1.743e-03
concentration	M_mal__L_c	1.777e-03
concentration	M_r5p_c	9.664e-05
concentration	M_3pg_c	1.590e-03
concentration	M_cit_c	2.321e-03
concentration	M_ru5p__D_c	2.539e-04
concentration	M_g6p_c	3.536e-04
concentration	M_q8_c	2.166e-05
concentration	M_xu5p__D_c	2.056e-04
concentration	M_q8h2_c	4.617e-04
concentration	M_e4p_c	1.341e-05
concentration	M_13dpg_c	2.154e-05
concentration	M_s7p_c	7.526e-04
concentration	M_2pg_c	9.581e-05
concentration	M_actp_c	1.020e-03
concentration	M_lac__D_c	4.844e-04
concentration	M_etoh_c	1.000e-04
concentration	M_6pgc_c	9.149e-05
concentration	M_fdp_c	6.911e-04
concentration	M_6pgl_c	1.817e-05
concentration	M_acon_C_c	2.543e-05
concentration	M_glu__L_c	2.173e-02
concentration	M_icit_c	1.016e-05
concentration	M_f6p_c	3.011e-04

!!SBtab TableID='Predicted Gibbs energies' TableType='Quantity' TableName='Predicted Gibbs energies' SBtabVersion='1.0' Unit='kJ/mol'
!QuantityType	!Reaction	!Value
reaction gibbs energy	R_PFK	-1.927e+01
reaction gibbs energy	R_PFL	0.000e+00
reaction gibbs energy	R_PGI	-2.168e+00
reaction gibbs energy	R_PGK	-3.280e+00
reaction gibbs energy	R_PGL	-1.971e+01
reaction gibbs energy	R_ACALD	0.000e+00
reaction gibbs energy	R_PGM	-2.559e+00
reaction gibbs energy	R_ALCD2x	0.000e+00
reaction gibbs energy	R_ACKr	-1.274e+00
reaction gibbs energy	R_PPC	-2.603e+01
reaction gibbs energy	R_ACONTa	-2.484e+00
reaction gibbs energy	R_ACONTb	-3.761e+00
reaction gibbs energy	R_ATPM	0.000e+00
reaction gibbs energy	R_PPCK	0.000e+00
reaction gibbs energy	R_PPS	0.000e+00
reaction gibbs energy	R_ADK1	0.000e+00
reaction gibbs energy	R_AKGDH	0.000e+00
reaction gibbs energy	R_PTAr	-9.178e+00
reaction gibbs energy	R_PYK	0.000e+00
reaction gibbs energy	R_RPE	-3.894e+00
reaction gibbs energy	R_CS	-2.095e+01
reaction gibbs energy	R_RPI	-4.514e+00
reaction gibbs energy	R_ENO	-2.558e+00
reaction gibbs energy	R_SUCDi	-1.341e+01
reaction gibbs energy	R_SUCOAS	0.000e+00
reaction gibbs energy	R_TALA	-5.890e+00
reaction gibbs energy	R_TKT1	-2.848e+00
reaction gibbs energy	R_TKT2	-6.717e+00
reaction gibbs energy	R_TPI	-2.019e+00
reaction gibbs energy	R_FBA	-2.165e+00
reaction gibbs energy	R_FBP	0.000e+00
reaction gibbs energy	R_FRD7	0.000e+00
reaction gibbs energy	R_FUM	-3.380e+00
reaction gibbs energy	R_G6PDH2r	-7.329e+00
reaction gibbs energy	R_GAPD	-1.613e+00
reaction gibbs energy	R_GLNS	0.000e+00
reaction gibbs energy	R_GLUDy	0.000e+00
reaction gibbs energy	R_GLUN	0.000e+00
reaction gibbs energy	R_GLUSy	0.000e+00
reaction gibbs energy	R_GND	-7.362e+00
reaction gibbs energy	R_ICDHyr	0.000e+00
reaction gibbs energy	R_ICL	-7.596e+00
reaction gibbs energy	R_LDH_D	-9.634e+00
reaction gibbs energy	R_MALS	-1.814e+01
reaction gibbs energy	R_MDH	0.000e+00
reaction gibbs energy	R_ME1	0.000e+00
reaction gibbs energy	R_ME2	-8.789e+00
reaction gibbs energy	R_NADTRHD	-2.022e+01
reaction gibbs energy	R_PDH	0.000e+00

