!!!SBtab DocumentName='report' SBtabVersion='1.0' Date='2022-6-9'
!!SBtab TableID='Predicted concentrations' TableType='Quantity' TableName='Predicted concentrations' SBtabVersion='1.0' Unit='M'
!QuantityType	!Compound	!Value
concentration	M_h2o_c	1.000e+00
concentration	M_atp_c	2.427e-03
concentration	M_nadp_c	6.751e-06
concentration	M_nadph_c	4.959e-05
concentration	M_adp_c	2.609e-04
concentration	M_nad_c	1.570e-03
concentration	M_pi_c	3.500e-03
concentration	M_nadh_c	2.700e-05
concentration	M_coa_c	3.311e-04
concentration	M_co2_c	3.203e-04
concentration	M_amp_c	2.723e-04
concentration	M_nh4_c	7.213e-06
concentration	M_akg_c	2.582e-04
concentration	M_accoa_c	4.387e-04
concentration	M_pyr_c	1.341e-03
concentration	M_succ_c	3.117e-04
concentration	M_ac_c	1.000e-02
concentration	M_gln__L_c	2.109e-03
concentration	M_for_c	1.000e-04
concentration	M_oaa_c	1.601e-06
concentration	M_glx_c	1.000e-04
concentration	M_pep_c	6.167e-04
concentration	M_g3p_c	9.364e-05
concentration	M_acald_c	1.000e-04
concentration	M_dhap_c	5.253e-04
concentration	M_succoa_c	8.994e-04
concentration	M_fum_c	1.777e-03
concentration	M_mal__L_c	3.289e-03
concentration	M_r5p_c	1.030e-04
concentration	M_3pg_c	2.172e-03
concentration	M_cit_c	1.944e-03
concentration	M_ru5p__D_c	2.027e-04
concentration	M_g6p_c	4.083e-04
concentration	M_q8_c	1.658e-05
concentration	M_xu5p__D_c	2.363e-04
concentration	M_q8h2_c	6.036e-04
concentration	M_e4p_c	1.357e-05
concentration	M_13dpg_c	1.826e-05
concentration	M_s7p_c	7.054e-04
concentration	M_2pg_c	2.040e-04
concentration	M_actp_c	1.020e-03
concentration	M_lac__D_c	1.000e-04
concentration	M_etoh_c	1.000e-04
concentration	M_6pgc_c	1.087e-04
concentration	M_fdp_c	1.593e-04
concentration	M_6pgl_c	2.073e-05
concentration	M_acon_C_c	3.148e-05
concentration	M_glu__L_c	2.210e-02
concentration	M_icit_c	2.112e-05
concentration	M_f6p_c	2.861e-04

!!SBtab TableID='Predicted Gibbs energies' TableType='Quantity' TableName='Predicted Gibbs energies' SBtabVersion='1.0' Unit='kJ/mol'
!QuantityType	!Reaction	!Value
reaction gibbs energy	R_PFK	0.000e+00
reaction gibbs energy	R_PFL	0.000e+00
reaction gibbs energy	R_PGI	-1.619e+00
reaction gibbs energy	R_PGK	3.192e-01
reaction gibbs energy	R_PGL	-1.979e+01
reaction gibbs energy	R_ACALD	0.000e+00
reaction gibbs energy	R_PGM	3.192e-01
reaction gibbs energy	R_ALCD2x	0.000e+00
reaction gibbs energy	R_ACKr	3.192e-01
reaction gibbs energy	R_PPC	0.000e+00
reaction gibbs energy	R_ACONTa	-1.504e+00
reaction gibbs energy	R_ACONTb	-2.503e+00
reaction gibbs energy	R_ATPM	0.000e+00
reaction gibbs energy	R_PPCK	0.000e+00
reaction gibbs energy	R_PPS	-2.319e+01
reaction gibbs energy	R_ADK1	-5.535e+00
reaction gibbs energy	R_AKGDH	-3.489e+01
reaction gibbs energy	R_PTAr	-3.073e+00
reaction gibbs energy	R_PYK	0.000e+00
reaction gibbs energy	R_RPE	-3.063e+00
reaction gibbs energy	R_CS	-2.039e+01
reaction gibbs energy	R_RPI	-3.815e+00
reaction gibbs energy	R_ENO	3.192e-01
reaction gibbs energy	R_SUCDi	-1.112e+01
reaction gibbs energy	R_SUCOAS	-1.243e+00
reaction gibbs energy	R_TALA	-8.045e+00
reaction gibbs energy	R_TKT1	-1.427e+00
reaction gibbs energy	R_TKT2	0.000e+00
reaction gibbs energy	R_TPI	-1.010e+00
reaction gibbs energy	R_FBA	-2.249e+00
reaction gibbs energy	R_FBP	-2.507e+01
reaction gibbs energy	R_FRD7	0.000e+00
reaction gibbs energy	R_FUM	-1.899e+00
reaction gibbs energy	R_G6PDH2r	-7.449e+00
reaction gibbs energy	R_GAPD	-1.824e+00
reaction gibbs energy	R_GLNS	-1.034e+01
reaction gibbs energy	R_GLUDy	0.000e+00
reaction gibbs energy	R_GLUN	0.000e+00
reaction gibbs energy	R_GLUSy	-3.779e+01
reaction gibbs energy	R_GND	-2.430e+00
reaction gibbs energy	R_ICDHyr	-2.773e+00
reaction gibbs energy	R_ICL	0.000e+00
reaction gibbs energy	R_LDH_D	0.000e+00
reaction gibbs energy	R_MALS	0.000e+00
reaction gibbs energy	R_MDH	-8.411e-01
reaction gibbs energy	R_ME1	-1.924e+01
reaction gibbs energy	R_ME2	0.000e+00
reaction gibbs energy	R_NADTRHD	0.000e+00
reaction gibbs energy	R_PDH	0.000e+00

