!!!SBtab DocumentName='report' SBtabVersion='1.0' Date='2022-6-9'
!!SBtab TableID='Predicted concentrations' TableType='Quantity' TableName='Predicted concentrations' SBtabVersion='1.0' Unit='M'
!QuantityType	!Compound	!Value
concentration	M_h2o_c	1.000e+00
concentration	M_atp_c	2.427e-03
concentration	M_nadp_c	6.686e-06
concentration	M_nadph_c	5.188e-05
concentration	M_adp_c	2.609e-04
concentration	M_nad_c	1.574e-03
concentration	M_pi_c	2.095e-03
concentration	M_nadh_c	1.600e-05
concentration	M_coa_c	7.696e-03
concentration	M_co2_c	1.185e-04
concentration	M_amp_c	2.677e-04
concentration	M_nh4_c	6.355e-06
concentration	M_akg_c	2.873e-04
concentration	M_accoa_c	5.568e-04
concentration	M_pyr_c	1.420e-03
concentration	M_succ_c	4.224e-04
concentration	M_ac_c	1.000e-02
concentration	M_gln__L_c	2.106e-03
concentration	M_for_c	1.000e-04
concentration	M_oaa_c	2.290e-06
concentration	M_glx_c	4.682e-05
concentration	M_pep_c	6.167e-04
concentration	M_g3p_c	9.379e-05
concentration	M_acald_c	1.000e-04
concentration	M_dhap_c	5.410e-04
concentration	M_succoa_c	3.900e-04
concentration	M_fum_c	1.709e-03
concentration	M_mal__L_c	3.081e-03
concentration	M_r5p_c	1.022e-04
concentration	M_3pg_c	2.172e-03
concentration	M_cit_c	1.861e-03
concentration	M_ru5p__D_c	2.105e-04
concentration	M_g6p_c	4.155e-04
concentration	M_q8_c	1.528e-05
concentration	M_xu5p__D_c	2.324e-04
concentration	M_q8h2_c	6.544e-04
concentration	M_e4p_c	1.363e-05
concentration	M_13dpg_c	1.826e-05
concentration	M_s7p_c	7.116e-04
concentration	M_2pg_c	2.040e-04
concentration	M_actp_c	1.020e-03
concentration	M_lac__D_c	8.793e-04
concentration	M_etoh_c	1.000e-04
concentration	M_6pgc_c	9.744e-05
concentration	M_fdp_c	1.683e-04
concentration	M_6pgl_c	1.836e-05
concentration	M_acon_C_c	3.003e-05
concentration	M_glu__L_c	2.215e-02
concentration	M_icit_c	1.482e-05
concentration	M_f6p_c	2.786e-04

!!SBtab TableID='Predicted Gibbs energies' TableType='Quantity' TableName='Predicted Gibbs energies' SBtabVersion='1.0' Unit='kJ/mol'
!QuantityType	!Reaction	!Value
reaction gibbs energy	R_PFK	0.000e+00
reaction gibbs energy	R_PFL	0.000e+00
reaction gibbs energy	R_PGI	-1.510e+00
reaction gibbs energy	R_PGK	3.192e-01
reaction gibbs energy	R_PGL	-1.976e+01
reaction gibbs energy	R_ACALD	0.000e+00
reaction gibbs energy	R_PGM	3.192e-01
reaction gibbs energy	R_ALCD2x	0.000e+00
reaction gibbs energy	R_ACKr	3.192e-01
reaction gibbs energy	R_PPC	0.000e+00
reaction gibbs energy	R_ACONTa	-1.513e+00
reaction gibbs energy	R_ACONTb	-3.264e+00
reaction gibbs energy	R_ATPM	0.000e+00
reaction gibbs energy	R_PPCK	-2.321e+00
reaction gibbs energy	R_PPS	0.000e+00
reaction gibbs energy	R_ADK1	0.000e+00
reaction gibbs energy	R_AKGDH	0.000e+00
reaction gibbs energy	R_PTAr	-1.155e+01
reaction gibbs energy	R_PYK	0.000e+00
reaction gibbs energy	R_RPE	-3.198e+00
reaction gibbs energy	R_CS	-1.418e+01
reaction gibbs energy	R_RPI	-3.927e+00
reaction gibbs energy	R_ENO	3.192e-01
reaction gibbs energy	R_SUCDi	-1.157e+01
reaction gibbs energy	R_SUCOAS	0.000e+00
reaction gibbs energy	R_TALA	-8.126e+00
reaction gibbs energy	R_TKT1	-1.341e+00
reaction gibbs energy	R_TKT2	0.000e+00
reaction gibbs energy	R_TPI	-9.408e-01
reaction gibbs energy	R_FBA	-2.189e+00
reaction gibbs energy	R_FBP	-2.654e+01
reaction gibbs energy	R_FRD7	0.000e+00
reaction gibbs energy	R_FUM	-1.963e+00
reaction gibbs energy	R_G6PDH2r	-7.656e+00
reaction gibbs energy	R_GAPD	-1.789e+00
reaction gibbs energy	R_GLNS	-1.130e+01
reaction gibbs energy	R_GLUDy	0.000e+00
reaction gibbs energy	R_GLUN	0.000e+00
reaction gibbs energy	R_GLUSy	-3.818e+01
reaction gibbs energy	R_GND	-4.394e+00
reaction gibbs energy	R_ICDHyr	-3.959e+00
reaction gibbs energy	R_ICL	-7.293e+00
reaction gibbs energy	R_LDH_D	-1.205e+01
reaction gibbs energy	R_MALS	-1.948e+01
reaction gibbs energy	R_MDH	-1.096e+00
reaction gibbs energy	R_ME1	-2.270e+01
reaction gibbs energy	R_ME2	0.000e+00
reaction gibbs energy	R_NADTRHD	0.000e+00
reaction gibbs energy	R_PDH	0.000e+00

