!!!SBtab DocumentName='report' SBtabVersion='1.0' Date='2022-6-9'
!!SBtab TableID='Predicted concentrations' TableType='Quantity' TableName='Predicted concentrations' SBtabVersion='1.0' Unit='M'
!QuantityType	!Compound	!Value
concentration	M_h2o_c	1.000e+00
concentration	M_atp_c	2.427e-03
concentration	M_nadp_c	6.674e-06
concentration	M_nadph_c	5.078e-05
concentration	M_adp_c	2.609e-04
concentration	M_nad_c	1.988e-03
concentration	M_pi_c	8.491e-03
concentration	M_nadh_c	4.388e-06
concentration	M_coa_c	5.871e-03
concentration	M_co2_c	1.197e-04
concentration	M_amp_c	2.677e-04
concentration	M_nh4_c	3.255e-05
concentration	M_akg_c	2.785e-04
concentration	M_accoa_c	5.762e-04
concentration	M_pyr_c	1.251e-03
concentration	M_succ_c	4.327e-04
concentration	M_ac_c	1.000e-02
concentration	M_gln__L_c	2.085e-03
concentration	M_for_c	1.000e-04
concentration	M_oaa_c	2.679e-06
concentration	M_glx_c	2.172e-05
concentration	M_pep_c	1.714e-04
concentration	M_g3p_c	3.794e-05
concentration	M_acald_c	1.000e-04
concentration	M_dhap_c	8.043e-04
concentration	M_succoa_c	3.901e-04
concentration	M_fum_c	1.897e-03
concentration	M_mal__L_c	2.224e-03
concentration	M_r5p_c	9.366e-05
concentration	M_3pg_c	1.581e-03
concentration	M_cit_c	2.329e-03
concentration	M_ru5p__D_c	2.374e-04
concentration	M_g6p_c	3.556e-04
concentration	M_q8_c	1.803e-05
concentration	M_xu5p__D_c	2.039e-04
concentration	M_q8h2_c	5.545e-04
concentration	M_e4p_c	1.341e-05
concentration	M_13dpg_c	2.177e-05
concentration	M_s7p_c	7.718e-04
concentration	M_2pg_c	9.840e-05
concentration	M_actp_c	1.020e-03
concentration	M_lac__D_c	1.000e-04
concentration	M_etoh_c	1.000e-04
concentration	M_6pgc_c	1.018e-04
concentration	M_fdp_c	6.646e-04
concentration	M_6pgl_c	2.360e-05
concentration	M_acon_C_c	2.655e-05
concentration	M_glu__L_c	2.191e-02
concentration	M_icit_c	1.232e-05
concentration	M_f6p_c	2.973e-04

!!SBtab TableID='Predicted Gibbs energies' TableType='Quantity' TableName='Predicted Gibbs energies' SBtabVersion='1.0' Unit='kJ/mol'
!QuantityType	!Reaction	!Value
reaction gibbs energy	R_PFK	-1.934e+01
reaction gibbs energy	R_PFL	0.000e+00
reaction gibbs energy	R_PGI	-2.122e+00
reaction gibbs energy	R_PGK	-3.320e+00
reaction gibbs energy	R_PGL	-2.010e+01
reaction gibbs energy	R_ACALD	0.000e+00
reaction gibbs energy	R_PGM	-2.480e+00
reaction gibbs energy	R_ALCD2x	0.000e+00
reaction gibbs energy	R_ACKr	-1.274e+00
reaction gibbs energy	R_PPC	0.000e+00
reaction gibbs energy	R_ACONTa	-2.385e+00
reaction gibbs energy	R_ACONTb	-3.392e+00
reaction gibbs energy	R_ATPM	0.000e+00
reaction gibbs energy	R_PPCK	-6.849e+00
reaction gibbs energy	R_PPS	0.000e+00
reaction gibbs energy	R_ADK1	0.000e+00
reaction gibbs energy	R_AKGDH	0.000e+00
reaction gibbs energy	R_PTAr	-5.988e+00
reaction gibbs energy	R_PYK	-1.616e+01
reaction gibbs energy	R_RPE	-3.748e+00
reaction gibbs energy	R_CS	-1.455e+01
reaction gibbs energy	R_RPI	-4.425e+00
reaction gibbs energy	R_ENO	-2.488e+00
reaction gibbs energy	R_SUCDi	-1.234e+01
reaction gibbs energy	R_SUCOAS	0.000e+00
reaction gibbs energy	R_TALA	-5.918e+00
reaction gibbs energy	R_TKT1	-2.753e+00
reaction gibbs energy	R_TKT2	-6.794e+00
reaction gibbs energy	R_TPI	-2.010e+00
reaction gibbs energy	R_FBA	-2.209e+00
reaction gibbs energy	R_FBP	0.000e+00
reaction gibbs energy	R_FRD7	0.000e+00
reaction gibbs energy	R_FUM	-3.034e+00
reaction gibbs energy	R_G6PDH2r	-6.783e+00
reaction gibbs energy	R_GAPD	-1.618e+00
reaction gibbs energy	R_GLNS	-1.184e+01
reaction gibbs energy	R_GLUDy	0.000e+00
reaction gibbs energy	R_GLUN	0.000e+00
reaction gibbs energy	R_GLUSy	-3.791e+01
reaction gibbs energy	R_GND	-4.848e+00
reaction gibbs energy	R_ICDHyr	-4.212e+00
reaction gibbs energy	R_ICL	-8.590e+00
reaction gibbs energy	R_LDH_D	0.000e+00
reaction gibbs energy	R_MALS	-2.027e+01
reaction gibbs energy	R_MDH	-3.718e+00
reaction gibbs energy	R_ME1	0.000e+00
reaction gibbs energy	R_ME2	0.000e+00
reaction gibbs energy	R_NADTRHD	0.000e+00
reaction gibbs energy	R_PDH	-6.028e+01

