!!!SBtab DocumentName='report' SBtabVersion='1.0' Date='2022-6-9'
!!SBtab TableID='Predicted concentrations' TableType='Quantity' TableName='Predicted concentrations' SBtabVersion='1.0' Unit='M'
!QuantityType	!Compound	!Value
concentration	M_h2o_c	1.000e+00
concentration	M_atp_c	2.427e-03
concentration	M_nadp_c	6.679e-06
concentration	M_nadph_c	5.128e-05
concentration	M_adp_c	2.609e-04
concentration	M_nad_c	1.908e-03
concentration	M_pi_c	7.788e-03
concentration	M_nadh_c	4.844e-06
concentration	M_coa_c	5.927e-04
concentration	M_co2_c	1.410e-04
concentration	M_amp_c	2.677e-04
concentration	M_nh4_c	9.158e-06
concentration	M_akg_c	2.609e-04
concentration	M_accoa_c	3.780e-04
concentration	M_pyr_c	1.531e-03
concentration	M_succ_c	3.035e-04
concentration	M_ac_c	1.000e-02
concentration	M_gln__L_c	2.105e-03
concentration	M_for_c	1.000e-04
concentration	M_oaa_c	3.354e-06
concentration	M_glx_c	1.000e-04
concentration	M_pep_c	6.167e-04
concentration	M_g3p_c	4.112e-05
concentration	M_acald_c	1.000e-04
concentration	M_dhap_c	7.639e-04
concentration	M_succoa_c	9.534e-04
concentration	M_fum_c	1.650e-03
concentration	M_mal__L_c	1.959e-03
concentration	M_r5p_c	8.880e-05
concentration	M_3pg_c	1.020e-03
concentration	M_cit_c	2.162e-03
concentration	M_ru5p__D_c	2.155e-04
concentration	M_g6p_c	4.804e-04
concentration	M_q8_c	1.628e-05
concentration	M_xu5p__D_c	2.061e-04
concentration	M_q8h2_c	6.145e-04
concentration	M_e4p_c	1.356e-05
concentration	M_13dpg_c	2.277e-05
concentration	M_s7p_c	7.821e-04
concentration	M_2pg_c	1.399e-04
concentration	M_actp_c	1.020e-03
concentration	M_lac__D_c	6.992e-04
concentration	M_etoh_c	1.000e-04
concentration	M_6pgc_c	1.026e-04
concentration	M_fdp_c	5.916e-04
concentration	M_6pgl_c	1.758e-05
concentration	M_acon_C_c	2.860e-05
concentration	M_glu__L_c	2.200e-02
concentration	M_icit_c	1.539e-05
concentration	M_f6p_c	2.209e-04

!!SBtab TableID='Predicted Gibbs energies' TableType='Quantity' TableName='Predicted Gibbs energies' SBtabVersion='1.0' Unit='kJ/mol'
!QuantityType	!Reaction	!Value
reaction gibbs energy	R_PFK	-1.909e+01
reaction gibbs energy	R_PFL	0.000e+00
reaction gibbs energy	R_PGI	0.000e+00
reaction gibbs energy	R_PGK	-4.574e+00
reaction gibbs energy	R_PGL	-1.950e+01
reaction gibbs energy	R_ACALD	0.000e+00
reaction gibbs energy	R_PGM	-5.939e-01
reaction gibbs energy	R_ALCD2x	0.000e+00
reaction gibbs energy	R_ACKr	-5.939e-01
reaction gibbs energy	R_PPC	0.000e+00
reaction gibbs energy	R_ACONTa	-2.012e+00
reaction gibbs energy	R_ACONTb	-3.045e+00
reaction gibbs energy	R_ATPM	0.000e+00
reaction gibbs energy	R_PPCK	-3.074e+00
reaction gibbs energy	R_PPS	0.000e+00
reaction gibbs energy	R_ADK1	0.000e+00
reaction gibbs energy	R_AKGDH	-4.316e+01
reaction gibbs energy	R_PTAr	-2.121e+00
reaction gibbs energy	R_PYK	0.000e+00
reaction gibbs energy	R_RPE	-3.555e+00
reaction gibbs energy	R_CS	-2.007e+01
reaction gibbs energy	R_RPI	-4.334e+00
reaction gibbs energy	R_ENO	-5.939e-01
reaction gibbs energy	R_SUCDi	-1.137e+01
reaction gibbs energy	R_SUCOAS	-2.010e+00
reaction gibbs energy	R_TALA	-6.903e+00
reaction gibbs energy	R_TKT1	-2.507e+00
reaction gibbs energy	R_TKT2	0.000e+00
reaction gibbs energy	R_TPI	-1.868e+00
reaction gibbs energy	R_FBA	-2.027e+00
reaction gibbs energy	R_FBP	0.000e+00
reaction gibbs energy	R_FRD7	0.000e+00
reaction gibbs energy	R_FUM	-3.000e+00
reaction gibbs energy	R_G6PDH2r	-8.176e+00
reaction gibbs energy	R_GAPD	-1.167e+00
reaction gibbs energy	R_GLNS	-8.942e+00
reaction gibbs energy	R_GLUDy	0.000e+00
reaction gibbs energy	R_GLUN	0.000e+00
reaction gibbs energy	R_GLUSy	-3.789e+01
reaction gibbs energy	R_GND	-4.256e+00
reaction gibbs energy	R_ICDHyr	-4.087e+00
reaction gibbs energy	R_ICL	0.000e+00
reaction gibbs energy	R_LDH_D	-9.373e+00
reaction gibbs energy	R_MALS	0.000e+00
reaction gibbs energy	R_MDH	-2.479e+00
reaction gibbs energy	R_ME1	-2.459e+01
reaction gibbs energy	R_ME2	0.000e+00
reaction gibbs energy	R_NADTRHD	0.000e+00
reaction gibbs energy	R_PDH	0.000e+00

