!!!SBtab DocumentName='report' SBtabVersion='1.0' Date='2022-6-9'
!!SBtab TableID='Predicted concentrations' TableType='Quantity' TableName='Predicted concentrations' SBtabVersion='1.0' Unit='M'
!QuantityType	!Compound	!Value
concentration	M_h2o_c	1.000e+00
concentration	M_atp_c	1.897e-03
concentration	M_nadp_c	6.750e-06
concentration	M_nadph_c	4.947e-05
concentration	M_adp_c	3.324e-04
concentration	M_nad_c	1.960e-03
concentration	M_pi_c	8.950e-03
concentration	M_nadh_c	4.626e-06
concentration	M_coa_c	1.161e-04
concentration	M_co2_c	6.298e-05
concentration	M_amp_c	2.788e-04
concentration	M_nh4_c	1.813e-05
concentration	M_akg_c	2.820e-04
concentration	M_accoa_c	1.362e-03
concentration	M_pyr_c	8.388e-04
concentration	M_succ_c	4.091e-04
concentration	M_ac_c	5.478e-04
concentration	M_gln__L_c	2.090e-03
concentration	M_for_c	9.998e-05
concentration	M_oaa_c	4.576e-05
concentration	M_glx_c	9.998e-05
concentration	M_pep_c	6.167e-04
concentration	M_g3p_c	4.000e-05
concentration	M_acald_c	9.998e-05
concentration	M_dhap_c	8.152e-04
concentration	M_succoa_c	3.901e-04
concentration	M_fum_c	1.232e-03
concentration	M_mal__L_c	2.312e-03
concentration	M_r5p_c	9.437e-05
concentration	M_3pg_c	1.020e-03
concentration	M_cit_c	2.393e-03
concentration	M_ru5p__D_c	2.485e-04
concentration	M_g6p_c	4.828e-04
concentration	M_q8_c	1.733e-05
concentration	M_xu5p__D_c	2.134e-04
concentration	M_q8h2_c	5.767e-04
concentration	M_e4p_c	1.350e-05
concentration	M_13dpg_c	2.136e-05
concentration	M_s7p_c	7.475e-04
concentration	M_2pg_c	1.322e-04
concentration	M_actp_c	1.219e-03
concentration	M_lac__D_c	4.262e-04
concentration	M_etoh_c	9.998e-05
concentration	M_6pgc_c	9.905e-05
concentration	M_fdp_c	6.681e-04
concentration	M_6pgl_c	1.768e-05
concentration	M_acon_C_c	2.546e-05
concentration	M_glu__L_c	2.230e-02
concentration	M_icit_c	1.102e-05
concentration	M_f6p_c	2.185e-04

!!SBtab TableID='Predicted Gibbs energies' TableType='Quantity' TableName='Predicted Gibbs energies' SBtabVersion='1.0' Unit='kJ/mol'
!QuantityType	!Reaction	!Value
reaction gibbs energy	R_PFK	-1.770e+01
reaction gibbs energy	R_PFL	0.000e+00
reaction gibbs energy	R_PGI	0.000e+00
reaction gibbs energy	R_PGK	-5.665e+00
reaction gibbs energy	R_PGL	-1.976e+01
reaction gibbs energy	R_ACALD	0.000e+00
reaction gibbs energy	R_PGM	-1.384e+00
reaction gibbs energy	R_ALCD2x	0.000e+00
reaction gibbs energy	R_ACKr	-1.174e+01
reaction gibbs energy	R_PPC	-3.493e+01
reaction gibbs energy	R_ACONTa	-2.509e+00
reaction gibbs energy	R_ACONTb	-3.630e+00
reaction gibbs energy	R_ATPM	0.000e+00
reaction gibbs energy	R_PPCK	0.000e+00
reaction gibbs energy	R_PPS	-1.903e+01
reaction gibbs energy	R_ADK1	-3.761e+00
reaction gibbs energy	R_AKGDH	0.000e+00
reaction gibbs energy	R_PTAr	-1.999e+00
reaction gibbs energy	R_PYK	0.000e+00
reaction gibbs energy	R_RPE	-3.894e+00
reaction gibbs energy	R_CS	-3.378e+01
reaction gibbs energy	R_RPI	-4.554e+00
reaction gibbs energy	R_ENO	-1.384e+00
reaction gibbs energy	R_SUCDi	-1.293e+01
reaction gibbs energy	R_SUCOAS	0.000e+00
reaction gibbs energy	R_TALA	-6.808e+00
reaction gibbs energy	R_TKT1	-3.015e+00
reaction gibbs energy	R_TKT2	0.000e+00
reaction gibbs energy	R_TPI	-2.209e+00
reaction gibbs energy	R_FBA	-2.343e+00
reaction gibbs energy	R_FBP	0.000e+00
reaction gibbs energy	R_FRD7	0.000e+00
reaction gibbs energy	R_FUM	0.000e+00
reaction gibbs energy	R_G6PDH2r	-8.240e+00
reaction gibbs energy	R_GAPD	-1.797e+00
reaction gibbs energy	R_GLNS	-9.158e+00
reaction gibbs energy	R_GLUDy	0.000e+00
reaction gibbs energy	R_GLUN	0.000e+00
reaction gibbs energy	R_GLUSy	-3.801e+01
reaction gibbs energy	R_GND	-5.582e+00
reaction gibbs energy	R_ICDHyr	-4.796e+00
reaction gibbs energy	R_ICL	0.000e+00
reaction gibbs energy	R_LDH_D	-8.927e+00
reaction gibbs energy	R_MALS	0.000e+00
reaction gibbs energy	R_MDH	0.000e+00
reaction gibbs energy	R_ME1	0.000e+00
reaction gibbs energy	R_ME2	0.000e+00
reaction gibbs energy	R_NADTRHD	-2.003e+01
reaction gibbs energy	R_PDH	-5.065e+01

