!!!SBtab DocumentName='report' SBtabVersion='1.0' Date='2022-6-9'
!!SBtab TableID='Predicted concentrations' TableType='Quantity' TableName='Predicted concentrations' SBtabVersion='1.0' Unit='M'
!QuantityType	!Compound	!Value
concentration	M_h2o_c	1.000e+00
concentration	M_atp_c	1.861e-03
concentration	M_nadp_c	6.843e-06
concentration	M_nadph_c	4.699e-05
concentration	M_adp_c	3.389e-04
concentration	M_nad_c	1.980e-03
concentration	M_pi_c	8.623e-03
concentration	M_nadh_c	4.580e-06
concentration	M_coa_c	3.538e-04
concentration	M_co2_c	1.577e-04
concentration	M_amp_c	2.800e-04
concentration	M_nh4_c	2.229e-05
concentration	M_akg_c	2.350e-04
concentration	M_accoa_c	5.377e-04
concentration	M_pyr_c	1.004e-03
concentration	M_succ_c	3.700e-04
concentration	M_ac_c	9.999e-05
concentration	M_gln__L_c	2.087e-03
concentration	M_for_c	9.999e-05
concentration	M_oaa_c	2.400e-06
concentration	M_glx_c	1.873e-05
concentration	M_pep_c	6.167e-04
concentration	M_g3p_c	4.025e-05
concentration	M_acald_c	9.999e-05
concentration	M_dhap_c	8.194e-04
concentration	M_succoa_c	7.400e-04
concentration	M_fum_c	1.850e-03
concentration	M_mal__L_c	1.989e-03
concentration	M_r5p_c	9.360e-05
concentration	M_3pg_c	1.020e-03
concentration	M_cit_c	2.412e-03
concentration	M_ru5p__D_c	2.301e-04
concentration	M_g6p_c	4.850e-04
concentration	M_q8_c	2.022e-05
concentration	M_xu5p__D_c	2.096e-04
concentration	M_q8h2_c	4.944e-04
concentration	M_e4p_c	1.349e-05
concentration	M_13dpg_c	2.122e-05
concentration	M_s7p_c	7.415e-04
concentration	M_2pg_c	1.322e-04
concentration	M_actp_c	1.442e-03
concentration	M_lac__D_c	4.278e-04
concentration	M_etoh_c	9.999e-05
concentration	M_6pgc_c	1.139e-04
concentration	M_fdp_c	6.749e-04
concentration	M_6pgl_c	1.616e-05
concentration	M_acon_C_c	2.611e-05
concentration	M_glu__L_c	2.230e-02
concentration	M_icit_c	1.308e-05
concentration	M_f6p_c	2.175e-04

!!SBtab TableID='Predicted Gibbs energies' TableType='Quantity' TableName='Predicted Gibbs energies' SBtabVersion='1.0' Unit='kJ/mol'
!QuantityType	!Reaction	!Value
reaction gibbs energy	R_PFK	-1.757e+01
reaction gibbs energy	R_PFL	0.000e+00
reaction gibbs energy	R_PGI	0.000e+00
reaction gibbs energy	R_PGK	-5.744e+00
reaction gibbs energy	R_PGL	-1.919e+01
reaction gibbs energy	R_ACALD	0.000e+00
reaction gibbs energy	R_PGM	-1.384e+00
reaction gibbs energy	R_ALCD2x	0.000e+00
reaction gibbs energy	R_ACKr	0.000e+00
reaction gibbs energy	R_PPC	0.000e+00
reaction gibbs energy	R_ACONTa	-2.466e+00
reaction gibbs energy	R_ACONTb	-3.268e+00
reaction gibbs energy	R_ATPM	0.000e+00
reaction gibbs energy	R_PPCK	0.000e+00
reaction gibbs energy	R_PPS	-1.951e+01
reaction gibbs energy	R_ADK1	-3.629e+00
reaction gibbs energy	R_AKGDH	-4.210e+01
reaction gibbs energy	R_PTAr	0.000e+00
reaction gibbs energy	R_PYK	0.000e+00
reaction gibbs energy	R_RPE	-3.747e+00
reaction gibbs energy	R_CS	-2.139e+01
reaction gibbs energy	R_RPI	-4.383e+00
reaction gibbs energy	R_ENO	-1.384e+00
reaction gibbs energy	R_SUCDi	-1.244e+01
reaction gibbs energy	R_SUCOAS	-3.676e+00
reaction gibbs energy	R_TALA	-6.817e+00
reaction gibbs energy	R_TKT1	-2.955e+00
reaction gibbs energy	R_TKT2	0.000e+00
reaction gibbs energy	R_TPI	-2.206e+00
reaction gibbs energy	R_FBA	-2.340e+00
reaction gibbs energy	R_FBP	0.000e+00
reaction gibbs energy	R_FRD7	0.000e+00
reaction gibbs energy	R_FUM	-3.245e+00
reaction gibbs energy	R_G6PDH2r	-8.634e+00
reaction gibbs energy	R_GAPD	-1.786e+00
reaction gibbs energy	R_GLNS	-9.670e+00
reaction gibbs energy	R_GLUDy	0.000e+00
reaction gibbs energy	R_GLUN	0.000e+00
reaction gibbs energy	R_GLUSy	-3.739e+01
reaction gibbs energy	R_GND	-4.008e+00
reaction gibbs energy	R_ICDHyr	-3.560e+00
reaction gibbs energy	R_ICL	-9.608e+00
reaction gibbs energy	R_LDH_D	-9.314e+00
reaction gibbs energy	R_MALS	-2.522e+01
reaction gibbs energy	R_MDH	-3.537e+00
reaction gibbs energy	R_ME1	-2.519e+01
reaction gibbs energy	R_ME2	0.000e+00
reaction gibbs energy	R_NADTRHD	0.000e+00
reaction gibbs energy	R_PDH	-5.394e+01

