!!!SBtab DocumentName='report' SBtabVersion='1.0' Date='2022-6-9'
!!SBtab TableID='Predicted concentrations' TableType='Quantity' TableName='Predicted concentrations' SBtabVersion='1.0' Unit='M'
!QuantityType	!Compound	!Value
concentration	M_h2o_c	1.000e+00
concentration	M_atp_c	2.427e-03
concentration	M_nadp_c	6.683e-06
concentration	M_nadph_c	5.261e-05
concentration	M_adp_c	2.609e-04
concentration	M_nad_c	1.518e-03
concentration	M_pi_c	4.630e-03
concentration	M_nadh_c	1.138e-04
concentration	M_coa_c	2.359e-03
concentration	M_co2_c	1.525e-04
concentration	M_amp_c	2.738e-04
concentration	M_nh4_c	1.000e-04
concentration	M_akg_c	3.181e-04
concentration	M_accoa_c	6.285e-04
concentration	M_pyr_c	9.959e-04
concentration	M_succ_c	4.372e-04
concentration	M_ac_c	1.000e-04
concentration	M_gln__L_c	2.104e-03
concentration	M_for_c	1.000e-04
concentration	M_oaa_c	1.000e-04
concentration	M_glx_c	1.000e-04
concentration	M_pep_c	6.167e-04
concentration	M_g3p_c	1.124e-04
concentration	M_acald_c	1.000e-04
concentration	M_dhap_c	5.469e-04
concentration	M_succoa_c	3.901e-04
concentration	M_fum_c	1.052e-03
concentration	M_mal__L_c	2.312e-03
concentration	M_r5p_c	1.113e-04
concentration	M_3pg_c	2.056e-03
concentration	M_cit_c	6.509e-04
concentration	M_ru5p__D_c	2.029e-04
concentration	M_g6p_c	4.036e-04
concentration	M_q8_c	1.000e-04
concentration	M_xu5p__D_c	2.391e-04
concentration	M_q8h2_c	1.000e-04
concentration	M_e4p_c	1.363e-05
concentration	M_13dpg_c	1.826e-05
concentration	M_s7p_c	6.683e-04
concentration	M_2pg_c	1.947e-04
concentration	M_actp_c	1.443e-03
concentration	M_lac__D_c	1.000e-04
concentration	M_etoh_c	1.000e-04
concentration	M_6pgc_c	1.059e-04
concentration	M_fdp_c	1.611e-04
concentration	M_6pgl_c	1.416e-05
concentration	M_acon_C_c	4.443e-05
concentration	M_glu__L_c	2.174e-02
concentration	M_icit_c	2.534e-05
concentration	M_f6p_c	2.986e-04

!!SBtab TableID='Predicted Gibbs energies' TableType='Quantity' TableName='Predicted Gibbs energies' SBtabVersion='1.0' Unit='kJ/mol'
!QuantityType	!Reaction	!Value
reaction gibbs energy	R_PFK	0.000e+00
reaction gibbs energy	R_PFL	0.000e+00
reaction gibbs energy	R_PGI	-1.746e+00
reaction gibbs energy	R_PGK	-1.870e-02
reaction gibbs energy	R_PGL	-1.898e+01
reaction gibbs energy	R_ACALD	0.000e+00
reaction gibbs energy	R_PGM	-1.870e-02
reaction gibbs energy	R_ALCD2x	0.000e+00
reaction gibbs energy	R_ACKr	0.000e+00
reaction gibbs energy	R_PPC	0.000e+00
reaction gibbs energy	R_ACONTa	0.000e+00
reaction gibbs energy	R_ACONTb	0.000e+00
reaction gibbs energy	R_ATPM	0.000e+00
reaction gibbs energy	R_PPCK	0.000e+00
reaction gibbs energy	R_PPS	-2.177e+01
reaction gibbs energy	R_ADK1	-5.527e+00
reaction gibbs energy	R_AKGDH	0.000e+00
reaction gibbs energy	R_PTAr	0.000e+00
reaction gibbs energy	R_PYK	0.000e+00
reaction gibbs energy	R_RPE	-3.064e+00
reaction gibbs energy	R_CS	0.000e+00
reaction gibbs energy	R_RPI	-3.631e+00
reaction gibbs energy	R_ENO	-1.870e-02
reaction gibbs energy	R_SUCDi	0.000e+00
reaction gibbs energy	R_SUCOAS	0.000e+00
reaction gibbs energy	R_TALA	-8.263e+00
reaction gibbs energy	R_TKT1	-1.366e+00
reaction gibbs energy	R_TKT2	-4.652e+00
reaction gibbs energy	R_TPI	-1.318e+00
reaction gibbs energy	R_FBA	-2.731e+00
reaction gibbs energy	R_FBP	-2.431e+01
reaction gibbs energy	R_FRD7	0.000e+00
reaction gibbs energy	R_FUM	0.000e+00
reaction gibbs energy	R_G6PDH2r	-8.170e+00
reaction gibbs energy	R_GAPD	-4.023e+00
reaction gibbs energy	R_GLNS	0.000e+00
reaction gibbs energy	R_GLUDy	0.000e+00
reaction gibbs energy	R_GLUN	0.000e+00
reaction gibbs energy	R_GLUSy	0.000e+00
reaction gibbs energy	R_GND	-3.867e+00
reaction gibbs energy	R_ICDHyr	0.000e+00
reaction gibbs energy	R_ICL	0.000e+00
reaction gibbs energy	R_LDH_D	0.000e+00
reaction gibbs energy	R_MALS	0.000e+00
reaction gibbs energy	R_MDH	0.000e+00
reaction gibbs energy	R_ME1	0.000e+00
reaction gibbs energy	R_ME2	0.000e+00
reaction gibbs energy	R_NADTRHD	-1.162e+01
reaction gibbs energy	R_PDH	0.000e+00

