!!!SBtab DocumentName='report' SBtabVersion='1.0' Date='2022-6-9'
!!SBtab TableID='Predicted concentrations' TableType='Quantity' TableName='Predicted concentrations' SBtabVersion='1.0' Unit='M'
!QuantityType	!Compound	!Value
concentration	M_h2o_c	1.000e+00
concentration	M_atp_c	2.427e-03
concentration	M_nadp_c	6.734e-06
concentration	M_nadph_c	5.030e-05
concentration	M_adp_c	2.609e-04
concentration	M_nad_c	1.979e-03
concentration	M_pi_c	8.692e-03
concentration	M_nadh_c	4.511e-06
concentration	M_coa_c	7.736e-04
concentration	M_co2_c	6.388e-05
concentration	M_amp_c	2.677e-04
concentration	M_nh4_c	1.376e-05
concentration	M_akg_c	2.617e-04
concentration	M_accoa_c	3.251e-04
concentration	M_pyr_c	1.271e-03
concentration	M_succ_c	2.761e-04
concentration	M_ac_c	1.000e-02
concentration	M_gln__L_c	2.094e-03
concentration	M_for_c	9.998e-05
concentration	M_oaa_c	1.015e-04
concentration	M_glx_c	9.998e-05
concentration	M_pep_c	1.625e-04
concentration	M_g3p_c	3.842e-05
concentration	M_acald_c	9.998e-05
concentration	M_dhap_c	8.248e-04
concentration	M_succoa_c	1.088e-03
concentration	M_fum_c	1.667e-03
concentration	M_mal__L_c	1.533e-03
concentration	M_r5p_c	9.512e-05
concentration	M_3pg_c	1.582e-03
concentration	M_cit_c	2.338e-03
concentration	M_ru5p__D_c	2.507e-04
concentration	M_g6p_c	4.837e-04
concentration	M_q8_c	1.725e-05
concentration	M_xu5p__D_c	2.058e-04
concentration	M_q8h2_c	5.794e-04
concentration	M_e4p_c	1.342e-05
concentration	M_13dpg_c	2.155e-05
concentration	M_s7p_c	7.456e-04
concentration	M_2pg_c	9.576e-05
concentration	M_actp_c	1.020e-03
concentration	M_lac__D_c	5.290e-04
concentration	M_etoh_c	9.998e-05
concentration	M_6pgc_c	9.565e-05
concentration	M_fdp_c	6.823e-04
concentration	M_6pgl_c	1.882e-05
concentration	M_acon_C_c	2.595e-05
concentration	M_glu__L_c	2.223e-02
concentration	M_icit_c	1.118e-05
concentration	M_f6p_c	2.220e-04

!!SBtab TableID='Predicted Gibbs energies' TableType='Quantity' TableName='Predicted Gibbs energies' SBtabVersion='1.0' Unit='kJ/mol'
!QuantityType	!Reaction	!Value
reaction gibbs energy	R_PFK	-1.855e+01
reaction gibbs energy	R_PFL	0.000e+00
reaction gibbs energy	R_PGI	0.000e+00
reaction gibbs energy	R_PGK	-3.293e+00
reaction gibbs energy	R_PGL	-1.969e+01
reaction gibbs energy	R_ACALD	0.000e+00
reaction gibbs energy	R_PGM	-2.549e+00
reaction gibbs energy	R_ALCD2x	0.000e+00
reaction gibbs energy	R_ACKr	-1.274e+00
reaction gibbs energy	R_PPC	-2.814e+01
reaction gibbs energy	R_ACONTa	-2.452e+00
reaction gibbs energy	R_ACONTb	-3.573e+00
reaction gibbs energy	R_ATPM	0.000e+00
reaction gibbs energy	R_PPCK	0.000e+00
reaction gibbs energy	R_PPS	0.000e+00
reaction gibbs energy	R_ADK1	0.000e+00
reaction gibbs energy	R_AKGDH	-4.591e+01
reaction gibbs energy	R_PTAr	-2.326e+00
reaction gibbs energy	R_PYK	0.000e+00
reaction gibbs energy	R_RPE	-3.859e+00
reaction gibbs energy	R_CS	-2.714e+01
reaction gibbs energy	R_RPI	-4.521e+00
reaction gibbs energy	R_ENO	-2.553e+00
reaction gibbs energy	R_SUCDi	-1.133e+01
reaction gibbs energy	R_SUCOAS	-2.226e+00
reaction gibbs energy	R_TALA	-6.585e+00
reaction gibbs energy	R_TKT1	-2.869e+00
reaction gibbs energy	R_TKT2	-7.511e+00
reaction gibbs energy	R_TPI	-2.041e+00
reaction gibbs energy	R_FBA	-2.181e+00
reaction gibbs energy	R_FBP	0.000e+00
reaction gibbs energy	R_FRD7	0.000e+00
reaction gibbs energy	R_FUM	-3.635e+00
reaction gibbs energy	R_G6PDH2r	-8.152e+00
reaction gibbs energy	R_GAPD	-1.653e+00
reaction gibbs energy	R_GLNS	-9.675e+00
reaction gibbs energy	R_GLUDy	0.000e+00
reaction gibbs energy	R_GLUN	0.000e+00
reaction gibbs energy	R_GLUSy	-3.765e+01
reaction gibbs energy	R_GND	-6.161e+00
reaction gibbs energy	R_ICDHyr	-5.729e+00
reaction gibbs energy	R_ICL	0.000e+00
reaction gibbs energy	R_LDH_D	-9.335e+00
reaction gibbs energy	R_MALS	0.000e+00
reaction gibbs energy	R_MDH	0.000e+00
reaction gibbs energy	R_ME1	0.000e+00
reaction gibbs energy	R_ME2	-7.096e+00
reaction gibbs energy	R_NADTRHD	-2.015e+01
reaction gibbs energy	R_PDH	0.000e+00

