!!!SBtab DocumentName='report' SBtabVersion='1.0' Date='2022-6-9'
!!SBtab TableID='Predicted concentrations' TableType='Quantity' TableName='Predicted concentrations' SBtabVersion='1.0' Unit='M'
!QuantityType	!Compound	!Value
concentration	M_h2o_c	1.000e+00
concentration	M_atp_c	1.904e-03
concentration	M_nadp_c	6.564e-06
concentration	M_nadph_c	5.388e-05
concentration	M_adp_c	3.428e-04
concentration	M_nad_c	1.669e-03
concentration	M_pi_c	3.385e-03
concentration	M_nadh_c	8.780e-06
concentration	M_coa_c	5.104e-03
concentration	M_co2_c	4.572e-05
concentration	M_amp_c	2.677e-04
concentration	M_nh4_c	1.233e-05
concentration	M_akg_c	2.887e-04
concentration	M_accoa_c	5.787e-04
concentration	M_pyr_c	1.139e-03
concentration	M_succ_c	4.241e-04
concentration	M_ac_c	9.998e-05
concentration	M_gln__L_c	2.099e-03
concentration	M_for_c	9.998e-05
concentration	M_oaa_c	2.398e-06
concentration	M_glx_c	2.078e-05
concentration	M_pep_c	6.167e-04
concentration	M_g3p_c	1.967e-05
concentration	M_acald_c	9.998e-05
concentration	M_dhap_c	7.083e-04
concentration	M_succoa_c	3.901e-04
concentration	M_fum_c	2.186e-03
concentration	M_mal__L_c	2.988e-03
concentration	M_r5p_c	8.140e-05
concentration	M_3pg_c	1.020e-03
concentration	M_cit_c	2.328e-03
concentration	M_ru5p__D_c	2.382e-04
concentration	M_g6p_c	3.508e-04
concentration	M_q8_c	1.557e-05
concentration	M_xu5p__D_c	1.781e-04
concentration	M_q8h2_c	6.420e-04
concentration	M_e4p_c	1.315e-05
concentration	M_13dpg_c	3.132e-05
concentration	M_s7p_c	9.390e-04
concentration	M_2pg_c	1.322e-04
concentration	M_actp_c	1.442e-03
concentration	M_lac__D_c	9.998e-05
concentration	M_etoh_c	9.998e-05
concentration	M_6pgc_c	9.161e-05
concentration	M_fdp_c	2.757e-04
concentration	M_6pgl_c	2.549e-05
concentration	M_acon_C_c	2.496e-05
concentration	M_glu__L_c	2.215e-02
concentration	M_icit_c	1.052e-05
concentration	M_f6p_c	3.091e-04

!!SBtab TableID='Predicted Gibbs energies' TableType='Quantity' TableName='Predicted Gibbs energies' SBtabVersion='1.0' Unit='kJ/mol'
!QuantityType	!Reaction	!Value
reaction gibbs energy	R_PFK	-2.068e+01
reaction gibbs energy	R_PFL	0.000e+00
reaction gibbs energy	R_PGI	-2.188e+00
reaction gibbs energy	R_PGK	0.000e+00
reaction gibbs energy	R_PGL	-2.086e+01
reaction gibbs energy	R_ACALD	0.000e+00
reaction gibbs energy	R_PGM	-1.384e+00
reaction gibbs energy	R_ALCD2x	0.000e+00
reaction gibbs energy	R_ACKr	0.000e+00
reaction gibbs energy	R_PPC	0.000e+00
reaction gibbs energy	R_ACONTa	-2.490e+00
reaction gibbs energy	R_ACONTb	-3.696e+00
reaction gibbs energy	R_ATPM	0.000e+00
reaction gibbs energy	R_PPCK	-3.188e+00
reaction gibbs energy	R_PPS	0.000e+00
reaction gibbs energy	R_ADK1	0.000e+00
reaction gibbs energy	R_AKGDH	0.000e+00
reaction gibbs energy	R_PTAr	0.000e+00
reaction gibbs energy	R_PYK	0.000e+00
reaction gibbs energy	R_RPE	-4.238e+00
reaction gibbs energy	R_CS	-1.505e+01
reaction gibbs energy	R_RPI	-4.815e+00
reaction gibbs energy	R_ENO	-1.384e+00
reaction gibbs energy	R_SUCDi	-1.107e+01
reaction gibbs energy	R_SUCOAS	0.000e+00
reaction gibbs energy	R_TALA	-4.820e+00
reaction gibbs energy	R_TKT1	-3.394e+00
reaction gibbs energy	R_TKT2	-8.123e+00
reaction gibbs energy	R_TPI	0.000e+00
reaction gibbs energy	R_FBA	0.000e+00
reaction gibbs energy	R_FBP	-2.636e+01
reaction gibbs energy	R_FRD7	0.000e+00
reaction gibbs energy	R_FUM	-2.649e+00
reaction gibbs energy	R_G6PDH2r	-6.260e+00
reaction gibbs energy	R_GAPD	0.000e+00
reaction gibbs energy	R_GLNS	-1.052e+01
reaction gibbs energy	R_GLUDy	0.000e+00
reaction gibbs energy	R_GLUN	0.000e+00
reaction gibbs energy	R_GLUSy	-3.839e+01
reaction gibbs energy	R_GND	-6.006e+00
reaction gibbs energy	R_ICDHyr	-5.135e+00
reaction gibbs energy	R_ICL	-8.472e+00
reaction gibbs energy	R_LDH_D	0.000e+00
reaction gibbs energy	R_MALS	-1.804e+01
reaction gibbs energy	R_MDH	-2.512e+00
reaction gibbs energy	R_ME1	0.000e+00
reaction gibbs energy	R_ME2	-8.588e+00
reaction gibbs energy	R_NADTRHD	0.000e+00
reaction gibbs energy	R_PDH	-6.171e+01

