!!!SBtab DocumentName='report' SBtabVersion='1.0' Date='2022-6-9'
!!SBtab TableID='Predicted concentrations' TableType='Quantity' TableName='Predicted concentrations' SBtabVersion='1.0' Unit='M'
!QuantityType	!Compound	!Value
concentration	M_h2o_c	1.000e+00
concentration	M_atp_c	2.427e-03
concentration	M_nadp_c	6.714e-06
concentration	M_nadph_c	5.135e-05
concentration	M_adp_c	2.609e-04
concentration	M_nad_c	1.983e-03
concentration	M_pi_c	8.693e-03
concentration	M_nadh_c	4.602e-06
concentration	M_coa_c	7.951e-04
concentration	M_co2_c	6.299e-05
concentration	M_amp_c	2.677e-04
concentration	M_nh4_c	9.999e-05
concentration	M_akg_c	2.770e-04
concentration	M_accoa_c	3.191e-04
concentration	M_pyr_c	1.266e-03
concentration	M_succ_c	2.762e-04
concentration	M_ac_c	1.000e-02
concentration	M_gln__L_c	2.104e-03
concentration	M_for_c	9.999e-05
concentration	M_oaa_c	9.590e-05
concentration	M_glx_c	2.518e-05
concentration	M_pep_c	1.613e-04
concentration	M_g3p_c	3.871e-05
concentration	M_acald_c	9.999e-05
concentration	M_dhap_c	8.303e-04
concentration	M_succoa_c	1.106e-03
concentration	M_fum_c	1.741e-03
concentration	M_mal__L_c	1.757e-03
concentration	M_r5p_c	9.589e-05
concentration	M_3pg_c	1.585e-03
concentration	M_cit_c	2.345e-03
concentration	M_ru5p__D_c	2.512e-04
concentration	M_g6p_c	4.829e-04
concentration	M_q8_c	2.087e-05
concentration	M_xu5p__D_c	2.054e-04
concentration	M_q8h2_c	4.791e-04
concentration	M_e4p_c	1.340e-05
concentration	M_13dpg_c	2.136e-05
concentration	M_s7p_c	7.413e-04
concentration	M_2pg_c	9.551e-05
concentration	M_actp_c	1.020e-03
concentration	M_lac__D_c	4.828e-04
concentration	M_etoh_c	9.999e-05
concentration	M_6pgc_c	9.659e-05
concentration	M_fdp_c	6.884e-04
concentration	M_6pgl_c	1.858e-05
concentration	M_acon_C_c	2.572e-05
concentration	M_glu__L_c	2.173e-02
concentration	M_icit_c	1.042e-05
concentration	M_f6p_c	2.235e-04

!!SBtab TableID='Predicted Gibbs energies' TableType='Quantity' TableName='Predicted Gibbs energies' SBtabVersion='1.0' Unit='kJ/mol'
!QuantityType	!Reaction	!Value
reaction gibbs energy	R_PFK	-1.854e+01
reaction gibbs energy	R_PFL	0.000e+00
reaction gibbs energy	R_PGI	0.000e+00
reaction gibbs energy	R_PGK	-3.266e+00
reaction gibbs energy	R_PGL	-1.963e+01
reaction gibbs energy	R_ACALD	0.000e+00
reaction gibbs energy	R_PGM	-2.560e+00
reaction gibbs energy	R_ALCD2x	0.000e+00
reaction gibbs energy	R_ACKr	-1.274e+00
reaction gibbs energy	R_PPC	-2.822e+01
reaction gibbs energy	R_ACONTa	-2.481e+00
reaction gibbs energy	R_ACONTb	-3.727e+00
reaction gibbs energy	R_ATPM	0.000e+00
reaction gibbs energy	R_PPCK	0.000e+00
reaction gibbs energy	R_PPS	0.000e+00
reaction gibbs energy	R_ADK1	0.000e+00
reaction gibbs energy	R_AKGDH	-4.607e+01
reaction gibbs energy	R_PTAr	-2.440e+00
reaction gibbs energy	R_PYK	0.000e+00
reaction gibbs energy	R_RPE	-3.870e+00
reaction gibbs energy	R_CS	-2.688e+01
reaction gibbs energy	R_RPI	-4.507e+00
reaction gibbs energy	R_ENO	-2.565e+00
reaction gibbs energy	R_SUCDi	-1.216e+01
reaction gibbs energy	R_SUCOAS	-2.198e+00
reaction gibbs energy	R_TALA	-6.576e+00
reaction gibbs energy	R_TKT1	-2.879e+00
reaction gibbs energy	R_TKT2	-7.468e+00
reaction gibbs energy	R_TPI	-2.039e+00
reaction gibbs energy	R_FBA	-2.168e+00
reaction gibbs energy	R_FBP	0.000e+00
reaction gibbs energy	R_FRD7	0.000e+00
reaction gibbs energy	R_FUM	-3.405e+00
reaction gibbs energy	R_G6PDH2r	-8.122e+00
reaction gibbs energy	R_GAPD	-1.649e+00
reaction gibbs energy	R_GLNS	0.000e+00
reaction gibbs energy	R_GLUDy	0.000e+00
reaction gibbs energy	R_GLUN	0.000e+00
reaction gibbs energy	R_GLUSy	0.000e+00
reaction gibbs energy	R_GND	-6.157e+00
reaction gibbs energy	R_ICDHyr	-5.390e+00
reaction gibbs energy	R_ICL	-8.922e+00
reaction gibbs energy	R_LDH_D	-9.595e+00
reaction gibbs energy	R_MALS	-2.471e+01
reaction gibbs energy	R_MDH	0.000e+00
reaction gibbs energy	R_ME1	0.000e+00
reaction gibbs energy	R_ME2	-7.420e+00
reaction gibbs energy	R_NADTRHD	-2.016e+01
reaction gibbs energy	R_PDH	0.000e+00

