!!!SBtab DocumentName='report' SBtabVersion='1.0' Date='2022-6-9'
!!SBtab TableID='Predicted concentrations' TableType='Quantity' TableName='Predicted concentrations' SBtabVersion='1.0' Unit='M'
!QuantityType	!Compound	!Value
concentration	M_h2o_c	1.000e+00
concentration	M_atp_c	2.427e-03
concentration	M_nadp_c	6.672e-06
concentration	M_nadph_c	5.293e-05
concentration	M_adp_c	2.609e-04
concentration	M_nad_c	1.576e-03
concentration	M_pi_c	2.403e-03
concentration	M_nadh_c	1.834e-05
concentration	M_coa_c	1.084e-02
concentration	M_co2_c	8.268e-05
concentration	M_amp_c	2.677e-04
concentration	M_nh4_c	6.010e-06
concentration	M_akg_c	2.921e-04
concentration	M_accoa_c	5.304e-04
concentration	M_pyr_c	1.366e-03
concentration	M_succ_c	4.287e-04
concentration	M_ac_c	1.000e-02
concentration	M_gln__L_c	2.107e-03
concentration	M_for_c	9.998e-05
concentration	M_oaa_c	2.199e-06
concentration	M_glx_c	3.645e-05
concentration	M_pep_c	6.167e-04
concentration	M_g3p_c	9.373e-05
concentration	M_acald_c	9.998e-05
concentration	M_dhap_c	5.390e-04
concentration	M_succoa_c	3.901e-04
concentration	M_fum_c	1.800e-03
concentration	M_mal__L_c	3.624e-03
concentration	M_r5p_c	1.024e-04
concentration	M_3pg_c	2.172e-03
concentration	M_cit_c	1.840e-03
concentration	M_ru5p__D_c	2.125e-04
concentration	M_g6p_c	4.133e-04
concentration	M_q8_c	1.449e-05
concentration	M_xu5p__D_c	2.327e-04
concentration	M_q8h2_c	6.899e-04
concentration	M_e4p_c	1.366e-05
concentration	M_13dpg_c	1.826e-05
concentration	M_s7p_c	7.137e-04
concentration	M_2pg_c	2.040e-04
concentration	M_actp_c	1.020e-03
concentration	M_lac__D_c	9.998e-05
concentration	M_etoh_c	9.998e-05
concentration	M_6pgc_c	9.458e-05
concentration	M_fdp_c	1.683e-04
concentration	M_6pgl_c	1.986e-05
concentration	M_acon_C_c	2.939e-05
concentration	M_glu__L_c	2.220e-02
concentration	M_icit_c	1.315e-05
concentration	M_f6p_c	2.801e-04

!!SBtab TableID='Predicted Gibbs energies' TableType='Quantity' TableName='Predicted Gibbs energies' SBtabVersion='1.0' Unit='kJ/mol'
!QuantityType	!Reaction	!Value
reaction gibbs energy	R_PFK	0.000e+00
reaction gibbs energy	R_PFL	0.000e+00
reaction gibbs energy	R_PGI	-1.537e+00
reaction gibbs energy	R_PGK	3.192e-01
reaction gibbs energy	R_PGL	-2.003e+01
reaction gibbs energy	R_ACALD	0.000e+00
reaction gibbs energy	R_PGM	3.192e-01
reaction gibbs energy	R_ALCD2x	0.000e+00
reaction gibbs energy	R_ACKr	3.192e-01
reaction gibbs energy	R_PPC	0.000e+00
reaction gibbs energy	R_ACONTa	-1.539e+00
reaction gibbs energy	R_ACONTb	-3.507e+00
reaction gibbs energy	R_ATPM	0.000e+00
reaction gibbs energy	R_PPCK	-3.112e+00
reaction gibbs energy	R_PPS	0.000e+00
reaction gibbs energy	R_ADK1	0.000e+00
reaction gibbs energy	R_AKGDH	0.000e+00
reaction gibbs energy	R_PTAr	-1.218e+01
reaction gibbs energy	R_PYK	0.000e+00
reaction gibbs energy	R_RPE	-3.217e+00
reaction gibbs energy	R_CS	-1.314e+01
reaction gibbs energy	R_RPI	-3.945e+00
reaction gibbs energy	R_ENO	3.192e-01
reaction gibbs energy	R_SUCDi	-1.121e+01
reaction gibbs energy	R_SUCOAS	0.000e+00
reaction gibbs energy	R_TALA	-8.112e+00
reaction gibbs energy	R_TKT1	-1.345e+00
reaction gibbs energy	R_TKT2	0.000e+00
reaction gibbs energy	R_TPI	-9.485e-01
reaction gibbs energy	R_FBA	-2.179e+00
reaction gibbs energy	R_FBP	-2.619e+01
reaction gibbs energy	R_FRD7	0.000e+00
reaction gibbs energy	R_FUM	-1.691e+00
reaction gibbs energy	R_G6PDH2r	-7.394e+00
reaction gibbs energy	R_GAPD	-1.786e+00
reaction gibbs energy	R_GLNS	-1.083e+01
reaction gibbs energy	R_GLUDy	0.000e+00
reaction gibbs energy	R_GLUN	0.000e+00
reaction gibbs energy	R_GLUSy	-3.827e+01
reaction gibbs energy	R_GND	-5.133e+00
reaction gibbs energy	R_ICDHyr	-4.458e+00
reaction gibbs energy	R_ICL	-7.581e+00
reaction gibbs energy	R_LDH_D	0.000e+00
reaction gibbs energy	R_MALS	-1.749e+01
reaction gibbs energy	R_MDH	-1.263e+00
reaction gibbs energy	R_ME1	0.000e+00
reaction gibbs energy	R_ME2	0.000e+00
reaction gibbs energy	R_NADTRHD	0.000e+00
reaction gibbs energy	R_PDH	0.000e+00

