!!!SBtab DocumentName='report' SBtabVersion='1.0' Date='2022-6-9'
!!SBtab TableID='Predicted concentrations' TableType='Quantity' TableName='Predicted concentrations' SBtabVersion='1.0' Unit='M'
!QuantityType	!Compound	!Value
concentration	M_h2o_c	1.000e+00
concentration	M_atp_c	1.916e-03
concentration	M_nadp_c	6.789e-06
concentration	M_nadph_c	4.949e-05
concentration	M_adp_c	3.330e-04
concentration	M_nad_c	1.524e-03
concentration	M_pi_c	8.545e-03
concentration	M_nadh_c	1.683e-04
concentration	M_coa_c	1.148e-04
concentration	M_co2_c	7.249e-05
concentration	M_amp_c	2.727e-04
concentration	M_nh4_c	1.441e-05
concentration	M_akg_c	2.726e-04
concentration	M_accoa_c	1.379e-03
concentration	M_pyr_c	8.942e-04
concentration	M_succ_c	4.117e-04
concentration	M_ac_c	6.015e-04
concentration	M_gln__L_c	2.096e-03
concentration	M_for_c	1.000e-04
concentration	M_oaa_c	1.124e-04
concentration	M_glx_c	1.000e-04
concentration	M_pep_c	6.167e-04
concentration	M_g3p_c	1.483e-04
concentration	M_acald_c	1.000e-04
concentration	M_dhap_c	4.822e-04
concentration	M_succoa_c	3.901e-04
concentration	M_fum_c	1.605e-03
concentration	M_mal__L_c	1.375e-03
concentration	M_r5p_c	1.382e-04
concentration	M_3pg_c	1.020e-03
concentration	M_cit_c	2.425e-03
concentration	M_ru5p__D_c	2.895e-04
concentration	M_g6p_c	3.480e-04
concentration	M_q8_c	2.251e-05
concentration	M_xu5p__D_c	3.079e-04
concentration	M_q8h2_c	4.442e-04
concentration	M_e4p_c	1.367e-05
concentration	M_13dpg_c	3.132e-05
concentration	M_s7p_c	5.790e-04
concentration	M_2pg_c	1.322e-04
concentration	M_actp_c	1.216e-03
concentration	M_lac__D_c	9.937e-04
concentration	M_etoh_c	1.000e-04
concentration	M_6pgc_c	1.024e-04
concentration	M_fdp_c	1.461e-04
concentration	M_6pgl_c	1.587e-05
concentration	M_acon_C_c	2.529e-05
concentration	M_glu__L_c	2.235e-02
concentration	M_icit_c	1.185e-05
concentration	M_f6p_c	3.127e-04

!!SBtab TableID='Predicted Gibbs energies' TableType='Quantity' TableName='Predicted Gibbs energies' SBtabVersion='1.0' Unit='kJ/mol'
!QuantityType	!Reaction	!Value
reaction gibbs energy	R_PFK	0.000e+00
reaction gibbs energy	R_PFL	0.000e+00
reaction gibbs energy	R_PGI	-2.236e+00
reaction gibbs energy	R_PGK	0.000e+00
reaction gibbs energy	R_PGL	-1.941e+01
reaction gibbs energy	R_ACALD	0.000e+00
reaction gibbs energy	R_PGM	-1.384e+00
reaction gibbs energy	R_ALCD2x	0.000e+00
reaction gibbs energy	R_ACKr	-1.148e+01
reaction gibbs energy	R_PPC	-3.317e+01
reaction gibbs energy	R_ACONTa	-2.558e+00
reaction gibbs energy	R_ACONTb	-3.433e+00
reaction gibbs energy	R_ATPM	0.000e+00
reaction gibbs energy	R_PPCK	0.000e+00
reaction gibbs energy	R_PPS	-1.938e+01
reaction gibbs energy	R_ADK1	-3.721e+00
reaction gibbs energy	R_AKGDH	0.000e+00
reaction gibbs energy	R_PTAr	-1.950e+00
reaction gibbs energy	R_PYK	0.000e+00
reaction gibbs energy	R_RPE	-3.364e+00
reaction gibbs energy	R_CS	-3.603e+01
reaction gibbs energy	R_RPI	-3.986e+00
reaction gibbs energy	R_ENO	-1.384e+00
reaction gibbs energy	R_SUCDi	-1.359e+01
reaction gibbs energy	R_SUCOAS	0.000e+00
reaction gibbs energy	R_TALA	-8.502e+00
reaction gibbs energy	R_TKT1	-2.257e+00
reaction gibbs energy	R_TKT2	-4.543e+00
reaction gibbs energy	R_TPI	-2.338e+00
reaction gibbs energy	R_FBA	-3.368e+00
reaction gibbs energy	R_FBP	-2.246e+01
reaction gibbs energy	R_FRD7	0.000e+00
reaction gibbs energy	R_FUM	-3.807e+00
reaction gibbs energy	R_G6PDH2r	-7.709e+00
reaction gibbs energy	R_GAPD	0.000e+00
reaction gibbs energy	R_GLNS	-8.721e+00
reaction gibbs energy	R_GLUDy	0.000e+00
reaction gibbs energy	R_GLUN	0.000e+00
reaction gibbs energy	R_GLUSy	-3.791e+01
reaction gibbs energy	R_GND	-4.950e+00
reaction gibbs energy	R_ICDHyr	-4.725e+00
reaction gibbs energy	R_ICL	0.000e+00
reaction gibbs energy	R_LDH_D	-1.652e+01
reaction gibbs energy	R_MALS	0.000e+00
reaction gibbs energy	R_MDH	0.000e+00
reaction gibbs energy	R_ME1	-1.691e+01
reaction gibbs energy	R_ME2	0.000e+00
reaction gibbs energy	R_NADTRHD	0.000e+00
reaction gibbs energy	R_PDH	-4.088e+01

