!!!SBtab DocumentName='report' SBtabVersion='1.0' Date='2022-6-9'
!!SBtab TableID='Predicted concentrations' TableType='Quantity' TableName='Predicted concentrations' SBtabVersion='1.0' Unit='M'
!QuantityType	!Compound	!Value
concentration	M_h2o_c	1.000e+00
concentration	M_atp_c	1.485e-03
concentration	M_nadp_c	6.822e-06
concentration	M_nadph_c	4.833e-05
concentration	M_adp_c	3.198e-04
concentration	M_nad_c	2.288e-03
concentration	M_pi_c	1.000e-02
concentration	M_nadh_c	3.822e-06
concentration	M_coa_c	8.830e-05
concentration	M_co2_c	4.878e-05
concentration	M_amp_c	3.609e-04
concentration	M_nh4_c	2.932e-05
concentration	M_akg_c	2.461e-04
concentration	M_accoa_c	1.740e-03
concentration	M_pyr_c	1.108e-03
concentration	M_succ_c	4.126e-04
concentration	M_ac_c	6.086e-04
concentration	M_gln__L_c	2.074e-03
concentration	M_for_c	1.000e-04
concentration	M_oaa_c	5.968e-05
concentration	M_glx_c	1.000e-04
concentration	M_pep_c	1.096e-04
concentration	M_g3p_c	4.553e-05
concentration	M_acald_c	1.000e-04
concentration	M_dhap_c	9.857e-04
concentration	M_succoa_c	3.901e-04
concentration	M_fum_c	2.183e-03
concentration	M_mal__L_c	1.019e-03
concentration	M_r5p_c	1.172e-04
concentration	M_3pg_c	2.159e-03
concentration	M_cit_c	3.250e-03
concentration	M_ru5p__D_c	3.876e-04
concentration	M_g6p_c	9.448e-04
concentration	M_q8_c	2.231e-05
concentration	M_xu5p__D_c	2.458e-04
concentration	M_q8h2_c	4.483e-04
concentration	M_e4p_c	1.334e-05
concentration	M_13dpg_c	1.826e-05
concentration	M_s7p_c	5.590e-04
concentration	M_2pg_c	9.563e-05
concentration	M_actp_c	1.020e-03
concentration	M_lac__D_c	1.000e-04
concentration	M_etoh_c	1.000e-04
concentration	M_6pgc_c	9.653e-05
concentration	M_fdp_c	9.508e-04
concentration	M_6pgl_c	1.894e-05
concentration	M_acon_C_c	1.655e-05
concentration	M_glu__L_c	2.250e-02
concentration	M_icit_c	4.730e-06
concentration	M_f6p_c	1.267e-04

!!SBtab TableID='Predicted Gibbs energies' TableType='Quantity' TableName='Predicted Gibbs energies' SBtabVersion='1.0' Unit='kJ/mol'
!QuantityType	!Reaction	!Value
reaction gibbs energy	R_PFK	-1.355e+01
reaction gibbs energy	R_PFL	0.000e+00
reaction gibbs energy	R_PGI	-4.051e+00
reaction gibbs energy	R_PGK	-4.051e+00
reaction gibbs energy	R_PGL	-1.989e+01
reaction gibbs energy	R_ACALD	0.000e+00
reaction gibbs energy	R_PGM	-4.051e+00
reaction gibbs energy	R_ALCD2x	0.000e+00
reaction gibbs energy	R_ACKr	-1.134e+01
reaction gibbs energy	R_PPC	-2.480e+01
reaction gibbs energy	R_ACONTa	-4.317e+00
reaction gibbs energy	R_ACONTb	-4.618e+00
reaction gibbs energy	R_ATPM	0.000e+00
reaction gibbs energy	R_PPCK	0.000e+00
reaction gibbs energy	R_PPS	-2.271e+01
reaction gibbs energy	R_ADK1	-4.051e+00
reaction gibbs energy	R_AKGDH	0.000e+00
reaction gibbs energy	R_PTAr	-4.051e+00
reaction gibbs energy	R_PYK	0.000e+00
reaction gibbs energy	R_RPE	-5.015e+00
reaction gibbs energy	R_CS	-3.457e+01
reaction gibbs energy	R_RPI	-5.174e+00
reaction gibbs energy	R_ENO	-4.051e+00
reaction gibbs energy	R_SUCDi	-1.311e+01
reaction gibbs energy	R_SUCOAS	0.000e+00
reaction gibbs energy	R_TALA	-8.020e+00
reaction gibbs energy	R_TKT1	-4.765e+00
reaction gibbs energy	R_TKT2	0.000e+00
reaction gibbs energy	R_TPI	-4.051e+00
reaction gibbs energy	R_FBA	-4.051e+00
reaction gibbs energy	R_FBP	0.000e+00
reaction gibbs energy	R_FRD7	0.000e+00
reaction gibbs energy	R_FUM	-5.325e+00
reaction gibbs energy	R_G6PDH2r	-1.033e+01
reaction gibbs energy	R_GAPD	-4.051e+00
reaction gibbs energy	R_GLNS	-9.500e+00
reaction gibbs energy	R_GLUDy	0.000e+00
reaction gibbs energy	R_GLUN	0.000e+00
reaction gibbs energy	R_GLUSy	-3.718e+01
reaction gibbs energy	R_GND	-8.054e+00
reaction gibbs energy	R_ICDHyr	-6.121e+00
reaction gibbs energy	R_ICL	0.000e+00
reaction gibbs energy	R_LDH_D	0.000e+00
reaction gibbs energy	R_MALS	0.000e+00
reaction gibbs energy	R_MDH	0.000e+00
reaction gibbs energy	R_ME1	-2.999e+01
reaction gibbs energy	R_ME2	-9.064e+00
reaction gibbs energy	R_NADTRHD	0.000e+00
reaction gibbs energy	R_PDH	-4.911e+01

