!!!SBtab DocumentName='report' SBtabVersion='1.0' Date='2022-6-9'
!!SBtab TableID='Predicted concentrations' TableType='Quantity' TableName='Predicted concentrations' SBtabVersion='1.0' Unit='M'
!QuantityType	!Compound	!Value
concentration	M_h2o_c	1.000e+00
concentration	M_atp_c	2.427e-03
concentration	M_nadp_c	6.639e-06
concentration	M_nadph_c	5.261e-05
concentration	M_adp_c	2.609e-04
concentration	M_nad_c	1.600e-03
concentration	M_pi_c	9.902e-04
concentration	M_nadh_c	1.379e-05
concentration	M_coa_c	5.874e-03
concentration	M_co2_c	1.150e-04
concentration	M_amp_c	2.677e-04
concentration	M_nh4_c	6.193e-06
concentration	M_akg_c	2.874e-04
concentration	M_accoa_c	5.529e-04
concentration	M_pyr_c	1.016e-03
concentration	M_succ_c	4.297e-04
concentration	M_ac_c	1.000e-04
concentration	M_gln__L_c	2.120e-03
concentration	M_for_c	1.000e-04
concentration	M_oaa_c	2.467e-06
concentration	M_glx_c	2.803e-05
concentration	M_pep_c	6.167e-04
concentration	M_g3p_c	1.096e-04
concentration	M_acald_c	1.000e-04
concentration	M_dhap_c	5.408e-04
concentration	M_succoa_c	3.901e-04
concentration	M_fum_c	1.821e-03
concentration	M_mal__L_c	3.269e-03
concentration	M_r5p_c	1.095e-04
concentration	M_3pg_c	2.056e-03
concentration	M_cit_c	1.974e-03
concentration	M_ru5p__D_c	2.199e-04
concentration	M_g6p_c	4.043e-04
concentration	M_q8_c	1.647e-05
concentration	M_xu5p__D_c	2.471e-04
concentration	M_q8h2_c	6.072e-04
concentration	M_e4p_c	1.362e-05
concentration	M_13dpg_c	1.826e-05
concentration	M_s7p_c	6.746e-04
concentration	M_2pg_c	1.947e-04
concentration	M_actp_c	1.442e-03
concentration	M_lac__D_c	8.000e-04
concentration	M_etoh_c	1.000e-04
concentration	M_6pgc_c	9.083e-05
concentration	M_fdp_c	1.698e-04
concentration	M_6pgl_c	2.983e-05
concentration	M_acon_C_c	2.894e-05
concentration	M_glu__L_c	2.196e-02
concentration	M_icit_c	1.434e-05
concentration	M_f6p_c	2.845e-04

!!SBtab TableID='Predicted Gibbs energies' TableType='Quantity' TableName='Predicted Gibbs energies' SBtabVersion='1.0' Unit='kJ/mol'
!QuantityType	!Reaction	!Value
reaction gibbs energy	R_PFK	0.000e+00
reaction gibbs energy	R_PFL	0.000e+00
reaction gibbs energy	R_PGI	-1.622e+00
reaction gibbs energy	R_PGK	-1.870e-02
reaction gibbs energy	R_PGL	-2.121e+01
reaction gibbs energy	R_ACALD	0.000e+00
reaction gibbs energy	R_PGM	-1.870e-02
reaction gibbs energy	R_ALCD2x	0.000e+00
reaction gibbs energy	R_ACKr	0.000e+00
reaction gibbs energy	R_PPC	0.000e+00
reaction gibbs energy	R_ACONTa	-1.720e+00
reaction gibbs energy	R_ACONTb	-3.281e+00
reaction gibbs energy	R_ATPM	0.000e+00
reaction gibbs energy	R_PPCK	-2.351e+00
reaction gibbs energy	R_PPS	0.000e+00
reaction gibbs energy	R_ADK1	0.000e+00
reaction gibbs energy	R_AKGDH	0.000e+00
reaction gibbs energy	R_PTAr	0.000e+00
reaction gibbs energy	R_PYK	0.000e+00
reaction gibbs energy	R_RPE	-3.183e+00
reaction gibbs energy	R_CS	-1.505e+01
reaction gibbs energy	R_RPI	-3.873e+00
reaction gibbs energy	R_ENO	-1.870e-02
reaction gibbs energy	R_SUCDi	-1.159e+01
reaction gibbs energy	R_SUCOAS	0.000e+00
reaction gibbs energy	R_TALA	-8.345e+00
reaction gibbs energy	R_TKT1	-1.447e+00
reaction gibbs energy	R_TKT2	0.000e+00
reaction gibbs energy	R_TPI	-1.282e+00
reaction gibbs energy	R_FBA	-2.510e+00
reaction gibbs energy	R_FBP	-2.838e+01
reaction gibbs energy	R_FRD7	0.000e+00
reaction gibbs energy	R_FUM	-1.974e+00
reaction gibbs energy	R_G6PDH2r	-6.311e+00
reaction gibbs energy	R_GAPD	-2.547e+00
reaction gibbs energy	R_GLNS	-1.307e+01
reaction gibbs energy	R_GLUDy	0.000e+00
reaction gibbs energy	R_GLUN	0.000e+00
reaction gibbs energy	R_GLUSy	-3.837e+01
reaction gibbs energy	R_GND	-3.969e+00
reaction gibbs energy	R_ICDHyr	-3.701e+00
reaction gibbs energy	R_ICL	-8.435e+00
reaction gibbs energy	R_LDH_D	-1.105e+01
reaction gibbs energy	R_MALS	-1.814e+01
reaction gibbs energy	R_MDH	-1.442e+00
reaction gibbs energy	R_ME1	0.000e+00
reaction gibbs energy	R_ME2	-6.973e+00
reaction gibbs energy	R_NADTRHD	0.000e+00
reaction gibbs energy	R_PDH	-5.814e+01

