!!!SBtab DocumentName='report' SBtabVersion='1.0' Date='2022-6-9'
!!SBtab TableID='Predicted concentrations' TableType='Quantity' TableName='Predicted concentrations' SBtabVersion='1.0' Unit='M'
!QuantityType	!Compound	!Value
concentration	M_h2o_c	1.000e+00
concentration	M_atp_c	2.427e-03
concentration	M_nadp_c	6.740e-06
concentration	M_nadph_c	4.931e-05
concentration	M_adp_c	2.609e-04
concentration	M_nad_c	2.003e-03
concentration	M_pi_c	8.228e-03
concentration	M_nadh_c	4.489e-06
concentration	M_coa_c	7.266e-04
concentration	M_co2_c	1.854e-04
concentration	M_amp_c	2.677e-04
concentration	M_nh4_c	3.558e-05
concentration	M_akg_c	2.480e-04
concentration	M_accoa_c	3.266e-04
concentration	M_pyr_c	1.030e-03
concentration	M_succ_c	2.768e-04
concentration	M_ac_c	1.000e-02
concentration	M_gln__L_c	2.089e-03
concentration	M_for_c	1.000e-04
concentration	M_oaa_c	2.586e-06
concentration	M_glx_c	1.000e-04
concentration	M_pep_c	1.698e-04
concentration	M_g3p_c	3.918e-05
concentration	M_acald_c	1.000e-04
concentration	M_dhap_c	8.337e-04
concentration	M_succoa_c	1.089e-03
concentration	M_fum_c	1.823e-03
concentration	M_mal__L_c	2.007e-03
concentration	M_r5p_c	9.615e-05
concentration	M_3pg_c	1.593e-03
concentration	M_cit_c	2.374e-03
concentration	M_ru5p__D_c	2.360e-04
concentration	M_g6p_c	8.100e-04
concentration	M_q8_c	1.989e-05
concentration	M_xu5p__D_c	1.991e-04
concentration	M_q8h2_c	5.029e-04
concentration	M_e4p_c	1.336e-05
concentration	M_13dpg_c	2.135e-05
concentration	M_s7p_c	7.239e-04
concentration	M_2pg_c	9.819e-05
concentration	M_actp_c	1.020e-03
concentration	M_lac__D_c	1.000e-04
concentration	M_etoh_c	1.000e-04
concentration	M_6pgc_c	1.103e-04
concentration	M_fdp_c	6.927e-04
concentration	M_6pgl_c	1.896e-05
concentration	M_acon_C_c	2.701e-05
concentration	M_glu__L_c	2.197e-02
concentration	M_icit_c	1.405e-05
concentration	M_f6p_c	1.466e-04

!!SBtab TableID='Predicted Gibbs energies' TableType='Quantity' TableName='Predicted Gibbs energies' SBtabVersion='1.0' Unit='kJ/mol'
!QuantityType	!Reaction	!Value
reaction gibbs energy	R_PFK	-1.748e+01
reaction gibbs energy	R_PFL	0.000e+00
reaction gibbs energy	R_PGI	-1.669e+00
reaction gibbs energy	R_PGK	-3.253e+00
reaction gibbs energy	R_PGL	-1.935e+01
reaction gibbs energy	R_ACALD	0.000e+00
reaction gibbs energy	R_PGM	-2.504e+00
reaction gibbs energy	R_ALCD2x	0.000e+00
reaction gibbs energy	R_ACKr	-1.274e+00
reaction gibbs energy	R_PPC	0.000e+00
reaction gibbs energy	R_ACONTa	-2.390e+00
reaction gibbs energy	R_ACONTb	-3.108e+00
reaction gibbs energy	R_ATPM	0.000e+00
reaction gibbs energy	R_PPCK	0.000e+00
reaction gibbs energy	R_PPS	0.000e+00
reaction gibbs energy	R_ADK1	0.000e+00
reaction gibbs energy	R_AKGDH	-4.302e+01
reaction gibbs energy	R_PTAr	-2.295e+00
reaction gibbs energy	R_PYK	0.000e+00
reaction gibbs energy	R_RPE	-3.792e+00
reaction gibbs energy	R_CS	-1.818e+01
reaction gibbs energy	R_RPI	-4.345e+00
reaction gibbs energy	R_ENO	-2.505e+00
reaction gibbs energy	R_SUCDi	-1.181e+01
reaction gibbs energy	R_SUCOAS	-2.241e+00
reaction gibbs energy	R_TALA	-7.601e+00
reaction gibbs energy	R_TKT1	-2.838e+00
reaction gibbs energy	R_TKT2	-8.397e+00
reaction gibbs energy	R_TPI	-2.019e+00
reaction gibbs energy	R_FBA	-2.143e+00
reaction gibbs energy	R_FBP	0.000e+00
reaction gibbs energy	R_FRD7	0.000e+00
reaction gibbs energy	R_FUM	-3.190e+00
reaction gibbs energy	R_G6PDH2r	-9.463e+00
reaction gibbs energy	R_GAPD	-1.630e+00
reaction gibbs energy	R_GLNS	-1.214e+01
reaction gibbs energy	R_GLUDy	0.000e+00
reaction gibbs energy	R_GLUN	0.000e+00
reaction gibbs energy	R_GLUSy	-3.752e+01
reaction gibbs energy	R_GND	-4.076e+00
reaction gibbs energy	R_ICDHyr	-3.839e+00
reaction gibbs energy	R_ICL	0.000e+00
reaction gibbs energy	R_LDH_D	0.000e+00
reaction gibbs energy	R_MALS	0.000e+00
reaction gibbs energy	R_MDH	-3.514e+00
reaction gibbs energy	R_ME1	0.000e+00
reaction gibbs energy	R_ME2	0.000e+00
reaction gibbs energy	R_NADTRHD	0.000e+00
reaction gibbs energy	R_PDH	-5.490e+01

