!!!SBtab DocumentName='report' SBtabVersion='1.0' Date='2022-6-9'
!!SBtab TableID='Predicted concentrations' TableType='Quantity' TableName='Predicted concentrations' SBtabVersion='1.0' Unit='M'
!QuantityType	!Compound	!Value
concentration	M_h2o_c	1.000e+00
concentration	M_atp_c	2.427e-03
concentration	M_nadp_c	6.698e-06
concentration	M_nadph_c	5.089e-05
concentration	M_adp_c	2.609e-04
concentration	M_nad_c	1.562e-03
concentration	M_pi_c	2.736e-03
concentration	M_nadh_c	2.657e-05
concentration	M_coa_c	1.039e-02
concentration	M_co2_c	3.204e-04
concentration	M_amp_c	2.690e-04
concentration	M_nh4_c	1.000e-04
concentration	M_akg_c	3.180e-04
concentration	M_accoa_c	5.236e-04
concentration	M_pyr_c	1.408e-03
concentration	M_succ_c	4.382e-04
concentration	M_ac_c	1.000e-02
concentration	M_gln__L_c	2.104e-03
concentration	M_for_c	1.000e-04
concentration	M_oaa_c	1.743e-06
concentration	M_glx_c	2.773e-05
concentration	M_pep_c	6.167e-04
concentration	M_g3p_c	1.021e-04
concentration	M_acald_c	1.000e-04
concentration	M_dhap_c	5.562e-04
concentration	M_succoa_c	3.901e-04
concentration	M_fum_c	1.754e-03
concentration	M_mal__L_c	3.622e-03
concentration	M_r5p_c	1.056e-04
concentration	M_3pg_c	2.172e-03
concentration	M_cit_c	1.831e-03
concentration	M_ru5p__D_c	1.874e-04
concentration	M_g6p_c	4.168e-04
concentration	M_q8_c	2.028e-05
concentration	M_xu5p__D_c	2.420e-04
concentration	M_q8h2_c	4.931e-04
concentration	M_e4p_c	1.357e-05
concentration	M_13dpg_c	1.826e-05
concentration	M_s7p_c	7.003e-04
concentration	M_2pg_c	2.040e-04
concentration	M_actp_c	1.020e-03
concentration	M_lac__D_c	1.000e-04
concentration	M_etoh_c	1.000e-04
concentration	M_6pgc_c	1.095e-04
concentration	M_fdp_c	1.954e-04
concentration	M_6pgl_c	1.893e-05
concentration	M_acon_C_c	2.888e-05
concentration	M_glu__L_c	2.173e-02
concentration	M_icit_c	1.341e-05
concentration	M_f6p_c	2.753e-04

!!SBtab TableID='Predicted Gibbs energies' TableType='Quantity' TableName='Predicted Gibbs energies' SBtabVersion='1.0' Unit='kJ/mol'
!QuantityType	!Reaction	!Value
reaction gibbs energy	R_PFK	-2.248e+01
reaction gibbs energy	R_PFL	0.000e+00
reaction gibbs energy	R_PGI	-1.473e+00
reaction gibbs energy	R_PGK	3.192e-01
reaction gibbs energy	R_PGL	-1.955e+01
reaction gibbs energy	R_ACALD	0.000e+00
reaction gibbs energy	R_PGM	3.192e-01
reaction gibbs energy	R_ALCD2x	0.000e+00
reaction gibbs energy	R_ACKr	3.192e-01
reaction gibbs energy	R_PPC	0.000e+00
reaction gibbs energy	R_ACONTa	-1.570e+00
reaction gibbs energy	R_ACONTb	-3.415e+00
reaction gibbs energy	R_ATPM	0.000e+00
reaction gibbs energy	R_PPCK	0.000e+00
reaction gibbs energy	R_PPS	-2.395e+01
reaction gibbs energy	R_ADK1	-5.506e+00
reaction gibbs energy	R_AKGDH	0.000e+00
reaction gibbs energy	R_PTAr	-1.178e+01
reaction gibbs energy	R_PYK	0.000e+00
reaction gibbs energy	R_RPE	-2.809e+00
reaction gibbs energy	R_CS	-1.265e+01
reaction gibbs energy	R_RPI	-3.557e+00
reaction gibbs energy	R_ENO	3.192e-01
reaction gibbs energy	R_SUCDi	-1.300e+01
reaction gibbs energy	R_SUCOAS	0.000e+00
reaction gibbs energy	R_TALA	-8.334e+00
reaction gibbs energy	R_TKT1	-1.354e+00
reaction gibbs energy	R_TKT2	-5.076e+00
reaction gibbs energy	R_TPI	-1.082e+00
reaction gibbs energy	R_FBA	-2.098e+00
reaction gibbs energy	R_FBP	-2.628e+01
reaction gibbs energy	R_FRD7	0.000e+00
reaction gibbs energy	R_FUM	-1.627e+00
reaction gibbs energy	R_G6PDH2r	-7.641e+00
reaction gibbs energy	R_GAPD	-2.195e+00
reaction gibbs energy	R_GLNS	0.000e+00
reaction gibbs energy	R_GLUDy	0.000e+00
reaction gibbs energy	R_GLUN	0.000e+00
reaction gibbs energy	R_GLUSy	0.000e+00
reaction gibbs energy	R_GND	-2.557e+00
reaction gibbs energy	R_ICDHyr	0.000e+00
reaction gibbs energy	R_ICL	-8.252e+00
reaction gibbs energy	R_LDH_D	0.000e+00
reaction gibbs energy	R_MALS	-1.689e+01
reaction gibbs energy	R_MDH	-8.961e-01
reaction gibbs energy	R_ME1	-1.938e+01
reaction gibbs energy	R_ME2	0.000e+00
reaction gibbs energy	R_NADTRHD	-1.521e+01
reaction gibbs energy	R_PDH	0.000e+00

