!!!SBtab DocumentName='report' SBtabVersion='1.0' Date='2022-6-9'
!!SBtab TableID='Predicted concentrations' TableType='Quantity' TableName='Predicted concentrations' SBtabVersion='1.0' Unit='M'
!QuantityType	!Compound	!Value
concentration	M_h2o_c	1.000e+00
concentration	M_atp_c	1.901e-03
concentration	M_nadp_c	6.705e-06
concentration	M_nadph_c	5.119e-05
concentration	M_adp_c	3.427e-04
concentration	M_nad_c	1.997e-03
concentration	M_pi_c	8.595e-03
concentration	M_nadh_c	4.510e-06
concentration	M_coa_c	1.114e-04
concentration	M_co2_c	6.295e-05
concentration	M_amp_c	2.678e-04
concentration	M_nh4_c	1.695e-05
concentration	M_akg_c	2.487e-04
concentration	M_accoa_c	1.369e-03
concentration	M_pyr_c	9.386e-04
concentration	M_succ_c	4.003e-04
concentration	M_ac_c	4.269e-04
concentration	M_gln__L_c	2.088e-03
concentration	M_for_c	9.999e-05
concentration	M_oaa_c	3.500e-06
concentration	M_glx_c	9.999e-05
concentration	M_pep_c	6.167e-04
concentration	M_g3p_c	3.945e-05
concentration	M_acald_c	9.999e-05
concentration	M_dhap_c	8.129e-04
concentration	M_succoa_c	5.877e-04
concentration	M_fum_c	1.957e-03
concentration	M_mal__L_c	2.292e-03
concentration	M_r5p_c	9.373e-05
concentration	M_3pg_c	1.020e-03
concentration	M_cit_c	2.388e-03
concentration	M_ru5p__D_c	2.462e-04
concentration	M_g6p_c	4.774e-04
concentration	M_q8_c	1.822e-05
concentration	M_xu5p__D_c	2.113e-04
concentration	M_q8h2_c	5.489e-04
concentration	M_e4p_c	1.352e-05
concentration	M_13dpg_c	2.129e-05
concentration	M_s7p_c	7.485e-04
concentration	M_2pg_c	1.322e-04
concentration	M_actp_c	1.226e-03
concentration	M_lac__D_c	4.764e-04
concentration	M_etoh_c	9.999e-05
concentration	M_6pgc_c	9.966e-05
concentration	M_fdp_c	6.665e-04
concentration	M_6pgl_c	2.291e-05
concentration	M_acon_C_c	2.544e-05
concentration	M_glu__L_c	2.244e-02
concentration	M_icit_c	1.155e-05
concentration	M_f6p_c	2.224e-04

!!SBtab TableID='Predicted Gibbs energies' TableType='Quantity' TableName='Predicted Gibbs energies' SBtabVersion='1.0' Unit='kJ/mol'
!QuantityType	!Reaction	!Value
reaction gibbs energy	R_PFK	-1.768e+01
reaction gibbs energy	R_PFL	0.000e+00
reaction gibbs energy	R_PGI	0.000e+00
reaction gibbs energy	R_PGK	-5.726e+00
reaction gibbs energy	R_PGL	-2.039e+01
reaction gibbs energy	R_ACALD	0.000e+00
reaction gibbs energy	R_PGM	-1.384e+00
reaction gibbs energy	R_ALCD2x	0.000e+00
reaction gibbs energy	R_ACKr	-1.244e+01
reaction gibbs energy	R_PPC	0.000e+00
reaction gibbs energy	R_ACONTa	-2.505e+00
reaction gibbs energy	R_ACONTb	-3.511e+00
reaction gibbs energy	R_ATPM	0.000e+00
reaction gibbs energy	R_PPCK	-3.330e+00
reaction gibbs energy	R_PPS	0.000e+00
reaction gibbs energy	R_ADK1	0.000e+00
reaction gibbs energy	R_AKGDH	-4.228e+01
reaction gibbs energy	R_PTAr	-1.999e+00
reaction gibbs energy	R_PYK	0.000e+00
reaction gibbs energy	R_RPE	-3.895e+00
reaction gibbs energy	R_CS	-2.753e+01
reaction gibbs energy	R_RPI	-4.548e+00
reaction gibbs energy	R_ENO	-1.384e+00
reaction gibbs energy	R_SUCDi	-1.198e+01
reaction gibbs energy	R_SUCOAS	-5.739e+00
reaction gibbs energy	R_TALA	-6.729e+00
reaction gibbs energy	R_TKT1	-3.005e+00
reaction gibbs energy	R_TKT2	0.000e+00
reaction gibbs energy	R_TPI	-2.236e+00
reaction gibbs energy	R_FBA	-2.378e+00
reaction gibbs energy	R_FBP	0.000e+00
reaction gibbs energy	R_FRD7	0.000e+00
reaction gibbs energy	R_FUM	-3.032e+00
reaction gibbs energy	R_G6PDH2r	-7.467e+00
reaction gibbs energy	R_GAPD	-1.780e+00
reaction gibbs energy	R_GLNS	-9.040e+00
reaction gibbs energy	R_GLUDy	0.000e+00
reaction gibbs energy	R_GLUN	0.000e+00
reaction gibbs energy	R_GLUSy	-3.777e+01
reaction gibbs energy	R_GND	-5.520e+00
reaction gibbs energy	R_ICDHyr	-5.124e+00
reaction gibbs energy	R_ICL	0.000e+00
reaction gibbs energy	R_LDH_D	-8.820e+00
reaction gibbs energy	R_MALS	0.000e+00
reaction gibbs energy	R_MDH	-3.014e+00
reaction gibbs energy	R_ME1	0.000e+00
reaction gibbs energy	R_ME2	0.000e+00
reaction gibbs energy	R_NADTRHD	0.000e+00
reaction gibbs energy	R_PDH	-5.093e+01

