!!!SBtab DocumentName='report' SBtabVersion='1.0' Date='2022-6-9'
!!SBtab TableID='Predicted concentrations' TableType='Quantity' TableName='Predicted concentrations' SBtabVersion='1.0' Unit='M'
!QuantityType	!Compound	!Value
concentration	M_h2o_c	1.000e+00
concentration	M_atp_c	1.898e-03
concentration	M_nadp_c	6.658e-06
concentration	M_nadph_c	5.089e-05
concentration	M_adp_c	3.353e-04
concentration	M_nad_c	1.513e-03
concentration	M_pi_c	5.268e-03
concentration	M_nadh_c	2.019e-04
concentration	M_coa_c	1.502e-03
concentration	M_co2_c	5.691e-05
concentration	M_amp_c	2.741e-04
concentration	M_nh4_c	1.121e-05
concentration	M_akg_c	2.834e-04
concentration	M_accoa_c	6.588e-04
concentration	M_pyr_c	9.147e-04
concentration	M_succ_c	4.090e-04
concentration	M_ac_c	9.999e-05
concentration	M_gln__L_c	2.116e-03
concentration	M_for_c	9.999e-05
concentration	M_oaa_c	1.600e-04
concentration	M_glx_c	9.999e-05
concentration	M_pep_c	6.167e-04
concentration	M_g3p_c	1.492e-04
concentration	M_acald_c	9.999e-05
concentration	M_dhap_c	4.882e-04
concentration	M_succoa_c	3.901e-04
concentration	M_fum_c	1.655e-03
concentration	M_mal__L_c	1.529e-03
concentration	M_r5p_c	1.385e-04
concentration	M_3pg_c	1.020e-03
concentration	M_cit_c	2.393e-03
concentration	M_ru5p__D_c	2.875e-04
concentration	M_g6p_c	3.464e-04
concentration	M_q8_c	2.008e-05
concentration	M_xu5p__D_c	3.072e-04
concentration	M_q8h2_c	4.980e-04
concentration	M_e4p_c	1.364e-05
concentration	M_13dpg_c	3.132e-05
concentration	M_s7p_c	5.779e-04
concentration	M_2pg_c	1.322e-04
concentration	M_actp_c	1.442e-03
concentration	M_lac__D_c	9.999e-05
concentration	M_etoh_c	9.999e-05
concentration	M_6pgc_c	9.887e-05
concentration	M_fdp_c	1.490e-04
concentration	M_6pgl_c	1.926e-05
concentration	M_acon_C_c	2.513e-05
concentration	M_glu__L_c	2.206e-02
concentration	M_icit_c	1.142e-05
concentration	M_f6p_c	3.085e-04

!!SBtab TableID='Predicted Gibbs energies' TableType='Quantity' TableName='Predicted Gibbs energies' SBtabVersion='1.0' Unit='kJ/mol'
!QuantityType	!Reaction	!Value
reaction gibbs energy	R_PFK	0.000e+00
reaction gibbs energy	R_PFL	0.000e+00
reaction gibbs energy	R_PGI	-2.214e+00
reaction gibbs energy	R_PGK	0.000e+00
reaction gibbs energy	R_PGL	-1.998e+01
reaction gibbs energy	R_ACALD	0.000e+00
reaction gibbs energy	R_PGM	-1.384e+00
reaction gibbs energy	R_ALCD2x	0.000e+00
reaction gibbs energy	R_ACKr	0.000e+00
reaction gibbs energy	R_PPC	-3.289e+01
reaction gibbs energy	R_ACONTa	-2.541e+00
reaction gibbs energy	R_ACONTb	-3.509e+00
reaction gibbs energy	R_ATPM	0.000e+00
reaction gibbs energy	R_PPCK	0.000e+00
reaction gibbs energy	R_PPS	-2.060e+01
reaction gibbs energy	R_ADK1	-3.676e+00
reaction gibbs energy	R_AKGDH	0.000e+00
reaction gibbs energy	R_PTAr	0.000e+00
reaction gibbs energy	R_PYK	0.000e+00
reaction gibbs energy	R_RPE	-3.353e+00
reaction gibbs energy	R_CS	-2.874e+01
reaction gibbs energy	R_RPI	-3.965e+00
reaction gibbs energy	R_ENO	-1.384e+00
reaction gibbs energy	R_SUCDi	-1.293e+01
reaction gibbs energy	R_SUCOAS	0.000e+00
reaction gibbs energy	R_TALA	-8.551e+00
reaction gibbs energy	R_TKT1	-2.244e+00
reaction gibbs energy	R_TKT2	-4.550e+00
reaction gibbs energy	R_TPI	-2.323e+00
reaction gibbs energy	R_FBA	-3.367e+00
reaction gibbs energy	R_FBP	-2.374e+01
reaction gibbs energy	R_FRD7	0.000e+00
reaction gibbs energy	R_FUM	-3.619e+00
reaction gibbs energy	R_G6PDH2r	-7.100e+00
reaction gibbs energy	R_GAPD	0.000e+00
reaction gibbs energy	R_GLNS	-9.200e+00
reaction gibbs energy	R_GLUDy	0.000e+00
reaction gibbs energy	R_GLUN	0.000e+00
reaction gibbs energy	R_GLUSy	-3.821e+01
reaction gibbs energy	R_GND	-5.363e+00
reaction gibbs energy	R_ICDHyr	-5.019e+00
reaction gibbs energy	R_ICL	0.000e+00
reaction gibbs energy	R_LDH_D	0.000e+00
reaction gibbs energy	R_MALS	0.000e+00
reaction gibbs energy	R_MDH	0.000e+00
reaction gibbs energy	R_ME1	0.000e+00
reaction gibbs energy	R_ME2	-7.106e+00
reaction gibbs energy	R_NADTRHD	-1.014e+01
reaction gibbs energy	R_PDH	-4.926e+01

