!!!SBtab DocumentName='report' SBtabVersion='1.0' Date='2022-6-9'
!!SBtab TableID='Predicted concentrations' TableType='Quantity' TableName='Predicted concentrations' SBtabVersion='1.0' Unit='M'
!QuantityType	!Compound	!Value
concentration	M_h2o_c	1.000e+00
concentration	M_atp_c	2.427e-03
concentration	M_nadp_c	6.712e-06
concentration	M_nadph_c	4.938e-05
concentration	M_adp_c	2.609e-04
concentration	M_nad_c	1.664e-03
concentration	M_pi_c	5.105e-03
concentration	M_nadh_c	1.365e-05
concentration	M_coa_c	1.251e-02
concentration	M_co2_c	1.983e-04
concentration	M_amp_c	2.717e-04
concentration	M_nh4_c	1.000e-04
concentration	M_akg_c	3.180e-04
concentration	M_accoa_c	4.859e-04
concentration	M_pyr_c	1.086e-03
concentration	M_succ_c	4.276e-04
concentration	M_ac_c	1.000e-02
concentration	M_gln__L_c	2.104e-03
concentration	M_for_c	1.000e-04
concentration	M_oaa_c	1.560e-06
concentration	M_glx_c	2.599e-05
concentration	M_pep_c	3.090e-04
concentration	M_g3p_c	1.305e-04
concentration	M_acald_c	1.000e-04
concentration	M_dhap_c	4.915e-04
concentration	M_succoa_c	3.901e-04
concentration	M_fum_c	2.073e-03
concentration	M_mal__L_c	2.759e-03
concentration	M_r5p_c	1.345e-04
concentration	M_3pg_c	1.508e-03
concentration	M_cit_c	2.591e-03
concentration	M_ru5p__D_c	2.621e-04
concentration	M_g6p_c	3.577e-04
concentration	M_q8_c	2.029e-05
concentration	M_xu5p__D_c	2.969e-04
concentration	M_q8h2_c	4.929e-04
concentration	M_e4p_c	1.375e-05
concentration	M_13dpg_c	3.132e-05
concentration	M_s7p_c	5.860e-04
concentration	M_2pg_c	1.000e-04
concentration	M_actp_c	1.020e-03
concentration	M_lac__D_c	6.664e-04
concentration	M_etoh_c	1.000e-04
concentration	M_6pgc_c	1.113e-04
concentration	M_fdp_c	1.494e-04
concentration	M_6pgl_c	1.914e-05
concentration	M_acon_C_c	2.630e-05
concentration	M_glu__L_c	2.173e-02
concentration	M_icit_c	1.011e-05
concentration	M_f6p_c	3.080e-04

!!SBtab TableID='Predicted Gibbs energies' TableType='Quantity' TableName='Predicted Gibbs energies' SBtabVersion='1.0' Unit='kJ/mol'
!QuantityType	!Reaction	!Value
reaction gibbs energy	R_PFK	0.000e+00
reaction gibbs energy	R_PFL	0.000e+00
reaction gibbs energy	R_PGI	-2.195e+00
reaction gibbs energy	R_PGK	0.000e+00
reaction gibbs energy	R_PGL	-1.936e+01
reaction gibbs energy	R_ACALD	0.000e+00
reaction gibbs energy	R_PGM	0.000e+00
reaction gibbs energy	R_ALCD2x	0.000e+00
reaction gibbs energy	R_ACKr	-1.274e+00
reaction gibbs energy	R_PPC	0.000e+00
reaction gibbs energy	R_ACONTa	-2.673e+00
reaction gibbs energy	R_ACONTb	-3.857e+00
reaction gibbs energy	R_ATPM	0.000e+00
reaction gibbs energy	R_PPCK	0.000e+00
reaction gibbs energy	R_PPS	-2.349e+01
reaction gibbs energy	R_ADK1	-5.533e+00
reaction gibbs energy	R_AKGDH	0.000e+00
reaction gibbs energy	R_PTAr	-9.545e+00
reaction gibbs energy	R_PYK	0.000e+00
reaction gibbs energy	R_RPE	-3.062e+00
reaction gibbs energy	R_CS	-1.064e+01
reaction gibbs energy	R_RPI	-3.773e+00
reaction gibbs energy	R_ENO	0.000e+00
reaction gibbs energy	R_SUCDi	-1.267e+01
reaction gibbs energy	R_SUCOAS	0.000e+00
reaction gibbs energy	R_TALA	-8.147e+00
reaction gibbs energy	R_TKT1	-2.202e+00
reaction gibbs energy	R_TKT2	-4.639e+00
reaction gibbs energy	R_TPI	-2.271e+00
reaction gibbs energy	R_FBA	-3.329e+00
reaction gibbs energy	R_FBP	-2.387e+01
reaction gibbs energy	R_FRD7	0.000e+00
reaction gibbs energy	R_FUM	-2.720e+00
reaction gibbs energy	R_G6PDH2r	-7.400e+00
reaction gibbs energy	R_GAPD	0.000e+00
reaction gibbs energy	R_GLNS	0.000e+00
reaction gibbs energy	R_GLUDy	0.000e+00
reaction gibbs energy	R_GLUN	0.000e+00
reaction gibbs energy	R_GLUSy	0.000e+00
reaction gibbs energy	R_GND	-3.657e+00
reaction gibbs energy	R_ICDHyr	0.000e+00
reaction gibbs energy	R_ICL	-7.686e+00
reaction gibbs energy	R_LDH_D	-1.155e+01
reaction gibbs energy	R_MALS	-1.788e+01
reaction gibbs energy	R_MDH	-2.338e+00
reaction gibbs energy	R_ME1	-2.311e+01
reaction gibbs energy	R_ME2	0.000e+00
reaction gibbs energy	R_NADTRHD	-1.694e+01
reaction gibbs energy	R_PDH	0.000e+00

