!!!SBtab DocumentName='report' SBtabVersion='1.0' Date='2022-6-9'
!!SBtab TableID='Predicted concentrations' TableType='Quantity' TableName='Predicted concentrations' SBtabVersion='1.0' Unit='M'
!QuantityType	!Compound	!Value
concentration	M_h2o_c	1.000e+00
concentration	M_atp_c	2.427e-03
concentration	M_nadp_c	6.568e-06
concentration	M_nadph_c	5.387e-05
concentration	M_adp_c	2.609e-04
concentration	M_nad_c	1.560e-03
concentration	M_pi_c	5.901e-03
concentration	M_nadh_c	3.384e-05
concentration	M_coa_c	1.269e-04
concentration	M_co2_c	7.232e-05
concentration	M_amp_c	2.677e-04
concentration	M_nh4_c	6.227e-06
concentration	M_akg_c	3.100e-04
concentration	M_accoa_c	1.296e-03
concentration	M_pyr_c	9.561e-04
concentration	M_succ_c	4.257e-04
concentration	M_ac_c	5.744e-04
concentration	M_gln__L_c	2.139e-03
concentration	M_for_c	1.000e-04
concentration	M_oaa_c	1.588e-06
concentration	M_glx_c	3.187e-05
concentration	M_pep_c	6.167e-04
concentration	M_g3p_c	8.512e-05
concentration	M_acald_c	1.000e-04
concentration	M_dhap_c	4.823e-04
concentration	M_succoa_c	3.901e-04
concentration	M_fum_c	2.050e-03
concentration	M_mal__L_c	4.323e-03
concentration	M_r5p_c	1.040e-04
concentration	M_3pg_c	2.056e-03
concentration	M_cit_c	2.011e-03
concentration	M_ru5p__D_c	2.283e-04
concentration	M_g6p_c	4.034e-04
concentration	M_q8_c	1.804e-05
concentration	M_xu5p__D_c	2.346e-04
concentration	M_q8h2_c	5.544e-04
concentration	M_e4p_c	1.353e-05
concentration	M_13dpg_c	1.826e-05
concentration	M_s7p_c	7.096e-04
concentration	M_2pg_c	1.947e-04
concentration	M_actp_c	1.243e-03
concentration	M_lac__D_c	9.541e-04
concentration	M_etoh_c	1.000e-04
concentration	M_6pgc_c	9.088e-05
concentration	M_fdp_c	1.463e-04
concentration	M_6pgl_c	1.787e-05
concentration	M_acon_C_c	2.854e-05
concentration	M_glu__L_c	2.134e-02
concentration	M_icit_c	1.356e-05
concentration	M_f6p_c	2.880e-04

!!SBtab TableID='Predicted Gibbs energies' TableType='Quantity' TableName='Predicted Gibbs energies' SBtabVersion='1.0' Unit='kJ/mol'
!QuantityType	!Reaction	!Value
reaction gibbs energy	R_PFK	0.000e+00
reaction gibbs energy	R_PFL	0.000e+00
reaction gibbs energy	R_PGI	-1.658e+00
reaction gibbs energy	R_PGK	-1.870e-02
reaction gibbs energy	R_PGL	-1.993e+01
reaction gibbs energy	R_ACALD	0.000e+00
reaction gibbs energy	R_PGM	-1.870e-02
reaction gibbs energy	R_ALCD2x	0.000e+00
reaction gibbs energy	R_ACKr	-1.045e+01
reaction gibbs energy	R_PPC	0.000e+00
reaction gibbs energy	R_ACONTa	-1.800e+00
reaction gibbs energy	R_ACONTb	-3.386e+00
reaction gibbs energy	R_ATPM	0.000e+00
reaction gibbs energy	R_PPCK	-2.408e+00
reaction gibbs energy	R_PPS	0.000e+00
reaction gibbs energy	R_ADK1	0.000e+00
reaction gibbs energy	R_AKGDH	0.000e+00
reaction gibbs energy	R_PTAr	-5.766e-01
reaction gibbs energy	R_PYK	0.000e+00
reaction gibbs energy	R_RPE	-3.404e+00
reaction gibbs energy	R_CS	-2.552e+01
reaction gibbs energy	R_RPI	-4.092e+00
reaction gibbs energy	R_ENO	-1.870e-02
reaction gibbs energy	R_SUCDi	-1.173e+01
reaction gibbs energy	R_SUCOAS	0.000e+00
reaction gibbs energy	R_TALA	-7.831e+00
reaction gibbs energy	R_TKT1	-1.691e+00
reaction gibbs energy	R_TKT2	-5.365e+00
reaction gibbs energy	R_TPI	-9.409e-01
reaction gibbs energy	R_FBA	-1.969e+00
reaction gibbs energy	R_FBP	-2.356e+01
reaction gibbs energy	R_FRD7	0.000e+00
reaction gibbs energy	R_FUM	-1.574e+00
reaction gibbs energy	R_G6PDH2r	-7.490e+00
reaction gibbs energy	R_GAPD	-1.037e+00
reaction gibbs energy	R_GLNS	-8.564e+00
reaction gibbs energy	R_GLUDy	0.000e+00
reaction gibbs energy	R_GLUN	0.000e+00
reaction gibbs energy	R_GLUSy	-3.880e+01
reaction gibbs energy	R_GND	-4.941e+00
reaction gibbs energy	R_ICDHyr	-4.437e+00
reaction gibbs energy	R_ICL	-8.002e+00
reaction gibbs energy	R_LDH_D	-1.275e+01
reaction gibbs energy	R_MALS	-2.938e+01
reaction gibbs energy	R_MDH	-9.385e-01
reaction gibbs energy	R_ME1	0.000e+00
reaction gibbs energy	R_ME2	0.000e+00
reaction gibbs energy	R_NADTRHD	0.000e+00
reaction gibbs energy	R_PDH	-4.524e+01

