!!!SBtab DocumentName='report' SBtabVersion='1.0' Date='2022-6-9'
!!SBtab TableID='Predicted concentrations' TableType='Quantity' TableName='Predicted concentrations' SBtabVersion='1.0' Unit='M'
!QuantityType	!Compound	!Value
concentration	M_h2o_c	1.000e+00
concentration	M_atp_c	2.427e-03
concentration	M_nadp_c	6.709e-06
concentration	M_nadph_c	5.097e-05
concentration	M_adp_c	2.609e-04
concentration	M_nad_c	1.956e-03
concentration	M_pi_c	8.580e-03
concentration	M_nadh_c	4.542e-06
concentration	M_coa_c	7.565e-04
concentration	M_co2_c	7.325e-05
concentration	M_amp_c	2.677e-04
concentration	M_nh4_c	1.000e-04
concentration	M_akg_c	2.749e-04
concentration	M_accoa_c	3.258e-04
concentration	M_pyr_c	1.285e-03
concentration	M_succ_c	2.851e-04
concentration	M_ac_c	1.000e-02
concentration	M_gln__L_c	2.104e-03
concentration	M_for_c	1.000e-04
concentration	M_oaa_c	9.247e-05
concentration	M_glx_c	2.473e-05
concentration	M_pep_c	1.637e-04
concentration	M_g3p_c	4.036e-05
concentration	M_acald_c	1.000e-04
concentration	M_dhap_c	8.310e-04
concentration	M_succoa_c	1.093e-03
concentration	M_fum_c	1.733e-03
concentration	M_mal__L_c	1.761e-03
concentration	M_r5p_c	5.604e-05
concentration	M_3pg_c	1.581e-03
concentration	M_cit_c	2.349e-03
concentration	M_ru5p__D_c	1.858e-04
concentration	M_g6p_c	4.964e-04
concentration	M_q8_c	1.914e-05
concentration	M_xu5p__D_c	1.652e-04
concentration	M_q8h2_c	5.225e-04
concentration	M_e4p_c	1.349e-05
concentration	M_13dpg_c	2.178e-05
concentration	M_s7p_c	1.145e-03
concentration	M_2pg_c	9.621e-05
concentration	M_actp_c	1.020e-03
concentration	M_lac__D_c	5.599e-04
concentration	M_etoh_c	1.000e-04
concentration	M_6pgc_c	7.900e-05
concentration	M_fdp_c	6.968e-04
concentration	M_6pgl_c	1.000e-04
concentration	M_acon_C_c	2.595e-05
concentration	M_glu__L_c	2.173e-02
concentration	M_icit_c	1.058e-05
concentration	M_f6p_c	2.155e-04

!!SBtab TableID='Predicted Gibbs energies' TableType='Quantity' TableName='Predicted Gibbs energies' SBtabVersion='1.0' Unit='kJ/mol'
!QuantityType	!Reaction	!Value
reaction gibbs energy	R_PFK	-1.842e+01
reaction gibbs energy	R_PFL	0.000e+00
reaction gibbs energy	R_PGI	0.000e+00
reaction gibbs energy	R_PGK	-3.321e+00
reaction gibbs energy	R_PGL	0.000e+00
reaction gibbs energy	R_ACALD	0.000e+00
reaction gibbs energy	R_PGM	-2.536e+00
reaction gibbs energy	R_ALCD2x	0.000e+00
reaction gibbs energy	R_ACKr	-1.274e+00
reaction gibbs energy	R_PPC	-2.875e+01
reaction gibbs energy	R_ACONTa	-2.463e+00
reaction gibbs energy	R_ACONTb	-3.711e+00
reaction gibbs energy	R_ATPM	0.000e+00
reaction gibbs energy	R_PPCK	0.000e+00
reaction gibbs energy	R_PPS	0.000e+00
reaction gibbs energy	R_ADK1	0.000e+00
reaction gibbs energy	R_AKGDH	-4.558e+01
reaction gibbs energy	R_PTAr	-2.297e+00
reaction gibbs energy	R_PYK	0.000e+00
reaction gibbs energy	R_RPE	0.000e+00
reaction gibbs energy	R_CS	-2.696e+01
reaction gibbs energy	R_RPI	0.000e+00
reaction gibbs energy	R_ENO	-2.547e+00
reaction gibbs energy	R_SUCDi	-1.182e+01
reaction gibbs energy	R_SUCOAS	-2.180e+00
reaction gibbs energy	R_TALA	0.000e+00
reaction gibbs energy	R_TKT1	0.000e+00
reaction gibbs energy	R_TKT2	0.000e+00
reaction gibbs energy	R_TPI	-1.938e+00
reaction gibbs energy	R_FBA	-2.092e+00
reaction gibbs energy	R_FBP	0.000e+00
reaction gibbs energy	R_FRD7	0.000e+00
reaction gibbs energy	R_FUM	-3.388e+00
reaction gibbs energy	R_G6PDH2r	0.000e+00
reaction gibbs energy	R_GAPD	-1.670e+00
reaction gibbs energy	R_GLNS	0.000e+00
reaction gibbs energy	R_GLUDy	0.000e+00
reaction gibbs energy	R_GLUN	0.000e+00
reaction gibbs energy	R_GLUSy	0.000e+00
reaction gibbs energy	R_GND	0.000e+00
reaction gibbs energy	R_ICDHyr	-5.088e+00
reaction gibbs energy	R_ICL	-8.924e+00
reaction gibbs energy	R_LDH_D	-9.268e+00
reaction gibbs energy	R_MALS	-2.483e+01
reaction gibbs energy	R_MDH	0.000e+00
reaction gibbs energy	R_ME1	0.000e+00
reaction gibbs energy	R_ME2	-7.030e+00
reaction gibbs energy	R_NADTRHD	-2.015e+01
reaction gibbs energy	R_PDH	0.000e+00

