!!!SBtab DocumentName='report' SBtabVersion='1.0' Date='2022-6-9'
!!SBtab TableID='Predicted concentrations' TableType='Quantity' TableName='Predicted concentrations' SBtabVersion='1.0' Unit='M'
!QuantityType	!Compound	!Value
concentration	M_h2o_c	1.000e+00
concentration	M_atp_c	2.427e-03
concentration	M_nadp_c	6.741e-06
concentration	M_nadph_c	4.930e-05
concentration	M_adp_c	2.609e-04
concentration	M_nad_c	1.928e-03
concentration	M_pi_c	8.688e-03
concentration	M_nadh_c	4.357e-06
concentration	M_coa_c	7.291e-04
concentration	M_co2_c	1.717e-04
concentration	M_amp_c	2.677e-04
concentration	M_nh4_c	1.000e-04
concentration	M_akg_c	2.553e-04
concentration	M_accoa_c	3.132e-04
concentration	M_pyr_c	1.562e-03
concentration	M_succ_c	2.801e-04
concentration	M_ac_c	1.000e-02
concentration	M_gln__L_c	2.104e-03
concentration	M_for_c	1.000e-04
concentration	M_oaa_c	1.265e-04
concentration	M_glx_c	1.000e-04
concentration	M_pep_c	1.628e-04
concentration	M_g3p_c	3.941e-05
concentration	M_acald_c	1.000e-04
concentration	M_dhap_c	8.316e-04
concentration	M_succoa_c	1.072e-03
concentration	M_fum_c	1.570e-03
concentration	M_mal__L_c	1.349e-03
concentration	M_r5p_c	5.604e-05
concentration	M_3pg_c	1.585e-03
concentration	M_cit_c	2.428e-03
concentration	M_ru5p__D_c	1.858e-04
concentration	M_g6p_c	4.964e-04
concentration	M_q8_c	1.970e-05
concentration	M_xu5p__D_c	1.652e-04
concentration	M_q8h2_c	5.075e-04
concentration	M_e4p_c	1.349e-05
concentration	M_13dpg_c	2.195e-05
concentration	M_s7p_c	1.145e-03
concentration	M_2pg_c	9.619e-05
concentration	M_actp_c	1.020e-03
concentration	M_lac__D_c	4.929e-04
concentration	M_etoh_c	1.000e-04
concentration	M_6pgc_c	7.900e-05
concentration	M_fdp_c	6.833e-04
concentration	M_6pgl_c	1.000e-04
concentration	M_acon_C_c	2.754e-05
concentration	M_glu__L_c	2.173e-02
concentration	M_icit_c	1.411e-05
concentration	M_f6p_c	2.265e-04

!!SBtab TableID='Predicted Gibbs energies' TableType='Quantity' TableName='Predicted Gibbs energies' SBtabVersion='1.0' Unit='kJ/mol'
!QuantityType	!Reaction	!Value
reaction gibbs energy	R_PFK	-1.860e+01
reaction gibbs energy	R_PFL	0.000e+00
reaction gibbs energy	R_PGI	0.000e+00
reaction gibbs energy	R_PGK	-3.336e+00
reaction gibbs energy	R_PGL	0.000e+00
reaction gibbs energy	R_ACALD	0.000e+00
reaction gibbs energy	R_PGM	-2.541e+00
reaction gibbs energy	R_ALCD2x	0.000e+00
reaction gibbs energy	R_ACKr	-1.274e+00
reaction gibbs energy	R_PPC	-3.005e+01
reaction gibbs energy	R_ACONTa	-2.397e+00
reaction gibbs energy	R_ACONTb	-3.146e+00
reaction gibbs energy	R_ATPM	0.000e+00
reaction gibbs energy	R_PPCK	0.000e+00
reaction gibbs energy	R_PPS	0.000e+00
reaction gibbs energy	R_ADK1	0.000e+00
reaction gibbs energy	R_AKGDH	-4.331e+01
reaction gibbs energy	R_PTAr	-2.272e+00
reaction gibbs energy	R_PYK	0.000e+00
reaction gibbs energy	R_RPE	0.000e+00
reaction gibbs energy	R_CS	-2.765e+01
reaction gibbs energy	R_RPI	0.000e+00
reaction gibbs energy	R_ENO	-2.559e+00
reaction gibbs energy	R_SUCDi	-1.217e+01
reaction gibbs energy	R_SUCOAS	-2.299e+00
reaction gibbs energy	R_TALA	0.000e+00
reaction gibbs energy	R_TKT1	0.000e+00
reaction gibbs energy	R_TKT2	0.000e+00
reaction gibbs energy	R_TPI	-1.998e+00
reaction gibbs energy	R_FBA	-2.101e+00
reaction gibbs energy	R_FBP	-2.708e+01
reaction gibbs energy	R_FRD7	0.000e+00
reaction gibbs energy	R_FUM	-3.806e+00
reaction gibbs energy	R_G6PDH2r	0.000e+00
reaction gibbs energy	R_GAPD	-1.690e+00
reaction gibbs energy	R_GLNS	0.000e+00
reaction gibbs energy	R_GLUDy	0.000e+00
reaction gibbs energy	R_GLUN	0.000e+00
reaction gibbs energy	R_GLUSy	0.000e+00
reaction gibbs energy	R_GND	0.000e+00
reaction gibbs energy	R_ICDHyr	-3.969e+00
reaction gibbs energy	R_ICL	0.000e+00
reaction gibbs energy	R_LDH_D	-1.000e+01
reaction gibbs energy	R_MALS	0.000e+00
reaction gibbs energy	R_MDH	0.000e+00
reaction gibbs energy	R_ME1	-2.399e+01
reaction gibbs energy	R_ME2	0.000e+00
reaction gibbs energy	R_NADTRHD	-2.012e+01
reaction gibbs energy	R_PDH	0.000e+00

