!!!SBtab DocumentName='report' SBtabVersion='1.0' Date='2022-6-9'
!!SBtab TableID='Predicted concentrations' TableType='Quantity' TableName='Predicted concentrations' SBtabVersion='1.0' Unit='M'
!QuantityType	!Compound	!Value
concentration	M_h2o_c	1.000e+00
concentration	M_atp_c	2.427e-03
concentration	M_nadp_c	6.640e-06
concentration	M_nadph_c	5.253e-05
concentration	M_adp_c	2.609e-04
concentration	M_nad_c	1.976e-03
concentration	M_pi_c	8.811e-03
concentration	M_nadh_c	4.582e-06
concentration	M_coa_c	7.837e-04
concentration	M_co2_c	7.413e-05
concentration	M_amp_c	2.748e-04
concentration	M_nh4_c	1.460e-05
concentration	M_akg_c	2.617e-04
concentration	M_accoa_c	3.206e-04
concentration	M_pyr_c	1.165e-03
concentration	M_succ_c	2.753e-04
concentration	M_ac_c	1.000e-02
concentration	M_gln__L_c	2.089e-03
concentration	M_for_c	9.999e-05
concentration	M_oaa_c	1.281e-04
concentration	M_glx_c	9.999e-05
concentration	M_pep_c	1.716e-04
concentration	M_g3p_c	3.865e-05
concentration	M_acald_c	9.999e-05
concentration	M_dhap_c	8.297e-04
concentration	M_succoa_c	1.091e-03
concentration	M_fum_c	1.648e-03
concentration	M_mal__L_c	1.479e-03
concentration	M_r5p_c	9.550e-05
concentration	M_3pg_c	1.596e-03
concentration	M_cit_c	2.366e-03
concentration	M_ru5p__D_c	2.524e-04
concentration	M_g6p_c	3.521e-04
concentration	M_q8_c	1.915e-05
concentration	M_xu5p__D_c	2.144e-04
concentration	M_q8h2_c	5.221e-04
concentration	M_e4p_c	1.341e-05
concentration	M_13dpg_c	2.159e-05
concentration	M_s7p_c	7.615e-04
concentration	M_2pg_c	9.875e-05
concentration	M_actp_c	1.020e-03
concentration	M_lac__D_c	9.999e-05
concentration	M_etoh_c	9.999e-05
concentration	M_6pgc_c	9.793e-05
concentration	M_fdp_c	6.853e-04
concentration	M_6pgl_c	1.954e-05
concentration	M_acon_C_c	2.625e-05
concentration	M_glu__L_c	2.221e-02
concentration	M_icit_c	1.168e-05
concentration	M_f6p_c	2.982e-04

!!SBtab TableID='Predicted Gibbs energies' TableType='Quantity' TableName='Predicted Gibbs energies' SBtabVersion='1.0' Unit='kJ/mol'
!QuantityType	!Reaction	!Value
reaction gibbs energy	R_PFK	-1.927e+01
reaction gibbs energy	R_PFL	0.000e+00
reaction gibbs energy	R_PGI	-2.154e+00
reaction gibbs energy	R_PGK	-3.277e+00
reaction gibbs energy	R_PGL	-1.973e+01
reaction gibbs energy	R_ACALD	0.000e+00
reaction gibbs energy	R_PGM	-2.495e+00
reaction gibbs energy	R_ALCD2x	0.000e+00
reaction gibbs energy	R_ACKr	-1.274e+00
reaction gibbs energy	R_PPC	-2.803e+01
reaction gibbs energy	R_ACONTa	-2.453e+00
reaction gibbs energy	R_ACONTb	-3.496e+00
reaction gibbs energy	R_ATPM	0.000e+00
reaction gibbs energy	R_PPCK	0.000e+00
reaction gibbs energy	R_PPS	-2.374e+01
reaction gibbs energy	R_ADK1	-5.561e+00
reaction gibbs energy	R_AKGDH	-4.552e+01
reaction gibbs energy	R_PTAr	-2.359e+00
reaction gibbs energy	R_PYK	0.000e+00
reaction gibbs energy	R_RPE	-3.775e+00
reaction gibbs energy	R_CS	-2.763e+01
reaction gibbs energy	R_RPI	-4.528e+00
reaction gibbs energy	R_ENO	-2.494e+00
reaction gibbs energy	R_SUCDi	-1.186e+01
reaction gibbs energy	R_SUCOAS	-2.242e+00
reaction gibbs energy	R_TALA	-5.923e+00
reaction gibbs energy	R_TKT1	-2.913e+00
reaction gibbs energy	R_TKT2	0.000e+00
reaction gibbs energy	R_TPI	-2.041e+00
reaction gibbs energy	R_FBA	-2.162e+00
reaction gibbs energy	R_FBP	0.000e+00
reaction gibbs energy	R_FRD7	0.000e+00
reaction gibbs energy	R_FUM	-3.696e+00
reaction gibbs energy	R_G6PDH2r	-7.129e+00
reaction gibbs energy	R_GAPD	-1.653e+00
reaction gibbs energy	R_GLNS	-9.793e+00
reaction gibbs energy	R_GLUDy	0.000e+00
reaction gibbs energy	R_GLUN	0.000e+00
reaction gibbs energy	R_GLUSy	-3.779e+01
reaction gibbs energy	R_GND	-5.692e+00
reaction gibbs energy	R_ICDHyr	-5.325e+00
reaction gibbs energy	R_ICL	0.000e+00
reaction gibbs energy	R_LDH_D	0.000e+00
reaction gibbs energy	R_MALS	0.000e+00
reaction gibbs energy	R_MDH	0.000e+00
reaction gibbs energy	R_ME1	0.000e+00
reaction gibbs energy	R_ME2	-6.709e+00
reaction gibbs energy	R_NADTRHD	0.000e+00
reaction gibbs energy	R_PDH	0.000e+00

