!!!SBtab DocumentName='report' SBtabVersion='1.0' Date='2022-6-9'
!!SBtab TableID='Predicted concentrations' TableType='Quantity' TableName='Predicted concentrations' SBtabVersion='1.0' Unit='M'
!QuantityType	!Compound	!Value
concentration	M_h2o_c	1.000e+00
concentration	M_atp_c	2.427e-03
concentration	M_nadp_c	6.645e-06
concentration	M_nadph_c	5.182e-05
concentration	M_adp_c	2.609e-04
concentration	M_nad_c	2.029e-03
concentration	M_pi_c	7.970e-03
concentration	M_nadh_c	4.372e-06
concentration	M_coa_c	6.747e-04
concentration	M_co2_c	1.155e-04
concentration	M_amp_c	2.677e-04
concentration	M_nh4_c	8.054e-06
concentration	M_akg_c	2.544e-04
concentration	M_accoa_c	3.301e-04
concentration	M_pyr_c	1.430e-03
concentration	M_succ_c	2.780e-04
concentration	M_ac_c	1.000e-02
concentration	M_gln__L_c	2.130e-03
concentration	M_for_c	1.000e-04
concentration	M_oaa_c	2.634e-06
concentration	M_glx_c	1.000e-04
concentration	M_pep_c	1.619e-04
concentration	M_g3p_c	3.820e-05
concentration	M_acald_c	1.000e-04
concentration	M_dhap_c	8.330e-04
concentration	M_succoa_c	1.083e-03
concentration	M_fum_c	1.814e-03
concentration	M_mal__L_c	1.977e-03
concentration	M_r5p_c	9.458e-05
concentration	M_3pg_c	1.587e-03
concentration	M_cit_c	2.339e-03
concentration	M_ru5p__D_c	2.475e-04
concentration	M_g6p_c	8.106e-04
concentration	M_q8_c	1.908e-05
concentration	M_xu5p__D_c	2.108e-04
concentration	M_q8h2_c	5.241e-04
concentration	M_e4p_c	1.358e-05
concentration	M_13dpg_c	2.138e-05
concentration	M_s7p_c	7.272e-04
concentration	M_2pg_c	9.579e-05
concentration	M_actp_c	1.020e-03
concentration	M_lac__D_c	5.633e-04
concentration	M_etoh_c	1.000e-04
concentration	M_6pgc_c	1.033e-04
concentration	M_fdp_c	6.891e-04
concentration	M_6pgl_c	2.250e-05
concentration	M_acon_C_c	2.611e-05
concentration	M_glu__L_c	2.159e-02
concentration	M_icit_c	1.252e-05
concentration	M_f6p_c	1.469e-04

!!SBtab TableID='Predicted Gibbs energies' TableType='Quantity' TableName='Predicted Gibbs energies' SBtabVersion='1.0' Unit='kJ/mol'
!QuantityType	!Reaction	!Value
reaction gibbs energy	R_PFK	-1.750e+01
reaction gibbs energy	R_PFL	0.000e+00
reaction gibbs energy	R_PGI	-1.665e+00
reaction gibbs energy	R_PGK	-3.267e+00
reaction gibbs energy	R_PGL	-1.994e+01
reaction gibbs energy	R_ACALD	0.000e+00
reaction gibbs energy	R_PGM	-2.555e+00
reaction gibbs energy	R_ALCD2x	0.000e+00
reaction gibbs energy	R_ACKr	-1.274e+00
reaction gibbs energy	R_PPC	0.000e+00
reaction gibbs energy	R_ACONTa	-2.437e+00
reaction gibbs energy	R_ACONTb	-3.309e+00
reaction gibbs energy	R_ATPM	0.000e+00
reaction gibbs energy	R_PPCK	0.000e+00
reaction gibbs energy	R_PPS	0.000e+00
reaction gibbs energy	R_ADK1	0.000e+00
reaction gibbs energy	R_AKGDH	-4.418e+01
reaction gibbs energy	R_PTAr	-2.164e+00
reaction gibbs energy	R_PYK	-1.569e+01
reaction gibbs energy	R_RPE	-3.768e+00
reaction gibbs energy	R_CS	-1.847e+01
reaction gibbs energy	R_RPI	-4.503e+00
reaction gibbs energy	R_ENO	-2.563e+00
reaction gibbs energy	R_SUCDi	-1.163e+01
reaction gibbs energy	R_SUCOAS	-2.323e+00
reaction gibbs energy	R_TALA	-7.502e+00
reaction gibbs energy	R_TKT1	-2.990e+00
reaction gibbs energy	R_TKT2	0.000e+00
reaction gibbs energy	R_TPI	-2.080e+00
reaction gibbs energy	R_FBA	-2.195e+00
reaction gibbs energy	R_FBP	0.000e+00
reaction gibbs energy	R_FRD7	0.000e+00
reaction gibbs energy	R_FUM	-3.216e+00
reaction gibbs energy	R_G6PDH2r	-8.882e+00
reaction gibbs energy	R_GAPD	-1.582e+00
reaction gibbs energy	R_GLNS	-8.450e+00
reaction gibbs energy	R_GLUDy	0.000e+00
reaction gibbs energy	R_GLUN	0.000e+00
reaction gibbs energy	R_GLUSy	-3.787e+01
reaction gibbs energy	R_GND	-4.810e+00
reaction gibbs energy	R_ICDHyr	-4.505e+00
reaction gibbs energy	R_ICL	0.000e+00
reaction gibbs energy	R_LDH_D	-9.332e+00
reaction gibbs energy	R_MALS	0.000e+00
reaction gibbs energy	R_MDH	-3.529e+00
reaction gibbs energy	R_ME1	0.000e+00
reaction gibbs energy	R_ME2	0.000e+00
reaction gibbs energy	R_NADTRHD	0.000e+00
reaction gibbs energy	R_PDH	0.000e+00

