!!!SBtab DocumentName='report' SBtabVersion='1.0' Date='2022-6-9'
!!SBtab TableID='Predicted concentrations' TableType='Quantity' TableName='Predicted concentrations' SBtabVersion='1.0' Unit='M'
!QuantityType	!Compound	!Value
concentration	M_h2o_c	1.000e+00
concentration	M_atp_c	2.427e-03
concentration	M_nadp_c	6.458e-06
concentration	M_nadph_c	5.422e-05
concentration	M_adp_c	2.609e-04
concentration	M_nad_c	1.614e-03
concentration	M_pi_c	6.268e-03
concentration	M_nadh_c	4.069e-05
concentration	M_coa_c	1.273e-04
concentration	M_co2_c	7.199e-05
concentration	M_amp_c	2.677e-04
concentration	M_nh4_c	6.016e-06
concentration	M_akg_c	2.841e-04
concentration	M_accoa_c	1.285e-03
concentration	M_pyr_c	9.290e-04
concentration	M_succ_c	4.358e-04
concentration	M_ac_c	6.433e-04
concentration	M_gln__L_c	2.087e-03
concentration	M_for_c	1.000e-04
concentration	M_oaa_c	1.553e-06
concentration	M_glx_c	2.189e-05
concentration	M_pep_c	6.167e-04
concentration	M_g3p_c	8.622e-05
concentration	M_acald_c	1.000e-04
concentration	M_dhap_c	4.803e-04
concentration	M_succoa_c	3.901e-04
concentration	M_fum_c	2.063e-03
concentration	M_mal__L_c	4.589e-03
concentration	M_r5p_c	1.041e-04
concentration	M_3pg_c	2.056e-03
concentration	M_cit_c	1.969e-03
concentration	M_ru5p__D_c	2.307e-04
concentration	M_g6p_c	4.038e-04
concentration	M_q8_c	1.820e-05
concentration	M_xu5p__D_c	2.390e-04
concentration	M_q8h2_c	5.495e-04
concentration	M_e4p_c	1.356e-05
concentration	M_13dpg_c	1.826e-05
concentration	M_s7p_c	7.077e-04
concentration	M_2pg_c	1.947e-04
concentration	M_actp_c	1.245e-03
concentration	M_lac__D_c	9.683e-04
concentration	M_etoh_c	1.000e-04
concentration	M_6pgc_c	9.341e-05
concentration	M_fdp_c	1.455e-04
concentration	M_6pgl_c	1.510e-05
concentration	M_acon_C_c	2.833e-05
concentration	M_glu__L_c	2.265e-02
concentration	M_icit_c	1.304e-05
concentration	M_f6p_c	2.872e-04

!!SBtab TableID='Predicted Gibbs energies' TableType='Quantity' TableName='Predicted Gibbs energies' SBtabVersion='1.0' Unit='kJ/mol'
!QuantityType	!Reaction	!Value
reaction gibbs energy	R_PFK	0.000e+00
reaction gibbs energy	R_PFL	0.000e+00
reaction gibbs energy	R_PGI	-1.648e+00
reaction gibbs energy	R_PGK	-1.870e-02
reaction gibbs energy	R_PGL	-1.945e+01
reaction gibbs energy	R_ACALD	0.000e+00
reaction gibbs energy	R_PGM	-1.870e-02
reaction gibbs energy	R_ALCD2x	0.000e+00
reaction gibbs energy	R_ACKr	-1.017e+01
reaction gibbs energy	R_PPC	0.000e+00
reaction gibbs energy	R_ACONTa	-1.767e+00
reaction gibbs energy	R_ACONTb	-3.465e+00
reaction gibbs energy	R_ATPM	0.000e+00
reaction gibbs energy	R_PPCK	-2.364e+00
reaction gibbs energy	R_PPS	0.000e+00
reaction gibbs energy	R_ADK1	0.000e+00
reaction gibbs energy	R_AKGDH	0.000e+00
reaction gibbs energy	R_PTAr	-6.928e-01
reaction gibbs energy	R_PYK	0.000e+00
reaction gibbs energy	R_RPE	-3.383e+00
reaction gibbs energy	R_CS	-2.549e+01
reaction gibbs energy	R_RPI	-4.114e+00
reaction gibbs energy	R_ENO	-1.870e-02
reaction gibbs energy	R_SUCDi	-1.181e+01
reaction gibbs energy	R_SUCOAS	0.000e+00
reaction gibbs energy	R_TALA	-7.858e+00
reaction gibbs energy	R_TKT1	-1.716e+00
reaction gibbs energy	R_TKT2	0.000e+00
reaction gibbs energy	R_TPI	-9.826e-01
reaction gibbs energy	R_FBA	-2.004e+00
reaction gibbs energy	R_FBP	-2.340e+01
reaction gibbs energy	R_FRD7	0.000e+00
reaction gibbs energy	R_FUM	-1.442e+00
reaction gibbs energy	R_G6PDH2r	-7.851e+00
reaction gibbs energy	R_GAPD	-1.229e+00
reaction gibbs energy	R_GLNS	-8.537e+00
reaction gibbs energy	R_GLUDy	0.000e+00
reaction gibbs energy	R_GLUN	0.000e+00
reaction gibbs energy	R_GLUSy	-3.829e+01
reaction gibbs energy	R_GND	-4.936e+00
reaction gibbs energy	R_ICDHyr	-4.509e+00
reaction gibbs energy	R_ICL	-8.777e+00
reaction gibbs energy	R_LDH_D	-1.301e+01
reaction gibbs energy	R_MALS	-2.827e+01
reaction gibbs energy	R_MDH	-7.676e-01
reaction gibbs energy	R_ME1	0.000e+00
reaction gibbs energy	R_ME2	0.000e+00
reaction gibbs energy	R_NADTRHD	-1.448e+01
reaction gibbs energy	R_PDH	-4.483e+01

