!!!SBtab DocumentName='report' SBtabVersion='1.0' Date='2022-6-9'
!!SBtab TableID='Predicted concentrations' TableType='Quantity' TableName='Predicted concentrations' SBtabVersion='1.0' Unit='M'
!QuantityType	!Compound	!Value
concentration	M_h2o_c	1.000e+00
concentration	M_atp_c	2.427e-03
concentration	M_nadp_c	6.663e-06
concentration	M_nadph_c	5.353e-05
concentration	M_adp_c	2.609e-04
concentration	M_nad_c	2.016e-03
concentration	M_pi_c	7.937e-03
concentration	M_nadh_c	4.418e-06
concentration	M_coa_c	2.146e-02
concentration	M_co2_c	3.630e-05
concentration	M_amp_c	2.677e-04
concentration	M_nh4_c	9.326e-06
concentration	M_akg_c	2.951e-04
concentration	M_accoa_c	4.579e-04
concentration	M_pyr_c	1.301e-03
concentration	M_succ_c	4.304e-04
concentration	M_ac_c	1.000e-02
concentration	M_gln__L_c	2.100e-03
concentration	M_for_c	9.999e-05
concentration	M_oaa_c	1.209e-04
concentration	M_glx_c	2.205e-05
concentration	M_pep_c	1.637e-04
concentration	M_g3p_c	3.950e-05
concentration	M_acald_c	9.999e-05
concentration	M_dhap_c	8.364e-04
concentration	M_succoa_c	3.901e-04
concentration	M_fum_c	1.737e-03
concentration	M_mal__L_c	1.746e-03
concentration	M_r5p_c	9.667e-05
concentration	M_3pg_c	1.584e-03
concentration	M_cit_c	2.319e-03
concentration	M_ru5p__D_c	2.579e-04
concentration	M_g6p_c	3.530e-04
concentration	M_q8_c	1.864e-05
concentration	M_xu5p__D_c	2.143e-04
concentration	M_q8h2_c	5.364e-04
concentration	M_e4p_c	1.348e-05
concentration	M_13dpg_c	2.131e-05
concentration	M_s7p_c	7.554e-04
concentration	M_2pg_c	9.643e-05
concentration	M_actp_c	1.020e-03
concentration	M_lac__D_c	5.206e-04
concentration	M_etoh_c	9.999e-05
concentration	M_6pgc_c	9.361e-05
concentration	M_fdp_c	6.974e-04
concentration	M_6pgl_c	1.351e-05
concentration	M_acon_C_c	2.539e-05
concentration	M_glu__L_c	2.210e-02
concentration	M_icit_c	9.899e-06
concentration	M_f6p_c	2.991e-04

!!SBtab TableID='Predicted Gibbs energies' TableType='Quantity' TableName='Predicted Gibbs energies' SBtabVersion='1.0' Unit='kJ/mol'
!QuantityType	!Reaction	!Value
reaction gibbs energy	R_PFK	-1.923e+01
reaction gibbs energy	R_PFL	0.000e+00
reaction gibbs energy	R_PGI	-2.155e+00
reaction gibbs energy	R_PGK	-3.262e+00
reaction gibbs energy	R_PGL	-1.892e+01
reaction gibbs energy	R_ACALD	0.000e+00
reaction gibbs energy	R_PGM	-2.535e+00
reaction gibbs energy	R_ALCD2x	0.000e+00
reaction gibbs energy	R_ACKr	-1.274e+00
reaction gibbs energy	R_PPC	-2.655e+01
reaction gibbs energy	R_ACONTa	-2.485e+00
reaction gibbs energy	R_ACONTb	-3.823e+00
reaction gibbs energy	R_ATPM	0.000e+00
reaction gibbs energy	R_PPCK	0.000e+00
reaction gibbs energy	R_PPS	0.000e+00
reaction gibbs energy	R_ADK1	0.000e+00
reaction gibbs energy	R_AKGDH	0.000e+00
reaction gibbs energy	R_PTAr	-9.935e+00
reaction gibbs energy	R_PYK	0.000e+00
reaction gibbs energy	R_RPE	-3.830e+00
reaction gibbs energy	R_CS	-2.021e+01
reaction gibbs energy	R_RPI	-4.552e+00
reaction gibbs energy	R_ENO	-2.551e+00
reaction gibbs energy	R_SUCDi	-1.271e+01
reaction gibbs energy	R_SUCOAS	0.000e+00
reaction gibbs energy	R_TALA	-5.937e+00
reaction gibbs energy	R_TKT1	-2.908e+00
reaction gibbs energy	R_TKT2	0.000e+00
reaction gibbs energy	R_TPI	-2.007e+00
reaction gibbs energy	R_FBA	-2.131e+00
reaction gibbs energy	R_FBP	0.000e+00
reaction gibbs energy	R_FRD7	0.000e+00
reaction gibbs energy	R_FUM	-3.416e+00
reaction gibbs energy	R_G6PDH2r	-8.013e+00
reaction gibbs energy	R_GAPD	-1.621e+00
reaction gibbs energy	R_GLNS	-8.916e+00
reaction gibbs energy	R_GLUDy	0.000e+00
reaction gibbs energy	R_GLUN	0.000e+00
reaction gibbs energy	R_GLUSy	-3.816e+01
reaction gibbs energy	R_GND	-7.256e+00
reaction gibbs energy	R_ICDHyr	-6.349e+00
reaction gibbs energy	R_ICL	-8.023e+00
reaction gibbs energy	R_LDH_D	-9.335e+00
reaction gibbs energy	R_MALS	-1.712e+01
reaction gibbs energy	R_MDH	0.000e+00
reaction gibbs energy	R_ME1	0.000e+00
reaction gibbs energy	R_ME2	-8.579e+00
reaction gibbs energy	R_NADTRHD	0.000e+00
reaction gibbs energy	R_PDH	0.000e+00

