!!!SBtab DocumentName='report' SBtabVersion='1.0' Date='2022-6-9'
!!SBtab TableID='Predicted concentrations' TableType='Quantity' TableName='Predicted concentrations' SBtabVersion='1.0' Unit='M'
!QuantityType	!Compound	!Value
concentration	M_h2o_c	1.000e+00
concentration	M_atp_c	1.485e-03
concentration	M_nadp_c	6.841e-06
concentration	M_nadph_c	4.728e-05
concentration	M_adp_c	4.529e-04
concentration	M_nad_c	2.288e-03
concentration	M_pi_c	1.000e-02
concentration	M_nadh_c	3.822e-06
concentration	M_coa_c	8.830e-05
concentration	M_co2_c	5.270e-05
concentration	M_amp_c	2.677e-04
concentration	M_nh4_c	4.737e-05
concentration	M_akg_c	2.234e-04
concentration	M_accoa_c	1.740e-03
concentration	M_pyr_c	1.342e-03
concentration	M_succ_c	4.029e-04
concentration	M_ac_c	5.429e-04
concentration	M_gln__L_c	2.071e-03
concentration	M_for_c	1.000e-04
concentration	M_oaa_c	4.510e-05
concentration	M_glx_c	1.000e-04
concentration	M_pep_c	1.096e-04
concentration	M_g3p_c	4.094e-05
concentration	M_acald_c	1.000e-04
concentration	M_dhap_c	9.870e-04
concentration	M_succoa_c	5.834e-04
concentration	M_fum_c	2.203e-03
concentration	M_mal__L_c	1.018e-03
concentration	M_r5p_c	1.146e-04
concentration	M_3pg_c	2.230e-03
concentration	M_cit_c	3.284e-03
concentration	M_ru5p__D_c	3.845e-04
concentration	M_g6p_c	9.448e-04
concentration	M_q8_c	2.397e-05
concentration	M_xu5p__D_c	2.377e-04
concentration	M_q8h2_c	4.171e-04
concentration	M_e4p_c	1.335e-05
concentration	M_13dpg_c	1.826e-05
concentration	M_s7p_c	5.676e-04
concentration	M_2pg_c	9.769e-05
concentration	M_actp_c	1.020e-03
concentration	M_lac__D_c	1.000e-04
concentration	M_etoh_c	1.000e-04
concentration	M_6pgc_c	1.008e-04
concentration	M_fdp_c	9.508e-04
concentration	M_6pgl_c	1.718e-05
concentration	M_acon_C_c	1.627e-05
concentration	M_glu__L_c	2.255e-02
concentration	M_icit_c	4.540e-06
concentration	M_f6p_c	1.267e-04

!!SBtab TableID='Predicted Gibbs energies' TableType='Quantity' TableName='Predicted Gibbs energies' SBtabVersion='1.0' Unit='kJ/mol'
!QuantityType	!Reaction	!Value
reaction gibbs energy	R_PFK	-1.274e+01
reaction gibbs energy	R_PFL	0.000e+00
reaction gibbs energy	R_PGI	-4.153e+00
reaction gibbs energy	R_PGK	-4.153e+00
reaction gibbs energy	R_PGL	-1.953e+01
reaction gibbs energy	R_ACALD	0.000e+00
reaction gibbs energy	R_PGM	-4.153e+00
reaction gibbs energy	R_ALCD2x	0.000e+00
reaction gibbs energy	R_ACKr	-1.245e+01
reaction gibbs energy	R_PPC	-2.584e+01
reaction gibbs energy	R_ACONTa	-4.389e+00
reaction gibbs energy	R_ACONTb	-4.673e+00
reaction gibbs energy	R_ATPM	0.000e+00
reaction gibbs energy	R_PPCK	0.000e+00
reaction gibbs energy	R_PPS	0.000e+00
reaction gibbs energy	R_ADK1	0.000e+00
reaction gibbs energy	R_AKGDH	-4.360e+01
reaction gibbs energy	R_PTAr	-4.153e+00
reaction gibbs energy	R_PYK	0.000e+00
reaction gibbs energy	R_RPE	-5.066e+00
reaction gibbs energy	R_CS	-3.388e+01
reaction gibbs energy	R_RPI	-5.204e+00
reaction gibbs energy	R_ENO	-4.153e+00
reaction gibbs energy	R_SUCDi	-1.327e+01
reaction gibbs energy	R_SUCOAS	-8.086e+00
reaction gibbs energy	R_TALA	-7.783e+00
reaction gibbs energy	R_TKT1	-4.835e+00
reaction gibbs energy	R_TKT2	0.000e+00
reaction gibbs energy	R_TPI	-4.153e+00
reaction gibbs energy	R_FBA	-4.153e+00
reaction gibbs energy	R_FBP	-2.977e+01
reaction gibbs energy	R_FRD7	0.000e+00
reaction gibbs energy	R_FUM	-5.350e+00
reaction gibbs energy	R_G6PDH2r	-1.061e+01
reaction gibbs energy	R_GAPD	-4.153e+00
reaction gibbs energy	R_GLNS	-9.825e+00
reaction gibbs energy	R_GLUDy	0.000e+00
reaction gibbs energy	R_GLUN	0.000e+00
reaction gibbs energy	R_GLUSy	-3.686e+01
reaction gibbs energy	R_GND	-7.932e+00
reaction gibbs energy	R_ICDHyr	-6.018e+00
reaction gibbs energy	R_ICL	0.000e+00
reaction gibbs energy	R_LDH_D	0.000e+00
reaction gibbs energy	R_MALS	0.000e+00
reaction gibbs energy	R_MDH	0.000e+00
reaction gibbs energy	R_ME1	-2.920e+01
reaction gibbs energy	R_ME2	0.000e+00
reaction gibbs energy	R_NADTRHD	0.000e+00
reaction gibbs energy	R_PDH	-4.938e+01

