!!!SBtab DocumentName='report' SBtabVersion='1.0' Date='2022-6-9'
!!SBtab TableID='Predicted concentrations' TableType='Quantity' TableName='Predicted concentrations' SBtabVersion='1.0' Unit='M'
!QuantityType	!Compound	!Value
concentration	M_h2o_c	1.000e+00
concentration	M_atp_c	2.427e-03
concentration	M_nadp_c	6.706e-06
concentration	M_nadph_c	5.122e-05
concentration	M_adp_c	2.609e-04
concentration	M_nad_c	1.648e-03
concentration	M_pi_c	7.997e-03
concentration	M_nadh_c	7.121e-06
concentration	M_coa_c	8.447e-03
concentration	M_co2_c	3.057e-05
concentration	M_amp_c	2.649e-04
concentration	M_nh4_c	1.027e-05
concentration	M_akg_c	3.029e-04
concentration	M_accoa_c	5.403e-04
concentration	M_pyr_c	9.106e-04
concentration	M_succ_c	4.372e-04
concentration	M_ac_c	1.000e-02
concentration	M_gln__L_c	2.099e-03
concentration	M_for_c	9.999e-05
concentration	M_oaa_c	1.191e-04
concentration	M_glx_c	9.999e-05
concentration	M_pep_c	2.439e-04
concentration	M_g3p_c	1.509e-04
concentration	M_acald_c	9.999e-05
concentration	M_dhap_c	5.278e-04
concentration	M_succoa_c	3.901e-04
concentration	M_fum_c	1.052e-03
concentration	M_mal__L_c	2.312e-03
concentration	M_r5p_c	1.396e-04
concentration	M_3pg_c	1.511e-03
concentration	M_cit_c	2.303e-03
concentration	M_ru5p__D_c	2.904e-04
concentration	M_g6p_c	3.612e-04
concentration	M_q8_c	9.999e-05
concentration	M_xu5p__D_c	3.096e-04
concentration	M_q8h2_c	9.999e-05
concentration	M_e4p_c	1.374e-05
concentration	M_13dpg_c	2.787e-05
concentration	M_s7p_c	5.717e-04
concentration	M_2pg_c	9.999e-05
concentration	M_actp_c	1.020e-03
concentration	M_lac__D_c	5.114e-04
concentration	M_etoh_c	9.999e-05
concentration	M_6pgc_c	8.866e-05
concentration	M_fdp_c	1.572e-04
concentration	M_6pgl_c	2.806e-05
concentration	M_acon_C_c	2.639e-05
concentration	M_glu__L_c	2.200e-02
concentration	M_icit_c	1.160e-05
concentration	M_f6p_c	3.085e-04

!!SBtab TableID='Predicted Gibbs energies' TableType='Quantity' TableName='Predicted Gibbs energies' SBtabVersion='1.0' Unit='kJ/mol'
!QuantityType	!Reaction	!Value
reaction gibbs energy	R_PFK	0.000e+00
reaction gibbs energy	R_PFL	0.000e+00
reaction gibbs energy	R_PGI	-2.175e+00
reaction gibbs energy	R_PGK	-4.045e+00
reaction gibbs energy	R_PGL	-2.087e+01
reaction gibbs energy	R_ACALD	0.000e+00
reaction gibbs energy	R_PGM	0.000e+00
reaction gibbs energy	R_ALCD2x	0.000e+00
reaction gibbs energy	R_ACKr	-1.274e+00
reaction gibbs energy	R_PPC	-2.713e+01
reaction gibbs energy	R_ACONTa	-2.373e+00
reaction gibbs energy	R_ACONTb	-3.526e+00
reaction gibbs energy	R_ATPM	0.000e+00
reaction gibbs energy	R_PPCK	0.000e+00
reaction gibbs energy	R_PPS	-2.259e+01
reaction gibbs energy	R_ADK1	-5.470e+00
reaction gibbs energy	R_AKGDH	0.000e+00
reaction gibbs energy	R_PTAr	-7.197e+00
reaction gibbs energy	R_PYK	0.000e+00
reaction gibbs energy	R_RPE	-3.212e+00
reaction gibbs energy	R_CS	-2.291e+01
reaction gibbs energy	R_RPI	-3.936e+00
reaction gibbs energy	R_ENO	0.000e+00
reaction gibbs energy	R_SUCDi	0.000e+00
reaction gibbs energy	R_SUCOAS	0.000e+00
reaction gibbs energy	R_TALA	-8.443e+00
reaction gibbs energy	R_TKT1	-2.098e+00
reaction gibbs energy	R_TKT2	-4.377e+00
reaction gibbs energy	R_TPI	-2.455e+00
reaction gibbs energy	R_FBA	-3.739e+00
reaction gibbs energy	R_FBP	-2.288e+01
reaction gibbs energy	R_FRD7	0.000e+00
reaction gibbs energy	R_FUM	0.000e+00
reaction gibbs energy	R_G6PDH2r	-6.384e+00
reaction gibbs energy	R_GAPD	-2.613e+00
reaction gibbs energy	R_GLNS	-9.126e+00
reaction gibbs energy	R_GLUDy	0.000e+00
reaction gibbs energy	R_GLUN	0.000e+00
reaction gibbs energy	R_GLUSy	-3.812e+01
reaction gibbs energy	R_GND	-7.379e+00
reaction gibbs energy	R_ICDHyr	-7.228e+00
reaction gibbs energy	R_ICL	0.000e+00
reaction gibbs energy	R_LDH_D	-1.018e+01
reaction gibbs energy	R_MALS	0.000e+00
reaction gibbs energy	R_MDH	0.000e+00
reaction gibbs energy	R_ME1	0.000e+00
reaction gibbs energy	R_ME2	0.000e+00
reaction gibbs energy	R_NADTRHD	-1.862e+01
reaction gibbs energy	R_PDH	0.000e+00

