!!!SBtab DocumentName='report' SBtabVersion='1.0' Date='2022-6-9'
!!SBtab TableID='Predicted concentrations' TableType='Quantity' TableName='Predicted concentrations' SBtabVersion='1.0' Unit='M'
!QuantityType	!Compound	!Value
concentration	M_h2o_c	1.000e+00
concentration	M_atp_c	2.427e-03
concentration	M_nadp_c	6.669e-06
concentration	M_nadph_c	5.195e-05
concentration	M_adp_c	2.609e-04
concentration	M_nad_c	1.946e-03
concentration	M_pi_c	8.720e-03
concentration	M_nadh_c	4.593e-06
concentration	M_coa_c	3.830e-03
concentration	M_co2_c	8.862e-05
concentration	M_amp_c	2.727e-04
concentration	M_nh4_c	1.349e-05
concentration	M_akg_c	2.803e-04
concentration	M_accoa_c	5.965e-04
concentration	M_pyr_c	9.367e-04
concentration	M_succ_c	4.082e-04
concentration	M_ac_c	1.000e-02
concentration	M_gln__L_c	2.095e-03
concentration	M_for_c	9.996e-05
concentration	M_oaa_c	1.542e-04
concentration	M_glx_c	9.996e-05
concentration	M_pep_c	2.546e-04
concentration	M_g3p_c	3.992e-05
concentration	M_acald_c	9.996e-05
concentration	M_dhap_c	8.216e-04
concentration	M_succoa_c	3.900e-04
concentration	M_fum_c	1.657e-03
concentration	M_mal__L_c	1.499e-03
concentration	M_r5p_c	9.659e-05
concentration	M_3pg_c	1.456e-03
concentration	M_cit_c	2.370e-03
concentration	M_ru5p__D_c	2.514e-04
concentration	M_g6p_c	3.531e-04
concentration	M_q8_c	1.890e-05
concentration	M_xu5p__D_c	2.167e-04
concentration	M_q8h2_c	5.286e-04
concentration	M_e4p_c	1.342e-05
concentration	M_13dpg_c	2.167e-05
concentration	M_s7p_c	7.555e-04
concentration	M_2pg_c	9.996e-05
concentration	M_actp_c	1.020e-03
concentration	M_lac__D_c	9.996e-05
concentration	M_etoh_c	9.996e-05
concentration	M_6pgc_c	9.992e-05
concentration	M_fdp_c	6.835e-04
concentration	M_6pgl_c	2.157e-05
concentration	M_acon_C_c	2.652e-05
concentration	M_glu__L_c	2.218e-02
concentration	M_icit_c	1.229e-05
concentration	M_f6p_c	2.951e-04

!!SBtab TableID='Predicted Gibbs energies' TableType='Quantity' TableName='Predicted Gibbs energies' SBtabVersion='1.0' Unit='kJ/mol'
!QuantityType	!Reaction	!Value
reaction gibbs energy	R_PFK	-1.925e+01
reaction gibbs energy	R_PFL	0.000e+00
reaction gibbs energy	R_PGI	-2.122e+00
reaction gibbs energy	R_PGK	-3.513e+00
reaction gibbs energy	R_PGL	-1.992e+01
reaction gibbs energy	R_ACALD	0.000e+00
reaction gibbs energy	R_PGM	0.000e+00
reaction gibbs energy	R_ALCD2x	0.000e+00
reaction gibbs energy	R_ACKr	-1.274e+00
reaction gibbs energy	R_PPC	-2.901e+01
reaction gibbs energy	R_ACONTa	-2.431e+00
reaction gibbs energy	R_ACONTb	-3.393e+00
reaction gibbs energy	R_ATPM	0.000e+00
reaction gibbs energy	R_PPCK	0.000e+00
reaction gibbs energy	R_PPS	-2.227e+01
reaction gibbs energy	R_ADK1	-5.542e+00
reaction gibbs energy	R_AKGDH	0.000e+00
reaction gibbs energy	R_PTAr	-4.777e+00
reaction gibbs energy	R_PYK	0.000e+00
reaction gibbs energy	R_RPE	-3.738e+00
reaction gibbs energy	R_CS	-2.569e+01
reaction gibbs energy	R_RPI	-4.490e+00
reaction gibbs energy	R_ENO	0.000e+00
reaction gibbs energy	R_SUCDi	-1.276e+01
reaction gibbs energy	R_SUCOAS	0.000e+00
reaction gibbs energy	R_TALA	-6.007e+00
reaction gibbs energy	R_TKT1	-2.907e+00
reaction gibbs energy	R_TKT2	0.000e+00
reaction gibbs energy	R_TPI	-1.936e+00
reaction gibbs energy	R_FBA	-2.100e+00
reaction gibbs energy	R_FBP	0.000e+00
reaction gibbs energy	R_FRD7	0.000e+00
reaction gibbs energy	R_FUM	-3.677e+00
reaction gibbs energy	R_G6PDH2r	-6.930e+00
reaction gibbs energy	R_GAPD	-1.655e+00
reaction gibbs energy	R_GLNS	-9.611e+00
reaction gibbs energy	R_GLUDy	0.000e+00
reaction gibbs energy	R_GLUN	0.000e+00
reaction gibbs energy	R_GLUSy	-3.793e+01
reaction gibbs energy	R_GND	-5.348e+00
reaction gibbs energy	R_ICDHyr	-4.878e+00
reaction gibbs energy	R_ICL	0.000e+00
reaction gibbs energy	R_LDH_D	0.000e+00
reaction gibbs energy	R_MALS	0.000e+00
reaction gibbs energy	R_MDH	0.000e+00
reaction gibbs energy	R_ME1	0.000e+00
reaction gibbs energy	R_ME2	-6.881e+00
reaction gibbs energy	R_NADTRHD	0.000e+00
reaction gibbs energy	R_PDH	-5.899e+01

