!!!SBtab DocumentName='report' SBtabVersion='1.0' Date='2022-6-9'
!!SBtab TableID='Predicted concentrations' TableType='Quantity' TableName='Predicted concentrations' SBtabVersion='1.0' Unit='M'
!QuantityType	!Compound	!Value
concentration	M_h2o_c	1.000e+00
concentration	M_atp_c	2.427e-03
concentration	M_nadp_c	6.742e-06
concentration	M_nadph_c	4.880e-05
concentration	M_adp_c	2.609e-04
concentration	M_nad_c	1.993e-03
concentration	M_pi_c	8.494e-03
concentration	M_nadh_c	4.466e-06
concentration	M_coa_c	7.571e-04
concentration	M_co2_c	1.724e-04
concentration	M_amp_c	2.677e-04
concentration	M_nh4_c	9.630e-06
concentration	M_akg_c	2.476e-04
concentration	M_accoa_c	3.286e-04
concentration	M_pyr_c	1.820e-03
concentration	M_succ_c	2.771e-04
concentration	M_ac_c	1.000e-02
concentration	M_gln__L_c	2.128e-03
concentration	M_for_c	1.000e-04
concentration	M_oaa_c	2.301e-06
concentration	M_glx_c	1.000e-04
concentration	M_pep_c	1.659e-04
concentration	M_g3p_c	3.774e-05
concentration	M_acald_c	1.000e-04
concentration	M_dhap_c	8.148e-04
concentration	M_succoa_c	1.092e-03
concentration	M_fum_c	1.715e-03
concentration	M_mal__L_c	1.709e-03
concentration	M_r5p_c	9.248e-05
concentration	M_3pg_c	1.579e-03
concentration	M_cit_c	2.369e-03
concentration	M_ru5p__D_c	2.333e-04
concentration	M_g6p_c	8.105e-04
concentration	M_q8_c	1.942e-05
concentration	M_xu5p__D_c	2.071e-04
concentration	M_q8h2_c	5.151e-04
concentration	M_e4p_c	1.354e-05
concentration	M_13dpg_c	2.145e-05
concentration	M_s7p_c	7.387e-04
concentration	M_2pg_c	9.673e-05
concentration	M_actp_c	1.020e-03
concentration	M_lac__D_c	5.049e-04
concentration	M_etoh_c	1.000e-04
concentration	M_6pgc_c	1.089e-04
concentration	M_fdp_c	6.712e-04
concentration	M_6pgl_c	2.283e-05
concentration	M_acon_C_c	2.705e-05
concentration	M_glu__L_c	2.174e-02
concentration	M_icit_c	1.366e-05
concentration	M_f6p_c	1.470e-04

!!SBtab TableID='Predicted Gibbs energies' TableType='Quantity' TableName='Predicted Gibbs energies' SBtabVersion='1.0' Unit='kJ/mol'
!QuantityType	!Reaction	!Value
reaction gibbs energy	R_PFK	-1.757e+01
reaction gibbs energy	R_PFL	0.000e+00
reaction gibbs energy	R_PGI	-1.664e+00
reaction gibbs energy	R_PGK	-3.287e+00
reaction gibbs energy	R_PGL	-1.985e+01
reaction gibbs energy	R_ACALD	0.000e+00
reaction gibbs energy	R_PGM	-2.518e+00
reaction gibbs energy	R_ALCD2x	0.000e+00
reaction gibbs energy	R_ACKr	-1.274e+00
reaction gibbs energy	R_PPC	0.000e+00
reaction gibbs energy	R_ACONTa	-2.381e+00
reaction gibbs energy	R_ACONTb	-3.181e+00
reaction gibbs energy	R_ATPM	0.000e+00
reaction gibbs energy	R_PPCK	0.000e+00
reaction gibbs energy	R_PPS	0.000e+00
reaction gibbs energy	R_ADK1	0.000e+00
reaction gibbs energy	R_AKGDH	-4.329e+01
reaction gibbs energy	R_PTAr	-2.303e+00
reaction gibbs energy	R_PYK	-1.515e+01
reaction gibbs energy	R_RPE	-3.667e+00
reaction gibbs energy	R_CS	-1.781e+01
reaction gibbs energy	R_RPI	-4.413e+00
reaction gibbs energy	R_ENO	-2.526e+00
reaction gibbs energy	R_SUCDi	-1.185e+01
reaction gibbs energy	R_SUCOAS	-2.221e+00
reaction gibbs energy	R_TALA	-7.518e+00
reaction gibbs energy	R_TKT1	-2.881e+00
reaction gibbs energy	R_TKT2	0.000e+00
reaction gibbs energy	R_TPI	-2.055e+00
reaction gibbs energy	R_FBA	-2.215e+00
reaction gibbs energy	R_FBP	0.000e+00
reaction gibbs energy	R_FRD7	0.000e+00
reaction gibbs energy	R_FUM	-3.437e+00
reaction gibbs energy	R_G6PDH2r	-9.031e+00
reaction gibbs energy	R_GAPD	-1.605e+00
reaction gibbs energy	R_GLNS	-8.756e+00
reaction gibbs energy	R_GLUDy	0.000e+00
reaction gibbs energy	R_GLUN	0.000e+00
reaction gibbs energy	R_GLUSy	-3.758e+01
reaction gibbs energy	R_GND	-4.278e+00
reaction gibbs energy	R_ICDHyr	-3.981e+00
reaction gibbs energy	R_ICL	0.000e+00
reaction gibbs energy	R_LDH_D	-1.030e+01
reaction gibbs energy	R_MALS	0.000e+00
reaction gibbs energy	R_MDH	-3.406e+00
reaction gibbs energy	R_ME1	-2.421e+01
reaction gibbs energy	R_ME2	0.000e+00
reaction gibbs energy	R_NADTRHD	-2.011e+01
reaction gibbs energy	R_PDH	0.000e+00

