!!!SBtab DocumentName='report' SBtabVersion='1.0' Date='2022-6-9'
!!SBtab TableID='Predicted concentrations' TableType='Quantity' TableName='Predicted concentrations' SBtabVersion='1.0' Unit='M'
!QuantityType	!Compound	!Value
concentration	M_h2o_c	1.000e+00
concentration	M_atp_c	2.427e-03
concentration	M_nadp_c	6.782e-06
concentration	M_nadph_c	4.899e-05
concentration	M_adp_c	2.609e-04
concentration	M_nad_c	1.566e-03
concentration	M_pi_c	3.643e-03
concentration	M_nadh_c	3.011e-05
concentration	M_coa_c	2.006e-04
concentration	M_co2_c	2.707e-04
concentration	M_amp_c	2.732e-04
concentration	M_nh4_c	9.072e-06
concentration	M_akg_c	2.487e-04
concentration	M_accoa_c	6.437e-04
concentration	M_pyr_c	8.777e-04
concentration	M_succ_c	3.414e-04
concentration	M_ac_c	1.000e-04
concentration	M_gln__L_c	2.105e-03
concentration	M_for_c	1.000e-04
concentration	M_oaa_c	1.528e-06
concentration	M_glx_c	1.000e-04
concentration	M_pep_c	6.167e-04
concentration	M_g3p_c	9.672e-05
concentration	M_acald_c	1.000e-04
concentration	M_dhap_c	5.146e-04
concentration	M_succoa_c	7.791e-04
concentration	M_fum_c	1.940e-03
concentration	M_mal__L_c	3.888e-03
concentration	M_r5p_c	1.047e-04
concentration	M_3pg_c	2.056e-03
concentration	M_cit_c	2.049e-03
concentration	M_ru5p__D_c	1.981e-04
concentration	M_g6p_c	4.026e-04
concentration	M_q8_c	1.631e-05
concentration	M_xu5p__D_c	2.359e-04
concentration	M_q8h2_c	6.133e-04
concentration	M_e4p_c	1.362e-05
concentration	M_13dpg_c	1.826e-05
concentration	M_s7p_c	6.950e-04
concentration	M_2pg_c	1.947e-04
concentration	M_actp_c	1.442e-03
concentration	M_lac__D_c	1.000e-04
concentration	M_etoh_c	1.000e-04
concentration	M_6pgc_c	1.118e-04
concentration	M_fdp_c	1.581e-04
concentration	M_6pgl_c	1.842e-05
concentration	M_acon_C_c	3.117e-05
concentration	M_glu__L_c	2.220e-02
concentration	M_icit_c	2.018e-05
concentration	M_f6p_c	2.888e-04

!!SBtab TableID='Predicted Gibbs energies' TableType='Quantity' TableName='Predicted Gibbs energies' SBtabVersion='1.0' Unit='kJ/mol'
!QuantityType	!Reaction	!Value
reaction gibbs energy	R_PFK	0.000e+00
reaction gibbs energy	R_PFL	0.000e+00
reaction gibbs energy	R_PGI	-1.670e+00
reaction gibbs energy	R_PGK	-1.870e-02
reaction gibbs energy	R_PGL	-1.950e+01
reaction gibbs energy	R_ACALD	0.000e+00
reaction gibbs energy	R_PGM	-1.870e-02
reaction gibbs energy	R_ALCD2x	0.000e+00
reaction gibbs energy	R_ACKr	0.000e+00
reaction gibbs energy	R_PPC	0.000e+00
reaction gibbs energy	R_ACONTa	-1.628e+00
reaction gibbs energy	R_ACONTb	-2.619e+00
reaction gibbs energy	R_ATPM	0.000e+00
reaction gibbs energy	R_PPCK	0.000e+00
reaction gibbs energy	R_PPS	-2.206e+01
reaction gibbs energy	R_ADK1	-5.522e+00
reaction gibbs energy	R_AKGDH	-3.399e+01
reaction gibbs energy	R_PTAr	0.000e+00
reaction gibbs energy	R_PYK	0.000e+00
reaction gibbs energy	R_RPE	-3.039e+00
reaction gibbs energy	R_CS	-2.251e+01
reaction gibbs energy	R_RPI	-3.723e+00
reaction gibbs energy	R_ENO	-1.870e-02
reaction gibbs energy	R_SUCDi	-1.082e+01
reaction gibbs energy	R_SUCOAS	-1.975e+00
reaction gibbs energy	R_TALA	-8.073e+00
reaction gibbs energy	R_TKT1	-1.457e+00
reaction gibbs energy	R_TKT2	0.000e+00
reaction gibbs energy	R_TPI	-1.097e+00
reaction gibbs energy	R_FBA	-2.253e+00
reaction gibbs energy	R_FBP	-2.494e+01
reaction gibbs energy	R_FRD7	0.000e+00
reaction gibbs energy	R_FUM	-1.700e+00
reaction gibbs energy	R_G6PDH2r	-7.724e+00
reaction gibbs energy	R_GAPD	-1.617e+00
reaction gibbs energy	R_GLNS	-1.083e+01
reaction gibbs energy	R_GLUDy	0.000e+00
reaction gibbs energy	R_GLUN	0.000e+00
reaction gibbs energy	R_GLUSy	-3.771e+01
reaction gibbs energy	R_GND	-2.851e+00
reaction gibbs energy	R_ICDHyr	-3.013e+00
reaction gibbs energy	R_ICL	0.000e+00
reaction gibbs energy	R_LDH_D	0.000e+00
reaction gibbs energy	R_MALS	0.000e+00
reaction gibbs energy	R_MDH	-1.070e+00
reaction gibbs energy	R_ME1	0.000e+00
reaction gibbs energy	R_ME2	0.000e+00
reaction gibbs energy	R_NADTRHD	0.000e+00
reaction gibbs energy	R_PDH	-4.492e+01

