!!!SBtab DocumentName='report' SBtabVersion='1.0' Date='2022-6-9'
!!SBtab TableID='Predicted concentrations' TableType='Quantity' TableName='Predicted concentrations' SBtabVersion='1.0' Unit='M'
!QuantityType	!Compound	!Value
concentration	M_h2o_c	1.000e+00
concentration	M_atp_c	2.427e-03
concentration	M_nadp_c	6.612e-06
concentration	M_nadph_c	5.297e-05
concentration	M_adp_c	2.609e-04
concentration	M_nad_c	1.570e-03
concentration	M_pi_c	6.191e-03
concentration	M_nadh_c	1.137e-04
concentration	M_coa_c	1.184e-03
concentration	M_co2_c	1.307e-04
concentration	M_amp_c	2.704e-04
concentration	M_nh4_c	9.389e-06
concentration	M_akg_c	2.938e-04
concentration	M_accoa_c	7.017e-04
concentration	M_pyr_c	8.638e-04
concentration	M_succ_c	4.084e-04
concentration	M_ac_c	1.000e-02
concentration	M_gln__L_c	2.126e-03
concentration	M_for_c	1.000e-04
concentration	M_oaa_c	1.408e-04
concentration	M_glx_c	1.000e-04
concentration	M_pep_c	6.167e-04
concentration	M_g3p_c	1.116e-04
concentration	M_acald_c	1.000e-04
concentration	M_dhap_c	5.720e-04
concentration	M_succoa_c	3.901e-04
concentration	M_fum_c	1.451e-03
concentration	M_mal__L_c	1.799e-03
concentration	M_r5p_c	1.095e-04
concentration	M_3pg_c	2.172e-03
concentration	M_cit_c	1.964e-03
concentration	M_ru5p__D_c	2.241e-04
concentration	M_g6p_c	4.048e-04
concentration	M_q8_c	1.861e-05
concentration	M_xu5p__D_c	2.495e-04
concentration	M_q8h2_c	5.374e-04
concentration	M_e4p_c	1.356e-05
concentration	M_13dpg_c	1.826e-05
concentration	M_s7p_c	6.844e-04
concentration	M_2pg_c	2.040e-04
concentration	M_actp_c	1.020e-03
concentration	M_lac__D_c	9.880e-04
concentration	M_etoh_c	1.000e-04
concentration	M_6pgc_c	9.803e-05
concentration	M_fdp_c	1.787e-04
concentration	M_6pgl_c	2.663e-05
concentration	M_acon_C_c	3.014e-05
concentration	M_glu__L_c	2.188e-02
concentration	M_icit_c	1.647e-05
concentration	M_f6p_c	2.708e-04

!!SBtab TableID='Predicted Gibbs energies' TableType='Quantity' TableName='Predicted Gibbs energies' SBtabVersion='1.0' Unit='kJ/mol'
!QuantityType	!Reaction	!Value
reaction gibbs energy	R_PFK	0.000e+00
reaction gibbs energy	R_PFL	0.000e+00
reaction gibbs energy	R_PGI	-1.504e+00
reaction gibbs energy	R_PGK	3.192e-01
reaction gibbs energy	R_PGL	-2.067e+01
reaction gibbs energy	R_ACALD	0.000e+00
reaction gibbs energy	R_PGM	3.192e-01
reaction gibbs energy	R_ALCD2x	0.000e+00
reaction gibbs energy	R_ACKr	3.192e-01
reaction gibbs energy	R_PPC	-3.445e+01
reaction gibbs energy	R_ACONTa	-1.637e+00
reaction gibbs energy	R_ACONTb	-3.011e+00
reaction gibbs energy	R_ATPM	0.000e+00
reaction gibbs energy	R_PPCK	0.000e+00
reaction gibbs energy	R_PPS	-2.070e+01
reaction gibbs energy	R_ADK1	-5.518e+00
reaction gibbs energy	R_AKGDH	0.000e+00
reaction gibbs energy	R_PTAr	-3.653e+00
reaction gibbs energy	R_PYK	0.000e+00
reaction gibbs energy	R_RPE	-3.176e+00
reaction gibbs energy	R_CS	-2.946e+01
reaction gibbs energy	R_RPI	-3.911e+00
reaction gibbs energy	R_ENO	3.192e-01
reaction gibbs energy	R_SUCDi	-1.287e+01
reaction gibbs energy	R_SUCOAS	0.000e+00
reaction gibbs energy	R_TALA	-8.543e+00
reaction gibbs energy	R_TKT1	-1.355e+00
reaction gibbs energy	R_TKT2	0.000e+00
reaction gibbs energy	R_TPI	-1.234e+00
reaction gibbs energy	R_FBA	-2.610e+00
reaction gibbs energy	R_FBP	-2.408e+01
reaction gibbs energy	R_FRD7	0.000e+00
reaction gibbs energy	R_FUM	-2.892e+00
reaction gibbs energy	R_G6PDH2r	-6.592e+00
reaction gibbs energy	R_GAPD	-3.538e+00
reaction gibbs energy	R_GLNS	-9.534e+00
reaction gibbs energy	R_GLUDy	0.000e+00
reaction gibbs energy	R_GLUN	0.000e+00
reaction gibbs energy	R_GLUSy	-3.840e+01
reaction gibbs energy	R_GND	-3.932e+00
reaction gibbs energy	R_ICDHyr	-3.843e+00
reaction gibbs energy	R_ICL	0.000e+00
reaction gibbs energy	R_LDH_D	-1.540e+01
reaction gibbs energy	R_MALS	0.000e+00
reaction gibbs energy	R_MDH	0.000e+00
reaction gibbs energy	R_ME1	0.000e+00
reaction gibbs energy	R_ME2	-5.739e+00
reaction gibbs energy	R_NADTRHD	0.000e+00
reaction gibbs energy	R_PDH	-4.702e+01

