!!!SBtab DocumentName='report' SBtabVersion='1.0' Date='2022-6-9'
!!SBtab TableID='Predicted concentrations' TableType='Quantity' TableName='Predicted concentrations' SBtabVersion='1.0' Unit='M'
!QuantityType	!Compound	!Value
concentration	M_h2o_c	1.000e+00
concentration	M_atp_c	1.890e-03
concentration	M_nadp_c	6.659e-06
concentration	M_nadph_c	5.243e-05
concentration	M_adp_c	3.338e-04
concentration	M_nad_c	1.990e-03
concentration	M_pi_c	8.628e-03
concentration	M_nadh_c	4.530e-06
concentration	M_coa_c	7.444e-03
concentration	M_co2_c	4.128e-05
concentration	M_amp_c	2.787e-04
concentration	M_nh4_c	1.815e-05
concentration	M_akg_c	2.814e-04
concentration	M_accoa_c	5.451e-04
concentration	M_pyr_c	8.769e-04
concentration	M_succ_c	4.277e-04
concentration	M_ac_c	9.997e-05
concentration	M_gln__L_c	2.089e-03
concentration	M_for_c	9.997e-05
concentration	M_oaa_c	4.980e-06
concentration	M_glx_c	2.177e-05
concentration	M_pep_c	6.167e-04
concentration	M_g3p_c	3.984e-05
concentration	M_acald_c	9.997e-05
concentration	M_dhap_c	8.130e-04
concentration	M_succoa_c	3.900e-04
concentration	M_fum_c	1.239e-03
concentration	M_mal__L_c	4.053e-03
concentration	M_r5p_c	9.390e-05
concentration	M_3pg_c	1.020e-03
concentration	M_cit_c	2.375e-03
concentration	M_ru5p__D_c	2.520e-04
concentration	M_g6p_c	4.795e-04
concentration	M_q8_c	1.721e-05
concentration	M_xu5p__D_c	2.122e-04
concentration	M_q8h2_c	5.806e-04
concentration	M_e4p_c	1.352e-05
concentration	M_13dpg_c	2.134e-05
concentration	M_s7p_c	7.505e-04
concentration	M_2pg_c	1.322e-04
concentration	M_actp_c	1.442e-03
concentration	M_lac__D_c	9.997e-05
concentration	M_etoh_c	9.997e-05
concentration	M_6pgc_c	9.425e-05
concentration	M_fdp_c	6.668e-04
concentration	M_6pgl_c	2.108e-05
concentration	M_acon_C_c	2.503e-05
concentration	M_glu__L_c	2.232e-02
concentration	M_icit_c	1.035e-05
concentration	M_f6p_c	2.185e-04

!!SBtab TableID='Predicted Gibbs energies' TableType='Quantity' TableName='Predicted Gibbs energies' SBtabVersion='1.0' Unit='kJ/mol'
!QuantityType	!Reaction	!Value
reaction gibbs energy	R_PFK	-1.768e+01
reaction gibbs energy	R_PFL	0.000e+00
reaction gibbs energy	R_PGI	0.000e+00
reaction gibbs energy	R_PGK	-5.683e+00
reaction gibbs energy	R_PGL	-2.032e+01
reaction gibbs energy	R_ACALD	0.000e+00
reaction gibbs energy	R_PGM	-1.384e+00
reaction gibbs energy	R_ALCD2x	0.000e+00
reaction gibbs energy	R_ACKr	0.000e+00
reaction gibbs energy	R_PPC	-3.947e+01
reaction gibbs energy	R_ACONTa	-2.532e+00
reaction gibbs energy	R_ACONTb	-3.743e+00
reaction gibbs energy	R_ATPM	0.000e+00
reaction gibbs energy	R_PPCK	0.000e+00
reaction gibbs energy	R_PPS	-1.923e+01
reaction gibbs energy	R_ADK1	-3.729e+00
reaction gibbs energy	R_AKGDH	0.000e+00
reaction gibbs energy	R_PTAr	0.000e+00
reaction gibbs energy	R_PYK	0.000e+00
reaction gibbs energy	R_RPE	-3.942e+00
reaction gibbs energy	R_CS	-1.573e+01
reaction gibbs energy	R_RPI	-4.601e+00
reaction gibbs energy	R_ENO	-1.384e+00
reaction gibbs energy	R_SUCDi	-1.299e+01
reaction gibbs energy	R_SUCOAS	0.000e+00
reaction gibbs energy	R_TALA	-6.804e+00
reaction gibbs energy	R_TKT1	-2.989e+00
reaction gibbs energy	R_TKT2	0.000e+00
reaction gibbs energy	R_TPI	-2.212e+00
reaction gibbs energy	R_FBA	-2.354e+00
reaction gibbs energy	R_FBP	0.000e+00
reaction gibbs energy	R_FRD7	0.000e+00
reaction gibbs energy	R_FUM	0.000e+00
reaction gibbs energy	R_G6PDH2r	-7.609e+00
reaction gibbs energy	R_GAPD	-1.788e+00
reaction gibbs energy	R_GLNS	-9.235e+00
reaction gibbs energy	R_GLUDy	0.000e+00
reaction gibbs energy	R_GLUN	0.000e+00
reaction gibbs energy	R_GLUSy	-3.818e+01
reaction gibbs energy	R_GND	-6.294e+00
reaction gibbs energy	R_ICDHyr	-5.515e+00
reaction gibbs energy	R_ICL	-8.295e+00
reaction gibbs energy	R_LDH_D	0.000e+00
reaction gibbs energy	R_MALS	-1.631e+01
reaction gibbs energy	R_MDH	-3.532e+00
reaction gibbs energy	R_ME1	0.000e+00
reaction gibbs energy	R_ME2	0.000e+00
reaction gibbs energy	R_NADTRHD	0.000e+00
reaction gibbs energy	R_PDH	-6.448e+01

