!!!SBtab DocumentName='report' SBtabVersion='1.0' Date='2022-6-9'
!!SBtab TableID='Predicted concentrations' TableType='Quantity' TableName='Predicted concentrations' SBtabVersion='1.0' Unit='M'
!QuantityType	!Compound	!Value
concentration	M_h2o_c	1.000e+00
concentration	M_atp_c	1.485e-03
concentration	M_nadp_c	6.862e-06
concentration	M_nadph_c	4.564e-05
concentration	M_adp_c	3.068e-04
concentration	M_nad_c	2.288e-03
concentration	M_pi_c	1.000e-02
concentration	M_nadh_c	3.822e-06
concentration	M_coa_c	1.938e-04
concentration	M_co2_c	5.536e-05
concentration	M_amp_c	3.609e-04
concentration	M_nh4_c	3.629e-05
concentration	M_akg_c	2.202e-04
concentration	M_accoa_c	6.568e-04
concentration	M_pyr_c	1.027e-03
concentration	M_succ_c	3.419e-04
concentration	M_ac_c	1.000e-04
concentration	M_gln__L_c	2.071e-03
concentration	M_for_c	1.000e-04
concentration	M_oaa_c	1.036e-04
concentration	M_glx_c	1.000e-04
concentration	M_pep_c	1.096e-04
concentration	M_g3p_c	5.047e-05
concentration	M_acald_c	1.000e-04
concentration	M_dhap_c	9.821e-04
concentration	M_succoa_c	8.198e-04
concentration	M_fum_c	2.250e-03
concentration	M_mal__L_c	9.992e-04
concentration	M_r5p_c	1.337e-04
concentration	M_3pg_c	2.108e-03
concentration	M_cit_c	3.327e-03
concentration	M_ru5p__D_c	4.205e-04
concentration	M_g6p_c	5.024e-04
concentration	M_q8_c	2.705e-05
concentration	M_xu5p__D_c	2.528e-04
concentration	M_q8h2_c	3.697e-04
concentration	M_e4p_c	1.313e-05
concentration	M_13dpg_c	1.826e-05
concentration	M_s7p_c	5.148e-04
concentration	M_2pg_c	9.622e-05
concentration	M_actp_c	1.443e-03
concentration	M_lac__D_c	1.955e-04
concentration	M_etoh_c	1.000e-04
concentration	M_6pgc_c	1.017e-04
concentration	M_fdp_c	9.508e-04
concentration	M_6pgl_c	1.275e-05
concentration	M_acon_C_c	1.588e-05
concentration	M_glu__L_c	2.243e-02
concentration	M_icit_c	4.385e-06
concentration	M_f6p_c	1.912e-04

!!SBtab TableID='Predicted Gibbs energies' TableType='Quantity' TableName='Predicted Gibbs energies' SBtabVersion='1.0' Unit='kJ/mol'
!QuantityType	!Reaction	!Value
reaction gibbs energy	R_PFK	-1.472e+01
reaction gibbs energy	R_PFL	0.000e+00
reaction gibbs energy	R_PGI	0.000e+00
reaction gibbs energy	R_PGK	-4.277e+00
reaction gibbs energy	R_PGL	-1.858e+01
reaction gibbs energy	R_ACALD	0.000e+00
reaction gibbs energy	R_PGM	-4.277e+00
reaction gibbs energy	R_ALCD2x	0.000e+00
reaction gibbs energy	R_ACKr	0.000e+00
reaction gibbs energy	R_PPC	-2.361e+01
reaction gibbs energy	R_ACONTa	-4.478e+00
reaction gibbs energy	R_ACONTb	-4.705e+00
reaction gibbs energy	R_ATPM	0.000e+00
reaction gibbs energy	R_PPCK	0.000e+00
reaction gibbs energy	R_PPS	-2.246e+01
reaction gibbs energy	R_ADK1	-4.277e+00
reaction gibbs energy	R_AKGDH	-4.533e+01
reaction gibbs energy	R_PTAr	0.000e+00
reaction gibbs energy	R_PYK	0.000e+00
reaction gibbs energy	R_RPE	-4.872e+00
reaction gibbs energy	R_CS	-3.145e+01
reaction gibbs energy	R_RPI	-5.036e+00
reaction gibbs energy	R_ENO	-4.277e+00
reaction gibbs energy	R_SUCDi	-1.371e+01
reaction gibbs energy	R_SUCOAS	-6.413e+00
reaction gibbs energy	R_TALA	-6.917e+00
reaction gibbs energy	R_TKT1	-4.764e+00
reaction gibbs energy	R_TKT2	-7.962e+00
reaction gibbs energy	R_TPI	-4.277e+00
reaction gibbs energy	R_FBA	-4.277e+00
reaction gibbs energy	R_FBP	0.000e+00
reaction gibbs energy	R_FRD7	0.000e+00
reaction gibbs energy	R_FUM	-5.451e+00
reaction gibbs energy	R_G6PDH2r	-9.818e+00
reaction gibbs energy	R_GAPD	-4.277e+00
reaction gibbs energy	R_GLNS	-1.011e+01
reaction gibbs energy	R_GLUDy	0.000e+00
reaction gibbs energy	R_GLUN	0.000e+00
reaction gibbs energy	R_GLUSy	-3.665e+01
reaction gibbs energy	R_GND	-7.618e+00
reaction gibbs energy	R_ICDHyr	-6.056e+00
reaction gibbs energy	R_ICL	0.000e+00
reaction gibbs energy	R_LDH_D	-1.050e+01
reaction gibbs energy	R_MALS	0.000e+00
reaction gibbs energy	R_MDH	0.000e+00
reaction gibbs energy	R_ME1	-2.979e+01
reaction gibbs energy	R_ME2	0.000e+00
reaction gibbs energy	R_NADTRHD	-2.076e+01
reaction gibbs energy	R_PDH	-5.312e+01

