!!!SBtab DocumentName='report' SBtabVersion='1.0' Date='2022-6-9'
!!SBtab TableID='Predicted concentrations' TableType='Quantity' TableName='Predicted concentrations' SBtabVersion='1.0' Unit='M'
!QuantityType	!Compound	!Value
concentration	M_h2o_c	1.000e+00
concentration	M_atp_c	1.485e-03
concentration	M_nadp_c	6.871e-06
concentration	M_nadph_c	4.650e-05
concentration	M_adp_c	3.199e-04
concentration	M_nad_c	2.288e-03
concentration	M_pi_c	1.000e-02
concentration	M_nadh_c	3.822e-06
concentration	M_coa_c	2.017e-04
concentration	M_co2_c	6.993e-05
concentration	M_amp_c	3.609e-04
concentration	M_nh4_c	2.812e-05
concentration	M_akg_c	2.163e-04
concentration	M_accoa_c	6.663e-04
concentration	M_pyr_c	1.092e-03
concentration	M_succ_c	3.482e-04
concentration	M_ac_c	9.998e-05
concentration	M_gln__L_c	2.073e-03
concentration	M_for_c	9.998e-05
concentration	M_oaa_c	1.399e-04
concentration	M_glx_c	9.998e-05
concentration	M_pep_c	1.096e-04
concentration	M_g3p_c	4.553e-05
concentration	M_acald_c	9.998e-05
concentration	M_dhap_c	9.857e-04
concentration	M_succoa_c	8.044e-04
concentration	M_fum_c	2.181e-03
concentration	M_mal__L_c	1.021e-03
concentration	M_r5p_c	1.171e-04
concentration	M_3pg_c	2.159e-03
concentration	M_cit_c	3.267e-03
concentration	M_ru5p__D_c	3.852e-04
concentration	M_g6p_c	9.448e-04
concentration	M_q8_c	2.536e-05
concentration	M_xu5p__D_c	2.427e-04
concentration	M_q8h2_c	3.942e-04
concentration	M_e4p_c	1.327e-05
concentration	M_13dpg_c	1.826e-05
concentration	M_s7p_c	5.551e-04
concentration	M_2pg_c	9.564e-05
concentration	M_actp_c	1.442e-03
concentration	M_lac__D_c	9.998e-05
concentration	M_etoh_c	9.998e-05
concentration	M_6pgc_c	1.018e-04
concentration	M_fdp_c	9.508e-04
concentration	M_6pgl_c	1.988e-05
concentration	M_acon_C_c	1.669e-05
concentration	M_glu__L_c	2.240e-02
concentration	M_icit_c	4.822e-06
concentration	M_f6p_c	1.267e-04

!!SBtab TableID='Predicted Gibbs energies' TableType='Quantity' TableName='Predicted Gibbs energies' SBtabVersion='1.0' Unit='kJ/mol'
!QuantityType	!Reaction	!Value
reaction gibbs energy	R_PFK	-1.355e+01
reaction gibbs energy	R_PFL	0.000e+00
reaction gibbs energy	R_PGI	-4.051e+00
reaction gibbs energy	R_PGK	-4.051e+00
reaction gibbs energy	R_PGL	-1.988e+01
reaction gibbs energy	R_ACALD	0.000e+00
reaction gibbs energy	R_PGM	-4.051e+00
reaction gibbs energy	R_ALCD2x	0.000e+00
reaction gibbs energy	R_ACKr	0.000e+00
reaction gibbs energy	R_PPC	-2.358e+01
reaction gibbs energy	R_ACONTa	-4.309e+00
reaction gibbs energy	R_ACONTb	-4.591e+00
reaction gibbs energy	R_ATPM	0.000e+00
reaction gibbs energy	R_PPCK	0.000e+00
reaction gibbs energy	R_PPS	-2.267e+01
reaction gibbs energy	R_ADK1	-4.051e+00
reaction gibbs energy	R_AKGDH	-4.424e+01
reaction gibbs energy	R_PTAr	0.000e+00
reaction gibbs energy	R_PYK	0.000e+00
reaction gibbs energy	R_RPE	-5.032e+00
reaction gibbs energy	R_CS	-3.224e+01
reaction gibbs energy	R_RPI	-5.161e+00
reaction gibbs energy	R_ENO	-4.051e+00
reaction gibbs energy	R_SUCDi	-1.332e+01
reaction gibbs energy	R_SUCOAS	-6.290e+00
reaction gibbs energy	R_TALA	-8.014e+00
reaction gibbs energy	R_TKT1	-4.748e+00
reaction gibbs energy	R_TKT2	-9.507e+00
reaction gibbs energy	R_TPI	-4.051e+00
reaction gibbs energy	R_FBA	-4.051e+00
reaction gibbs energy	R_FBP	0.000e+00
reaction gibbs energy	R_FRD7	0.000e+00
reaction gibbs energy	R_FUM	-5.318e+00
reaction gibbs energy	R_G6PDH2r	-1.032e+01
reaction gibbs energy	R_GAPD	-4.051e+00
reaction gibbs energy	R_GLNS	-9.386e+00
reaction gibbs energy	R_GLUDy	0.000e+00
reaction gibbs energy	R_GLUN	0.000e+00
reaction gibbs energy	R_GLUSy	-3.676e+01
reaction gibbs energy	R_GND	-7.420e+00
reaction gibbs energy	R_ICDHyr	-5.706e+00
reaction gibbs energy	R_ICL	0.000e+00
reaction gibbs energy	R_LDH_D	0.000e+00
reaction gibbs energy	R_MALS	0.000e+00
reaction gibbs energy	R_MDH	0.000e+00
reaction gibbs energy	R_ME1	-2.914e+01
reaction gibbs energy	R_ME2	0.000e+00
reaction gibbs energy	R_NADTRHD	0.000e+00
reaction gibbs energy	R_PDH	-5.263e+01

