!!!SBtab DocumentName='report' SBtabVersion='1.0' Date='2022-6-9'
!!SBtab TableID='Predicted concentrations' TableType='Quantity' TableName='Predicted concentrations' SBtabVersion='1.0' Unit='M'
!QuantityType	!Compound	!Value
concentration	M_h2o_c	1.000e+00
concentration	M_atp_c	2.427e-03
concentration	M_nadp_c	6.694e-06
concentration	M_nadph_c	5.083e-05
concentration	M_adp_c	2.609e-04
concentration	M_nad_c	2.004e-03
concentration	M_pi_c	8.371e-03
concentration	M_nadh_c	4.487e-06
concentration	M_coa_c	6.037e-03
concentration	M_co2_c	1.179e-04
concentration	M_amp_c	2.677e-04
concentration	M_nh4_c	4.142e-05
concentration	M_akg_c	2.794e-04
concentration	M_accoa_c	5.756e-04
concentration	M_pyr_c	1.253e-03
concentration	M_succ_c	4.293e-04
concentration	M_ac_c	1.000e-02
concentration	M_gln__L_c	2.094e-03
concentration	M_for_c	1.000e-04
concentration	M_oaa_c	2.806e-06
concentration	M_glx_c	1.933e-05
concentration	M_pep_c	1.640e-04
concentration	M_g3p_c	3.886e-05
concentration	M_acald_c	1.000e-04
concentration	M_dhap_c	8.325e-04
concentration	M_succoa_c	3.901e-04
concentration	M_fum_c	1.910e-03
concentration	M_mal__L_c	2.264e-03
concentration	M_r5p_c	9.579e-05
concentration	M_3pg_c	1.590e-03
concentration	M_cit_c	2.324e-03
concentration	M_ru5p__D_c	2.451e-04
concentration	M_g6p_c	3.522e-04
concentration	M_q8_c	1.900e-05
concentration	M_xu5p__D_c	2.124e-04
concentration	M_q8h2_c	5.262e-04
concentration	M_e4p_c	1.346e-05
concentration	M_13dpg_c	2.146e-05
concentration	M_s7p_c	7.564e-04
concentration	M_2pg_c	9.654e-05
concentration	M_actp_c	1.020e-03
concentration	M_lac__D_c	1.000e-04
concentration	M_etoh_c	1.000e-04
concentration	M_6pgc_c	1.013e-04
concentration	M_fdp_c	6.927e-04
concentration	M_6pgl_c	1.868e-05
concentration	M_acon_C_c	2.586e-05
concentration	M_glu__L_c	2.175e-02
concentration	M_icit_c	1.198e-05
concentration	M_f6p_c	2.981e-04

!!SBtab TableID='Predicted Gibbs energies' TableType='Quantity' TableName='Predicted Gibbs energies' SBtabVersion='1.0' Unit='kJ/mol'
!QuantityType	!Reaction	!Value
reaction gibbs energy	R_PFK	-1.924e+01
reaction gibbs energy	R_PFL	0.000e+00
reaction gibbs energy	R_PGI	-2.153e+00
reaction gibbs energy	R_PGK	-3.271e+00
reaction gibbs energy	R_PGL	-1.953e+01
reaction gibbs energy	R_ACALD	0.000e+00
reaction gibbs energy	R_PGM	-2.541e+00
reaction gibbs energy	R_ALCD2x	0.000e+00
reaction gibbs energy	R_ACKr	-1.274e+00
reaction gibbs energy	R_PPC	0.000e+00
reaction gibbs energy	R_ACONTa	-2.445e+00
reaction gibbs energy	R_ACONTb	-3.394e+00
reaction gibbs energy	R_ATPM	0.000e+00
reaction gibbs energy	R_PPCK	0.000e+00
reaction gibbs energy	R_PPS	0.000e+00
reaction gibbs energy	R_ADK1	0.000e+00
reaction gibbs energy	R_AKGDH	0.000e+00
reaction gibbs energy	R_PTAr	-6.094e+00
reaction gibbs energy	R_PYK	-1.605e+01
reaction gibbs energy	R_RPE	-3.726e+00
reaction gibbs energy	R_CS	-1.459e+01
reaction gibbs energy	R_RPI	-4.449e+00
reaction gibbs energy	R_ENO	-2.550e+00
reaction gibbs energy	R_SUCDi	-1.256e+01
reaction gibbs energy	R_SUCOAS	0.000e+00
reaction gibbs energy	R_TALA	-5.912e+00
reaction gibbs energy	R_TKT1	-2.901e+00
reaction gibbs energy	R_TKT2	0.000e+00
reaction gibbs energy	R_TPI	-2.036e+00
reaction gibbs energy	R_FBA	-2.167e+00
reaction gibbs energy	R_FBP	0.000e+00
reaction gibbs energy	R_FRD7	0.000e+00
reaction gibbs energy	R_FUM	-3.007e+00
reaction gibbs energy	R_G6PDH2r	-7.344e+00
reaction gibbs energy	R_GAPD	-1.643e+00
reaction gibbs energy	R_GLNS	-1.245e+01
reaction gibbs energy	R_GLUDy	0.000e+00
reaction gibbs energy	R_GLUN	0.000e+00
reaction gibbs energy	R_GLUSy	-3.796e+01
reaction gibbs energy	R_GND	-4.799e+00
reaction gibbs energy	R_ICDHyr	-4.180e+00
reaction gibbs energy	R_ICL	-8.830e+00
reaction gibbs energy	R_LDH_D	0.000e+00
reaction gibbs energy	R_MALS	-1.986e+01
reaction gibbs energy	R_MDH	-3.613e+00
reaction gibbs energy	R_ME1	0.000e+00
reaction gibbs energy	R_ME2	-6.537e+00
reaction gibbs energy	R_NADTRHD	0.000e+00
reaction gibbs energy	R_PDH	-6.035e+01

