!!!SBtab DocumentName='report' SBtabVersion='1.0' Date='2022-6-9'
!!SBtab TableID='Predicted concentrations' TableType='Quantity' TableName='Predicted concentrations' SBtabVersion='1.0' Unit='M'
!QuantityType	!Compound	!Value
concentration	M_h2o_c	1.000e+00
concentration	M_atp_c	2.427e-03
concentration	M_nadp_c	6.552e-06
concentration	M_nadph_c	5.189e-05
concentration	M_adp_c	2.609e-04
concentration	M_nad_c	1.802e-03
concentration	M_pi_c	6.066e-03
concentration	M_nadh_c	5.873e-06
concentration	M_coa_c	8.900e-03
concentration	M_co2_c	7.375e-05
concentration	M_amp_c	2.677e-04
concentration	M_nh4_c	4.216e-06
concentration	M_akg_c	2.999e-04
concentration	M_accoa_c	5.651e-04
concentration	M_pyr_c	1.121e-03
concentration	M_succ_c	4.073e-04
concentration	M_ac_c	1.000e-02
concentration	M_gln__L_c	2.144e-03
concentration	M_for_c	1.000e-04
concentration	M_oaa_c	2.137e-06
concentration	M_glx_c	1.000e-04
concentration	M_pep_c	2.733e-04
concentration	M_g3p_c	1.551e-04
concentration	M_acald_c	1.000e-04
concentration	M_dhap_c	5.271e-04
concentration	M_succoa_c	3.901e-04
concentration	M_fum_c	1.778e-03
concentration	M_mal__L_c	2.090e-03
concentration	M_r5p_c	1.421e-04
concentration	M_3pg_c	1.488e-03
concentration	M_cit_c	2.317e-03
concentration	M_ru5p__D_c	2.933e-04
concentration	M_g6p_c	3.600e-04
concentration	M_q8_c	2.338e-05
concentration	M_xu5p__D_c	3.142e-04
concentration	M_q8h2_c	4.278e-04
concentration	M_e4p_c	1.378e-05
concentration	M_13dpg_c	2.647e-05
concentration	M_s7p_c	5.691e-04
concentration	M_2pg_c	1.000e-04
concentration	M_actp_c	1.020e-03
concentration	M_lac__D_c	6.593e-04
concentration	M_etoh_c	1.000e-04
concentration	M_6pgc_c	9.962e-05
concentration	M_fdp_c	1.580e-04
concentration	M_6pgl_c	1.799e-05
concentration	M_acon_C_c	2.567e-05
concentration	M_glu__L_c	2.122e-02
concentration	M_icit_c	1.183e-05
concentration	M_f6p_c	3.100e-04

!!SBtab TableID='Predicted Gibbs energies' TableType='Quantity' TableName='Predicted Gibbs energies' SBtabVersion='1.0' Unit='kJ/mol'
!QuantityType	!Reaction	!Value
reaction gibbs energy	R_PFK	0.000e+00
reaction gibbs energy	R_PFL	0.000e+00
reaction gibbs energy	R_PGI	-2.196e+00
reaction gibbs energy	R_PGK	-3.955e+00
reaction gibbs energy	R_PGL	-1.948e+01
reaction gibbs energy	R_ACALD	0.000e+00
reaction gibbs energy	R_PGM	0.000e+00
reaction gibbs energy	R_ALCD2x	0.000e+00
reaction gibbs energy	R_ACKr	-1.274e+00
reaction gibbs energy	R_PPC	0.000e+00
reaction gibbs energy	R_ACONTa	-2.457e+00
reaction gibbs energy	R_ACONTb	-3.407e+00
reaction gibbs energy	R_ATPM	0.000e+00
reaction gibbs energy	R_PPCK	-6.332e+00
reaction gibbs energy	R_PPS	0.000e+00
reaction gibbs energy	R_ADK1	0.000e+00
reaction gibbs energy	R_AKGDH	0.000e+00
reaction gibbs energy	R_PTAr	-7.900e+00
reaction gibbs energy	R_PYK	0.000e+00
reaction gibbs energy	R_RPE	-3.200e+00
reaction gibbs energy	R_CS	-1.292e+01
reaction gibbs energy	R_RPI	-3.915e+00
reaction gibbs energy	R_ENO	0.000e+00
reaction gibbs energy	R_SUCDi	-1.363e+01
reaction gibbs energy	R_SUCOAS	0.000e+00
reaction gibbs energy	R_TALA	-8.482e+00
reaction gibbs energy	R_TKT1	-2.123e+00
reaction gibbs energy	R_TKT2	-4.339e+00
reaction gibbs energy	R_TPI	-2.527e+00
reaction gibbs energy	R_FBA	-3.793e+00
reaction gibbs energy	R_FBP	-2.357e+01
reaction gibbs energy	R_FRD7	0.000e+00
reaction gibbs energy	R_FUM	-3.028e+00
reaction gibbs energy	R_G6PDH2r	-7.387e+00
reaction gibbs energy	R_GAPD	-2.823e+00
reaction gibbs energy	R_GLNS	-7.464e+00
reaction gibbs energy	R_GLUDy	0.000e+00
reaction gibbs energy	R_GLUN	0.000e+00
reaction gibbs energy	R_GLUSy	-3.842e+01
reaction gibbs energy	R_GND	-5.372e+00
reaction gibbs energy	R_ICDHyr	-5.030e+00
reaction gibbs energy	R_ICL	0.000e+00
reaction gibbs energy	R_LDH_D	-9.365e+00
reaction gibbs energy	R_MALS	0.000e+00
reaction gibbs energy	R_MDH	-3.159e+00
reaction gibbs energy	R_ME1	0.000e+00
reaction gibbs energy	R_ME2	0.000e+00
reaction gibbs energy	R_NADTRHD	-1.941e+01
reaction gibbs energy	R_PDH	0.000e+00

