!!!SBtab DocumentName='report' SBtabVersion='1.0' Date='2022-6-9'
!!SBtab TableID='Predicted concentrations' TableType='Quantity' TableName='Predicted concentrations' SBtabVersion='1.0' Unit='M'
!QuantityType	!Compound	!Value
concentration	M_h2o_c	1.000e+00
concentration	M_atp_c	2.427e-03
concentration	M_nadp_c	6.703e-06
concentration	M_nadph_c	5.004e-05
concentration	M_adp_c	2.609e-04
concentration	M_nad_c	1.996e-03
concentration	M_pi_c	8.481e-03
concentration	M_nadh_c	4.515e-06
concentration	M_coa_c	7.536e-04
concentration	M_co2_c	8.419e-05
concentration	M_amp_c	2.677e-04
concentration	M_nh4_c	1.696e-05
concentration	M_akg_c	2.658e-04
concentration	M_accoa_c	3.254e-04
concentration	M_pyr_c	1.087e-03
concentration	M_succ_c	2.805e-04
concentration	M_ac_c	1.000e-02
concentration	M_gln__L_c	2.105e-03
concentration	M_for_c	1.000e-04
concentration	M_oaa_c	3.410e-06
concentration	M_glx_c	2.018e-05
concentration	M_pep_c	1.619e-04
concentration	M_g3p_c	3.844e-05
concentration	M_acald_c	1.000e-04
concentration	M_dhap_c	8.284e-04
concentration	M_succoa_c	1.089e-03
concentration	M_fum_c	1.950e-03
concentration	M_mal__L_c	2.410e-03
concentration	M_r5p_c	9.492e-05
concentration	M_3pg_c	1.594e-03
concentration	M_cit_c	2.315e-03
concentration	M_ru5p__D_c	2.507e-04
concentration	M_g6p_c	3.525e-04
concentration	M_q8_c	2.471e-05
concentration	M_xu5p__D_c	2.134e-04
concentration	M_q8h2_c	4.047e-04
concentration	M_e4p_c	1.344e-05
concentration	M_13dpg_c	2.145e-05
concentration	M_s7p_c	7.675e-04
concentration	M_2pg_c	9.603e-05
concentration	M_actp_c	1.020e-03
concentration	M_lac__D_c	1.000e-04
concentration	M_etoh_c	1.000e-04
concentration	M_6pgc_c	9.739e-05
concentration	M_fdp_c	6.865e-04
concentration	M_6pgl_c	1.759e-05
concentration	M_acon_C_c	2.557e-05
concentration	M_glu__L_c	2.179e-02
concentration	M_icit_c	1.067e-05
concentration	M_f6p_c	2.987e-04

!!SBtab TableID='Predicted Gibbs energies' TableType='Quantity' TableName='Predicted Gibbs energies' SBtabVersion='1.0' Unit='kJ/mol'
!QuantityType	!Reaction	!Value
reaction gibbs energy	R_PFK	-1.927e+01
reaction gibbs energy	R_PFL	0.000e+00
reaction gibbs energy	R_PGI	-2.156e+00
reaction gibbs energy	R_PGK	-3.263e+00
reaction gibbs energy	R_PGL	-1.948e+01
reaction gibbs energy	R_ACALD	0.000e+00
reaction gibbs energy	R_PGM	-2.560e+00
reaction gibbs energy	R_ALCD2x	0.000e+00
reaction gibbs energy	R_ACKr	-1.274e+00
reaction gibbs energy	R_PPC	-3.728e+01
reaction gibbs energy	R_ACONTa	-2.464e+00
reaction gibbs energy	R_ACONTb	-3.654e+00
reaction gibbs energy	R_ATPM	0.000e+00
reaction gibbs energy	R_PPCK	0.000e+00
reaction gibbs energy	R_PPS	0.000e+00
reaction gibbs energy	R_ADK1	0.000e+00
reaction gibbs energy	R_AKGDH	-4.521e+01
reaction gibbs energy	R_PTAr	-2.319e+00
reaction gibbs energy	R_PYK	0.000e+00
reaction gibbs energy	R_RPE	-3.770e+00
reaction gibbs energy	R_CS	-1.883e+01
reaction gibbs energy	R_RPI	-4.526e+00
reaction gibbs energy	R_ENO	-2.569e+00
reaction gibbs energy	R_SUCDi	-1.275e+01
reaction gibbs energy	R_SUCOAS	-2.194e+00
reaction gibbs energy	R_TALA	-5.920e+00
reaction gibbs energy	R_TKT1	-2.880e+00
reaction gibbs energy	R_TKT2	0.000e+00
reaction gibbs energy	R_TPI	-2.050e+00
reaction gibbs energy	R_FBA	-2.184e+00
reaction gibbs energy	R_FBP	0.000e+00
reaction gibbs energy	R_FRD7	0.000e+00
reaction gibbs energy	R_FUM	-2.904e+00
reaction gibbs energy	R_G6PDH2r	-7.537e+00
reaction gibbs energy	R_GAPD	-1.624e+00
reaction gibbs energy	R_GLNS	-1.019e+01
reaction gibbs energy	R_GLUDy	0.000e+00
reaction gibbs energy	R_GLUN	0.000e+00
reaction gibbs energy	R_GLUSy	-3.780e+01
reaction gibbs energy	R_GND	-5.523e+00
reaction gibbs energy	R_ICDHyr	-4.891e+00
reaction gibbs energy	R_ICL	-9.491e+00
reaction gibbs energy	R_LDH_D	0.000e+00
reaction gibbs energy	R_MALS	-2.356e+01
reaction gibbs energy	R_MDH	-3.259e+00
reaction gibbs energy	R_ME1	0.000e+00
reaction gibbs energy	R_ME2	0.000e+00
reaction gibbs energy	R_NADTRHD	-2.017e+01
reaction gibbs energy	R_PDH	-5.707e+01

