!!!SBtab DocumentName='report' SBtabVersion='1.0' Date='2022-6-9'
!!SBtab TableID='Predicted concentrations' TableType='Quantity' TableName='Predicted concentrations' SBtabVersion='1.0' Unit='M'
!QuantityType	!Compound	!Value
concentration	M_h2o_c	1.000e+00
concentration	M_atp_c	2.427e-03
concentration	M_nadp_c	6.667e-06
concentration	M_nadph_c	5.112e-05
concentration	M_adp_c	2.609e-04
concentration	M_nad_c	1.513e-03
concentration	M_pi_c	7.656e-03
concentration	M_nadh_c	2.248e-04
concentration	M_coa_c	1.335e-04
concentration	M_co2_c	1.371e-04
concentration	M_amp_c	2.701e-04
concentration	M_nh4_c	1.097e-05
concentration	M_akg_c	2.852e-04
concentration	M_accoa_c	1.229e-03
concentration	M_pyr_c	1.041e-03
concentration	M_succ_c	4.104e-04
concentration	M_ac_c	6.157e-04
concentration	M_gln__L_c	2.114e-03
concentration	M_for_c	1.000e-04
concentration	M_oaa_c	1.224e-04
concentration	M_glx_c	1.000e-04
concentration	M_pep_c	6.167e-04
concentration	M_g3p_c	1.218e-04
concentration	M_acald_c	1.000e-04
concentration	M_dhap_c	5.589e-04
concentration	M_succoa_c	3.901e-04
concentration	M_fum_c	1.429e-03
concentration	M_mal__L_c	1.587e-03
concentration	M_r5p_c	1.146e-04
concentration	M_3pg_c	2.056e-03
concentration	M_cit_c	2.067e-03
concentration	M_ru5p__D_c	2.210e-04
concentration	M_g6p_c	4.022e-04
concentration	M_q8_c	1.990e-05
concentration	M_xu5p__D_c	2.560e-04
concentration	M_q8h2_c	5.026e-04
concentration	M_e4p_c	1.360e-05
concentration	M_13dpg_c	1.826e-05
concentration	M_s7p_c	6.651e-04
concentration	M_2pg_c	1.947e-04
concentration	M_actp_c	1.291e-03
concentration	M_lac__D_c	1.000e-04
concentration	M_etoh_c	1.000e-04
concentration	M_6pgc_c	1.010e-04
concentration	M_fdp_c	1.760e-04
concentration	M_6pgl_c	1.790e-05
concentration	M_acon_C_c	3.001e-05
concentration	M_glu__L_c	2.202e-02
concentration	M_icit_c	1.732e-05
concentration	M_f6p_c	2.796e-04

!!SBtab TableID='Predicted Gibbs energies' TableType='Quantity' TableName='Predicted Gibbs energies' SBtabVersion='1.0' Unit='kJ/mol'
!QuantityType	!Reaction	!Value
reaction gibbs energy	R_PFK	0.000e+00
reaction gibbs energy	R_PFL	0.000e+00
reaction gibbs energy	R_PGI	-1.592e+00
reaction gibbs energy	R_PGK	-1.870e-02
reaction gibbs energy	R_PGL	-1.968e+01
reaction gibbs energy	R_ACALD	0.000e+00
reaction gibbs energy	R_PGM	-1.870e-02
reaction gibbs energy	R_ALCD2x	0.000e+00
reaction gibbs energy	R_ACKr	-1.037e+01
reaction gibbs energy	R_PPC	-3.470e+01
reaction gibbs energy	R_ACONTa	-1.743e+00
reaction gibbs energy	R_ACONTb	-2.904e+00
reaction gibbs energy	R_ATPM	0.000e+00
reaction gibbs energy	R_PPCK	0.000e+00
reaction gibbs energy	R_PPS	-2.067e+01
reaction gibbs energy	R_ADK1	-5.493e+00
reaction gibbs energy	R_AKGDH	0.000e+00
reaction gibbs energy	R_PTAr	-8.723e-01
reaction gibbs energy	R_PYK	0.000e+00
reaction gibbs energy	R_RPE	-3.107e+00
reaction gibbs energy	R_CS	-3.596e+01
reaction gibbs energy	R_RPI	-3.771e+00
reaction gibbs energy	R_ENO	-1.870e-02
reaction gibbs energy	R_SUCDi	-1.302e+01
reaction gibbs energy	R_SUCOAS	0.000e+00
reaction gibbs energy	R_TALA	-8.619e+00
reaction gibbs energy	R_TKT1	-1.419e+00
reaction gibbs energy	R_TKT2	0.000e+00
reaction gibbs energy	R_TPI	-1.464e+00
reaction gibbs energy	R_FBA	-2.765e+00
reaction gibbs energy	R_FBP	-2.344e+01
reaction gibbs energy	R_FRD7	0.000e+00
reaction gibbs energy	R_FUM	-3.162e+00
reaction gibbs energy	R_G6PDH2r	-7.645e+00
reaction gibbs energy	R_GAPD	-4.271e+00
reaction gibbs energy	R_GLNS	-9.428e+00
reaction gibbs energy	R_GLUDy	0.000e+00
reaction gibbs energy	R_GLUN	0.000e+00
reaction gibbs energy	R_GLUSy	-3.824e+01
reaction gibbs energy	R_GND	-3.864e+00
reaction gibbs energy	R_ICDHyr	-3.831e+00
reaction gibbs energy	R_ICL	0.000e+00
reaction gibbs energy	R_LDH_D	0.000e+00
reaction gibbs energy	R_MALS	0.000e+00
reaction gibbs energy	R_MDH	0.000e+00
reaction gibbs energy	R_ME1	-1.463e+01
reaction gibbs energy	R_ME2	-4.768e+00
reaction gibbs energy	R_NADTRHD	0.000e+00
reaction gibbs energy	R_PDH	-3.935e+01

