!!!SBtab DocumentName='report' SBtabVersion='1.0' Date='2022-6-9'
!!SBtab TableID='Predicted concentrations' TableType='Quantity' TableName='Predicted concentrations' SBtabVersion='1.0' Unit='M'
!QuantityType	!Compound	!Value
concentration	M_h2o_c	1.000e+00
concentration	M_atp_c	1.485e-03
concentration	M_nadp_c	6.859e-06
concentration	M_nadph_c	4.646e-05
concentration	M_adp_c	2.675e-04
concentration	M_nad_c	2.288e-03
concentration	M_pi_c	1.000e-02
concentration	M_nadh_c	3.822e-06
concentration	M_coa_c	3.857e-03
concentration	M_co2_c	2.484e-05
concentration	M_amp_c	3.609e-04
concentration	M_nh4_c	2.428e-05
concentration	M_akg_c	2.402e-04
concentration	M_accoa_c	5.940e-04
concentration	M_pyr_c	9.237e-04
concentration	M_succ_c	4.020e-04
concentration	M_ac_c	1.000e-04
concentration	M_gln__L_c	2.076e-03
concentration	M_for_c	1.000e-04
concentration	M_oaa_c	1.197e-06
concentration	M_glx_c	5.586e-06
concentration	M_pep_c	3.039e-04
concentration	M_g3p_c	4.957e-05
concentration	M_acald_c	1.000e-04
concentration	M_dhap_c	9.776e-04
concentration	M_succoa_c	3.901e-04
concentration	M_fum_c	3.004e-03
concentration	M_mal__L_c	1.433e-03
concentration	M_r5p_c	1.447e-04
concentration	M_3pg_c	1.020e-03
concentration	M_cit_c	3.563e-03
concentration	M_ru5p__D_c	4.636e-04
concentration	M_g6p_c	2.608e-04
concentration	M_q8_c	2.232e-05
concentration	M_xu5p__D_c	2.502e-04
concentration	M_q8h2_c	4.480e-04
concentration	M_e4p_c	1.082e-05
concentration	M_13dpg_c	1.826e-05
concentration	M_s7p_c	4.806e-04
concentration	M_2pg_c	1.000e-04
concentration	M_actp_c	1.442e-03
concentration	M_lac__D_c	1.000e-04
concentration	M_etoh_c	1.000e-04
concentration	M_6pgc_c	9.579e-05
concentration	M_fdp_c	9.508e-04
concentration	M_6pgl_c	9.525e-06
concentration	M_acon_C_c	1.416e-05
concentration	M_glu__L_c	2.231e-02
concentration	M_icit_c	3.547e-06
concentration	M_f6p_c	4.151e-04

!!SBtab TableID='Predicted Gibbs energies' TableType='Quantity' TableName='Predicted Gibbs energies' SBtabVersion='1.0' Unit='kJ/mol'
!QuantityType	!Reaction	!Value
reaction gibbs energy	R_PFK	-1.730e+01
reaction gibbs energy	R_PFL	0.000e+00
reaction gibbs energy	R_PGI	-4.910e+00
reaction gibbs energy	R_PGK	-4.910e+00
reaction gibbs energy	R_PGL	-1.810e+01
reaction gibbs energy	R_ACALD	0.000e+00
reaction gibbs energy	R_PGM	0.000e+00
reaction gibbs energy	R_ALCD2x	0.000e+00
reaction gibbs energy	R_ACKr	0.000e+00
reaction gibbs energy	R_PPC	0.000e+00
reaction gibbs energy	R_ACONTa	-4.939e+00
reaction gibbs energy	R_ACONTb	-4.963e+00
reaction gibbs energy	R_ATPM	0.000e+00
reaction gibbs energy	R_PPCK	0.000e+00
reaction gibbs energy	R_PPS	-1.958e+01
reaction gibbs energy	R_ADK1	-4.910e+00
reaction gibbs energy	R_AKGDH	0.000e+00
reaction gibbs energy	R_PTAr	0.000e+00
reaction gibbs energy	R_PYK	0.000e+00
reaction gibbs energy	R_RPE	-5.075e+00
reaction gibbs energy	R_CS	-1.269e+01
reaction gibbs energy	R_RPI	-5.094e+00
reaction gibbs energy	R_ENO	0.000e+00
reaction gibbs energy	R_SUCDi	-1.264e+01
reaction gibbs energy	R_SUCOAS	0.000e+00
reaction gibbs energy	R_TALA	-5.222e+00
reaction gibbs energy	R_TKT1	-5.069e+00
reaction gibbs energy	R_TKT2	0.000e+00
reaction gibbs energy	R_TPI	-4.910e+00
reaction gibbs energy	R_FBA	-4.910e+00
reaction gibbs energy	R_FBP	0.000e+00
reaction gibbs energy	R_FRD7	0.000e+00
reaction gibbs energy	R_FUM	-5.272e+00
reaction gibbs energy	R_G6PDH2r	-8.739e+00
reaction gibbs energy	R_GAPD	-4.910e+00
reaction gibbs energy	R_GLNS	-9.476e+00
reaction gibbs energy	R_GLUDy	0.000e+00
reaction gibbs energy	R_GLUN	0.000e+00
reaction gibbs energy	R_GLUSy	-3.702e+01
reaction gibbs energy	R_GND	-8.416e+00
reaction gibbs energy	R_ICDHyr	-6.655e+00
reaction gibbs energy	R_ICL	-8.956e+00
reaction gibbs energy	R_LDH_D	0.000e+00
reaction gibbs energy	R_MALS	-1.996e+01
reaction gibbs energy	R_MDH	-5.328e+00
reaction gibbs energy	R_ME1	0.000e+00
reaction gibbs energy	R_ME2	-1.128e+01
reaction gibbs energy	R_NADTRHD	0.000e+00
reaction gibbs energy	R_PDH	-6.347e+01

