!!!SBtab DocumentName='report' SBtabVersion='1.0' Date='2022-6-9'
!!SBtab TableID='Predicted concentrations' TableType='Quantity' TableName='Predicted concentrations' SBtabVersion='1.0' Unit='M'
!QuantityType	!Compound	!Value
concentration	M_h2o_c	1.000e+00
concentration	M_atp_c	1.897e-03
concentration	M_nadp_c	6.867e-06
concentration	M_nadph_c	4.836e-05
concentration	M_adp_c	3.367e-04
concentration	M_nad_c	1.916e-03
concentration	M_pi_c	8.852e-03
concentration	M_nadh_c	4.854e-06
concentration	M_coa_c	7.513e-03
concentration	M_co2_c	9.140e-05
concentration	M_amp_c	2.751e-04
concentration	M_nh4_c	1.258e-05
concentration	M_akg_c	2.650e-04
concentration	M_accoa_c	5.489e-04
concentration	M_pyr_c	1.079e-03
concentration	M_succ_c	4.255e-04
concentration	M_ac_c	9.999e-05
concentration	M_gln__L_c	2.086e-03
concentration	M_for_c	9.999e-05
concentration	M_oaa_c	2.262e-04
concentration	M_glx_c	2.087e-05
concentration	M_pep_c	6.167e-04
concentration	M_g3p_c	4.401e-05
concentration	M_acald_c	9.999e-05
concentration	M_dhap_c	8.355e-04
concentration	M_succoa_c	3.900e-04
concentration	M_fum_c	1.688e-03
concentration	M_mal__L_c	1.480e-03
concentration	M_r5p_c	9.813e-05
concentration	M_3pg_c	1.020e-03
concentration	M_cit_c	2.390e-03
concentration	M_ru5p__D_c	2.616e-04
concentration	M_g6p_c	4.871e-04
concentration	M_q8_c	2.157e-05
concentration	M_xu5p__D_c	2.202e-04
concentration	M_q8h2_c	4.635e-04
concentration	M_e4p_c	1.347e-05
concentration	M_13dpg_c	2.152e-05
concentration	M_s7p_c	7.266e-04
concentration	M_2pg_c	1.322e-04
concentration	M_actp_c	1.442e-03
concentration	M_lac__D_c	9.999e-05
concentration	M_etoh_c	9.999e-05
concentration	M_6pgc_c	1.047e-04
concentration	M_fdp_c	7.099e-04
concentration	M_6pgl_c	2.488e-05
concentration	M_acon_C_c	2.513e-05
concentration	M_glu__L_c	2.233e-02
concentration	M_icit_c	1.147e-05
concentration	M_f6p_c	2.141e-04

!!SBtab TableID='Predicted Gibbs energies' TableType='Quantity' TableName='Predicted Gibbs energies' SBtabVersion='1.0' Unit='kJ/mol'
!QuantityType	!Reaction	!Value
reaction gibbs energy	R_PFK	-1.746e+01
reaction gibbs energy	R_PFL	0.000e+00
reaction gibbs energy	R_PGI	0.000e+00
reaction gibbs energy	R_PGK	-5.716e+00
reaction gibbs energy	R_PGL	-2.047e+01
reaction gibbs energy	R_ACALD	0.000e+00
reaction gibbs energy	R_PGM	-1.384e+00
reaction gibbs energy	R_ALCD2x	0.000e+00
reaction gibbs energy	R_ACKr	0.000e+00
reaction gibbs energy	R_PPC	-3.192e+01
reaction gibbs energy	R_ACONTa	-2.539e+00
reaction gibbs energy	R_ACONTb	-3.498e+00
reaction gibbs energy	R_ATPM	0.000e+00
reaction gibbs energy	R_PPCK	0.000e+00
reaction gibbs energy	R_PPS	-1.972e+01
reaction gibbs energy	R_ADK1	-3.663e+00
reaction gibbs energy	R_AKGDH	0.000e+00
reaction gibbs energy	R_PTAr	0.000e+00
reaction gibbs energy	R_PYK	0.000e+00
reaction gibbs energy	R_RPE	-3.945e+00
reaction gibbs energy	R_CS	-2.516e+01
reaction gibbs energy	R_RPI	-4.585e+00
reaction gibbs energy	R_ENO	-1.384e+00
reaction gibbs energy	R_SUCDi	-1.333e+01
reaction gibbs energy	R_SUCOAS	0.000e+00
reaction gibbs energy	R_TALA	-7.030e+00
reaction gibbs energy	R_TKT1	-3.023e+00
reaction gibbs energy	R_TKT2	0.000e+00
reaction gibbs energy	R_TPI	-2.033e+00
reaction gibbs energy	R_FBA	-2.195e+00
reaction gibbs energy	R_FBP	0.000e+00
reaction gibbs energy	R_FRD7	0.000e+00
reaction gibbs energy	R_FUM	-3.749e+00
reaction gibbs energy	R_G6PDH2r	-7.513e+00
reaction gibbs energy	R_GAPD	-1.813e+00
reaction gibbs energy	R_GLNS	-8.255e+00
reaction gibbs energy	R_GLUDy	0.000e+00
reaction gibbs energy	R_GLUN	0.000e+00
reaction gibbs energy	R_GLUSy	-3.775e+01
reaction gibbs energy	R_GND	-4.769e+00
reaction gibbs energy	R_ICDHyr	-4.225e+00
reaction gibbs energy	R_ICL	-8.667e+00
reaction gibbs energy	R_LDH_D	0.000e+00
reaction gibbs energy	R_MALS	-1.870e+01
reaction gibbs energy	R_MDH	0.000e+00
reaction gibbs energy	R_ME1	-2.540e+01
reaction gibbs energy	R_ME2	0.000e+00
reaction gibbs energy	R_NADTRHD	0.000e+00
reaction gibbs energy	R_PDH	-6.276e+01

