!!!SBtab DocumentName='report' SBtabVersion='1.0' Date='2022-6-9'
!!SBtab TableID='Predicted concentrations' TableType='Quantity' TableName='Predicted concentrations' SBtabVersion='1.0' Unit='M'
!QuantityType	!Compound	!Value
concentration	M_h2o_c	1.000e+00
concentration	M_atp_c	2.427e-03
concentration	M_nadp_c	6.733e-06
concentration	M_nadph_c	5.050e-05
concentration	M_adp_c	2.609e-04
concentration	M_nad_c	1.922e-03
concentration	M_pi_c	6.449e-03
concentration	M_nadh_c	4.700e-06
concentration	M_coa_c	5.384e-04
concentration	M_co2_c	1.708e-04
concentration	M_amp_c	2.726e-04
concentration	M_nh4_c	7.500e-06
concentration	M_akg_c	2.457e-04
concentration	M_accoa_c	3.678e-04
concentration	M_pyr_c	1.097e-03
concentration	M_succ_c	2.998e-04
concentration	M_ac_c	1.000e-02
concentration	M_gln__L_c	2.102e-03
concentration	M_for_c	1.000e-04
concentration	M_oaa_c	2.879e-06
concentration	M_glx_c	1.000e-04
concentration	M_pep_c	6.167e-04
concentration	M_g3p_c	4.364e-05
concentration	M_acald_c	1.000e-04
concentration	M_dhap_c	7.706e-04
concentration	M_succoa_c	9.894e-04
concentration	M_fum_c	1.684e-03
concentration	M_mal__L_c	2.081e-03
concentration	M_r5p_c	8.963e-05
concentration	M_3pg_c	1.020e-03
concentration	M_cit_c	2.177e-03
concentration	M_ru5p__D_c	2.139e-04
concentration	M_g6p_c	7.340e-04
concentration	M_q8_c	1.719e-05
concentration	M_xu5p__D_c	2.070e-04
concentration	M_q8h2_c	5.820e-04
concentration	M_e4p_c	1.359e-05
concentration	M_13dpg_c	2.234e-05
concentration	M_s7p_c	7.600e-04
concentration	M_2pg_c	1.399e-04
concentration	M_actp_c	1.020e-03
concentration	M_lac__D_c	1.000e-04
concentration	M_etoh_c	1.000e-04
concentration	M_6pgc_c	1.063e-04
concentration	M_fdp_c	6.049e-04
concentration	M_6pgl_c	2.272e-05
concentration	M_acon_C_c	2.898e-05
concentration	M_glu__L_c	2.221e-02
concentration	M_icit_c	1.592e-05
concentration	M_f6p_c	1.602e-04

!!SBtab TableID='Predicted Gibbs energies' TableType='Quantity' TableName='Predicted Gibbs energies' SBtabVersion='1.0' Unit='kJ/mol'
!QuantityType	!Reaction	!Value
reaction gibbs energy	R_PFK	-1.824e+01
reaction gibbs energy	R_PFL	0.000e+00
reaction gibbs energy	R_PGI	-1.247e+00
reaction gibbs energy	R_PGK	-4.526e+00
reaction gibbs energy	R_PGL	-2.005e+01
reaction gibbs energy	R_ACALD	0.000e+00
reaction gibbs energy	R_PGM	-5.939e-01
reaction gibbs energy	R_ALCD2x	0.000e+00
reaction gibbs energy	R_ACKr	-5.939e-01
reaction gibbs energy	R_PPC	0.000e+00
reaction gibbs energy	R_ACONTa	-1.996e+00
reaction gibbs energy	R_ACONTb	-2.994e+00
reaction gibbs energy	R_ATPM	0.000e+00
reaction gibbs energy	R_PPCK	0.000e+00
reaction gibbs energy	R_PPS	-2.116e+01
reaction gibbs energy	R_ADK1	-5.543e+00
reaction gibbs energy	R_AKGDH	-4.229e+01
reaction gibbs energy	R_PTAr	-2.418e+00
reaction gibbs energy	R_PYK	0.000e+00
reaction gibbs energy	R_RPE	-3.526e+00
reaction gibbs energy	R_CS	-1.984e+01
reaction gibbs energy	R_RPI	-4.293e+00
reaction gibbs energy	R_ENO	-5.939e-01
reaction gibbs energy	R_SUCDi	-1.155e+01
reaction gibbs energy	R_SUCOAS	-1.903e+00
reaction gibbs energy	R_TALA	-7.770e+00
reaction gibbs energy	R_TKT1	-2.464e+00
reaction gibbs energy	R_TKT2	0.000e+00
reaction gibbs energy	R_TPI	-1.742e+00
reaction gibbs energy	R_FBA	-1.913e+00
reaction gibbs energy	R_FBP	0.000e+00
reaction gibbs energy	R_FRD7	0.000e+00
reaction gibbs energy	R_FUM	-2.900e+00
reaction gibbs energy	R_G6PDH2r	-8.649e+00
reaction gibbs energy	R_GAPD	-9.882e-01
reaction gibbs energy	R_GLNS	-8.941e+00
reaction gibbs energy	R_GLUDy	0.000e+00
reaction gibbs energy	R_GLUN	0.000e+00
reaction gibbs energy	R_GLUSy	-3.763e+01
reaction gibbs energy	R_GND	-3.946e+00
reaction gibbs energy	R_ICDHyr	-3.904e+00
reaction gibbs energy	R_ICL	0.000e+00
reaction gibbs energy	R_LDH_D	0.000e+00
reaction gibbs energy	R_MALS	0.000e+00
reaction gibbs energy	R_MDH	-3.101e+00
reaction gibbs energy	R_ME1	0.000e+00
reaction gibbs energy	R_ME2	-5.195e+00
reaction gibbs energy	R_NADTRHD	0.000e+00
reaction gibbs energy	R_PDH	0.000e+00

