!!!SBtab DocumentName='report' SBtabVersion='1.0' Date='2022-6-9'
!!SBtab TableID='Predicted concentrations' TableType='Quantity' TableName='Predicted concentrations' SBtabVersion='1.0' Unit='M'
!QuantityType	!Compound	!Value
concentration	M_h2o_c	1.000e+00
concentration	M_atp_c	1.941e-03
concentration	M_nadp_c	6.659e-06
concentration	M_nadph_c	5.085e-05
concentration	M_adp_c	3.263e-04
concentration	M_nad_c	1.613e-03
concentration	M_pi_c	4.998e-03
concentration	M_nadh_c	1.046e-05
concentration	M_coa_c	1.212e-03
concentration	M_co2_c	3.653e-05
concentration	M_amp_c	2.753e-04
concentration	M_nh4_c	1.526e-05
concentration	M_akg_c	3.065e-04
concentration	M_accoa_c	6.775e-04
concentration	M_pyr_c	8.608e-04
concentration	M_succ_c	4.084e-04
concentration	M_ac_c	9.994e-05
concentration	M_gln__L_c	2.104e-03
concentration	M_for_c	9.994e-05
concentration	M_oaa_c	1.922e-06
concentration	M_glx_c	9.994e-05
concentration	M_pep_c	6.167e-04
concentration	M_g3p_c	1.475e-04
concentration	M_acald_c	9.994e-05
concentration	M_dhap_c	4.775e-04
concentration	M_succoa_c	3.900e-04
concentration	M_fum_c	2.127e-03
concentration	M_mal__L_c	2.844e-03
concentration	M_r5p_c	1.387e-04
concentration	M_3pg_c	1.020e-03
concentration	M_cit_c	2.344e-03
concentration	M_ru5p__D_c	3.021e-04
concentration	M_g6p_c	3.470e-04
concentration	M_q8_c	2.073e-05
concentration	M_xu5p__D_c	3.101e-04
concentration	M_q8h2_c	4.818e-04
concentration	M_e4p_c	1.376e-05
concentration	M_13dpg_c	3.132e-05
concentration	M_s7p_c	5.754e-04
concentration	M_2pg_c	1.322e-04
concentration	M_actp_c	1.442e-03
concentration	M_lac__D_c	9.994e-05
concentration	M_etoh_c	9.994e-05
concentration	M_6pgc_c	9.180e-05
concentration	M_fdp_c	1.438e-04
concentration	M_6pgl_c	1.850e-05
concentration	M_acon_C_c	2.447e-05
concentration	M_glu__L_c	2.137e-02
concentration	M_icit_c	1.077e-05
concentration	M_f6p_c	3.171e-04

!!SBtab TableID='Predicted Gibbs energies' TableType='Quantity' TableName='Predicted Gibbs energies' SBtabVersion='1.0' Unit='kJ/mol'
!QuantityType	!Reaction	!Value
reaction gibbs energy	R_PFK	0.000e+00
reaction gibbs energy	R_PFL	0.000e+00
reaction gibbs energy	R_PGI	-2.279e+00
reaction gibbs energy	R_PGK	0.000e+00
reaction gibbs energy	R_PGL	-2.006e+01
reaction gibbs energy	R_ACALD	0.000e+00
reaction gibbs energy	R_PGM	-1.384e+00
reaction gibbs energy	R_ALCD2x	0.000e+00
reaction gibbs energy	R_ACKr	0.000e+00
reaction gibbs energy	R_PPC	0.000e+00
reaction gibbs energy	R_ACONTa	-2.555e+00
reaction gibbs energy	R_ACONTb	-3.587e+00
reaction gibbs energy	R_ATPM	0.000e+00
reaction gibbs energy	R_PPCK	-3.365e+00
reaction gibbs energy	R_PPS	-2.063e+01
reaction gibbs energy	R_ADK1	-3.877e+00
reaction gibbs energy	R_AKGDH	0.000e+00
reaction gibbs energy	R_PTAr	0.000e+00
reaction gibbs energy	R_PYK	0.000e+00
reaction gibbs energy	R_RPE	-3.452e+00
reaction gibbs energy	R_CS	-1.844e+01
reaction gibbs energy	R_RPI	-4.083e+00
reaction gibbs energy	R_ENO	-1.384e+00
reaction gibbs energy	R_SUCDi	-1.246e+01
reaction gibbs energy	R_SUCOAS	0.000e+00
reaction gibbs energy	R_TALA	-8.423e+00
reaction gibbs energy	R_TKT1	-2.311e+00
reaction gibbs energy	R_TKT2	-4.554e+00
reaction gibbs energy	R_TPI	-2.350e+00
reaction gibbs energy	R_FBA	-3.372e+00
reaction gibbs energy	R_FBP	-2.372e+01
reaction gibbs energy	R_FRD7	0.000e+00
reaction gibbs energy	R_FUM	-2.704e+00
reaction gibbs energy	R_G6PDH2r	-7.206e+00
reaction gibbs energy	R_GAPD	0.000e+00
reaction gibbs energy	R_GLNS	-1.015e+01
reaction gibbs energy	R_GLUDy	0.000e+00
reaction gibbs energy	R_GLUN	0.000e+00
reaction gibbs energy	R_GLUSy	-3.855e+01
reaction gibbs energy	R_GND	-6.158e+00
reaction gibbs energy	R_ICDHyr	-5.781e+00
reaction gibbs energy	R_ICL	0.000e+00
reaction gibbs energy	R_LDH_D	0.000e+00
reaction gibbs energy	R_MALS	0.000e+00
reaction gibbs energy	R_MDH	-2.420e+00
reaction gibbs energy	R_ME1	0.000e+00
reaction gibbs energy	R_ME2	0.000e+00
reaction gibbs energy	R_NADTRHD	-1.763e+01
reaction gibbs energy	R_PDH	-5.710e+01

