!!!SBtab DocumentName='report' SBtabVersion='1.0' Date='2022-6-9'
!!SBtab TableID='Predicted concentrations' TableType='Quantity' TableName='Predicted concentrations' SBtabVersion='1.0' Unit='M'
!QuantityType	!Compound	!Value
concentration	M_h2o_c	1.000e+00
concentration	M_atp_c	2.427e-03
concentration	M_nadp_c	6.689e-06
concentration	M_nadph_c	5.122e-05
concentration	M_adp_c	2.609e-04
concentration	M_nad_c	1.517e-03
concentration	M_pi_c	7.517e-03
concentration	M_nadh_c	2.194e-04
concentration	M_coa_c	1.370e-04
concentration	M_co2_c	1.108e-04
concentration	M_amp_c	2.706e-04
concentration	M_nh4_c	1.145e-05
concentration	M_akg_c	2.797e-04
concentration	M_accoa_c	1.225e-03
concentration	M_pyr_c	1.091e-03
concentration	M_succ_c	4.347e-04
concentration	M_ac_c	5.195e-04
concentration	M_gln__L_c	2.111e-03
concentration	M_for_c	1.000e-04
concentration	M_oaa_c	1.125e-04
concentration	M_glx_c	1.770e-05
concentration	M_pep_c	6.167e-04
concentration	M_g3p_c	1.210e-04
concentration	M_acald_c	1.000e-04
concentration	M_dhap_c	5.544e-04
concentration	M_succoa_c	3.901e-04
concentration	M_fum_c	1.512e-03
concentration	M_mal__L_c	1.914e-03
concentration	M_r5p_c	1.138e-04
concentration	M_3pg_c	2.056e-03
concentration	M_cit_c	2.048e-03
concentration	M_ru5p__D_c	2.265e-04
concentration	M_g6p_c	4.001e-04
concentration	M_q8_c	1.986e-05
concentration	M_xu5p__D_c	2.590e-04
concentration	M_q8h2_c	5.037e-04
concentration	M_e4p_c	1.357e-05
concentration	M_13dpg_c	1.826e-05
concentration	M_s7p_c	6.692e-04
concentration	M_2pg_c	1.947e-04
concentration	M_actp_c	1.282e-03
concentration	M_lac__D_c	1.000e-04
concentration	M_etoh_c	1.000e-04
concentration	M_6pgc_c	9.763e-05
concentration	M_fdp_c	1.759e-04
concentration	M_6pgl_c	2.116e-05
concentration	M_acon_C_c	2.903e-05
concentration	M_glu__L_c	2.223e-02
concentration	M_icit_c	1.407e-05
concentration	M_f6p_c	2.798e-04

!!SBtab TableID='Predicted Gibbs energies' TableType='Quantity' TableName='Predicted Gibbs energies' SBtabVersion='1.0' Unit='kJ/mol'
!QuantityType	!Reaction	!Value
reaction gibbs energy	R_PFK	0.000e+00
reaction gibbs energy	R_PFL	0.000e+00
reaction gibbs energy	R_PGI	-1.606e+00
reaction gibbs energy	R_PGK	-1.870e-02
reaction gibbs energy	R_PGL	-2.018e+01
reaction gibbs energy	R_ACALD	0.000e+00
reaction gibbs energy	R_PGM	-1.870e-02
reaction gibbs energy	R_ALCD2x	0.000e+00
reaction gibbs energy	R_ACKr	-1.077e+01
reaction gibbs energy	R_PPC	-3.442e+01
reaction gibbs energy	R_ACONTa	-1.803e+00
reaction gibbs energy	R_ACONTb	-3.335e+00
reaction gibbs energy	R_ATPM	0.000e+00
reaction gibbs energy	R_PPCK	0.000e+00
reaction gibbs energy	R_PPS	-2.083e+01
reaction gibbs energy	R_ADK1	-5.498e+00
reaction gibbs energy	R_AKGDH	0.000e+00
reaction gibbs energy	R_PTAr	-7.692e-01
reaction gibbs energy	R_PYK	0.000e+00
reaction gibbs energy	R_RPE	-3.139e+00
reaction gibbs energy	R_CS	-3.570e+01
reaction gibbs energy	R_RPI	-3.850e+00
reaction gibbs energy	R_ENO	-1.870e-02
reaction gibbs energy	R_SUCDi	-1.301e+01
reaction gibbs energy	R_SUCOAS	0.000e+00
reaction gibbs energy	R_TALA	-8.622e+00
reaction gibbs energy	R_TKT1	-1.433e+00
reaction gibbs energy	R_TKT2	-4.818e+00
reaction gibbs energy	R_TPI	-1.467e+00
reaction gibbs energy	R_FBA	-2.730e+00
reaction gibbs energy	R_FBP	-2.349e+01
reaction gibbs energy	R_FRD7	0.000e+00
reaction gibbs energy	R_FUM	-2.840e+00
reaction gibbs energy	R_G6PDH2r	-7.221e+00
reaction gibbs energy	R_GAPD	-4.267e+00
reaction gibbs energy	R_GLNS	-9.608e+00
reaction gibbs energy	R_GLUDy	0.000e+00
reaction gibbs energy	R_GLUN	0.000e+00
reaction gibbs energy	R_GLUSy	-3.814e+01
reaction gibbs energy	R_GND	-4.250e+00
reaction gibbs energy	R_ICDHyr	-3.897e+00
reaction gibbs energy	R_ICL	-9.498e+00
reaction gibbs energy	R_LDH_D	0.000e+00
reaction gibbs energy	R_MALS	-2.961e+01
reaction gibbs energy	R_MDH	0.000e+00
reaction gibbs energy	R_ME1	-1.557e+01
reaction gibbs energy	R_ME2	0.000e+00
reaction gibbs energy	R_NADTRHD	0.000e+00
reaction gibbs energy	R_PDH	-4.014e+01

