!!!SBtab DocumentName='report' SBtabVersion='1.0' Date='2022-6-9'
!!SBtab TableID='Predicted concentrations' TableType='Quantity' TableName='Predicted concentrations' SBtabVersion='1.0' Unit='M'
!QuantityType	!Compound	!Value
concentration	M_h2o_c	1.000e+00
concentration	M_atp_c	2.427e-03
concentration	M_nadp_c	6.716e-06
concentration	M_nadph_c	5.202e-05
concentration	M_adp_c	2.609e-04
concentration	M_nad_c	1.550e-03
concentration	M_pi_c	5.269e-03
concentration	M_nadh_c	3.157e-05
concentration	M_coa_c	1.146e-04
concentration	M_co2_c	8.934e-05
concentration	M_amp_c	2.686e-04
concentration	M_nh4_c	4.823e-06
concentration	M_akg_c	2.937e-04
concentration	M_accoa_c	1.346e-03
concentration	M_pyr_c	7.494e-04
concentration	M_succ_c	4.059e-04
concentration	M_ac_c	4.527e-04
concentration	M_gln__L_c	2.125e-03
concentration	M_for_c	1.000e-04
concentration	M_oaa_c	1.670e-06
concentration	M_glx_c	1.000e-04
concentration	M_pep_c	6.167e-04
concentration	M_g3p_c	8.972e-05
concentration	M_acald_c	1.000e-04
concentration	M_dhap_c	4.893e-04
concentration	M_succoa_c	3.901e-04
concentration	M_fum_c	1.976e-03
concentration	M_mal__L_c	4.183e-03
concentration	M_r5p_c	1.074e-04
concentration	M_3pg_c	2.056e-03
concentration	M_cit_c	2.017e-03
concentration	M_ru5p__D_c	2.312e-04
concentration	M_g6p_c	3.977e-04
concentration	M_q8_c	2.245e-05
concentration	M_xu5p__D_c	2.430e-04
concentration	M_q8h2_c	4.456e-04
concentration	M_e4p_c	1.364e-05
concentration	M_13dpg_c	1.826e-05
concentration	M_s7p_c	6.887e-04
concentration	M_2pg_c	1.947e-04
concentration	M_actp_c	1.253e-03
concentration	M_lac__D_c	8.028e-04
concentration	M_etoh_c	1.000e-04
concentration	M_6pgc_c	9.124e-05
concentration	M_fdp_c	1.499e-04
concentration	M_6pgl_c	2.687e-05
concentration	M_acon_C_c	2.879e-05
concentration	M_glu__L_c	2.164e-02
concentration	M_icit_c	1.573e-05
concentration	M_f6p_c	2.854e-04

!!SBtab TableID='Predicted Gibbs energies' TableType='Quantity' TableName='Predicted Gibbs energies' SBtabVersion='1.0' Unit='kJ/mol'
!QuantityType	!Reaction	!Value
reaction gibbs energy	R_PFK	0.000e+00
reaction gibbs energy	R_PFL	0.000e+00
reaction gibbs energy	R_PGI	-1.671e+00
reaction gibbs energy	R_PGK	-1.870e-02
reaction gibbs energy	R_PGL	-2.094e+01
reaction gibbs energy	R_ACALD	0.000e+00
reaction gibbs energy	R_PGM	-1.870e-02
reaction gibbs energy	R_ALCD2x	0.000e+00
reaction gibbs energy	R_ACKr	-1.106e+01
reaction gibbs energy	R_PPC	0.000e+00
reaction gibbs energy	R_ACONTa	-1.786e+00
reaction gibbs energy	R_ACONTb	-3.039e+00
reaction gibbs energy	R_ATPM	0.000e+00
reaction gibbs energy	R_PPCK	-2.009e+00
reaction gibbs energy	R_PPS	-2.080e+01
reaction gibbs energy	R_ADK1	-5.479e+00
reaction gibbs energy	R_AKGDH	0.000e+00
reaction gibbs energy	R_PTAr	-6.235e-01
reaction gibbs energy	R_PYK	0.000e+00
reaction gibbs energy	R_RPE	-3.348e+00
reaction gibbs energy	R_CS	-2.599e+01
reaction gibbs energy	R_RPI	-4.043e+00
reaction gibbs energy	R_ENO	-1.870e-02
reaction gibbs energy	R_SUCDi	-1.278e+01
reaction gibbs energy	R_SUCOAS	0.000e+00
reaction gibbs energy	R_TALA	-7.889e+00
reaction gibbs energy	R_TKT1	-1.802e+00
reaction gibbs energy	R_TKT2	0.000e+00
reaction gibbs energy	R_TPI	-1.035e+00
reaction gibbs energy	R_FBA	-2.076e+00
reaction gibbs energy	R_FBP	-2.392e+01
reaction gibbs energy	R_FRD7	0.000e+00
reaction gibbs energy	R_FUM	-1.565e+00
reaction gibbs energy	R_G6PDH2r	-6.585e+00
reaction gibbs energy	R_GAPD	-1.032e+00
reaction gibbs energy	R_GLNS	-8.262e+00
reaction gibbs energy	R_GLUDy	0.000e+00
reaction gibbs energy	R_GLUN	0.000e+00
reaction gibbs energy	R_GLUSy	-3.844e+01
reaction gibbs energy	R_GND	-4.537e+00
reaction gibbs energy	R_ICDHyr	-4.558e+00
reaction gibbs energy	R_ICL	0.000e+00
reaction gibbs energy	R_LDH_D	-1.242e+01
reaction gibbs energy	R_MALS	0.000e+00
reaction gibbs energy	R_MDH	-8.865e-01
reaction gibbs energy	R_ME1	0.000e+00
reaction gibbs energy	R_ME2	0.000e+00
reaction gibbs energy	R_NADTRHD	0.000e+00
reaction gibbs energy	R_PDH	-4.392e+01

