!!!SBtab DocumentName='report' SBtabVersion='1.0' Date='2022-6-9'
!!SBtab TableID='Predicted concentrations' TableType='Quantity' TableName='Predicted concentrations' SBtabVersion='1.0' Unit='M'
!QuantityType	!Compound	!Value
concentration	M_h2o_c	1.000e+00
concentration	M_atp_c	2.427e-03
concentration	M_nadp_c	6.661e-06
concentration	M_nadph_c	5.295e-05
concentration	M_adp_c	2.609e-04
concentration	M_nad_c	1.577e-03
concentration	M_pi_c	3.299e-03
concentration	M_nadh_c	2.230e-05
concentration	M_coa_c	2.996e-04
concentration	M_co2_c	1.092e-04
concentration	M_amp_c	2.677e-04
concentration	M_nh4_c	7.406e-06
concentration	M_akg_c	2.661e-04
concentration	M_accoa_c	4.570e-04
concentration	M_pyr_c	1.366e-03
concentration	M_succ_c	3.181e-04
concentration	M_ac_c	1.000e-02
concentration	M_gln__L_c	2.106e-03
concentration	M_for_c	1.000e-04
concentration	M_oaa_c	1.986e-06
concentration	M_glx_c	1.000e-04
concentration	M_pep_c	6.167e-04
concentration	M_g3p_c	9.062e-05
concentration	M_acald_c	1.000e-04
concentration	M_dhap_c	5.299e-04
concentration	M_succoa_c	8.868e-04
concentration	M_fum_c	1.777e-03
concentration	M_mal__L_c	3.549e-03
concentration	M_r5p_c	1.010e-04
concentration	M_3pg_c	2.172e-03
concentration	M_cit_c	1.916e-03
concentration	M_ru5p__D_c	2.095e-04
concentration	M_g6p_c	4.124e-04
concentration	M_q8_c	1.444e-05
concentration	M_xu5p__D_c	2.315e-04
concentration	M_q8h2_c	6.925e-04
concentration	M_e4p_c	1.365e-05
concentration	M_13dpg_c	1.826e-05
concentration	M_s7p_c	7.214e-04
concentration	M_2pg_c	2.040e-04
concentration	M_actp_c	1.020e-03
concentration	M_lac__D_c	1.000e-04
concentration	M_etoh_c	1.000e-04
concentration	M_6pgc_c	9.603e-05
concentration	M_fdp_c	1.642e-04
concentration	M_6pgl_c	1.986e-05
concentration	M_acon_C_c	3.069e-05
concentration	M_glu__L_c	2.224e-02
concentration	M_icit_c	1.662e-05
concentration	M_f6p_c	2.843e-04

!!SBtab TableID='Predicted Gibbs energies' TableType='Quantity' TableName='Predicted Gibbs energies' SBtabVersion='1.0' Unit='kJ/mol'
!QuantityType	!Reaction	!Value
reaction gibbs energy	R_PFK	0.000e+00
reaction gibbs energy	R_PFL	0.000e+00
reaction gibbs energy	R_PGI	-1.579e+00
reaction gibbs energy	R_PGK	3.192e-01
reaction gibbs energy	R_PGL	-1.999e+01
reaction gibbs energy	R_ACALD	0.000e+00
reaction gibbs energy	R_PGM	3.192e-01
reaction gibbs energy	R_ALCD2x	0.000e+00
reaction gibbs energy	R_ACKr	3.192e-01
reaction gibbs energy	R_PPC	0.000e+00
reaction gibbs energy	R_ACONTa	-1.531e+00
reaction gibbs energy	R_ACONTb	-3.034e+00
reaction gibbs energy	R_ATPM	0.000e+00
reaction gibbs energy	R_PPCK	-2.170e+00
reaction gibbs energy	R_PPS	0.000e+00
reaction gibbs energy	R_ADK1	0.000e+00
reaction gibbs energy	R_AKGDH	-3.790e+01
reaction gibbs energy	R_PTAr	-2.870e+00
reaction gibbs energy	R_PYK	0.000e+00
reaction gibbs energy	R_RPE	-3.196e+00
reaction gibbs energy	R_CS	-2.131e+01
reaction gibbs energy	R_RPI	-3.944e+00
reaction gibbs energy	R_ENO	3.192e-01
reaction gibbs energy	R_SUCDi	-1.049e+01
reaction gibbs energy	R_SUCOAS	-1.259e+00
reaction gibbs energy	R_TALA	-8.018e+00
reaction gibbs energy	R_TKT1	-1.355e+00
reaction gibbs energy	R_TKT2	0.000e+00
reaction gibbs energy	R_TPI	-9.069e-01
reaction gibbs energy	R_FBA	-2.114e+00
reaction gibbs energy	R_FBP	-2.530e+01
reaction gibbs energy	R_FRD7	0.000e+00
reaction gibbs energy	R_FUM	-1.711e+00
reaction gibbs energy	R_G6PDH2r	-7.384e+00
reaction gibbs energy	R_GAPD	-1.566e+00
reaction gibbs energy	R_GLNS	-1.057e+01
reaction gibbs energy	R_GLUDy	0.000e+00
reaction gibbs energy	R_GLUN	0.000e+00
reaction gibbs energy	R_GLUSy	-3.803e+01
reaction gibbs energy	R_GND	-4.511e+00
reaction gibbs energy	R_ICDHyr	-4.575e+00
reaction gibbs energy	R_ICL	0.000e+00
reaction gibbs energy	R_LDH_D	0.000e+00
reaction gibbs energy	R_MALS	0.000e+00
reaction gibbs energy	R_MDH	-9.816e-01
reaction gibbs energy	R_ME1	0.000e+00
reaction gibbs energy	R_ME2	0.000e+00
reaction gibbs energy	R_NADTRHD	0.000e+00
reaction gibbs energy	R_PDH	0.000e+00

