!!!SBtab DocumentName='report' SBtabVersion='1.0' Date='2022-6-9'
!!SBtab TableID='Predicted concentrations' TableType='Quantity' TableName='Predicted concentrations' SBtabVersion='1.0' Unit='M'
!QuantityType	!Compound	!Value
concentration	M_h2o_c	1.000e+00
concentration	M_atp_c	2.427e-03
concentration	M_nadp_c	6.618e-06
concentration	M_nadph_c	5.439e-05
concentration	M_adp_c	2.609e-04
concentration	M_nad_c	1.873e-03
concentration	M_pi_c	8.359e-03
concentration	M_nadh_c	4.930e-06
concentration	M_coa_c	1.004e-02
concentration	M_co2_c	4.269e-05
concentration	M_amp_c	2.723e-04
concentration	M_nh4_c	1.418e-05
concentration	M_akg_c	2.997e-04
concentration	M_accoa_c	5.269e-04
concentration	M_pyr_c	1.056e-03
concentration	M_succ_c	4.169e-04
concentration	M_ac_c	1.000e-02
concentration	M_gln__L_c	2.095e-03
concentration	M_for_c	9.998e-05
concentration	M_oaa_c	1.637e-04
concentration	M_glx_c	4.100e-05
concentration	M_pep_c	6.167e-04
concentration	M_g3p_c	4.075e-05
concentration	M_acald_c	9.998e-05
concentration	M_dhap_c	7.574e-04
concentration	M_succoa_c	3.900e-04
concentration	M_fum_c	1.566e-03
concentration	M_mal__L_c	1.732e-03
concentration	M_r5p_c	8.886e-05
concentration	M_3pg_c	1.020e-03
concentration	M_cit_c	2.172e-03
concentration	M_ru5p__D_c	2.285e-04
concentration	M_g6p_c	4.867e-04
concentration	M_q8_c	1.749e-05
concentration	M_xu5p__D_c	2.081e-04
concentration	M_q8h2_c	5.716e-04
concentration	M_e4p_c	1.353e-05
concentration	M_13dpg_c	2.307e-05
concentration	M_s7p_c	7.913e-04
concentration	M_2pg_c	1.399e-04
concentration	M_actp_c	1.020e-03
concentration	M_lac__D_c	5.067e-04
concentration	M_etoh_c	9.998e-05
concentration	M_6pgc_c	9.220e-05
concentration	M_fdp_c	5.716e-04
concentration	M_6pgl_c	1.727e-05
concentration	M_acon_C_c	2.805e-05
concentration	M_glu__L_c	2.215e-02
concentration	M_icit_c	1.196e-05
concentration	M_f6p_c	2.241e-04

!!SBtab TableID='Predicted Gibbs energies' TableType='Quantity' TableName='Predicted Gibbs energies' SBtabVersion='1.0' Unit='kJ/mol'
!QuantityType	!Reaction	!Value
reaction gibbs energy	R_PFK	-1.921e+01
reaction gibbs energy	R_PFL	0.000e+00
reaction gibbs energy	R_PGI	0.000e+00
reaction gibbs energy	R_PGK	-4.606e+00
reaction gibbs energy	R_PGL	-1.972e+01
reaction gibbs energy	R_ACALD	0.000e+00
reaction gibbs energy	R_PGM	-5.939e-01
reaction gibbs energy	R_ALCD2x	0.000e+00
reaction gibbs energy	R_ACKr	-5.939e-01
reaction gibbs energy	R_PPC	-3.026e+01
reaction gibbs energy	R_ACONTa	-2.072e+00
reaction gibbs energy	R_ACONTb	-3.622e+00
reaction gibbs energy	R_ATPM	0.000e+00
reaction gibbs energy	R_PPCK	0.000e+00
reaction gibbs energy	R_PPS	-2.043e+01
reaction gibbs energy	R_ADK1	-5.540e+00
reaction gibbs energy	R_AKGDH	0.000e+00
reaction gibbs energy	R_PTAr	-8.133e+00
reaction gibbs energy	R_PYK	0.000e+00
reaction gibbs energy	R_RPE	-3.676e+00
reaction gibbs energy	R_CS	-2.350e+01
reaction gibbs energy	R_RPI	-4.477e+00
reaction gibbs energy	R_ENO	-5.939e-01
reaction gibbs energy	R_SUCDi	-1.264e+01
reaction gibbs energy	R_SUCOAS	0.000e+00
reaction gibbs energy	R_TALA	-6.881e+00
reaction gibbs energy	R_TKT1	-2.526e+00
reaction gibbs energy	R_TKT2	0.000e+00
reaction gibbs energy	R_TPI	-1.869e+00
reaction gibbs energy	R_FBA	-1.985e+00
reaction gibbs energy	R_FBP	0.000e+00
reaction gibbs energy	R_FRD7	0.000e+00
reaction gibbs energy	R_FUM	-3.176e+00
reaction gibbs energy	R_G6PDH2r	-8.083e+00
reaction gibbs energy	R_GAPD	-1.199e+00
reaction gibbs energy	R_GLNS	-9.878e+00
reaction gibbs energy	R_GLUDy	0.000e+00
reaction gibbs energy	R_GLUN	0.000e+00
reaction gibbs energy	R_GLUSy	-3.835e+01
reaction gibbs energy	R_GND	-6.638e+00
reaction gibbs energy	R_ICDHyr	-5.910e+00
reaction gibbs energy	R_ICL	-7.119e+00
reaction gibbs energy	R_LDH_D	-9.340e+00
reaction gibbs energy	R_MALS	-2.016e+01
reaction gibbs energy	R_MDH	0.000e+00
reaction gibbs energy	R_ME1	0.000e+00
reaction gibbs energy	R_ME2	-8.041e+00
reaction gibbs energy	R_NADTRHD	0.000e+00
reaction gibbs energy	R_PDH	0.000e+00

