!!!SBtab DocumentName='report' SBtabVersion='1.0' Date='2022-6-9'
!!SBtab TableID='Predicted concentrations' TableType='Quantity' TableName='Predicted concentrations' SBtabVersion='1.0' Unit='M'
!QuantityType	!Compound	!Value
concentration	M_h2o_c	1.000e+00
concentration	M_atp_c	2.427e-03
concentration	M_nadp_c	6.809e-06
concentration	M_nadph_c	4.867e-05
concentration	M_adp_c	2.609e-04
concentration	M_nad_c	1.672e-03
concentration	M_pi_c	7.511e-03
concentration	M_nadh_c	6.824e-06
concentration	M_coa_c	6.451e-04
concentration	M_co2_c	6.965e-05
concentration	M_amp_c	2.691e-04
concentration	M_nh4_c	1.434e-05
concentration	M_akg_c	2.506e-04
concentration	M_accoa_c	3.203e-04
concentration	M_pyr_c	1.095e-03
concentration	M_succ_c	2.774e-04
concentration	M_ac_c	1.000e-02
concentration	M_gln__L_c	2.100e-03
concentration	M_for_c	1.000e-04
concentration	M_oaa_c	2.404e-06
concentration	M_glx_c	1.000e-04
concentration	M_pep_c	2.718e-04
concentration	M_g3p_c	1.570e-04
concentration	M_acald_c	1.000e-04
concentration	M_dhap_c	5.381e-04
concentration	M_succoa_c	1.094e-03
concentration	M_fum_c	1.937e-03
concentration	M_mal__L_c	2.491e-03
concentration	M_r5p_c	1.409e-04
concentration	M_3pg_c	1.474e-03
concentration	M_cit_c	2.333e-03
concentration	M_ru5p__D_c	2.851e-04
concentration	M_g6p_c	3.623e-04
concentration	M_q8_c	2.118e-05
concentration	M_xu5p__D_c	3.115e-04
concentration	M_q8h2_c	4.722e-04
concentration	M_e4p_c	1.371e-05
concentration	M_13dpg_c	2.767e-05
concentration	M_s7p_c	5.690e-04
concentration	M_2pg_c	1.000e-04
concentration	M_actp_c	1.020e-03
concentration	M_lac__D_c	1.000e-04
concentration	M_etoh_c	1.000e-04
concentration	M_6pgc_c	9.662e-05
concentration	M_fdp_c	1.627e-04
concentration	M_6pgl_c	2.100e-05
concentration	M_acon_C_c	2.641e-05
concentration	M_glu__L_c	2.194e-02
concentration	M_icit_c	1.256e-05
concentration	M_f6p_c	3.048e-04

!!SBtab TableID='Predicted Gibbs energies' TableType='Quantity' TableName='Predicted Gibbs energies' SBtabVersion='1.0' Unit='kJ/mol'
!QuantityType	!Reaction	!Value
reaction gibbs energy	R_PFK	0.000e+00
reaction gibbs energy	R_PFL	0.000e+00
reaction gibbs energy	R_PGI	-2.138e+00
reaction gibbs energy	R_PGK	-4.088e+00
reaction gibbs energy	R_PGL	-1.994e+01
reaction gibbs energy	R_ACALD	0.000e+00
reaction gibbs energy	R_PGM	0.000e+00
reaction gibbs energy	R_ALCD2x	0.000e+00
reaction gibbs energy	R_ACKr	-1.274e+00
reaction gibbs energy	R_PPC	-3.926e+01
reaction gibbs energy	R_ACONTa	-2.402e+00
reaction gibbs energy	R_ACONTb	-3.330e+00
reaction gibbs energy	R_ATPM	0.000e+00
reaction gibbs energy	R_PPCK	0.000e+00
reaction gibbs energy	R_PPS	-2.289e+01
reaction gibbs energy	R_ADK1	-5.510e+00
reaction gibbs energy	R_AKGDH	-4.368e+01
reaction gibbs energy	R_PTAr	-2.275e+00
reaction gibbs energy	R_PYK	0.000e+00
reaction gibbs energy	R_RPE	-3.151e+00
reaction gibbs energy	R_CS	-1.829e+01
reaction gibbs energy	R_RPI	-3.866e+00
reaction gibbs energy	R_ENO	0.000e+00
reaction gibbs energy	R_SUCDi	-1.198e+01
reaction gibbs energy	R_SUCOAS	-2.315e+00
reaction gibbs energy	R_TALA	-8.566e+00
reaction gibbs energy	R_TKT1	-2.051e+00
reaction gibbs energy	R_TKT2	-4.317e+00
reaction gibbs energy	R_TPI	-2.505e+00
reaction gibbs energy	R_FBA	-3.800e+00
reaction gibbs energy	R_FBP	-2.315e+01
reaction gibbs energy	R_FRD7	0.000e+00
reaction gibbs energy	R_FUM	-2.805e+00
reaction gibbs energy	R_G6PDH2r	-7.274e+00
reaction gibbs energy	R_GAPD	-2.715e+00
reaction gibbs energy	R_GLNS	-1.010e+01
reaction gibbs energy	R_GLUDy	0.000e+00
reaction gibbs energy	R_GLUN	0.000e+00
reaction gibbs energy	R_GLUSy	-3.750e+01
reaction gibbs energy	R_GND	-5.763e+00
reaction gibbs energy	R_ICDHyr	-6.019e+00
reaction gibbs energy	R_ICL	0.000e+00
reaction gibbs energy	R_LDH_D	0.000e+00
reaction gibbs energy	R_MALS	0.000e+00
reaction gibbs energy	R_MDH	-2.745e+00
reaction gibbs energy	R_ME1	0.000e+00
reaction gibbs energy	R_ME2	0.000e+00
reaction gibbs energy	R_NADTRHD	-1.860e+01
reaction gibbs energy	R_PDH	0.000e+00

