!!!SBtab DocumentName='report' SBtabVersion='1.0' Date='2022-6-9'
!!SBtab TableID='Predicted concentrations' TableType='Quantity' TableName='Predicted concentrations' SBtabVersion='1.0' Unit='M'
!QuantityType	!Compound	!Value
concentration	M_h2o_c	1.000e+00
concentration	M_atp_c	2.427e-03
concentration	M_nadp_c	6.701e-06
concentration	M_nadph_c	5.049e-05
concentration	M_adp_c	2.609e-04
concentration	M_nad_c	2.021e-03
concentration	M_pi_c	8.139e-03
concentration	M_nadh_c	4.425e-06
concentration	M_coa_c	7.411e-04
concentration	M_co2_c	1.264e-04
concentration	M_amp_c	2.677e-04
concentration	M_nh4_c	1.094e-05
concentration	M_akg_c	2.471e-04
concentration	M_accoa_c	3.204e-04
concentration	M_pyr_c	1.441e-03
concentration	M_succ_c	2.728e-04
concentration	M_ac_c	1.000e-02
concentration	M_gln__L_c	2.110e-03
concentration	M_for_c	9.999e-05
concentration	M_oaa_c	2.586e-06
concentration	M_glx_c	9.999e-05
concentration	M_pep_c	1.633e-04
concentration	M_g3p_c	3.881e-05
concentration	M_acald_c	9.999e-05
concentration	M_dhap_c	8.320e-04
concentration	M_succoa_c	1.099e-03
concentration	M_fum_c	1.816e-03
concentration	M_mal__L_c	1.992e-03
concentration	M_r5p_c	9.440e-05
concentration	M_3pg_c	1.591e-03
concentration	M_cit_c	2.351e-03
concentration	M_ru5p__D_c	2.404e-04
concentration	M_g6p_c	3.521e-04
concentration	M_q8_c	1.438e-05
concentration	M_xu5p__D_c	2.109e-04
concentration	M_q8h2_c	6.953e-04
concentration	M_e4p_c	1.350e-05
concentration	M_13dpg_c	2.145e-05
concentration	M_s7p_c	7.420e-04
concentration	M_2pg_c	9.632e-05
concentration	M_actp_c	1.020e-03
concentration	M_lac__D_c	8.220e-04
concentration	M_etoh_c	9.999e-05
concentration	M_6pgc_c	1.038e-04
concentration	M_fdp_c	6.929e-04
concentration	M_6pgl_c	1.428e-05
concentration	M_acon_C_c	2.628e-05
concentration	M_glu__L_c	2.197e-02
concentration	M_icit_c	1.265e-05
concentration	M_f6p_c	2.990e-04

!!SBtab TableID='Predicted Gibbs energies' TableType='Quantity' TableName='Predicted Gibbs energies' SBtabVersion='1.0' Unit='kJ/mol'
!QuantityType	!Reaction	!Value
reaction gibbs energy	R_PFK	-1.925e+01
reaction gibbs energy	R_PFL	0.000e+00
reaction gibbs energy	R_PGI	-2.160e+00
reaction gibbs energy	R_PGK	-3.269e+00
reaction gibbs energy	R_PGL	-1.880e+01
reaction gibbs energy	R_ACALD	0.000e+00
reaction gibbs energy	R_PGM	-2.547e+00
reaction gibbs energy	R_ALCD2x	0.000e+00
reaction gibbs energy	R_ACKr	-1.274e+00
reaction gibbs energy	R_PPC	0.000e+00
reaction gibbs energy	R_ACONTa	-2.434e+00
reaction gibbs energy	R_ACONTb	-3.300e+00
reaction gibbs energy	R_ATPM	0.000e+00
reaction gibbs energy	R_PPCK	0.000e+00
reaction gibbs energy	R_PPS	0.000e+00
reaction gibbs energy	R_ADK1	0.000e+00
reaction gibbs energy	R_AKGDH	-4.404e+01
reaction gibbs energy	R_PTAr	-2.419e+00
reaction gibbs energy	R_PYK	-1.569e+01
reaction gibbs energy	R_RPE	-3.695e+00
reaction gibbs energy	R_CS	-1.811e+01
reaction gibbs energy	R_RPI	-4.436e+00
reaction gibbs energy	R_ENO	-2.555e+00
reaction gibbs energy	R_SUCDi	-1.018e+01
reaction gibbs energy	R_SUCOAS	-2.223e+00
reaction gibbs energy	R_TALA	-5.846e+00
reaction gibbs energy	R_TKT1	-2.898e+00
reaction gibbs energy	R_TKT2	0.000e+00
reaction gibbs energy	R_TPI	-2.037e+00
reaction gibbs energy	R_FBA	-2.173e+00
reaction gibbs energy	R_FBP	0.000e+00
reaction gibbs energy	R_FRD7	0.000e+00
reaction gibbs energy	R_FUM	-3.198e+00
reaction gibbs energy	R_G6PDH2r	-8.028e+00
reaction gibbs energy	R_GAPD	-1.627e+00
reaction gibbs energy	R_GLNS	-9.223e+00
reaction gibbs energy	R_GLUDy	0.000e+00
reaction gibbs energy	R_GLUN	0.000e+00
reaction gibbs energy	R_GLUSy	-3.760e+01
reaction gibbs energy	R_GND	-4.755e+00
reaction gibbs energy	R_ICDHyr	-4.464e+00
reaction gibbs energy	R_ICL	0.000e+00
reaction gibbs energy	R_LDH_D	-8.453e+00
reaction gibbs energy	R_MALS	0.000e+00
reaction gibbs energy	R_MDH	-3.554e+00
reaction gibbs energy	R_ME1	0.000e+00
reaction gibbs energy	R_ME2	-5.721e+00
reaction gibbs energy	R_NADTRHD	0.000e+00
reaction gibbs energy	R_PDH	0.000e+00

