!!!SBtab DocumentName='report' SBtabVersion='1.0' Date='2022-6-9'
!!SBtab TableID='Predicted concentrations' TableType='Quantity' TableName='Predicted concentrations' SBtabVersion='1.0' Unit='M'
!QuantityType	!Compound	!Value
concentration	M_h2o_c	1.000e+00
concentration	M_atp_c	1.893e-03
concentration	M_nadp_c	6.662e-06
concentration	M_nadph_c	4.978e-05
concentration	M_adp_c	3.356e-04
concentration	M_nad_c	1.528e-03
concentration	M_pi_c	5.326e-03
concentration	M_nadh_c	1.963e-04
concentration	M_coa_c	1.560e-03
concentration	M_co2_c	7.689e-05
concentration	M_amp_c	2.739e-04
concentration	M_nh4_c	1.203e-05
concentration	M_akg_c	2.770e-04
concentration	M_accoa_c	6.541e-04
concentration	M_pyr_c	8.994e-04
concentration	M_succ_c	4.106e-04
concentration	M_ac_c	9.999e-05
concentration	M_gln__L_c	2.119e-03
concentration	M_for_c	9.999e-05
concentration	M_oaa_c	1.533e-04
concentration	M_glx_c	9.999e-05
concentration	M_pep_c	6.167e-04
concentration	M_g3p_c	1.486e-04
concentration	M_acald_c	9.999e-05
concentration	M_dhap_c	4.868e-04
concentration	M_succoa_c	3.901e-04
concentration	M_fum_c	1.603e-03
concentration	M_mal__L_c	1.395e-03
concentration	M_r5p_c	1.383e-04
concentration	M_3pg_c	1.020e-03
concentration	M_cit_c	2.379e-03
concentration	M_ru5p__D_c	2.822e-04
concentration	M_g6p_c	3.479e-04
concentration	M_q8_c	2.071e-05
concentration	M_xu5p__D_c	3.064e-04
concentration	M_q8h2_c	4.828e-04
concentration	M_e4p_c	1.366e-05
concentration	M_13dpg_c	3.132e-05
concentration	M_s7p_c	5.786e-04
concentration	M_2pg_c	1.322e-04
concentration	M_actp_c	1.442e-03
concentration	M_lac__D_c	1.062e-03
concentration	M_etoh_c	9.999e-05
concentration	M_6pgc_c	1.022e-04
concentration	M_fdp_c	1.488e-04
concentration	M_6pgl_c	1.780e-05
concentration	M_acon_C_c	2.520e-05
concentration	M_glu__L_c	2.201e-02
concentration	M_icit_c	1.197e-05
concentration	M_f6p_c	3.095e-04

!!SBtab TableID='Predicted Gibbs energies' TableType='Quantity' TableName='Predicted Gibbs energies' SBtabVersion='1.0' Unit='kJ/mol'
!QuantityType	!Reaction	!Value
reaction gibbs energy	R_PFK	0.000e+00
reaction gibbs energy	R_PFL	0.000e+00
reaction gibbs energy	R_PGI	-2.212e+00
reaction gibbs energy	R_PGK	0.000e+00
reaction gibbs energy	R_PGL	-1.970e+01
reaction gibbs energy	R_ACALD	0.000e+00
reaction gibbs energy	R_PGM	-1.384e+00
reaction gibbs energy	R_ALCD2x	0.000e+00
reaction gibbs energy	R_ACKr	0.000e+00
reaction gibbs energy	R_PPC	-3.372e+01
reaction gibbs energy	R_ACONTa	-2.519e+00
reaction gibbs energy	R_ACONTb	-3.400e+00
reaction gibbs energy	R_ATPM	0.000e+00
reaction gibbs energy	R_PPCK	0.000e+00
reaction gibbs energy	R_PPS	-2.053e+01
reaction gibbs energy	R_ADK1	-3.664e+00
reaction gibbs energy	R_AKGDH	0.000e+00
reaction gibbs energy	R_PTAr	0.000e+00
reaction gibbs energy	R_PYK	0.000e+00
reaction gibbs energy	R_RPE	-3.313e+00
reaction gibbs energy	R_CS	-2.853e+01
reaction gibbs energy	R_RPI	-3.921e+00
reaction gibbs energy	R_ENO	-1.384e+00
reaction gibbs energy	R_SUCDi	-1.317e+01
reaction gibbs energy	R_SUCOAS	0.000e+00
reaction gibbs energy	R_TALA	-8.533e+00
reaction gibbs energy	R_TKT1	-2.242e+00
reaction gibbs energy	R_TKT2	-4.549e+00
reaction gibbs energy	R_TPI	-2.320e+00
reaction gibbs energy	R_FBA	-3.353e+00
reaction gibbs energy	R_FBP	-2.370e+01
reaction gibbs energy	R_FRD7	0.000e+00
reaction gibbs energy	R_FUM	-3.769e+00
reaction gibbs energy	R_G6PDH2r	-7.362e+00
reaction gibbs energy	R_GAPD	0.000e+00
reaction gibbs energy	R_GLNS	-9.331e+00
reaction gibbs energy	R_GLUDy	0.000e+00
reaction gibbs energy	R_GLUN	0.000e+00
reaction gibbs energy	R_GLUSy	-3.811e+01
reaction gibbs energy	R_GND	-4.802e+00
reaction gibbs energy	R_ICDHyr	-4.502e+00
reaction gibbs energy	R_ICL	0.000e+00
reaction gibbs energy	R_LDH_D	-1.674e+01
reaction gibbs energy	R_MALS	0.000e+00
reaction gibbs energy	R_MDH	0.000e+00
reaction gibbs energy	R_ME1	-1.641e+01
reaction gibbs energy	R_ME2	0.000e+00
reaction gibbs energy	R_NADTRHD	-1.018e+01
reaction gibbs energy	R_PDH	-4.868e+01

