!!!SBtab DocumentName='report' SBtabVersion='1.0' Date='2022-6-9'
!!SBtab TableID='Predicted concentrations' TableType='Quantity' TableName='Predicted concentrations' SBtabVersion='1.0' Unit='M'
!QuantityType	!Compound	!Value
concentration	M_h2o_c	1.000e+00
concentration	M_atp_c	1.485e-03
concentration	M_nadp_c	6.628e-06
concentration	M_nadph_c	5.067e-05
concentration	M_adp_c	4.529e-04
concentration	M_nad_c	2.288e-03
concentration	M_pi_c	1.000e-02
concentration	M_nadh_c	3.822e-06
concentration	M_coa_c	8.231e-04
concentration	M_co2_c	4.018e-05
concentration	M_amp_c	2.677e-04
concentration	M_nh4_c	1.906e-04
concentration	M_akg_c	2.716e-04
concentration	M_accoa_c	6.904e-04
concentration	M_pyr_c	1.147e-03
concentration	M_succ_c	4.125e-04
concentration	M_ac_c	1.000e-04
concentration	M_gln__L_c	2.056e-03
concentration	M_for_c	1.000e-04
concentration	M_oaa_c	1.432e-06
concentration	M_glx_c	1.000e-04
concentration	M_pep_c	1.096e-04
concentration	M_g3p_c	4.094e-05
concentration	M_acald_c	1.000e-04
concentration	M_dhap_c	9.870e-04
concentration	M_succoa_c	3.901e-04
concentration	M_fum_c	2.641e-03
concentration	M_mal__L_c	1.502e-03
concentration	M_r5p_c	1.140e-04
concentration	M_3pg_c	2.230e-03
concentration	M_cit_c	3.283e-03
concentration	M_ru5p__D_c	3.865e-04
concentration	M_g6p_c	9.448e-04
concentration	M_q8_c	2.150e-05
concentration	M_xu5p__D_c	2.362e-04
concentration	M_q8h2_c	4.653e-04
concentration	M_e4p_c	1.316e-05
concentration	M_13dpg_c	1.826e-05
concentration	M_s7p_c	5.540e-04
concentration	M_2pg_c	9.770e-05
concentration	M_actp_c	1.442e-03
concentration	M_lac__D_c	2.823e-04
concentration	M_etoh_c	1.000e-04
concentration	M_6pgc_c	9.687e-05
concentration	M_fdp_c	9.508e-04
concentration	M_6pgl_c	1.429e-05
concentration	M_acon_C_c	1.629e-05
concentration	M_glu__L_c	2.132e-02
concentration	M_icit_c	4.606e-06
concentration	M_f6p_c	1.267e-04

!!SBtab TableID='Predicted Gibbs energies' TableType='Quantity' TableName='Predicted Gibbs energies' SBtabVersion='1.0' Unit='kJ/mol'
!QuantityType	!Reaction	!Value
reaction gibbs energy	R_PFK	-1.274e+01
reaction gibbs energy	R_PFL	0.000e+00
reaction gibbs energy	R_PGI	-4.154e+00
reaction gibbs energy	R_PGK	-4.154e+00
reaction gibbs energy	R_PGL	-1.918e+01
reaction gibbs energy	R_ACALD	0.000e+00
reaction gibbs energy	R_PGM	-4.154e+00
reaction gibbs energy	R_ALCD2x	0.000e+00
reaction gibbs energy	R_ACKr	0.000e+00
reaction gibbs energy	R_PPC	0.000e+00
reaction gibbs energy	R_ACONTa	-4.384e+00
reaction gibbs energy	R_ACONTb	-4.641e+00
reaction gibbs energy	R_ATPM	0.000e+00
reaction gibbs energy	R_PPCK	-8.787e+00
reaction gibbs energy	R_PPS	0.000e+00
reaction gibbs energy	R_ADK1	0.000e+00
reaction gibbs energy	R_AKGDH	0.000e+00
reaction gibbs energy	R_PTAr	0.000e+00
reaction gibbs energy	R_PYK	-1.744e+01
reaction gibbs energy	R_RPE	-5.096e+00
reaction gibbs energy	R_CS	-1.749e+01
reaction gibbs energy	R_RPI	-5.230e+00
reaction gibbs energy	R_ENO	-4.154e+00
reaction gibbs energy	R_SUCDi	-1.233e+01
reaction gibbs energy	R_SUCOAS	0.000e+00
reaction gibbs energy	R_TALA	-7.761e+00
reaction gibbs energy	R_TKT1	-4.867e+00
reaction gibbs energy	R_TKT2	-9.665e+00
reaction gibbs energy	R_TPI	-4.154e+00
reaction gibbs energy	R_FBA	-4.154e+00
reaction gibbs energy	R_FBP	0.000e+00
reaction gibbs energy	R_FRD7	0.000e+00
reaction gibbs energy	R_FUM	-4.835e+00
reaction gibbs energy	R_G6PDH2r	-1.082e+01
reaction gibbs energy	R_GAPD	-4.154e+00
reaction gibbs energy	R_GLNS	-1.315e+01
reaction gibbs energy	R_GLUDy	0.000e+00
reaction gibbs energy	R_GLUN	0.000e+00
reaction gibbs energy	R_GLUSy	-3.785e+01
reaction gibbs energy	R_GND	-8.238e+00
reaction gibbs energy	R_ICDHyr	-5.986e+00
reaction gibbs energy	R_ICL	0.000e+00
reaction gibbs energy	R_LDH_D	-9.866e+00
reaction gibbs energy	R_MALS	0.000e+00
reaction gibbs energy	R_MDH	-4.997e+00
reaction gibbs energy	R_ME1	0.000e+00
reaction gibbs energy	R_ME2	0.000e+00
reaction gibbs energy	R_NADTRHD	0.000e+00
reaction gibbs energy	R_PDH	-5.752e+01

