!!!SBtab DocumentName='report' SBtabVersion='1.0' Date='2022-6-9'
!!SBtab TableID='Predicted concentrations' TableType='Quantity' TableName='Predicted concentrations' SBtabVersion='1.0' Unit='M'
!QuantityType	!Compound	!Value
concentration	M_h2o_c	1.000e+00
concentration	M_atp_c	1.926e-03
concentration	M_nadp_c	6.787e-06
concentration	M_nadph_c	4.784e-05
concentration	M_adp_c	3.293e-04
concentration	M_nad_c	1.624e-03
concentration	M_pi_c	8.213e-03
concentration	M_nadh_c	1.156e-05
concentration	M_coa_c	1.118e-04
concentration	M_co2_c	1.434e-04
concentration	M_amp_c	2.752e-04
concentration	M_nh4_c	9.422e-06
concentration	M_akg_c	2.533e-04
concentration	M_accoa_c	1.395e-03
concentration	M_pyr_c	1.072e-03
concentration	M_succ_c	4.069e-04
concentration	M_ac_c	4.772e-04
concentration	M_gln__L_c	2.096e-03
concentration	M_for_c	1.000e-04
concentration	M_oaa_c	1.553e-06
concentration	M_glx_c	1.000e-04
concentration	M_pep_c	6.167e-04
concentration	M_g3p_c	1.489e-04
concentration	M_acald_c	1.000e-04
concentration	M_dhap_c	4.882e-04
concentration	M_succoa_c	3.901e-04
concentration	M_fum_c	2.041e-03
concentration	M_mal__L_c	2.558e-03
concentration	M_r5p_c	1.374e-04
concentration	M_3pg_c	1.020e-03
concentration	M_cit_c	2.426e-03
concentration	M_ru5p__D_c	2.734e-04
concentration	M_g6p_c	3.455e-04
concentration	M_q8_c	1.857e-05
concentration	M_xu5p__D_c	3.034e-04
concentration	M_q8h2_c	5.386e-04
concentration	M_e4p_c	1.378e-05
concentration	M_13dpg_c	3.132e-05
concentration	M_s7p_c	5.725e-04
concentration	M_2pg_c	1.322e-04
concentration	M_actp_c	1.217e-03
concentration	M_lac__D_c	1.000e-04
concentration	M_etoh_c	1.000e-04
concentration	M_6pgc_c	1.160e-04
concentration	M_fdp_c	1.512e-04
concentration	M_6pgl_c	2.340e-05
concentration	M_acon_C_c	2.633e-05
concentration	M_glu__L_c	2.226e-02
concentration	M_icit_c	1.384e-05
concentration	M_f6p_c	3.137e-04

!!SBtab TableID='Predicted Gibbs energies' TableType='Quantity' TableName='Predicted Gibbs energies' SBtabVersion='1.0' Unit='kJ/mol'
!QuantityType	!Reaction	!Value
reaction gibbs energy	R_PFK	0.000e+00
reaction gibbs energy	R_PFL	0.000e+00
reaction gibbs energy	R_PGI	-2.263e+00
reaction gibbs energy	R_PGK	0.000e+00
reaction gibbs energy	R_PGL	-2.006e+01
reaction gibbs energy	R_ACALD	0.000e+00
reaction gibbs energy	R_PGM	-1.384e+00
reaction gibbs energy	R_ALCD2x	0.000e+00
reaction gibbs energy	R_ACKr	-1.202e+01
reaction gibbs energy	R_PPC	0.000e+00
reaction gibbs energy	R_ACONTa	-2.460e+00
reaction gibbs energy	R_ACONTb	-3.150e+00
reaction gibbs energy	R_ATPM	0.000e+00
reaction gibbs energy	R_PPCK	0.000e+00
reaction gibbs energy	R_PPS	-1.992e+01
reaction gibbs energy	R_ADK1	-3.812e+00
reaction gibbs energy	R_AKGDH	0.000e+00
reaction gibbs energy	R_PTAr	-1.943e+00
reaction gibbs energy	R_PYK	0.000e+00
reaction gibbs energy	R_RPE	-3.259e+00
reaction gibbs energy	R_CS	-2.552e+01
reaction gibbs energy	R_RPI	-3.859e+00
reaction gibbs energy	R_ENO	-1.384e+00
reaction gibbs energy	R_SUCDi	-1.201e+01
reaction gibbs energy	R_SUCOAS	0.000e+00
reaction gibbs energy	R_TALA	-8.455e+00
reaction gibbs energy	R_TKT1	-2.224e+00
reaction gibbs energy	R_TKT2	-4.508e+00
reaction gibbs energy	R_TPI	-2.317e+00
reaction gibbs energy	R_FBA	-3.324e+00
reaction gibbs energy	R_FBP	-2.264e+01
reaction gibbs energy	R_FRD7	0.000e+00
reaction gibbs energy	R_FUM	-2.865e+00
reaction gibbs energy	R_G6PDH2r	-6.812e+00
reaction gibbs energy	R_GAPD	0.000e+00
reaction gibbs energy	R_GLNS	-7.796e+00
reaction gibbs energy	R_GLUDy	0.000e+00
reaction gibbs energy	R_GLUN	0.000e+00
reaction gibbs energy	R_GLUSy	-3.766e+01
reaction gibbs energy	R_GND	-3.794e+00
reaction gibbs energy	R_ICDHyr	-3.684e+00
reaction gibbs energy	R_ICL	0.000e+00
reaction gibbs energy	R_LDH_D	0.000e+00
reaction gibbs energy	R_MALS	0.000e+00
reaction gibbs energy	R_MDH	-2.454e+00
reaction gibbs energy	R_ME1	-2.310e+01
reaction gibbs energy	R_ME2	0.000e+00
reaction gibbs energy	R_NADTRHD	0.000e+00
reaction gibbs energy	R_PDH	-4.633e+01

