!!!SBtab DocumentName='report' SBtabVersion='1.0' Date='2022-6-9'
!!SBtab TableID='Predicted concentrations' TableType='Quantity' TableName='Predicted concentrations' SBtabVersion='1.0' Unit='M'
!QuantityType	!Compound	!Value
concentration	M_h2o_c	1.000e+00
concentration	M_atp_c	1.485e-03
concentration	M_nadp_c	6.741e-06
concentration	M_nadph_c	4.934e-05
concentration	M_adp_c	4.529e-04
concentration	M_nad_c	2.288e-03
concentration	M_pi_c	1.000e-02
concentration	M_nadh_c	3.822e-06
concentration	M_coa_c	8.830e-05
concentration	M_co2_c	4.230e-05
concentration	M_amp_c	2.677e-04
concentration	M_nh4_c	4.043e-05
concentration	M_akg_c	2.466e-04
concentration	M_accoa_c	1.740e-03
concentration	M_pyr_c	1.142e-03
concentration	M_succ_c	4.144e-04
concentration	M_ac_c	4.035e-04
concentration	M_gln__L_c	2.065e-03
concentration	M_for_c	1.000e-04
concentration	M_oaa_c	1.406e-06
concentration	M_glx_c	1.000e-04
concentration	M_pep_c	1.096e-04
concentration	M_g3p_c	4.094e-05
concentration	M_acald_c	1.000e-04
concentration	M_dhap_c	9.870e-04
concentration	M_succoa_c	3.901e-04
concentration	M_fum_c	2.630e-03
concentration	M_mal__L_c	1.487e-03
concentration	M_r5p_c	1.143e-04
concentration	M_3pg_c	2.230e-03
concentration	M_cit_c	3.283e-03
concentration	M_ru5p__D_c	3.856e-04
concentration	M_g6p_c	9.448e-04
concentration	M_q8_c	2.149e-05
concentration	M_xu5p__D_c	2.395e-04
concentration	M_q8h2_c	4.657e-04
concentration	M_e4p_c	1.336e-05
concentration	M_13dpg_c	1.826e-05
concentration	M_s7p_c	5.688e-04
concentration	M_2pg_c	9.769e-05
concentration	M_actp_c	1.020e-03
concentration	M_lac__D_c	2.912e-04
concentration	M_etoh_c	1.000e-04
concentration	M_6pgc_c	9.583e-05
concentration	M_fdp_c	9.508e-04
concentration	M_6pgl_c	1.712e-05
concentration	M_acon_C_c	1.625e-05
concentration	M_glu__L_c	2.266e-02
concentration	M_icit_c	4.534e-06
concentration	M_f6p_c	1.267e-04

!!SBtab TableID='Predicted Gibbs energies' TableType='Quantity' TableName='Predicted Gibbs energies' SBtabVersion='1.0' Unit='kJ/mol'
!QuantityType	!Reaction	!Value
reaction gibbs energy	R_PFK	-1.274e+01
reaction gibbs energy	R_PFL	0.000e+00
reaction gibbs energy	R_PGI	-4.153e+00
reaction gibbs energy	R_PGK	-4.153e+00
reaction gibbs energy	R_PGL	-1.965e+01
reaction gibbs energy	R_ACALD	0.000e+00
reaction gibbs energy	R_PGM	-4.153e+00
reaction gibbs energy	R_ALCD2x	0.000e+00
reaction gibbs energy	R_ACKr	-1.318e+01
reaction gibbs energy	R_PPC	0.000e+00
reaction gibbs energy	R_ACONTa	-4.390e+00
reaction gibbs energy	R_ACONTb	-4.675e+00
reaction gibbs energy	R_ATPM	0.000e+00
reaction gibbs energy	R_PPCK	0.000e+00
reaction gibbs energy	R_PPS	0.000e+00
reaction gibbs energy	R_ADK1	0.000e+00
reaction gibbs energy	R_AKGDH	0.000e+00
reaction gibbs energy	R_PTAr	-4.153e+00
reaction gibbs energy	R_PYK	-1.745e+01
reaction gibbs energy	R_RPE	-5.055e+00
reaction gibbs energy	R_CS	-2.529e+01
reaction gibbs energy	R_RPI	-5.217e+00
reaction gibbs energy	R_ENO	-4.153e+00
reaction gibbs energy	R_SUCDi	-1.236e+01
reaction gibbs energy	R_SUCOAS	0.000e+00
reaction gibbs energy	R_TALA	-7.786e+00
reaction gibbs energy	R_TKT1	-4.842e+00
reaction gibbs energy	R_TKT2	0.000e+00
reaction gibbs energy	R_TPI	-4.153e+00
reaction gibbs energy	R_FBA	-4.153e+00
reaction gibbs energy	R_FBP	0.000e+00
reaction gibbs energy	R_FRD7	0.000e+00
reaction gibbs energy	R_FUM	-4.851e+00
reaction gibbs energy	R_G6PDH2r	-1.048e+01
reaction gibbs energy	R_GAPD	-4.153e+00
reaction gibbs energy	R_GLNS	-9.452e+00
reaction gibbs energy	R_GLUDy	0.000e+00
reaction gibbs energy	R_GLUN	0.000e+00
reaction gibbs energy	R_GLUSy	-3.721e+01
reaction gibbs energy	R_GND	-8.201e+00
reaction gibbs energy	R_ICDHyr	-6.171e+00
reaction gibbs energy	R_ICL	0.000e+00
reaction gibbs energy	R_LDH_D	-9.779e+00
reaction gibbs energy	R_MALS	0.000e+00
reaction gibbs energy	R_MDH	-5.015e+00
reaction gibbs energy	R_ME1	0.000e+00
reaction gibbs energy	R_ME2	0.000e+00
reaction gibbs energy	R_NADTRHD	0.000e+00
reaction gibbs energy	R_PDH	-4.952e+01

