!!!SBtab DocumentName='report' SBtabVersion='1.0' Date='2022-6-9'
!!SBtab TableID='Predicted concentrations' TableType='Quantity' TableName='Predicted concentrations' SBtabVersion='1.0' Unit='M'
!QuantityType	!Compound	!Value
concentration	M_h2o_c	1.000e+00
concentration	M_atp_c	1.485e-03
concentration	M_nadp_c	6.735e-06
concentration	M_nadph_c	4.914e-05
concentration	M_adp_c	4.529e-04
concentration	M_nad_c	2.288e-03
concentration	M_pi_c	1.000e-02
concentration	M_nadh_c	3.822e-06
concentration	M_coa_c	2.071e-04
concentration	M_co2_c	4.780e-05
concentration	M_amp_c	2.677e-04
concentration	M_nh4_c	4.037e-05
concentration	M_akg_c	2.202e-04
concentration	M_accoa_c	7.467e-04
concentration	M_pyr_c	1.131e-03
concentration	M_succ_c	3.588e-04
concentration	M_ac_c	9.997e-05
concentration	M_gln__L_c	2.071e-03
concentration	M_for_c	9.997e-05
concentration	M_oaa_c	1.529e-06
concentration	M_glx_c	9.997e-05
concentration	M_pep_c	1.096e-04
concentration	M_g3p_c	4.094e-05
concentration	M_acald_c	9.997e-05
concentration	M_dhap_c	9.870e-04
concentration	M_succoa_c	7.760e-04
concentration	M_fum_c	2.648e-03
concentration	M_mal__L_c	1.523e-03
concentration	M_r5p_c	1.147e-04
concentration	M_3pg_c	2.230e-03
concentration	M_cit_c	3.303e-03
concentration	M_ru5p__D_c	3.858e-04
concentration	M_g6p_c	9.448e-04
concentration	M_q8_c	2.511e-05
concentration	M_xu5p__D_c	2.384e-04
concentration	M_q8h2_c	3.980e-04
concentration	M_e4p_c	1.334e-05
concentration	M_13dpg_c	1.826e-05
concentration	M_s7p_c	5.592e-04
concentration	M_2pg_c	9.770e-05
concentration	M_actp_c	1.442e-03
concentration	M_lac__D_c	9.997e-05
concentration	M_etoh_c	9.997e-05
concentration	M_6pgc_c	9.738e-05
concentration	M_fdp_c	9.508e-04
concentration	M_6pgl_c	2.900e-05
concentration	M_acon_C_c	1.631e-05
concentration	M_glu__L_c	2.258e-02
concentration	M_icit_c	4.561e-06
concentration	M_f6p_c	1.267e-04

!!SBtab TableID='Predicted Gibbs energies' TableType='Quantity' TableName='Predicted Gibbs energies' SBtabVersion='1.0' Unit='kJ/mol'
!QuantityType	!Reaction	!Value
reaction gibbs energy	R_PFK	-1.274e+01
reaction gibbs energy	R_PFL	0.000e+00
reaction gibbs energy	R_PGI	-4.154e+00
reaction gibbs energy	R_PGK	-4.154e+00
reaction gibbs energy	R_PGL	-2.092e+01
reaction gibbs energy	R_ACALD	0.000e+00
reaction gibbs energy	R_PGM	-4.154e+00
reaction gibbs energy	R_ALCD2x	0.000e+00
reaction gibbs energy	R_ACKr	0.000e+00
reaction gibbs energy	R_PPC	-3.398e+01
reaction gibbs energy	R_ACONTa	-4.396e+00
reaction gibbs energy	R_ACONTb	-4.669e+00
reaction gibbs energy	R_ATPM	0.000e+00
reaction gibbs energy	R_PPCK	0.000e+00
reaction gibbs energy	R_PPS	0.000e+00
reaction gibbs energy	R_ADK1	0.000e+00
reaction gibbs energy	R_AKGDH	-4.523e+01
reaction gibbs energy	R_PTAr	0.000e+00
reaction gibbs energy	R_PYK	0.000e+00
reaction gibbs energy	R_RPE	-5.068e+00
reaction gibbs energy	R_CS	-2.125e+01
reaction gibbs energy	R_RPI	-5.210e+00
reaction gibbs energy	R_ENO	-4.154e+00
reaction gibbs energy	R_SUCDi	-1.275e+01
reaction gibbs energy	R_SUCOAS	-6.953e+00
reaction gibbs energy	R_TALA	-7.749e+00
reaction gibbs energy	R_TKT1	-4.883e+00
reaction gibbs energy	R_TKT2	0.000e+00
reaction gibbs energy	R_TPI	-4.154e+00
reaction gibbs energy	R_FBA	-4.154e+00
reaction gibbs energy	R_FBP	-2.977e+01
reaction gibbs energy	R_FRD7	0.000e+00
reaction gibbs energy	R_FUM	-4.806e+00
reaction gibbs energy	R_G6PDH2r	-9.180e+00
reaction gibbs energy	R_GAPD	-4.154e+00
reaction gibbs energy	R_GLNS	-9.432e+00
reaction gibbs energy	R_GLUDy	0.000e+00
reaction gibbs energy	R_GLUN	0.000e+00
reaction gibbs energy	R_GLUSy	-3.694e+01
reaction gibbs energy	R_GND	-7.940e+00
reaction gibbs energy	R_ICDHyr	-6.167e+00
reaction gibbs energy	R_ICL	0.000e+00
reaction gibbs energy	R_LDH_D	0.000e+00
reaction gibbs energy	R_MALS	0.000e+00
reaction gibbs energy	R_MDH	-4.869e+00
reaction gibbs energy	R_ME1	0.000e+00
reaction gibbs energy	R_ME2	-9.874e+00
reaction gibbs energy	R_NADTRHD	0.000e+00
reaction gibbs energy	R_PDH	-5.344e+01

