!!!SBtab DocumentName='report' SBtabVersion='1.0' Date='2022-6-9'
!!SBtab TableID='Predicted concentrations' TableType='Quantity' TableName='Predicted concentrations' SBtabVersion='1.0' Unit='M'
!QuantityType	!Compound	!Value
concentration	M_h2o_c	1.000e+00
concentration	M_atp_c	2.427e-03
concentration	M_nadp_c	6.603e-06
concentration	M_nadph_c	5.212e-05
concentration	M_adp_c	2.609e-04
concentration	M_nad_c	2.024e-03
concentration	M_pi_c	8.202e-03
concentration	M_nadh_c	4.300e-06
concentration	M_coa_c	1.614e-02
concentration	M_co2_c	1.064e-04
concentration	M_amp_c	2.677e-04
concentration	M_nh4_c	8.582e-06
concentration	M_akg_c	2.843e-04
concentration	M_accoa_c	4.914e-04
concentration	M_pyr_c	1.743e-03
concentration	M_succ_c	4.220e-04
concentration	M_ac_c	1.000e-02
concentration	M_gln__L_c	2.157e-03
concentration	M_for_c	1.000e-04
concentration	M_oaa_c	2.736e-06
concentration	M_glx_c	2.335e-05
concentration	M_pep_c	1.615e-04
concentration	M_g3p_c	3.730e-05
concentration	M_acald_c	1.000e-04
concentration	M_dhap_c	8.331e-04
concentration	M_succoa_c	3.901e-04
concentration	M_fum_c	1.827e-03
concentration	M_mal__L_c	1.978e-03
concentration	M_r5p_c	9.619e-05
concentration	M_3pg_c	1.590e-03
concentration	M_cit_c	2.282e-03
concentration	M_ru5p__D_c	2.540e-04
concentration	M_g6p_c	3.526e-04
concentration	M_q8_c	1.893e-05
concentration	M_xu5p__D_c	2.141e-04
concentration	M_q8h2_c	5.282e-04
concentration	M_e4p_c	1.348e-05
concentration	M_13dpg_c	2.165e-05
concentration	M_s7p_c	7.540e-04
concentration	M_2pg_c	9.572e-05
concentration	M_actp_c	1.020e-03
concentration	M_lac__D_c	5.786e-04
concentration	M_etoh_c	1.000e-04
concentration	M_6pgc_c	1.016e-04
concentration	M_fdp_c	6.870e-04
concentration	M_6pgl_c	1.481e-05
concentration	M_acon_C_c	2.522e-05
concentration	M_glu__L_c	2.107e-02
concentration	M_icit_c	1.147e-05
concentration	M_f6p_c	3.014e-04

!!SBtab TableID='Predicted Gibbs energies' TableType='Quantity' TableName='Predicted Gibbs energies' SBtabVersion='1.0' Unit='kJ/mol'
!QuantityType	!Reaction	!Value
reaction gibbs energy	R_PFK	-1.929e+01
reaction gibbs energy	R_PFL	0.000e+00
reaction gibbs energy	R_PGI	-2.177e+00
reaction gibbs energy	R_PGK	-3.293e+00
reaction gibbs energy	R_PGL	-1.895e+01
reaction gibbs energy	R_ACALD	0.000e+00
reaction gibbs energy	R_PGM	-2.562e+00
reaction gibbs energy	R_ALCD2x	0.000e+00
reaction gibbs energy	R_ACKr	-1.274e+00
reaction gibbs energy	R_PPC	0.000e+00
reaction gibbs energy	R_ACONTa	-2.462e+00
reaction gibbs energy	R_ACONTb	-3.441e+00
reaction gibbs energy	R_ATPM	0.000e+00
reaction gibbs energy	R_PPCK	0.000e+00
reaction gibbs energy	R_PPS	0.000e+00
reaction gibbs energy	R_ADK1	0.000e+00
reaction gibbs energy	R_AKGDH	0.000e+00
reaction gibbs energy	R_PTAr	-8.973e+00
reaction gibbs energy	R_PYK	-1.519e+01
reaction gibbs energy	R_RPE	-3.794e+00
reaction gibbs energy	R_CS	-1.175e+01
reaction gibbs energy	R_RPI	-4.526e+00
reaction gibbs energy	R_ENO	-2.567e+00
reaction gibbs energy	R_SUCDi	-1.261e+01
reaction gibbs energy	R_SUCOAS	0.000e+00
reaction gibbs energy	R_TALA	-5.772e+00
reaction gibbs energy	R_TKT1	-3.040e+00
reaction gibbs energy	R_TKT2	0.000e+00
reaction gibbs energy	R_TPI	-2.139e+00
reaction gibbs energy	R_FBA	-2.246e+00
reaction gibbs energy	R_FBP	0.000e+00
reaction gibbs energy	R_FRD7	0.000e+00
reaction gibbs energy	R_FUM	-3.231e+00
reaction gibbs energy	R_G6PDH2r	-7.826e+00
reaction gibbs energy	R_GAPD	-1.598e+00
reaction gibbs energy	R_GLNS	-8.445e+00
reaction gibbs energy	R_GLUDy	0.000e+00
reaction gibbs energy	R_GLUN	0.000e+00
reaction gibbs energy	R_GLUSy	-3.833e+01
reaction gibbs energy	R_GND	-4.877e+00
reaction gibbs energy	R_ICDHyr	-4.184e+00
reaction gibbs energy	R_ICL	-8.295e+00
reaction gibbs energy	R_LDH_D	-9.721e+00
reaction gibbs energy	R_MALS	-1.784e+01
reaction gibbs energy	R_MDH	-3.470e+00
reaction gibbs energy	R_ME1	-2.600e+01
reaction gibbs energy	R_ME2	0.000e+00
reaction gibbs energy	R_NADTRHD	0.000e+00
reaction gibbs energy	R_PDH	0.000e+00

