!!!SBtab DocumentName='report' SBtabVersion='1.0' Date='2022-6-9'
!!SBtab TableID='Predicted concentrations' TableType='Quantity' TableName='Predicted concentrations' SBtabVersion='1.0' Unit='M'
!QuantityType	!Compound	!Value
concentration	M_h2o_c	1.000e+00
concentration	M_atp_c	1.824e-03
concentration	M_nadp_c	6.890e-06
concentration	M_nadph_c	4.568e-05
concentration	M_adp_c	3.614e-04
concentration	M_nad_c	2.288e-03
concentration	M_pi_c	6.351e-03
concentration	M_nadh_c	3.822e-06
concentration	M_coa_c	1.259e-04
concentration	M_co2_c	1.042e-05
concentration	M_amp_c	2.677e-04
concentration	M_nh4_c	9.997e-05
concentration	M_akg_c	2.191e-04
concentration	M_accoa_c	7.060e-04
concentration	M_pyr_c	1.163e-03
concentration	M_succ_c	2.991e-04
concentration	M_ac_c	9.997e-05
concentration	M_gln__L_c	2.104e-03
concentration	M_for_c	9.997e-05
concentration	M_oaa_c	1.000e-06
concentration	M_glx_c	9.997e-05
concentration	M_pep_c	2.039e-04
concentration	M_g3p_c	9.997e-05
concentration	M_acald_c	9.997e-05
concentration	M_dhap_c	7.083e-04
concentration	M_succoa_c	1.014e-03
concentration	M_fum_c	3.477e-03
concentration	M_mal__L_c	1.379e-03
concentration	M_r5p_c	5.603e-05
concentration	M_3pg_c	1.508e-03
concentration	M_cit_c	3.603e-03
concentration	M_ru5p__D_c	1.858e-04
concentration	M_g6p_c	4.964e-04
concentration	M_q8_c	4.292e-05
concentration	M_xu5p__D_c	1.652e-04
concentration	M_q8h2_c	2.328e-04
concentration	M_e4p_c	1.349e-05
concentration	M_13dpg_c	3.132e-05
concentration	M_s7p_c	1.145e-03
concentration	M_2pg_c	9.997e-05
concentration	M_actp_c	1.442e-03
concentration	M_lac__D_c	9.997e-05
concentration	M_etoh_c	9.997e-05
concentration	M_6pgc_c	7.899e-05
concentration	M_fdp_c	2.689e-04
concentration	M_6pgl_c	9.997e-05
concentration	M_acon_C_c	1.383e-05
concentration	M_glu__L_c	2.173e-02
concentration	M_icit_c	3.469e-06
concentration	M_f6p_c	2.325e-04

!!SBtab TableID='Predicted Gibbs energies' TableType='Quantity' TableName='Predicted Gibbs energies' SBtabVersion='1.0' Unit='kJ/mol'
!QuantityType	!Reaction	!Value
reaction gibbs energy	R_PFK	-1.941e+01
reaction gibbs energy	R_PFL	0.000e+00
reaction gibbs energy	R_PGI	0.000e+00
reaction gibbs energy	R_PGK	0.000e+00
reaction gibbs energy	R_PGL	0.000e+00
reaction gibbs energy	R_ACALD	0.000e+00
reaction gibbs energy	R_PGM	0.000e+00
reaction gibbs energy	R_ALCD2x	0.000e+00
reaction gibbs energy	R_ACKr	0.000e+00
reaction gibbs energy	R_PPC	0.000e+00
reaction gibbs energy	R_ACONTa	-6.156e+00
reaction gibbs energy	R_ACONTb	-6.156e+00
reaction gibbs energy	R_ATPM	0.000e+00
reaction gibbs energy	R_PPCK	-8.489e+00
reaction gibbs energy	R_PPS	0.000e+00
reaction gibbs energy	R_ADK1	0.000e+00
reaction gibbs energy	R_AKGDH	-4.637e+01
reaction gibbs energy	R_PTAr	0.000e+00
reaction gibbs energy	R_PYK	-1.825e+01
reaction gibbs energy	R_RPE	0.000e+00
reaction gibbs energy	R_CS	-2.107e+01
reaction gibbs energy	R_RPI	0.000e+00
reaction gibbs energy	R_ENO	0.000e+00
reaction gibbs energy	R_SUCDi	-1.207e+01
reaction gibbs energy	R_SUCOAS	-7.287e+00
reaction gibbs energy	R_TALA	0.000e+00
reaction gibbs energy	R_TKT1	0.000e+00
reaction gibbs energy	R_TKT2	0.000e+00
reaction gibbs energy	R_TPI	0.000e+00
reaction gibbs energy	R_FBA	0.000e+00
reaction gibbs energy	R_FBP	-2.553e+01
reaction gibbs energy	R_FRD7	0.000e+00
reaction gibbs energy	R_FUM	-6.156e+00
reaction gibbs energy	R_G6PDH2r	0.000e+00
reaction gibbs energy	R_GAPD	0.000e+00
reaction gibbs energy	R_GLNS	0.000e+00
reaction gibbs energy	R_GLUDy	0.000e+00
reaction gibbs energy	R_GLUN	0.000e+00
reaction gibbs energy	R_GLUSy	0.000e+00
reaction gibbs energy	R_GND	0.000e+00
reaction gibbs energy	R_ICDHyr	-7.620e+00
reaction gibbs energy	R_ICL	0.000e+00
reaction gibbs energy	R_LDH_D	0.000e+00
reaction gibbs energy	R_MALS	0.000e+00
reaction gibbs energy	R_MDH	-6.156e+00
reaction gibbs energy	R_ME1	0.000e+00
reaction gibbs energy	R_ME2	0.000e+00
reaction gibbs energy	R_NADTRHD	-2.067e+01
reaction gibbs energy	R_PDH	-5.722e+01

