!!!SBtab DocumentName='report' SBtabVersion='1.0' Date='2022-6-9'
!!SBtab TableID='Predicted concentrations' TableType='Quantity' TableName='Predicted concentrations' SBtabVersion='1.0' Unit='M'
!QuantityType	!Compound	!Value
concentration	M_h2o_c	1.000e+00
concentration	M_atp_c	2.427e-03
concentration	M_nadp_c	6.679e-06
concentration	M_nadph_c	5.010e-05
concentration	M_adp_c	2.609e-04
concentration	M_nad_c	2.003e-03
concentration	M_pi_c	8.524e-03
concentration	M_nadh_c	4.380e-06
concentration	M_coa_c	6.800e-04
concentration	M_co2_c	1.571e-04
concentration	M_amp_c	2.677e-04
concentration	M_nh4_c	6.098e-06
concentration	M_akg_c	2.514e-04
concentration	M_accoa_c	3.395e-04
concentration	M_pyr_c	1.781e-03
concentration	M_succ_c	2.940e-04
concentration	M_ac_c	1.000e-02
concentration	M_gln__L_c	2.142e-03
concentration	M_for_c	1.000e-04
concentration	M_oaa_c	2.605e-06
concentration	M_glx_c	2.268e-05
concentration	M_pep_c	1.664e-04
concentration	M_g3p_c	3.694e-05
concentration	M_acald_c	1.000e-04
concentration	M_dhap_c	8.002e-04
concentration	M_succoa_c	1.068e-03
concentration	M_fum_c	1.815e-03
concentration	M_mal__L_c	2.011e-03
concentration	M_r5p_c	9.289e-05
concentration	M_3pg_c	1.575e-03
concentration	M_cit_c	2.346e-03
concentration	M_ru5p__D_c	2.357e-04
concentration	M_g6p_c	3.558e-04
concentration	M_q8_c	2.271e-05
concentration	M_xu5p__D_c	2.070e-04
concentration	M_q8h2_c	4.404e-04
concentration	M_e4p_c	1.345e-05
concentration	M_13dpg_c	2.175e-05
concentration	M_s7p_c	7.722e-04
concentration	M_2pg_c	9.693e-05
concentration	M_actp_c	1.020e-03
concentration	M_lac__D_c	4.809e-04
concentration	M_etoh_c	1.000e-04
concentration	M_6pgc_c	1.071e-04
concentration	M_fdp_c	6.593e-04
concentration	M_6pgl_c	1.532e-05
concentration	M_acon_C_c	2.662e-05
concentration	M_glu__L_c	2.144e-02
concentration	M_icit_c	1.243e-05
concentration	M_f6p_c	2.978e-04

!!SBtab TableID='Predicted Gibbs energies' TableType='Quantity' TableName='Predicted Gibbs energies' SBtabVersion='1.0' Unit='kJ/mol'
!QuantityType	!Reaction	!Value
reaction gibbs energy	R_PFK	-1.936e+01
reaction gibbs energy	R_PFL	0.000e+00
reaction gibbs energy	R_PGI	-2.126e+00
reaction gibbs energy	R_PGK	-3.327e+00
reaction gibbs energy	R_PGL	-1.890e+01
reaction gibbs energy	R_ACALD	0.000e+00
reaction gibbs energy	R_PGM	-2.508e+00
reaction gibbs energy	R_ALCD2x	0.000e+00
reaction gibbs energy	R_ACKr	-1.274e+00
reaction gibbs energy	R_PPC	0.000e+00
reaction gibbs energy	R_ACONTa	-2.397e+00
reaction gibbs energy	R_ACONTb	-3.375e+00
reaction gibbs energy	R_ATPM	0.000e+00
reaction gibbs energy	R_PPCK	0.000e+00
reaction gibbs energy	R_PPS	0.000e+00
reaction gibbs energy	R_ADK1	0.000e+00
reaction gibbs energy	R_AKGDH	-4.341e+01
reaction gibbs energy	R_PTAr	-1.948e+00
reaction gibbs energy	R_PYK	-1.522e+01
reaction gibbs energy	R_RPE	-3.693e+00
reaction gibbs energy	R_CS	-1.849e+01
reaction gibbs energy	R_RPI	-4.428e+00
reaction gibbs energy	R_ENO	-2.523e+00
reaction gibbs energy	R_SUCDi	-1.263e+01
reaction gibbs energy	R_SUCOAS	-2.295e+00
reaction gibbs energy	R_TALA	-5.842e+00
reaction gibbs energy	R_TKT1	-2.834e+00
reaction gibbs energy	R_TKT2	0.000e+00
reaction gibbs energy	R_TPI	-2.063e+00
reaction gibbs energy	R_FBA	-2.268e+00
reaction gibbs energy	R_FBP	0.000e+00
reaction gibbs energy	R_FRD7	0.000e+00
reaction gibbs energy	R_FUM	-3.174e+00
reaction gibbs energy	R_G6PDH2r	-7.890e+00
reaction gibbs energy	R_GAPD	-1.587e+00
reaction gibbs energy	R_GLNS	-7.563e+00
reaction gibbs energy	R_GLUDy	0.000e+00
reaction gibbs energy	R_GLUN	0.000e+00
reaction gibbs energy	R_GLUSy	-3.779e+01
reaction gibbs energy	R_GND	-4.354e+00
reaction gibbs energy	R_ICDHyr	-3.852e+00
reaction gibbs energy	R_ICL	-9.464e+00
reaction gibbs energy	R_LDH_D	-1.030e+01
reaction gibbs energy	R_MALS	-2.465e+01
reaction gibbs energy	R_MDH	-3.562e+00
reaction gibbs energy	R_ME1	-2.496e+01
reaction gibbs energy	R_ME2	0.000e+00
reaction gibbs energy	R_NADTRHD	0.000e+00
reaction gibbs energy	R_PDH	0.000e+00

