!!!SBtab DocumentName='report' SBtabVersion='1.0' Date='2022-6-9'
!!SBtab TableID='Predicted concentrations' TableType='Quantity' TableName='Predicted concentrations' SBtabVersion='1.0' Unit='M'
!QuantityType	!Compound	!Value
concentration	M_h2o_c	1.000e+00
concentration	M_atp_c	1.485e-03
concentration	M_nadp_c	6.817e-06
concentration	M_nadph_c	4.750e-05
concentration	M_adp_c	2.635e-04
concentration	M_nad_c	2.288e-03
concentration	M_pi_c	1.000e-02
concentration	M_nadh_c	3.822e-06
concentration	M_coa_c	4.080e-03
concentration	M_co2_c	2.610e-05
concentration	M_amp_c	3.609e-04
concentration	M_nh4_c	2.533e-05
concentration	M_akg_c	2.370e-04
concentration	M_accoa_c	5.889e-04
concentration	M_pyr_c	9.075e-04
concentration	M_succ_c	4.010e-04
concentration	M_ac_c	1.000e-04
concentration	M_gln__L_c	2.073e-03
concentration	M_for_c	1.000e-04
concentration	M_oaa_c	1.170e-06
concentration	M_glx_c	6.004e-06
concentration	M_pep_c	2.995e-04
concentration	M_g3p_c	5.190e-05
concentration	M_acald_c	1.000e-04
concentration	M_dhap_c	9.759e-04
concentration	M_succoa_c	3.901e-04
concentration	M_fum_c	3.048e-03
concentration	M_mal__L_c	1.422e-03
concentration	M_r5p_c	1.368e-04
concentration	M_3pg_c	1.020e-03
concentration	M_cit_c	3.603e-03
concentration	M_ru5p__D_c	4.596e-04
concentration	M_g6p_c	4.940e-04
concentration	M_q8_c	2.380e-05
concentration	M_xu5p__D_c	2.547e-04
concentration	M_q8h2_c	4.201e-04
concentration	M_e4p_c	1.308e-05
concentration	M_13dpg_c	1.826e-05
concentration	M_s7p_c	4.631e-04
concentration	M_2pg_c	1.000e-04
concentration	M_actp_c	1.443e-03
concentration	M_lac__D_c	2.095e-04
concentration	M_etoh_c	1.000e-04
concentration	M_6pgc_c	9.474e-05
concentration	M_fdp_c	9.508e-04
concentration	M_6pgl_c	1.168e-05
concentration	M_acon_C_c	1.401e-05
concentration	M_glu__L_c	2.246e-02
concentration	M_icit_c	3.469e-06
concentration	M_f6p_c	1.856e-04

!!SBtab TableID='Predicted Gibbs energies' TableType='Quantity' TableName='Predicted Gibbs energies' SBtabVersion='1.0' Unit='kJ/mol'
!QuantityType	!Reaction	!Value
reaction gibbs energy	R_PFK	-1.514e+01
reaction gibbs energy	R_PFL	0.000e+00
reaction gibbs energy	R_PGI	0.000e+00
reaction gibbs energy	R_PGK	-5.007e+00
reaction gibbs energy	R_PGL	-1.874e+01
reaction gibbs energy	R_ACALD	0.000e+00
reaction gibbs energy	R_PGM	0.000e+00
reaction gibbs energy	R_ALCD2x	0.000e+00
reaction gibbs energy	R_ACKr	0.000e+00
reaction gibbs energy	R_PPC	0.000e+00
reaction gibbs energy	R_ACONTa	-5.007e+00
reaction gibbs energy	R_ACONTb	-5.007e+00
reaction gibbs energy	R_ATPM	0.000e+00
reaction gibbs energy	R_PPCK	0.000e+00
reaction gibbs energy	R_PPS	-1.960e+01
reaction gibbs energy	R_ADK1	-5.007e+00
reaction gibbs energy	R_AKGDH	0.000e+00
reaction gibbs energy	R_PTAr	0.000e+00
reaction gibbs energy	R_PYK	0.000e+00
reaction gibbs energy	R_RPE	-5.211e+00
reaction gibbs energy	R_CS	-1.243e+01
reaction gibbs energy	R_RPI	-5.234e+00
reaction gibbs energy	R_ENO	0.000e+00
reaction gibbs energy	R_SUCDi	-1.296e+01
reaction gibbs energy	R_SUCOAS	0.000e+00
reaction gibbs energy	R_TALA	-6.893e+00
reaction gibbs energy	R_TKT1	-5.204e+00
reaction gibbs energy	R_TKT2	-8.146e+00
reaction gibbs energy	R_TPI	-5.007e+00
reaction gibbs energy	R_FBA	-5.007e+00
reaction gibbs energy	R_FBP	0.000e+00
reaction gibbs energy	R_FRD7	0.000e+00
reaction gibbs energy	R_FUM	-5.328e+00
reaction gibbs energy	R_G6PDH2r	-9.850e+00
reaction gibbs energy	R_GAPD	-5.007e+00
reaction gibbs energy	R_GLNS	-9.641e+00
reaction gibbs energy	R_GLUDy	0.000e+00
reaction gibbs energy	R_GLUN	0.000e+00
reaction gibbs energy	R_GLUSy	-3.704e+01
reaction gibbs energy	R_GND	-8.693e+00
reaction gibbs energy	R_ICDHyr	-6.738e+00
reaction gibbs energy	R_ICL	-8.716e+00
reaction gibbs energy	R_LDH_D	-1.002e+01
reaction gibbs energy	R_MALS	-2.013e+01
reaction gibbs energy	R_MDH	-5.368e+00
reaction gibbs energy	R_ME1	0.000e+00
reaction gibbs energy	R_ME2	-1.145e+01
reaction gibbs energy	R_NADTRHD	0.000e+00
reaction gibbs energy	R_PDH	-6.322e+01

