!!!SBtab DocumentName='report' SBtabVersion='1.0' Date='2022-6-9'
!!SBtab TableID='Predicted concentrations' TableType='Quantity' TableName='Predicted concentrations' SBtabVersion='1.0' Unit='M'
!QuantityType	!Compound	!Value
concentration	M_h2o_c	1.000e+00
concentration	M_atp_c	1.485e-03
concentration	M_nadp_c	6.863e-06
concentration	M_nadph_c	4.667e-05
concentration	M_adp_c	4.529e-04
concentration	M_nad_c	2.288e-03
concentration	M_pi_c	1.000e-02
concentration	M_nadh_c	3.822e-06
concentration	M_coa_c	7.189e-03
concentration	M_co2_c	3.702e-05
concentration	M_amp_c	2.677e-04
concentration	M_nh4_c	3.772e-05
concentration	M_akg_c	2.424e-04
concentration	M_accoa_c	5.504e-04
concentration	M_pyr_c	1.234e-03
concentration	M_succ_c	4.033e-04
concentration	M_ac_c	1.000e-04
concentration	M_gln__L_c	2.068e-03
concentration	M_for_c	1.000e-04
concentration	M_oaa_c	6.427e-05
concentration	M_glx_c	6.735e-06
concentration	M_pep_c	1.096e-04
concentration	M_g3p_c	4.599e-05
concentration	M_acald_c	1.000e-04
concentration	M_dhap_c	9.827e-04
concentration	M_succoa_c	3.901e-04
concentration	M_fum_c	2.328e-03
concentration	M_mal__L_c	1.020e-03
concentration	M_r5p_c	1.410e-04
concentration	M_3pg_c	2.230e-03
concentration	M_cit_c	3.382e-03
concentration	M_ru5p__D_c	4.370e-04
concentration	M_g6p_c	2.608e-04
concentration	M_q8_c	2.322e-05
concentration	M_xu5p__D_c	2.519e-04
concentration	M_q8h2_c	4.307e-04
concentration	M_e4p_c	1.158e-05
concentration	M_13dpg_c	1.826e-05
concentration	M_s7p_c	5.520e-04
concentration	M_2pg_c	9.963e-05
concentration	M_actp_c	1.442e-03
concentration	M_lac__D_c	2.413e-04
concentration	M_etoh_c	1.000e-04
concentration	M_6pgc_c	9.116e-05
concentration	M_fdp_c	9.508e-04
concentration	M_6pgl_c	1.508e-05
concentration	M_acon_C_c	1.539e-05
concentration	M_glu__L_c	2.254e-02
concentration	M_icit_c	4.101e-06
concentration	M_f6p_c	4.151e-04

!!SBtab TableID='Predicted Gibbs energies' TableType='Quantity' TableName='Predicted Gibbs energies' SBtabVersion='1.0' Unit='kJ/mol'
!QuantityType	!Reaction	!Value
reaction gibbs energy	R_PFK	-1.578e+01
reaction gibbs energy	R_PFL	0.000e+00
reaction gibbs energy	R_PGI	-4.432e+00
reaction gibbs energy	R_PGK	-4.432e+00
reaction gibbs energy	R_PGL	-1.921e+01
reaction gibbs energy	R_ACALD	0.000e+00
reaction gibbs energy	R_PGM	-4.432e+00
reaction gibbs energy	R_ALCD2x	0.000e+00
reaction gibbs energy	R_ACKr	0.000e+00
reaction gibbs energy	R_PPC	-2.404e+01
reaction gibbs energy	R_ACONTa	-4.599e+00
reaction gibbs energy	R_ACONTb	-4.791e+00
reaction gibbs energy	R_ATPM	0.000e+00
reaction gibbs energy	R_PPCK	0.000e+00
reaction gibbs energy	R_PPS	0.000e+00
reaction gibbs energy	R_ADK1	0.000e+00
reaction gibbs energy	R_AKGDH	0.000e+00
reaction gibbs energy	R_PTAr	0.000e+00
reaction gibbs energy	R_PYK	0.000e+00
reaction gibbs energy	R_RPE	-4.871e+00
reaction gibbs energy	R_CS	-2.084e+01
reaction gibbs energy	R_RPI	-4.988e+00
reaction gibbs energy	R_ENO	-4.432e+00
reaction gibbs energy	R_SUCDi	-1.320e+01
reaction gibbs energy	R_SUCOAS	0.000e+00
reaction gibbs energy	R_TALA	-5.185e+00
reaction gibbs energy	R_TKT1	-4.812e+00
reaction gibbs energy	R_TKT2	0.000e+00
reaction gibbs energy	R_TPI	-4.432e+00
reaction gibbs energy	R_FBA	-4.432e+00
reaction gibbs energy	R_FBP	0.000e+00
reaction gibbs energy	R_FRD7	0.000e+00
reaction gibbs energy	R_FUM	-5.484e+00
reaction gibbs energy	R_G6PDH2r	-7.666e+00
reaction gibbs energy	R_GAPD	-4.432e+00
reaction gibbs energy	R_GLNS	-9.245e+00
reaction gibbs energy	R_GLUDy	0.000e+00
reaction gibbs energy	R_GLUN	0.000e+00
reaction gibbs energy	R_GLUSy	-3.687e+01
reaction gibbs energy	R_GND	-7.920e+00
reaction gibbs energy	R_ICDHyr	-6.408e+00
reaction gibbs energy	R_ICL	-8.737e+00
reaction gibbs energy	R_LDH_D	-1.044e+01
reaction gibbs energy	R_MALS	-2.016e+01
reaction gibbs energy	R_MDH	0.000e+00
reaction gibbs energy	R_ME1	-3.016e+01
reaction gibbs energy	R_ME2	0.000e+00
reaction gibbs energy	R_NADTRHD	0.000e+00
reaction gibbs energy	R_PDH	-6.407e+01

