!!!SBtab DocumentName='report' SBtabVersion='1.0' Date='2022-6-9'
!!SBtab TableID='Predicted concentrations' TableType='Quantity' TableName='Predicted concentrations' SBtabVersion='1.0' Unit='M'
!QuantityType	!Compound	!Value
concentration	M_h2o_c	1.000e+00
concentration	M_atp_c	2.427e-03
concentration	M_nadp_c	6.556e-06
concentration	M_nadph_c	5.501e-05
concentration	M_adp_c	2.609e-04
concentration	M_nad_c	1.557e-03
concentration	M_pi_c	6.225e-03
concentration	M_nadh_c	3.470e-05
concentration	M_coa_c	1.247e-04
concentration	M_co2_c	1.044e-04
concentration	M_amp_c	2.677e-04
concentration	M_nh4_c	4.968e-06
concentration	M_akg_c	3.021e-04
concentration	M_accoa_c	1.294e-03
concentration	M_pyr_c	1.570e-03
concentration	M_succ_c	4.044e-04
concentration	M_ac_c	5.093e-04
concentration	M_gln__L_c	2.152e-03
concentration	M_for_c	1.000e-04
concentration	M_oaa_c	1.562e-06
concentration	M_glx_c	1.000e-04
concentration	M_pep_c	6.167e-04
concentration	M_g3p_c	8.631e-05
concentration	M_acald_c	1.000e-04
concentration	M_dhap_c	4.948e-04
concentration	M_succoa_c	3.901e-04
concentration	M_fum_c	1.969e-03
concentration	M_mal__L_c	4.045e-03
concentration	M_r5p_c	1.027e-04
concentration	M_3pg_c	2.056e-03
concentration	M_cit_c	2.014e-03
concentration	M_ru5p__D_c	2.195e-04
concentration	M_g6p_c	4.025e-04
concentration	M_q8_c	1.585e-05
concentration	M_xu5p__D_c	2.360e-04
concentration	M_q8h2_c	6.307e-04
concentration	M_e4p_c	1.357e-05
concentration	M_13dpg_c	1.826e-05
concentration	M_s7p_c	7.066e-04
concentration	M_2pg_c	1.947e-04
concentration	M_actp_c	1.261e-03
concentration	M_lac__D_c	1.000e-04
concentration	M_etoh_c	1.000e-04
concentration	M_6pgc_c	9.445e-05
concentration	M_fdp_c	1.527e-04
concentration	M_6pgl_c	1.850e-05
concentration	M_acon_C_c	2.991e-05
concentration	M_glu__L_c	2.156e-02
concentration	M_icit_c	1.721e-05
concentration	M_f6p_c	2.804e-04

!!SBtab TableID='Predicted Gibbs energies' TableType='Quantity' TableName='Predicted Gibbs energies' SBtabVersion='1.0' Unit='kJ/mol'
!QuantityType	!Reaction	!Value
reaction gibbs energy	R_PFK	0.000e+00
reaction gibbs energy	R_PFL	0.000e+00
reaction gibbs energy	R_PGI	-1.597e+00
reaction gibbs energy	R_PGK	-1.870e-02
reaction gibbs energy	R_PGL	-1.992e+01
reaction gibbs energy	R_ACALD	0.000e+00
reaction gibbs energy	R_PGM	-1.870e-02
reaction gibbs energy	R_ALCD2x	0.000e+00
reaction gibbs energy	R_ACKr	-1.078e+01
reaction gibbs energy	R_PPC	0.000e+00
reaction gibbs energy	R_ACONTa	-1.687e+00
reaction gibbs energy	R_ACONTb	-2.912e+00
reaction gibbs energy	R_ATPM	0.000e+00
reaction gibbs energy	R_PPCK	-1.458e+00
reaction gibbs energy	R_PPS	0.000e+00
reaction gibbs energy	R_ADK1	0.000e+00
reaction gibbs energy	R_AKGDH	0.000e+00
reaction gibbs energy	R_PTAr	-7.133e-01
reaction gibbs energy	R_PYK	0.000e+00
reaction gibbs energy	R_RPE	-3.291e+00
reaction gibbs energy	R_CS	-2.552e+01
reaction gibbs energy	R_RPI	-4.027e+00
reaction gibbs energy	R_ENO	-1.870e-02
reaction gibbs energy	R_SUCDi	-1.106e+01
reaction gibbs energy	R_SUCOAS	0.000e+00
reaction gibbs energy	R_TALA	-7.914e+00
reaction gibbs energy	R_TKT1	-1.650e+00
reaction gibbs energy	R_TKT2	0.000e+00
reaction gibbs energy	R_TPI	-9.119e-01
reaction gibbs energy	R_FBA	-1.960e+00
reaction gibbs energy	R_FBP	-2.360e+01
reaction gibbs energy	R_FRD7	0.000e+00
reaction gibbs energy	R_FUM	-1.639e+00
reaction gibbs energy	R_G6PDH2r	-7.342e+00
reaction gibbs energy	R_GAPD	-9.371e-01
reaction gibbs energy	R_GLNS	-7.882e+00
reaction gibbs energy	R_GLUDy	0.000e+00
reaction gibbs energy	R_GLUN	0.000e+00
reaction gibbs energy	R_GLUSy	-3.876e+01
reaction gibbs energy	R_GND	-4.168e+00
reaction gibbs energy	R_ICDHyr	-4.126e+00
reaction gibbs energy	R_ICL	0.000e+00
reaction gibbs energy	R_LDH_D	0.000e+00
reaction gibbs energy	R_MALS	0.000e+00
reaction gibbs energy	R_MDH	-7.472e-01
reaction gibbs energy	R_ME1	-2.131e+01
reaction gibbs energy	R_ME2	-6.521e+00
reaction gibbs energy	R_NADTRHD	0.000e+00
reaction gibbs energy	R_PDH	-4.545e+01

