!!!SBtab DocumentName='report' SBtabVersion='1.0' Date='2022-6-9'
!!SBtab TableID='Predicted concentrations' TableType='Quantity' TableName='Predicted concentrations' SBtabVersion='1.0' Unit='M'
!QuantityType	!Compound	!Value
concentration	M_h2o_c	1.000e+00
concentration	M_atp_c	1.909e-03
concentration	M_nadp_c	6.809e-06
concentration	M_nadph_c	4.704e-05
concentration	M_adp_c	3.317e-04
concentration	M_nad_c	1.602e-03
concentration	M_pi_c	4.318e-03
concentration	M_nadh_c	1.341e-05
concentration	M_coa_c	5.561e-03
concentration	M_co2_c	1.200e-04
concentration	M_amp_c	2.763e-04
concentration	M_nh4_c	1.732e-05
concentration	M_akg_c	2.609e-04
concentration	M_accoa_c	5.734e-04
concentration	M_pyr_c	1.053e-03
concentration	M_succ_c	4.335e-04
concentration	M_ac_c	9.996e-05
concentration	M_gln__L_c	2.098e-03
concentration	M_for_c	9.996e-05
concentration	M_oaa_c	1.551e-06
concentration	M_glx_c	2.023e-05
concentration	M_pep_c	6.167e-04
concentration	M_g3p_c	1.475e-04
concentration	M_acald_c	9.996e-05
concentration	M_dhap_c	4.816e-04
concentration	M_succoa_c	3.900e-04
concentration	M_fum_c	2.168e-03
concentration	M_mal__L_c	2.939e-03
concentration	M_r5p_c	1.377e-04
concentration	M_3pg_c	1.020e-03
concentration	M_cit_c	2.365e-03
concentration	M_ru5p__D_c	2.792e-04
concentration	M_g6p_c	3.471e-04
concentration	M_q8_c	1.936e-05
concentration	M_xu5p__D_c	3.056e-04
concentration	M_q8h2_c	5.160e-04
concentration	M_e4p_c	1.378e-05
concentration	M_13dpg_c	3.132e-05
concentration	M_s7p_c	5.756e-04
concentration	M_2pg_c	1.322e-04
concentration	M_actp_c	1.442e-03
concentration	M_lac__D_c	9.996e-05
concentration	M_etoh_c	9.996e-05
concentration	M_6pgc_c	1.096e-04
concentration	M_fdp_c	1.458e-04
concentration	M_6pgl_c	1.772e-05
concentration	M_acon_C_c	2.533e-05
concentration	M_glu__L_c	2.191e-02
concentration	M_icit_c	1.227e-05
concentration	M_f6p_c	3.154e-04

!!SBtab TableID='Predicted Gibbs energies' TableType='Quantity' TableName='Predicted Gibbs energies' SBtabVersion='1.0' Unit='kJ/mol'
!QuantityType	!Reaction	!Value
reaction gibbs energy	R_PFK	0.000e+00
reaction gibbs energy	R_PFL	0.000e+00
reaction gibbs energy	R_PGI	-2.264e+00
reaction gibbs energy	R_PGK	0.000e+00
reaction gibbs energy	R_PGL	-1.951e+01
reaction gibbs energy	R_ACALD	0.000e+00
reaction gibbs energy	R_PGM	-1.384e+00
reaction gibbs energy	R_ALCD2x	0.000e+00
reaction gibbs energy	R_ACKr	0.000e+00
reaction gibbs energy	R_PPC	0.000e+00
reaction gibbs energy	R_ACONTa	-2.493e+00
reaction gibbs energy	R_ACONTb	-3.351e+00
reaction gibbs energy	R_ATPM	0.000e+00
reaction gibbs energy	R_PPCK	0.000e+00
reaction gibbs energy	R_PPS	-2.144e+01
reaction gibbs energy	R_ADK1	-3.763e+00
reaction gibbs energy	R_AKGDH	0.000e+00
reaction gibbs energy	R_PTAr	0.000e+00
reaction gibbs energy	R_PYK	0.000e+00
reaction gibbs energy	R_RPE	-3.293e+00
reaction gibbs energy	R_CS	-1.369e+01
reaction gibbs energy	R_RPI	-3.905e+00
reaction gibbs energy	R_ENO	-1.384e+00
reaction gibbs energy	R_SUCDi	-1.223e+01
reaction gibbs energy	R_SUCOAS	0.000e+00
reaction gibbs energy	R_TALA	-8.434e+00
reaction gibbs energy	R_TKT1	-2.256e+00
reaction gibbs energy	R_TKT2	-4.535e+00
reaction gibbs energy	R_TPI	-2.329e+00
reaction gibbs energy	R_FBA	-3.359e+00
reaction gibbs energy	R_FBP	-2.413e+01
reaction gibbs energy	R_FRD7	0.000e+00
reaction gibbs energy	R_FUM	-2.669e+00
reaction gibbs energy	R_G6PDH2r	-7.562e+00
reaction gibbs energy	R_GAPD	0.000e+00
reaction gibbs energy	R_GLNS	-1.082e+01
reaction gibbs energy	R_GLUDy	0.000e+00
reaction gibbs energy	R_GLUN	0.000e+00
reaction gibbs energy	R_GLUSy	-3.777e+01
reaction gibbs energy	R_GND	-4.093e+00
reaction gibbs energy	R_ICDHyr	-3.803e+00
reaction gibbs energy	R_ICL	-8.865e+00
reaction gibbs energy	R_LDH_D	0.000e+00
reaction gibbs energy	R_MALS	-1.777e+01
reaction gibbs energy	R_MDH	-2.402e+00
reaction gibbs energy	R_ME1	-2.353e+01
reaction gibbs energy	R_ME2	0.000e+00
reaction gibbs energy	R_NADTRHD	-1.675e+01
reaction gibbs energy	R_PDH	-5.821e+01

