!!!SBtab DocumentName='report' SBtabVersion='1.0' Date='2022-6-9'
!!SBtab TableID='Predicted concentrations' TableType='Quantity' TableName='Predicted concentrations' SBtabVersion='1.0' Unit='M'
!QuantityType	!Compound	!Value
concentration	M_h2o_c	1.000e+00
concentration	M_atp_c	2.427e-03
concentration	M_nadp_c	6.659e-06
concentration	M_nadph_c	5.327e-05
concentration	M_adp_c	2.609e-04
concentration	M_nad_c	1.541e-03
concentration	M_pi_c	6.175e-03
concentration	M_nadh_c	7.702e-05
concentration	M_coa_c	5.318e-04
concentration	M_co2_c	9.884e-05
concentration	M_amp_c	2.734e-04
concentration	M_nh4_c	1.028e-05
concentration	M_akg_c	2.709e-04
concentration	M_accoa_c	4.211e-04
concentration	M_pyr_c	9.409e-04
concentration	M_succ_c	3.214e-04
concentration	M_ac_c	1.000e-02
concentration	M_gln__L_c	2.103e-03
concentration	M_for_c	1.000e-04
concentration	M_oaa_c	1.444e-04
concentration	M_glx_c	1.000e-04
concentration	M_pep_c	6.167e-04
concentration	M_g3p_c	1.069e-04
concentration	M_acald_c	1.000e-04
concentration	M_dhap_c	5.547e-04
concentration	M_succoa_c	9.007e-04
concentration	M_fum_c	1.435e-03
concentration	M_mal__L_c	1.776e-03
concentration	M_r5p_c	1.085e-04
concentration	M_3pg_c	2.172e-03
concentration	M_cit_c	1.954e-03
concentration	M_ru5p__D_c	2.185e-04
concentration	M_g6p_c	4.140e-04
concentration	M_q8_c	1.686e-05
concentration	M_xu5p__D_c	2.488e-04
concentration	M_q8h2_c	5.933e-04
concentration	M_e4p_c	1.360e-05
concentration	M_13dpg_c	1.826e-05
concentration	M_s7p_c	6.908e-04
concentration	M_2pg_c	2.040e-04
concentration	M_actp_c	1.020e-03
concentration	M_lac__D_c	1.127e-03
concentration	M_etoh_c	1.000e-04
concentration	M_6pgc_c	9.689e-05
concentration	M_fdp_c	1.797e-04
concentration	M_6pgl_c	1.644e-05
concentration	M_acon_C_c	2.995e-05
concentration	M_glu__L_c	2.210e-02
concentration	M_icit_c	1.680e-05
concentration	M_f6p_c	2.736e-04

!!SBtab TableID='Predicted Gibbs energies' TableType='Quantity' TableName='Predicted Gibbs energies' SBtabVersion='1.0' Unit='kJ/mol'
!QuantityType	!Reaction	!Value
reaction gibbs energy	R_PFK	0.000e+00
reaction gibbs energy	R_PFL	0.000e+00
reaction gibbs energy	R_PGI	-1.474e+00
reaction gibbs energy	R_PGK	3.192e-01
reaction gibbs energy	R_PGL	-1.950e+01
reaction gibbs energy	R_ACALD	0.000e+00
reaction gibbs energy	R_PGM	3.192e-01
reaction gibbs energy	R_ALCD2x	0.000e+00
reaction gibbs energy	R_ACKr	3.192e-01
reaction gibbs energy	R_PPC	-3.370e+01
reaction gibbs energy	R_ACONTa	-1.640e+00
reaction gibbs energy	R_ACONTb	-2.947e+00
reaction gibbs energy	R_ATPM	0.000e+00
reaction gibbs energy	R_PPCK	0.000e+00
reaction gibbs energy	R_PPS	-2.089e+01
reaction gibbs energy	R_ADK1	-5.546e+00
reaction gibbs energy	R_AKGDH	-3.645e+01
reaction gibbs energy	R_PTAr	-2.942e+00
reaction gibbs energy	R_PYK	0.000e+00
reaction gibbs energy	R_RPE	-3.121e+00
reaction gibbs energy	R_CS	-3.026e+01
reaction gibbs energy	R_RPI	-3.871e+00
reaction gibbs energy	R_ENO	3.192e-01
reaction gibbs energy	R_SUCDi	-1.181e+01
reaction gibbs energy	R_SUCOAS	-1.404e+00
reaction gibbs energy	R_TALA	-8.425e+00
reaction gibbs energy	R_TKT1	-1.408e+00
reaction gibbs energy	R_TKT2	0.000e+00
reaction gibbs energy	R_TPI	-1.203e+00
reaction gibbs energy	R_FBA	-2.413e+00
reaction gibbs energy	R_FBP	-2.407e+01
reaction gibbs energy	R_FRD7	0.000e+00
reaction gibbs energy	R_FUM	-2.896e+00
reaction gibbs energy	R_G6PDH2r	-7.846e+00
reaction gibbs energy	R_GAPD	-2.733e+00
reaction gibbs energy	R_GLNS	-9.815e+00
reaction gibbs energy	R_GLUDy	0.000e+00
reaction gibbs energy	R_GLUN	0.000e+00
reaction gibbs energy	R_GLUSy	-3.812e+01
reaction gibbs energy	R_GND	-4.661e+00
reaction gibbs energy	R_ICDHyr	-4.788e+00
reaction gibbs energy	R_ICL	0.000e+00
reaction gibbs energy	R_LDH_D	-1.437e+01
reaction gibbs energy	R_MALS	0.000e+00
reaction gibbs energy	R_MDH	0.000e+00
reaction gibbs energy	R_ME1	0.000e+00
reaction gibbs energy	R_ME2	-6.190e+00
reaction gibbs energy	R_NADTRHD	0.000e+00
reaction gibbs energy	R_PDH	0.000e+00

