!!!SBtab DocumentName='report' SBtabVersion='1.0' Date='2022-6-9'
!!SBtab TableID='Predicted concentrations' TableType='Quantity' TableName='Predicted concentrations' SBtabVersion='1.0' Unit='M'
!QuantityType	!Compound	!Value
concentration	M_h2o_c	1.000e+00
concentration	M_atp_c	2.427e-03
concentration	M_nadp_c	6.631e-06
concentration	M_nadph_c	5.051e-05
concentration	M_adp_c	2.609e-04
concentration	M_nad_c	1.551e-03
concentration	M_pi_c	2.159e-03
concentration	M_nadh_c	2.419e-05
concentration	M_coa_c	1.123e-03
concentration	M_co2_c	1.892e-04
concentration	M_amp_c	2.678e-04
concentration	M_nh4_c	8.312e-06
concentration	M_akg_c	3.020e-04
concentration	M_accoa_c	6.912e-04
concentration	M_pyr_c	7.780e-04
concentration	M_succ_c	4.067e-04
concentration	M_ac_c	1.000e-04
concentration	M_gln__L_c	2.131e-03
concentration	M_for_c	1.000e-04
concentration	M_oaa_c	1.643e-06
concentration	M_glx_c	1.000e-04
concentration	M_pep_c	6.167e-04
concentration	M_g3p_c	1.073e-04
concentration	M_acald_c	1.000e-04
concentration	M_dhap_c	5.210e-04
concentration	M_succoa_c	3.901e-04
concentration	M_fum_c	1.859e-03
concentration	M_mal__L_c	3.509e-03
concentration	M_r5p_c	1.130e-04
concentration	M_3pg_c	2.056e-03
concentration	M_cit_c	1.996e-03
concentration	M_ru5p__D_c	2.188e-04
concentration	M_g6p_c	4.049e-04
concentration	M_q8_c	2.201e-05
concentration	M_xu5p__D_c	2.499e-04
concentration	M_q8h2_c	4.543e-04
concentration	M_e4p_c	1.359e-05
concentration	M_13dpg_c	1.826e-05
concentration	M_s7p_c	6.654e-04
concentration	M_2pg_c	1.947e-04
concentration	M_actp_c	1.442e-03
concentration	M_lac__D_c	8.191e-04
concentration	M_etoh_c	1.000e-04
concentration	M_6pgc_c	1.005e-04
concentration	M_fdp_c	1.568e-04
concentration	M_6pgl_c	3.551e-05
concentration	M_acon_C_c	2.958e-05
concentration	M_glu__L_c	2.051e-02
concentration	M_icit_c	1.901e-05
concentration	M_f6p_c	2.902e-04

!!SBtab TableID='Predicted Gibbs energies' TableType='Quantity' TableName='Predicted Gibbs energies' SBtabVersion='1.0' Unit='kJ/mol'
!QuantityType	!Reaction	!Value
reaction gibbs energy	R_PFK	0.000e+00
reaction gibbs energy	R_PFL	0.000e+00
reaction gibbs energy	R_PGI	-1.668e+00
reaction gibbs energy	R_PGK	-1.870e-02
reaction gibbs energy	R_PGL	-2.139e+01
reaction gibbs energy	R_ACALD	0.000e+00
reaction gibbs energy	R_PGM	-1.870e-02
reaction gibbs energy	R_ALCD2x	0.000e+00
reaction gibbs energy	R_ACKr	0.000e+00
reaction gibbs energy	R_PPC	0.000e+00
reaction gibbs energy	R_ACONTa	-1.692e+00
reaction gibbs energy	R_ACONTb	-2.637e+00
reaction gibbs energy	R_ATPM	0.000e+00
reaction gibbs energy	R_PPCK	0.000e+00
reaction gibbs energy	R_PPS	-2.311e+01
reaction gibbs energy	R_ADK1	-5.472e+00
reaction gibbs energy	R_AKGDH	0.000e+00
reaction gibbs energy	R_PTAr	0.000e+00
reaction gibbs energy	R_PYK	0.000e+00
reaction gibbs energy	R_RPE	-3.141e+00
reaction gibbs energy	R_CS	-1.866e+01
reaction gibbs energy	R_RPI	-3.782e+00
reaction gibbs energy	R_ENO	-1.870e-02
reaction gibbs energy	R_SUCDi	-1.284e+01
reaction gibbs energy	R_SUCOAS	0.000e+00
reaction gibbs energy	R_TALA	-8.216e+00
reaction gibbs energy	R_TKT1	-1.638e+00
reaction gibbs energy	R_TKT2	-4.940e+00
reaction gibbs energy	R_TPI	-1.324e+00
reaction gibbs energy	R_FBA	-2.564e+00
reaction gibbs energy	R_FBP	-2.620e+01
reaction gibbs energy	R_FRD7	0.000e+00
reaction gibbs energy	R_FUM	-1.849e+00
reaction gibbs energy	R_G6PDH2r	-5.980e+00
reaction gibbs energy	R_GAPD	-2.136e+00
reaction gibbs energy	R_GLNS	-1.168e+01
reaction gibbs energy	R_GLUDy	0.000e+00
reaction gibbs energy	R_GLUN	0.000e+00
reaction gibbs energy	R_GLUSy	-3.874e+01
reaction gibbs energy	R_GND	-3.096e+00
reaction gibbs energy	R_ICDHyr	-3.140e+00
reaction gibbs energy	R_ICL	0.000e+00
reaction gibbs energy	R_LDH_D	-1.180e+01
reaction gibbs energy	R_MALS	0.000e+00
reaction gibbs energy	R_MDH	-1.155e+00
reaction gibbs energy	R_ME1	0.000e+00
reaction gibbs energy	R_ME2	0.000e+00
reaction gibbs energy	R_NADTRHD	-1.543e+01
reaction gibbs energy	R_PDH	-5.012e+01

