!!!SBtab DocumentName='report' SBtabVersion='1.0' Date='2022-6-9'
!!SBtab TableID='Predicted concentrations' TableType='Quantity' TableName='Predicted concentrations' SBtabVersion='1.0' Unit='M'
!QuantityType	!Compound	!Value
concentration	M_h2o_c	1.000e+00
concentration	M_atp_c	1.891e-03
concentration	M_nadp_c	6.819e-06
concentration	M_nadph_c	4.885e-05
concentration	M_adp_c	3.351e-04
concentration	M_nad_c	1.935e-03
concentration	M_pi_c	8.751e-03
concentration	M_nadh_c	4.763e-06
concentration	M_coa_c	7.431e-03
concentration	M_co2_c	8.406e-05
concentration	M_amp_c	2.774e-04
concentration	M_nh4_c	1.504e-05
concentration	M_akg_c	2.663e-04
concentration	M_accoa_c	5.514e-04
concentration	M_pyr_c	1.079e-03
concentration	M_succ_c	4.264e-04
concentration	M_ac_c	9.981e-05
concentration	M_gln__L_c	2.086e-03
concentration	M_for_c	9.981e-05
concentration	M_oaa_c	1.875e-04
concentration	M_glx_c	2.048e-05
concentration	M_pep_c	6.167e-04
concentration	M_g3p_c	4.267e-05
concentration	M_acald_c	9.981e-05
concentration	M_dhap_c	8.305e-04
concentration	M_succoa_c	3.898e-04
concentration	M_fum_c	1.229e-03
concentration	M_mal__L_c	2.173e-03
concentration	M_r5p_c	9.677e-05
concentration	M_3pg_c	1.020e-03
concentration	M_cit_c	2.386e-03
concentration	M_ru5p__D_c	2.550e-04
concentration	M_g6p_c	4.850e-04
concentration	M_q8_c	1.907e-05
concentration	M_xu5p__D_c	2.170e-04
concentration	M_q8h2_c	5.223e-04
concentration	M_e4p_c	1.348e-05
concentration	M_13dpg_c	2.136e-05
concentration	M_s7p_c	7.337e-04
concentration	M_2pg_c	1.322e-04
concentration	M_actp_c	1.442e-03
concentration	M_lac__D_c	9.981e-05
concentration	M_etoh_c	9.981e-05
concentration	M_6pgc_c	1.034e-04
concentration	M_fdp_c	6.981e-04
concentration	M_6pgl_c	2.089e-05
concentration	M_acon_C_c	2.519e-05
concentration	M_glu__L_c	2.234e-02
concentration	M_icit_c	1.133e-05
concentration	M_f6p_c	2.155e-04

!!SBtab TableID='Predicted Gibbs energies' TableType='Quantity' TableName='Predicted Gibbs energies' SBtabVersion='1.0' Unit='kJ/mol'
!QuantityType	!Reaction	!Value
reaction gibbs energy	R_PFK	-1.753e+01
reaction gibbs energy	R_PFL	0.000e+00
reaction gibbs energy	R_PGI	0.000e+00
reaction gibbs energy	R_PGK	-5.692e+00
reaction gibbs energy	R_PGL	-2.007e+01
reaction gibbs energy	R_ACALD	0.000e+00
reaction gibbs energy	R_PGM	-1.384e+00
reaction gibbs energy	R_ALCD2x	0.000e+00
reaction gibbs energy	R_ACKr	0.000e+00
reaction gibbs energy	R_PPC	-3.221e+01
reaction gibbs energy	R_ACONTa	-2.528e+00
reaction gibbs energy	R_ACONTb	-3.534e+00
reaction gibbs energy	R_ATPM	0.000e+00
reaction gibbs energy	R_PPCK	0.000e+00
reaction gibbs energy	R_PPS	-1.972e+01
reaction gibbs energy	R_ADK1	-3.701e+00
reaction gibbs energy	R_AKGDH	0.000e+00
reaction gibbs energy	R_PTAr	0.000e+00
reaction gibbs energy	R_PYK	0.000e+00
reaction gibbs energy	R_RPE	-3.917e+00
reaction gibbs energy	R_CS	-2.474e+01
reaction gibbs energy	R_RPI	-4.556e+00
reaction gibbs energy	R_ENO	-1.384e+00
reaction gibbs energy	R_SUCDi	-1.352e+01
reaction gibbs energy	R_SUCOAS	0.000e+00
reaction gibbs energy	R_TALA	-6.960e+00
reaction gibbs energy	R_TKT1	-3.005e+00
reaction gibbs energy	R_TKT2	0.000e+00
reaction gibbs energy	R_TPI	-2.095e+00
reaction gibbs energy	R_FBA	-2.245e+00
reaction gibbs energy	R_FBP	0.000e+00
reaction gibbs energy	R_FRD7	0.000e+00
reaction gibbs energy	R_FUM	0.000e+00
reaction gibbs energy	R_G6PDH2r	-7.893e+00
reaction gibbs energy	R_GAPD	-1.796e+00
reaction gibbs energy	R_GLNS	-8.732e+00
reaction gibbs energy	R_GLUDy	0.000e+00
reaction gibbs energy	R_GLUN	0.000e+00
reaction gibbs energy	R_GLUSy	-3.780e+01
reaction gibbs energy	R_GND	-4.966e+00
reaction gibbs energy	R_ICDHyr	-4.349e+00
reaction gibbs energy	R_ICL	-8.679e+00
reaction gibbs energy	R_LDH_D	0.000e+00
reaction gibbs energy	R_MALS	-1.774e+01
reaction gibbs energy	R_MDH	0.000e+00
reaction gibbs energy	R_ME1	-2.663e+01
reaction gibbs energy	R_ME2	0.000e+00
reaction gibbs energy	R_NADTRHD	0.000e+00
reaction gibbs energy	R_PDH	-6.300e+01

