!!!SBtab DocumentName='report' SBtabVersion='1.0' Date='2022-6-9'
!!SBtab TableID='Predicted concentrations' TableType='Quantity' TableName='Predicted concentrations' SBtabVersion='1.0' Unit='M'
!QuantityType	!Compound	!Value
concentration	M_h2o_c	1.000e+00
concentration	M_atp_c	1.485e-03
concentration	M_nadp_c	6.747e-06
concentration	M_nadph_c	4.825e-05
concentration	M_adp_c	4.529e-04
concentration	M_nad_c	2.288e-03
concentration	M_pi_c	1.000e-02
concentration	M_nadh_c	3.822e-06
concentration	M_coa_c	7.324e-03
concentration	M_co2_c	3.565e-05
concentration	M_amp_c	2.677e-04
concentration	M_nh4_c	4.539e-05
concentration	M_akg_c	2.449e-04
concentration	M_accoa_c	5.446e-04
concentration	M_pyr_c	1.419e-03
concentration	M_succ_c	3.990e-04
concentration	M_ac_c	9.999e-05
concentration	M_gln__L_c	2.069e-03
concentration	M_for_c	9.999e-05
concentration	M_oaa_c	9.217e-05
concentration	M_glx_c	6.550e-06
concentration	M_pep_c	1.096e-04
concentration	M_g3p_c	4.629e-05
concentration	M_acald_c	9.999e-05
concentration	M_dhap_c	9.824e-04
concentration	M_succoa_c	3.901e-04
concentration	M_fum_c	2.352e-03
concentration	M_mal__L_c	1.034e-03
concentration	M_r5p_c	1.328e-04
concentration	M_3pg_c	2.230e-03
concentration	M_cit_c	3.389e-03
concentration	M_ru5p__D_c	4.276e-04
concentration	M_g6p_c	4.882e-04
concentration	M_q8_c	2.330e-05
concentration	M_xu5p__D_c	2.462e-04
concentration	M_q8h2_c	4.291e-04
concentration	M_e4p_c	1.296e-05
concentration	M_13dpg_c	1.826e-05
concentration	M_s7p_c	5.110e-04
concentration	M_2pg_c	9.973e-05
concentration	M_actp_c	1.442e-03
concentration	M_lac__D_c	2.597e-04
concentration	M_etoh_c	9.999e-05
concentration	M_6pgc_c	9.578e-05
concentration	M_fdp_c	9.508e-04
concentration	M_6pgl_c	2.005e-05
concentration	M_acon_C_c	1.533e-05
concentration	M_glu__L_c	2.261e-02
concentration	M_icit_c	4.082e-06
concentration	M_f6p_c	1.950e-04

!!SBtab TableID='Predicted Gibbs energies' TableType='Quantity' TableName='Predicted Gibbs energies' SBtabVersion='1.0' Unit='kJ/mol'
!QuantityType	!Reaction	!Value
reaction gibbs energy	R_PFK	-1.381e+01
reaction gibbs energy	R_PFL	0.000e+00
reaction gibbs energy	R_PGI	0.000e+00
reaction gibbs energy	R_PGK	-4.449e+00
reaction gibbs energy	R_PGL	-1.984e+01
reaction gibbs energy	R_ACALD	0.000e+00
reaction gibbs energy	R_PGM	-4.449e+00
reaction gibbs energy	R_ALCD2x	0.000e+00
reaction gibbs energy	R_ACKr	0.000e+00
reaction gibbs energy	R_PPC	-2.287e+01
reaction gibbs energy	R_ACONTa	-4.612e+00
reaction gibbs energy	R_ACONTb	-4.792e+00
reaction gibbs energy	R_ATPM	0.000e+00
reaction gibbs energy	R_PPCK	0.000e+00
reaction gibbs energy	R_PPS	0.000e+00
reaction gibbs energy	R_ADK1	0.000e+00
reaction gibbs energy	R_AKGDH	0.000e+00
reaction gibbs energy	R_PTAr	0.000e+00
reaction gibbs energy	R_PYK	-1.683e+01
reaction gibbs energy	R_RPE	-4.963e+00
reaction gibbs energy	R_CS	-2.166e+01
reaction gibbs energy	R_RPI	-5.089e+00
reaction gibbs energy	R_ENO	-4.449e+00
reaction gibbs energy	R_SUCDi	-1.317e+01
reaction gibbs energy	R_SUCOAS	0.000e+00
reaction gibbs energy	R_TALA	-6.658e+00
reaction gibbs energy	R_TKT1	-4.895e+00
reaction gibbs energy	R_TKT2	0.000e+00
reaction gibbs energy	R_TPI	-4.449e+00
reaction gibbs energy	R_FBA	-4.449e+00
reaction gibbs energy	R_FBP	0.000e+00
reaction gibbs energy	R_FRD7	0.000e+00
reaction gibbs energy	R_FUM	-5.476e+00
reaction gibbs energy	R_G6PDH2r	-8.434e+00
reaction gibbs energy	R_GAPD	-4.449e+00
reaction gibbs energy	R_GLNS	-9.709e+00
reaction gibbs energy	R_GLUDy	0.000e+00
reaction gibbs energy	R_GLUN	0.000e+00
reaction gibbs energy	R_GLUSy	-3.702e+01
reaction gibbs energy	R_GND	-8.271e+00
reaction gibbs energy	R_ICDHyr	-6.467e+00
reaction gibbs energy	R_ICL	-8.815e+00
reaction gibbs energy	R_LDH_D	-1.060e+01
reaction gibbs energy	R_MALS	-2.004e+01
reaction gibbs energy	R_MDH	0.000e+00
reaction gibbs energy	R_ME1	-3.010e+01
reaction gibbs energy	R_ME2	0.000e+00
reaction gibbs energy	R_NADTRHD	0.000e+00
reaction gibbs energy	R_PDH	-6.445e+01

