!!!SBtab DocumentName='report' SBtabVersion='1.0' Date='2022-6-9'
!!SBtab TableID='Predicted concentrations' TableType='Quantity' TableName='Predicted concentrations' SBtabVersion='1.0' Unit='M'
!QuantityType	!Compound	!Value
concentration	M_h2o_c	1.000e+00
concentration	M_atp_c	2.427e-03
concentration	M_nadp_c	6.678e-06
concentration	M_nadph_c	5.229e-05
concentration	M_adp_c	2.609e-04
concentration	M_nad_c	1.574e-03
concentration	M_pi_c	3.332e-03
concentration	M_nadh_c	2.394e-05
concentration	M_coa_c	2.997e-04
concentration	M_co2_c	1.332e-04
concentration	M_amp_c	2.677e-04
concentration	M_nh4_c	7.919e-06
concentration	M_akg_c	2.635e-04
concentration	M_accoa_c	4.567e-04
concentration	M_pyr_c	1.757e-03
concentration	M_succ_c	3.188e-04
concentration	M_ac_c	1.000e-02
concentration	M_gln__L_c	2.105e-03
concentration	M_for_c	1.000e-04
concentration	M_oaa_c	1.938e-06
concentration	M_glx_c	1.000e-04
concentration	M_pep_c	6.167e-04
concentration	M_g3p_c	9.222e-05
concentration	M_acald_c	1.000e-04
concentration	M_dhap_c	5.330e-04
concentration	M_succoa_c	8.860e-04
concentration	M_fum_c	1.761e-03
concentration	M_mal__L_c	3.431e-03
concentration	M_r5p_c	1.015e-04
concentration	M_3pg_c	2.172e-03
concentration	M_cit_c	1.920e-03
concentration	M_ru5p__D_c	2.085e-04
concentration	M_g6p_c	4.125e-04
concentration	M_q8_c	1.518e-05
concentration	M_xu5p__D_c	2.324e-04
concentration	M_q8h2_c	6.587e-04
concentration	M_e4p_c	1.364e-05
concentration	M_13dpg_c	1.826e-05
concentration	M_s7p_c	7.190e-04
concentration	M_2pg_c	2.040e-04
concentration	M_actp_c	1.020e-03
concentration	M_lac__D_c	1.000e-04
concentration	M_etoh_c	1.000e-04
concentration	M_6pgc_c	9.777e-05
concentration	M_fdp_c	1.649e-04
concentration	M_6pgl_c	1.923e-05
concentration	M_acon_C_c	3.089e-05
concentration	M_glu__L_c	2.223e-02
concentration	M_icit_c	1.727e-05
concentration	M_f6p_c	2.837e-04

!!SBtab TableID='Predicted Gibbs energies' TableType='Quantity' TableName='Predicted Gibbs energies' SBtabVersion='1.0' Unit='kJ/mol'
!QuantityType	!Reaction	!Value
reaction gibbs energy	R_PFK	0.000e+00
reaction gibbs energy	R_PFL	0.000e+00
reaction gibbs energy	R_PGI	-1.574e+00
reaction gibbs energy	R_PGK	3.192e-01
reaction gibbs energy	R_PGL	-1.987e+01
reaction gibbs energy	R_ACALD	0.000e+00
reaction gibbs energy	R_PGM	3.192e-01
reaction gibbs energy	R_ALCD2x	0.000e+00
reaction gibbs energy	R_ACKr	3.192e-01
reaction gibbs energy	R_PPC	0.000e+00
reaction gibbs energy	R_ACONTa	-1.520e+00
reaction gibbs energy	R_ACONTb	-2.955e+00
reaction gibbs energy	R_ATPM	0.000e+00
reaction gibbs energy	R_PPCK	-1.617e+00
reaction gibbs energy	R_PPS	0.000e+00
reaction gibbs energy	R_ADK1	0.000e+00
reaction gibbs energy	R_AKGDH	-3.720e+01
reaction gibbs energy	R_PTAr	-2.849e+00
reaction gibbs energy	R_PYK	0.000e+00
reaction gibbs energy	R_RPE	-3.174e+00
reaction gibbs energy	R_CS	-2.124e+01
reaction gibbs energy	R_RPI	-3.921e+00
reaction gibbs energy	R_ENO	3.192e-01
reaction gibbs energy	R_SUCDi	-1.076e+01
reaction gibbs energy	R_SUCOAS	-1.276e+00
reaction gibbs energy	R_TALA	-8.062e+00
reaction gibbs energy	R_TKT1	-1.340e+00
reaction gibbs energy	R_TKT2	0.000e+00
reaction gibbs energy	R_TPI	-9.361e-01
reaction gibbs energy	R_FBA	-2.161e+00
reaction gibbs energy	R_FBP	-2.530e+01
reaction gibbs energy	R_FRD7	0.000e+00
reaction gibbs energy	R_FUM	-1.772e+00
reaction gibbs energy	R_G6PDH2r	-7.501e+00
reaction gibbs energy	R_GAPD	-1.679e+00
reaction gibbs energy	R_GLNS	-1.071e+01
reaction gibbs energy	R_GLUDy	0.000e+00
reaction gibbs energy	R_GLUN	0.000e+00
reaction gibbs energy	R_GLUSy	-3.797e+01
reaction gibbs energy	R_GND	-4.112e+00
reaction gibbs energy	R_ICDHyr	-4.237e+00
reaction gibbs energy	R_ICL	0.000e+00
reaction gibbs energy	R_LDH_D	0.000e+00
reaction gibbs energy	R_MALS	0.000e+00
reaction gibbs energy	R_MDH	-7.769e-01
reaction gibbs energy	R_ME1	-2.115e+01
reaction gibbs energy	R_ME2	0.000e+00
reaction gibbs energy	R_NADTRHD	0.000e+00
reaction gibbs energy	R_PDH	0.000e+00

