!!!SBtab DocumentName='report' SBtabVersion='1.0' Date='2022-6-9'
!!SBtab TableID='Predicted concentrations' TableType='Quantity' TableName='Predicted concentrations' SBtabVersion='1.0' Unit='M'
!QuantityType	!Compound	!Value
concentration	M_h2o_c	1.000e+00
concentration	M_atp_c	2.427e-03
concentration	M_nadp_c	6.713e-06
concentration	M_nadph_c	5.117e-05
concentration	M_adp_c	2.609e-04
concentration	M_nad_c	1.634e-03
concentration	M_pi_c	8.081e-03
concentration	M_nadh_c	8.096e-06
concentration	M_coa_c	8.441e-03
concentration	M_co2_c	3.138e-05
concentration	M_amp_c	2.651e-04
concentration	M_nh4_c	1.014e-05
concentration	M_akg_c	3.026e-04
concentration	M_accoa_c	5.437e-04
concentration	M_pyr_c	1.073e-03
concentration	M_succ_c	4.372e-04
concentration	M_ac_c	1.000e-02
concentration	M_gln__L_c	2.099e-03
concentration	M_for_c	9.999e-05
concentration	M_oaa_c	1.173e-04
concentration	M_glx_c	9.999e-05
concentration	M_pep_c	2.450e-04
concentration	M_g3p_c	1.558e-04
concentration	M_acald_c	9.999e-05
concentration	M_dhap_c	5.336e-04
concentration	M_succoa_c	3.901e-04
concentration	M_fum_c	1.052e-03
concentration	M_mal__L_c	2.312e-03
concentration	M_r5p_c	1.406e-04
concentration	M_3pg_c	1.510e-03
concentration	M_cit_c	2.310e-03
concentration	M_ru5p__D_c	2.906e-04
concentration	M_g6p_c	3.616e-04
concentration	M_q8_c	9.999e-05
concentration	M_xu5p__D_c	3.127e-04
concentration	M_q8h2_c	9.999e-05
concentration	M_e4p_c	1.374e-05
concentration	M_13dpg_c	2.712e-05
concentration	M_s7p_c	5.680e-04
concentration	M_2pg_c	9.999e-05
concentration	M_actp_c	1.020e-03
concentration	M_lac__D_c	9.999e-05
concentration	M_etoh_c	9.999e-05
concentration	M_6pgc_c	8.874e-05
concentration	M_fdp_c	1.590e-04
concentration	M_6pgl_c	2.833e-05
concentration	M_acon_C_c	2.651e-05
concentration	M_glu__L_c	2.202e-02
concentration	M_icit_c	1.160e-05
concentration	M_f6p_c	3.086e-04

!!SBtab TableID='Predicted Gibbs energies' TableType='Quantity' TableName='Predicted Gibbs energies' SBtabVersion='1.0' Unit='kJ/mol'
!QuantityType	!Reaction	!Value
reaction gibbs energy	R_PFK	0.000e+00
reaction gibbs energy	R_PFL	0.000e+00
reaction gibbs energy	R_PGI	-2.174e+00
reaction gibbs energy	R_PGK	-3.979e+00
reaction gibbs energy	R_PGL	-2.089e+01
reaction gibbs energy	R_ACALD	0.000e+00
reaction gibbs energy	R_PGM	0.000e+00
reaction gibbs energy	R_ALCD2x	0.000e+00
reaction gibbs energy	R_ACKr	-1.274e+00
reaction gibbs energy	R_PPC	-2.721e+01
reaction gibbs energy	R_ACONTa	-2.368e+00
reaction gibbs energy	R_ACONTb	-3.536e+00
reaction gibbs energy	R_ATPM	0.000e+00
reaction gibbs energy	R_PPCK	0.000e+00
reaction gibbs energy	R_PPS	-2.296e+01
reaction gibbs energy	R_ADK1	-5.472e+00
reaction gibbs energy	R_AKGDH	0.000e+00
reaction gibbs energy	R_PTAr	-7.153e+00
reaction gibbs energy	R_PYK	0.000e+00
reaction gibbs energy	R_RPE	-3.190e+00
reaction gibbs energy	R_CS	-2.289e+01
reaction gibbs energy	R_RPI	-3.919e+00
reaction gibbs energy	R_ENO	0.000e+00
reaction gibbs energy	R_SUCDi	0.000e+00
reaction gibbs energy	R_SUCOAS	0.000e+00
reaction gibbs energy	R_TALA	-8.504e+00
reaction gibbs energy	R_TKT1	-2.079e+00
reaction gibbs energy	R_TKT2	-4.321e+00
reaction gibbs energy	R_TPI	-2.507e+00
reaction gibbs energy	R_FBA	-3.817e+00
reaction gibbs energy	R_FBP	-2.288e+01
reaction gibbs energy	R_FRD7	0.000e+00
reaction gibbs energy	R_FUM	0.000e+00
reaction gibbs energy	R_G6PDH2r	-6.368e+00
reaction gibbs energy	R_GAPD	-2.447e+00
reaction gibbs energy	R_GLNS	-9.070e+00
reaction gibbs energy	R_GLUDy	0.000e+00
reaction gibbs energy	R_GLUN	0.000e+00
reaction gibbs energy	R_GLUSy	-3.811e+01
reaction gibbs energy	R_GND	-7.320e+00
reaction gibbs energy	R_ICDHyr	-7.171e+00
reaction gibbs energy	R_ICL	0.000e+00
reaction gibbs energy	R_LDH_D	0.000e+00
reaction gibbs energy	R_MALS	0.000e+00
reaction gibbs energy	R_MDH	0.000e+00
reaction gibbs energy	R_ME1	0.000e+00
reaction gibbs energy	R_ME2	0.000e+00
reaction gibbs energy	R_NADTRHD	-1.828e+01
reaction gibbs energy	R_PDH	0.000e+00

