!!!SBtab DocumentName='report' SBtabVersion='1.0' Date='2022-6-9'
!!SBtab TableID='Predicted concentrations' TableType='Quantity' TableName='Predicted concentrations' SBtabVersion='1.0' Unit='M'
!QuantityType	!Compound	!Value
concentration	M_h2o_c	1.000e+00
concentration	M_atp_c	2.427e-03
concentration	M_nadp_c	6.591e-06
concentration	M_nadph_c	5.195e-05
concentration	M_adp_c	2.609e-04
concentration	M_nad_c	1.584e-03
concentration	M_pi_c	5.255e-03
concentration	M_nadh_c	2.177e-04
concentration	M_coa_c	9.318e-03
concentration	M_co2_c	9.679e-05
concentration	M_amp_c	2.684e-04
concentration	M_nh4_c	8.689e-06
concentration	M_akg_c	2.930e-04
concentration	M_accoa_c	5.439e-04
concentration	M_pyr_c	9.498e-04
concentration	M_succ_c	4.297e-04
concentration	M_ac_c	1.000e-04
concentration	M_gln__L_c	2.138e-03
concentration	M_for_c	1.000e-04
concentration	M_oaa_c	1.723e-04
concentration	M_glx_c	2.588e-05
concentration	M_pep_c	6.167e-04
concentration	M_g3p_c	1.221e-04
concentration	M_acald_c	1.000e-04
concentration	M_dhap_c	5.507e-04
concentration	M_succoa_c	3.901e-04
concentration	M_fum_c	1.530e-03
concentration	M_mal__L_c	2.107e-03
concentration	M_r5p_c	1.154e-04
concentration	M_3pg_c	2.056e-03
concentration	M_cit_c	1.981e-03
concentration	M_ru5p__D_c	2.367e-04
concentration	M_g6p_c	3.984e-04
concentration	M_q8_c	1.905e-05
concentration	M_xu5p__D_c	2.643e-04
concentration	M_q8h2_c	5.249e-04
concentration	M_e4p_c	1.359e-05
concentration	M_13dpg_c	1.826e-05
concentration	M_s7p_c	6.622e-04
concentration	M_2pg_c	1.947e-04
concentration	M_actp_c	1.442e-03
concentration	M_lac__D_c	1.000e-04
concentration	M_etoh_c	1.000e-04
concentration	M_6pgc_c	9.506e-05
concentration	M_fdp_c	1.720e-04
concentration	M_6pgl_c	3.238e-05
concentration	M_acon_C_c	2.816e-05
concentration	M_glu__L_c	2.177e-02
concentration	M_icit_c	1.311e-05
concentration	M_f6p_c	2.777e-04

!!SBtab TableID='Predicted Gibbs energies' TableType='Quantity' TableName='Predicted Gibbs energies' SBtabVersion='1.0' Unit='kJ/mol'
!QuantityType	!Reaction	!Value
reaction gibbs energy	R_PFK	0.000e+00
reaction gibbs energy	R_PFL	0.000e+00
reaction gibbs energy	R_PGI	-1.598e+00
reaction gibbs energy	R_PGK	-1.870e-02
reaction gibbs energy	R_PGL	-2.130e+01
reaction gibbs energy	R_ACALD	0.000e+00
reaction gibbs energy	R_PGM	-1.870e-02
reaction gibbs energy	R_ALCD2x	0.000e+00
reaction gibbs energy	R_ACKr	0.000e+00
reaction gibbs energy	R_PPC	-3.392e+01
reaction gibbs energy	R_ACONTa	-1.796e+00
reaction gibbs energy	R_ACONTb	-3.436e+00
reaction gibbs energy	R_ATPM	0.000e+00
reaction gibbs energy	R_PPCK	0.000e+00
reaction gibbs energy	R_PPS	-2.139e+01
reaction gibbs energy	R_ADK1	-5.477e+00
reaction gibbs energy	R_AKGDH	0.000e+00
reaction gibbs energy	R_PTAr	0.000e+00
reaction gibbs energy	R_PYK	0.000e+00
reaction gibbs energy	R_RPE	-3.198e+00
reaction gibbs energy	R_CS	-2.437e+01
reaction gibbs energy	R_RPI	-3.924e+00
reaction gibbs energy	R_ENO	-1.870e-02
reaction gibbs energy	R_SUCDi	-1.274e+01
reaction gibbs energy	R_SUCOAS	0.000e+00
reaction gibbs energy	R_TALA	-8.634e+00
reaction gibbs energy	R_TKT1	-1.522e+00
reaction gibbs energy	R_TKT2	0.000e+00
reaction gibbs energy	R_TPI	-1.506e+00
reaction gibbs energy	R_FBA	-2.791e+00
reaction gibbs energy	R_FBP	-2.434e+01
reaction gibbs energy	R_FRD7	0.000e+00
reaction gibbs energy	R_FUM	-2.631e+00
reaction gibbs energy	R_G6PDH2r	-6.085e+00
reaction gibbs energy	R_GAPD	-5.005e+00
reaction gibbs energy	R_GLNS	-9.728e+00
reaction gibbs energy	R_GLUDy	0.000e+00
reaction gibbs energy	R_GLUN	0.000e+00
reaction gibbs energy	R_GLUSy	-3.846e+01
reaction gibbs energy	R_GND	-4.339e+00
reaction gibbs energy	R_ICDHyr	-3.870e+00
reaction gibbs energy	R_ICL	-8.410e+00
reaction gibbs energy	R_LDH_D	0.000e+00
reaction gibbs energy	R_MALS	-1.785e+01
reaction gibbs energy	R_MDH	0.000e+00
reaction gibbs energy	R_ME1	0.000e+00
reaction gibbs energy	R_ME2	-6.491e+00
reaction gibbs energy	R_NADTRHD	-1.012e+01
reaction gibbs energy	R_PDH	-5.272e+01

