!!!SBtab DocumentName='report' SBtabVersion='1.0' Date='2022-6-9'
!!SBtab TableID='Predicted concentrations' TableType='Quantity' TableName='Predicted concentrations' SBtabVersion='1.0' Unit='M'
!QuantityType	!Compound	!Value
concentration	M_h2o_c	1.000e+00
concentration	M_atp_c	1.900e-03
concentration	M_nadp_c	6.817e-06
concentration	M_nadph_c	4.766e-05
concentration	M_adp_c	3.434e-04
concentration	M_nad_c	2.288e-03
concentration	M_pi_c	1.000e-02
concentration	M_nadh_c	3.822e-06
concentration	M_coa_c	8.830e-05
concentration	M_co2_c	8.603e-06
concentration	M_amp_c	2.677e-04
concentration	M_nh4_c	1.000e-04
concentration	M_akg_c	3.181e-04
concentration	M_accoa_c	1.740e-03
concentration	M_pyr_c	9.834e-04
concentration	M_succ_c	4.131e-04
concentration	M_ac_c	3.116e-04
concentration	M_gln__L_c	2.104e-03
concentration	M_for_c	1.000e-04
concentration	M_oaa_c	1.000e-06
concentration	M_glx_c	1.000e-04
concentration	M_pep_c	2.167e-04
concentration	M_g3p_c	2.686e-04
concentration	M_acald_c	1.000e-04
concentration	M_dhap_c	3.120e-04
concentration	M_succoa_c	3.901e-04
concentration	M_fum_c	3.477e-03
concentration	M_mal__L_c	1.409e-03
concentration	M_r5p_c	1.636e-04
concentration	M_3pg_c	1.508e-03
concentration	M_cit_c	6.509e-04
concentration	M_ru5p__D_c	4.803e-04
concentration	M_g6p_c	2.608e-04
concentration	M_q8_c	2.490e-05
concentration	M_xu5p__D_c	4.251e-04
concentration	M_q8h2_c	4.017e-04
concentration	M_e4p_c	1.859e-05
concentration	M_13dpg_c	3.132e-05
concentration	M_s7p_c	4.283e-04
concentration	M_2pg_c	1.000e-04
concentration	M_actp_c	1.020e-03
concentration	M_lac__D_c	1.000e-04
concentration	M_etoh_c	1.000e-04
concentration	M_6pgc_c	1.161e-04
concentration	M_fdp_c	8.488e-05
concentration	M_6pgl_c	6.425e-06
concentration	M_acon_C_c	4.442e-05
concentration	M_glu__L_c	2.174e-02
concentration	M_icit_c	2.534e-05
concentration	M_f6p_c	4.151e-04

!!SBtab TableID='Predicted Gibbs energies' TableType='Quantity' TableName='Predicted Gibbs energies' SBtabVersion='1.0' Unit='kJ/mol'
!QuantityType	!Reaction	!Value
reaction gibbs energy	R_PFK	0.000e+00
reaction gibbs energy	R_PFL	0.000e+00
reaction gibbs energy	R_PGI	-5.740e+00
reaction gibbs energy	R_PGK	0.000e+00
reaction gibbs energy	R_PGL	-1.534e+01
reaction gibbs energy	R_ACALD	0.000e+00
reaction gibbs energy	R_PGM	0.000e+00
reaction gibbs energy	R_ALCD2x	0.000e+00
reaction gibbs energy	R_ACKr	-1.147e+01
reaction gibbs energy	R_PPC	0.000e+00
reaction gibbs energy	R_ACONTa	0.000e+00
reaction gibbs energy	R_ACONTb	0.000e+00
reaction gibbs energy	R_ATPM	-4.412e+01
reaction gibbs energy	R_PPCK	-7.889e+00
reaction gibbs energy	R_PPS	0.000e+00
reaction gibbs energy	R_ADK1	0.000e+00
reaction gibbs energy	R_AKGDH	0.000e+00
reaction gibbs energy	R_PTAr	-5.740e+00
reaction gibbs energy	R_PYK	0.000e+00
reaction gibbs energy	R_RPE	-5.740e+00
reaction gibbs energy	R_CS	0.000e+00
reaction gibbs energy	R_RPI	-5.740e+00
reaction gibbs energy	R_ENO	0.000e+00
reaction gibbs energy	R_SUCDi	-1.286e+01
reaction gibbs energy	R_SUCOAS	0.000e+00
reaction gibbs energy	R_TALA	-5.786e+00
reaction gibbs energy	R_TKT1	-5.740e+00
reaction gibbs energy	R_TKT2	-5.740e+00
reaction gibbs energy	R_TPI	-5.740e+00
reaction gibbs energy	R_FBA	-5.794e+00
reaction gibbs energy	R_FBP	-1.965e+01
reaction gibbs energy	R_FRD7	0.000e+00
reaction gibbs energy	R_FUM	-5.740e+00
reaction gibbs energy	R_G6PDH2r	-9.234e+00
reaction gibbs energy	R_GAPD	0.000e+00
reaction gibbs energy	R_GLNS	0.000e+00
reaction gibbs energy	R_GLUDy	0.000e+00
reaction gibbs energy	R_GLUN	0.000e+00
reaction gibbs energy	R_GLUSy	0.000e+00
reaction gibbs energy	R_GND	-8.025e+00
reaction gibbs energy	R_ICDHyr	0.000e+00
reaction gibbs energy	R_ICL	0.000e+00
reaction gibbs energy	R_LDH_D	0.000e+00
reaction gibbs energy	R_MALS	0.000e+00
reaction gibbs energy	R_MDH	-5.740e+00
reaction gibbs energy	R_ME1	0.000e+00
reaction gibbs energy	R_ME2	0.000e+00
reaction gibbs energy	R_NADTRHD	-2.059e+01
reaction gibbs energy	R_PDH	-5.470e+01

