!!!SBtab DocumentName='report' SBtabVersion='1.0' Date='2022-6-9'
!!SBtab TableID='Predicted concentrations' TableType='Quantity' TableName='Predicted concentrations' SBtabVersion='1.0' Unit='M'
!QuantityType	!Compound	!Value
concentration	M_h2o_c	1.000e+00
concentration	M_atp_c	2.427e-03
concentration	M_nadp_c	6.298e-06
concentration	M_nadph_c	5.576e-05
concentration	M_adp_c	2.609e-04
concentration	M_nad_c	1.991e-03
concentration	M_pi_c	8.123e-03
concentration	M_nadh_c	4.451e-06
concentration	M_coa_c	6.397e-03
concentration	M_co2_c	1.302e-04
concentration	M_amp_c	2.677e-04
concentration	M_nh4_c	1.430e-05
concentration	M_akg_c	3.222e-04
concentration	M_accoa_c	5.796e-04
concentration	M_pyr_c	1.363e-03
concentration	M_succ_c	4.182e-04
concentration	M_ac_c	1.000e-02
concentration	M_gln__L_c	2.145e-03
concentration	M_for_c	1.000e-04
concentration	M_oaa_c	2.337e-06
concentration	M_glx_c	2.120e-05
concentration	M_pep_c	1.614e-04
concentration	M_g3p_c	3.874e-05
concentration	M_acald_c	1.000e-04
concentration	M_dhap_c	8.467e-04
concentration	M_succoa_c	3.901e-04
concentration	M_fum_c	1.747e-03
concentration	M_mal__L_c	1.787e-03
concentration	M_r5p_c	9.804e-05
concentration	M_3pg_c	1.591e-03
concentration	M_cit_c	2.308e-03
concentration	M_ru5p__D_c	2.551e-04
concentration	M_g6p_c	3.548e-04
concentration	M_q8_c	1.874e-05
concentration	M_xu5p__D_c	2.145e-04
concentration	M_q8h2_c	5.337e-04
concentration	M_e4p_c	1.341e-05
concentration	M_13dpg_c	2.150e-05
concentration	M_s7p_c	7.540e-04
concentration	M_2pg_c	9.517e-05
concentration	M_actp_c	1.020e-03
concentration	M_lac__D_c	1.000e-04
concentration	M_etoh_c	1.000e-04
concentration	M_6pgc_c	1.055e-04
concentration	M_fdp_c	7.030e-04
concentration	M_6pgl_c	1.558e-05
concentration	M_acon_C_c	2.572e-05
concentration	M_glu__L_c	1.990e-02
concentration	M_icit_c	1.339e-05
concentration	M_f6p_c	3.024e-04

!!SBtab TableID='Predicted Gibbs energies' TableType='Quantity' TableName='Predicted Gibbs energies' SBtabVersion='1.0' Unit='kJ/mol'
!QuantityType	!Reaction	!Value
reaction gibbs energy	R_PFK	-1.924e+01
reaction gibbs energy	R_PFL	0.000e+00
reaction gibbs energy	R_PGI	-2.170e+00
reaction gibbs energy	R_PGK	-3.275e+00
reaction gibbs energy	R_PGL	-1.898e+01
reaction gibbs energy	R_ACALD	0.000e+00
reaction gibbs energy	R_PGM	-2.578e+00
reaction gibbs energy	R_ALCD2x	0.000e+00
reaction gibbs energy	R_ACKr	-1.274e+00
reaction gibbs energy	R_PPC	0.000e+00
reaction gibbs energy	R_ACONTa	-2.442e+00
reaction gibbs energy	R_ACONTb	-3.106e+00
reaction gibbs energy	R_ATPM	0.000e+00
reaction gibbs energy	R_PPCK	0.000e+00
reaction gibbs energy	R_PPS	0.000e+00
reaction gibbs energy	R_ADK1	0.000e+00
reaction gibbs energy	R_AKGDH	0.000e+00
reaction gibbs energy	R_PTAr	-6.295e+00
reaction gibbs energy	R_PYK	0.000e+00
reaction gibbs energy	R_RPE	-3.801e+00
reaction gibbs energy	R_CS	-1.403e+01
reaction gibbs energy	R_RPI	-4.490e+00
reaction gibbs energy	R_ENO	-2.554e+00
reaction gibbs energy	R_SUCDi	-1.265e+01
reaction gibbs energy	R_SUCOAS	0.000e+00
reaction gibbs energy	R_TALA	-5.869e+00
reaction gibbs energy	R_TKT1	-2.997e+00
reaction gibbs energy	R_TKT2	-6.826e+00
reaction gibbs energy	R_TPI	-2.085e+00
reaction gibbs energy	R_FBA	-2.169e+00
reaction gibbs energy	R_FBP	0.000e+00
reaction gibbs energy	R_FRD7	0.000e+00
reaction gibbs energy	R_FUM	-3.372e+00
reaction gibbs energy	R_G6PDH2r	-7.431e+00
reaction gibbs energy	R_GAPD	-1.559e+00
reaction gibbs energy	R_GLNS	-9.605e+00
reaction gibbs energy	R_GLUDy	0.000e+00
reaction gibbs energy	R_GLUN	0.000e+00
reaction gibbs energy	R_GLUSy	-3.919e+01
reaction gibbs energy	R_GND	-4.175e+00
reaction gibbs energy	R_ICDHyr	-3.475e+00
reaction gibbs energy	R_ICL	-8.941e+00
reaction gibbs energy	R_LDH_D	0.000e+00
reaction gibbs energy	R_MALS	-2.055e+01
reaction gibbs energy	R_MDH	-3.484e+00
reaction gibbs energy	R_ME1	-2.574e+01
reaction gibbs energy	R_ME2	-5.116e+00
reaction gibbs energy	R_NADTRHD	0.000e+00
reaction gibbs energy	R_PDH	-6.045e+01

