!!!SBtab DocumentName='report' SBtabVersion='1.0' Date='2022-6-9'
!!SBtab TableID='Predicted concentrations' TableType='Quantity' TableName='Predicted concentrations' SBtabVersion='1.0' Unit='M'
!QuantityType	!Compound	!Value
concentration	M_h2o_c	1.000e+00
concentration	M_atp_c	2.427e-03
concentration	M_nadp_c	6.724e-06
concentration	M_nadph_c	5.024e-05
concentration	M_adp_c	2.609e-04
concentration	M_nad_c	2.002e-03
concentration	M_pi_c	8.713e-03
concentration	M_nadh_c	4.520e-06
concentration	M_coa_c	7.694e-04
concentration	M_co2_c	9.578e-05
concentration	M_amp_c	2.677e-04
concentration	M_nh4_c	9.999e-05
concentration	M_akg_c	2.699e-04
concentration	M_accoa_c	3.236e-04
concentration	M_pyr_c	1.541e-03
concentration	M_succ_c	2.767e-04
concentration	M_ac_c	1.000e-02
concentration	M_gln__L_c	2.104e-03
concentration	M_for_c	9.999e-05
concentration	M_oaa_c	2.976e-06
concentration	M_glx_c	9.999e-05
concentration	M_pep_c	1.611e-04
concentration	M_g3p_c	3.796e-05
concentration	M_acald_c	9.999e-05
concentration	M_dhap_c	8.189e-04
concentration	M_succoa_c	1.090e-03
concentration	M_fum_c	1.782e-03
concentration	M_mal__L_c	1.907e-03
concentration	M_r5p_c	9.539e-05
concentration	M_3pg_c	1.588e-03
concentration	M_cit_c	2.334e-03
concentration	M_ru5p__D_c	2.470e-04
concentration	M_g6p_c	4.832e-04
concentration	M_q8_c	2.099e-05
concentration	M_xu5p__D_c	2.059e-04
concentration	M_q8h2_c	4.762e-04
concentration	M_e4p_c	1.342e-05
concentration	M_13dpg_c	2.142e-05
concentration	M_s7p_c	7.500e-04
concentration	M_2pg_c	9.545e-05
concentration	M_actp_c	1.020e-03
concentration	M_lac__D_c	5.170e-04
concentration	M_etoh_c	9.999e-05
concentration	M_6pgc_c	1.002e-04
concentration	M_fdp_c	6.632e-04
concentration	M_6pgl_c	1.823e-05
concentration	M_acon_C_c	2.613e-05
concentration	M_glu__L_c	2.173e-02
concentration	M_icit_c	1.206e-05
concentration	M_f6p_c	2.345e-04

!!SBtab TableID='Predicted Gibbs energies' TableType='Quantity' TableName='Predicted Gibbs energies' SBtabVersion='1.0' Unit='kJ/mol'
!QuantityType	!Reaction	!Value
reaction gibbs energy	R_PFK	-1.876e+01
reaction gibbs energy	R_PFL	0.000e+00
reaction gibbs energy	R_PGI	0.000e+00
reaction gibbs energy	R_PGK	-3.270e+00
reaction gibbs energy	R_PGL	-1.950e+01
reaction gibbs energy	R_ACALD	0.000e+00
reaction gibbs energy	R_PGM	-2.566e+00
reaction gibbs energy	R_ALCD2x	0.000e+00
reaction gibbs energy	R_ACKr	-1.274e+00
reaction gibbs energy	R_PPC	-3.786e+01
reaction gibbs energy	R_ACONTa	-2.430e+00
reaction gibbs energy	R_ACONTb	-3.404e+00
reaction gibbs energy	R_ATPM	0.000e+00
reaction gibbs energy	R_PPCK	0.000e+00
reaction gibbs energy	R_PPS	0.000e+00
reaction gibbs energy	R_ADK1	0.000e+00
reaction gibbs energy	R_AKGDH	-4.499e+01
reaction gibbs energy	R_PTAr	-2.318e+00
reaction gibbs energy	R_PYK	0.000e+00
reaction gibbs energy	R_RPE	-3.822e+00
reaction gibbs energy	R_CS	-1.841e+01
reaction gibbs energy	R_RPI	-4.478e+00
reaction gibbs energy	R_ENO	-2.567e+00
reaction gibbs energy	R_SUCDi	-1.214e+01
reaction gibbs energy	R_SUCOAS	-2.244e+00
reaction gibbs energy	R_TALA	-6.434e+00
reaction gibbs energy	R_TKT1	-2.893e+00
reaction gibbs energy	R_TKT2	-7.408e+00
reaction gibbs energy	R_TPI	-2.053e+00
reaction gibbs energy	R_FBA	-2.158e+00
reaction gibbs energy	R_FBP	-2.691e+01
reaction gibbs energy	R_FRD7	0.000e+00
reaction gibbs energy	R_FUM	-3.259e+00
reaction gibbs energy	R_G6PDH2r	-8.227e+00
reaction gibbs energy	R_GAPD	-1.667e+00
reaction gibbs energy	R_GLNS	0.000e+00
reaction gibbs energy	R_GLUDy	0.000e+00
reaction gibbs energy	R_GLUN	0.000e+00
reaction gibbs energy	R_GLUSy	0.000e+00
reaction gibbs energy	R_GND	-5.307e+00
reaction gibbs energy	R_ICDHyr	-4.836e+00
reaction gibbs energy	R_ICL	0.000e+00
reaction gibbs energy	R_LDH_D	-9.845e+00
reaction gibbs energy	R_MALS	0.000e+00
reaction gibbs energy	R_MDH	-3.022e+00
reaction gibbs energy	R_ME1	-2.633e+01
reaction gibbs energy	R_ME2	0.000e+00
reaction gibbs energy	R_NADTRHD	-2.018e+01
reaction gibbs energy	R_PDH	0.000e+00

