!!!SBtab DocumentName='report' SBtabVersion='1.0' Date='2022-6-9'
!!SBtab TableID='Predicted concentrations' TableType='Quantity' TableName='Predicted concentrations' SBtabVersion='1.0' Unit='M'
!QuantityType	!Compound	!Value
concentration	M_h2o_c	1.000e+00
concentration	M_atp_c	2.427e-03
concentration	M_nadp_c	6.727e-06
concentration	M_nadph_c	4.924e-05
concentration	M_adp_c	2.609e-04
concentration	M_nad_c	1.734e-03
concentration	M_pi_c	6.660e-03
concentration	M_nadh_c	6.655e-06
concentration	M_coa_c	5.933e-04
concentration	M_co2_c	1.023e-04
concentration	M_amp_c	2.737e-04
concentration	M_nh4_c	1.145e-05
concentration	M_akg_c	2.551e-04
concentration	M_accoa_c	3.234e-04
concentration	M_pyr_c	1.146e-03
concentration	M_succ_c	2.810e-04
concentration	M_ac_c	1.000e-02
concentration	M_gln__L_c	2.106e-03
concentration	M_for_c	1.000e-04
concentration	M_oaa_c	2.187e-06
concentration	M_glx_c	2.177e-05
concentration	M_pep_c	2.977e-04
concentration	M_g3p_c	1.563e-04
concentration	M_acald_c	1.000e-04
concentration	M_dhap_c	5.307e-04
concentration	M_succoa_c	1.101e-03
concentration	M_fum_c	1.972e-03
concentration	M_mal__L_c	2.478e-03
concentration	M_r5p_c	1.404e-04
concentration	M_3pg_c	1.465e-03
concentration	M_cit_c	2.316e-03
concentration	M_ru5p__D_c	2.828e-04
concentration	M_g6p_c	3.566e-04
concentration	M_q8_c	2.220e-05
concentration	M_xu5p__D_c	3.108e-04
concentration	M_q8h2_c	4.508e-04
concentration	M_e4p_c	1.380e-05
concentration	M_13dpg_c	2.768e-05
concentration	M_s7p_c	5.687e-04
concentration	M_2pg_c	1.000e-04
concentration	M_actp_c	1.020e-03
concentration	M_lac__D_c	1.000e-04
concentration	M_etoh_c	1.000e-04
concentration	M_6pgc_c	1.026e-04
concentration	M_fdp_c	1.623e-04
concentration	M_6pgl_c	1.693e-05
concentration	M_acon_C_c	2.572e-05
concentration	M_glu__L_c	2.201e-02
concentration	M_icit_c	1.107e-05
concentration	M_f6p_c	3.085e-04

!!SBtab TableID='Predicted Gibbs energies' TableType='Quantity' TableName='Predicted Gibbs energies' SBtabVersion='1.0' Unit='kJ/mol'
!QuantityType	!Reaction	!Value
reaction gibbs energy	R_PFK	0.000e+00
reaction gibbs energy	R_PFL	0.000e+00
reaction gibbs energy	R_PGI	-2.207e+00
reaction gibbs energy	R_PGK	-4.104e+00
reaction gibbs energy	R_PGL	-1.926e+01
reaction gibbs energy	R_ACALD	0.000e+00
reaction gibbs energy	R_PGM	0.000e+00
reaction gibbs energy	R_ALCD2x	0.000e+00
reaction gibbs energy	R_ACKr	-1.274e+00
reaction gibbs energy	R_PPC	0.000e+00
reaction gibbs energy	R_ACONTa	-2.449e+00
reaction gibbs energy	R_ACONTb	-3.578e+00
reaction gibbs energy	R_ATPM	0.000e+00
reaction gibbs energy	R_PPCK	0.000e+00
reaction gibbs energy	R_PPS	-2.304e+01
reaction gibbs energy	R_ADK1	-5.551e+00
reaction gibbs energy	R_AKGDH	-4.270e+01
reaction gibbs energy	R_PTAr	-2.341e+00
reaction gibbs energy	R_PYK	0.000e+00
reaction gibbs energy	R_RPE	-3.137e+00
reaction gibbs energy	R_CS	-1.830e+01
reaction gibbs energy	R_RPI	-3.855e+00
reaction gibbs energy	R_ENO	0.000e+00
reaction gibbs energy	R_SUCDi	-1.220e+01
reaction gibbs energy	R_SUCOAS	-2.209e+00
reaction gibbs energy	R_TALA	-8.506e+00
reaction gibbs energy	R_TKT1	-2.051e+00
reaction gibbs energy	R_TKT2	-4.310e+00
reaction gibbs energy	R_TPI	-2.528e+00
reaction gibbs energy	R_FBA	-3.761e+00
reaction gibbs energy	R_FBP	-2.341e+01
reaction gibbs energy	R_FRD7	0.000e+00
reaction gibbs energy	R_FUM	-2.861e+00
reaction gibbs energy	R_G6PDH2r	-7.708e+00
reaction gibbs energy	R_GAPD	-2.558e+00
reaction gibbs energy	R_GLNS	-9.842e+00
reaction gibbs energy	R_GLUDy	0.000e+00
reaction gibbs energy	R_GLUN	0.000e+00
reaction gibbs energy	R_GLUSy	-3.760e+01
reaction gibbs energy	R_GND	-4.919e+00
reaction gibbs energy	R_ICDHyr	-4.651e+00
reaction gibbs energy	R_ICL	-9.390e+00
reaction gibbs energy	R_LDH_D	0.000e+00
reaction gibbs energy	R_MALS	-2.425e+01
reaction gibbs energy	R_MDH	-3.118e+00
reaction gibbs energy	R_ME1	0.000e+00
reaction gibbs energy	R_ME2	-7.424e+00
reaction gibbs energy	R_NADTRHD	-1.881e+01
reaction gibbs energy	R_PDH	0.000e+00

