!!!SBtab DocumentName='report' SBtabVersion='1.0' Date='2022-6-9'
!!SBtab TableID='Predicted concentrations' TableType='Quantity' TableName='Predicted concentrations' SBtabVersion='1.0' Unit='M'
!QuantityType	!Compound	!Value
concentration	M_h2o_c	1.000e+00
concentration	M_atp_c	2.427e-03
concentration	M_nadp_c	6.512e-06
concentration	M_nadph_c	5.274e-05
concentration	M_adp_c	2.609e-04
concentration	M_nad_c	1.602e-03
concentration	M_pi_c	3.388e-03
concentration	M_nadh_c	3.105e-05
concentration	M_coa_c	3.130e-04
concentration	M_co2_c	1.153e-04
concentration	M_amp_c	2.678e-04
concentration	M_nh4_c	3.303e-06
concentration	M_akg_c	2.593e-04
concentration	M_accoa_c	4.284e-04
concentration	M_pyr_c	1.759e-03
concentration	M_succ_c	3.113e-04
concentration	M_ac_c	1.000e-02
concentration	M_gln__L_c	2.116e-03
concentration	M_for_c	1.000e-04
concentration	M_oaa_c	1.827e-06
concentration	M_glx_c	1.000e-04
concentration	M_pep_c	6.167e-04
concentration	M_g3p_c	9.628e-05
concentration	M_acald_c	1.000e-04
concentration	M_dhap_c	5.343e-04
concentration	M_succoa_c	9.330e-04
concentration	M_fum_c	1.744e-03
concentration	M_mal__L_c	3.962e-03
concentration	M_r5p_c	1.052e-04
concentration	M_3pg_c	2.172e-03
concentration	M_cit_c	1.921e-03
concentration	M_ru5p__D_c	2.160e-04
concentration	M_g6p_c	4.186e-04
concentration	M_q8_c	1.938e-05
concentration	M_xu5p__D_c	2.396e-04
concentration	M_q8h2_c	5.160e-04
concentration	M_e4p_c	1.363e-05
concentration	M_13dpg_c	1.826e-05
concentration	M_s7p_c	7.061e-04
concentration	M_2pg_c	2.040e-04
concentration	M_actp_c	1.020e-03
concentration	M_lac__D_c	1.000e-04
concentration	M_etoh_c	1.000e-04
concentration	M_6pgc_c	9.436e-05
concentration	M_fdp_c	1.605e-04
concentration	M_6pgl_c	1.823e-05
concentration	M_acon_C_c	2.973e-05
concentration	M_glu__L_c	2.208e-02
concentration	M_icit_c	1.657e-05
concentration	M_f6p_c	2.789e-04

!!SBtab TableID='Predicted Gibbs energies' TableType='Quantity' TableName='Predicted Gibbs energies' SBtabVersion='1.0' Unit='kJ/mol'
!QuantityType	!Reaction	!Value
reaction gibbs energy	R_PFK	0.000e+00
reaction gibbs energy	R_PFL	0.000e+00
reaction gibbs energy	R_PGI	-1.494e+00
reaction gibbs energy	R_PGK	3.192e-01
reaction gibbs energy	R_PGL	-1.982e+01
reaction gibbs energy	R_ACALD	0.000e+00
reaction gibbs energy	R_PGM	3.192e-01
reaction gibbs energy	R_ALCD2x	0.000e+00
reaction gibbs energy	R_ACKr	3.192e-01
reaction gibbs energy	R_PPC	0.000e+00
reaction gibbs energy	R_ACONTa	-1.616e+00
reaction gibbs energy	R_ACONTb	-2.963e+00
reaction gibbs energy	R_ATPM	0.000e+00
reaction gibbs energy	R_PPCK	-1.829e+00
reaction gibbs energy	R_PPS	0.000e+00
reaction gibbs energy	R_ADK1	0.000e+00
reaction gibbs energy	R_AKGDH	-3.690e+01
reaction gibbs energy	R_PTAr	-3.073e+00
reaction gibbs energy	R_PYK	-1.875e+01
reaction gibbs energy	R_RPE	-3.187e+00
reaction gibbs energy	R_CS	-2.083e+01
reaction gibbs energy	R_RPI	-3.920e+00
reaction gibbs energy	R_ENO	3.192e-01
reaction gibbs energy	R_SUCDi	-1.194e+01
reaction gibbs energy	R_SUCOAS	-1.397e+00
reaction gibbs energy	R_TALA	-8.167e+00
reaction gibbs energy	R_TKT1	-1.443e+00
reaction gibbs energy	R_TKT2	0.000e+00
reaction gibbs energy	R_TPI	-1.037e+00
reaction gibbs energy	R_FBA	-2.340e+00
reaction gibbs energy	R_FBP	-2.523e+01
reaction gibbs energy	R_FRD7	0.000e+00
reaction gibbs energy	R_FUM	-1.391e+00
reaction gibbs energy	R_G6PDH2r	-7.587e+00
reaction gibbs energy	R_GAPD	-2.132e+00
reaction gibbs energy	R_GLNS	-8.473e+00
reaction gibbs energy	R_GLUDy	0.000e+00
reaction gibbs energy	R_GLUN	0.000e+00
reaction gibbs energy	R_GLUSy	-3.806e+01
reaction gibbs energy	R_GND	-4.211e+00
reaction gibbs energy	R_ICDHyr	-4.449e+00
reaction gibbs energy	R_ICL	0.000e+00
reaction gibbs energy	R_LDH_D	0.000e+00
reaction gibbs energy	R_MALS	0.000e+00
reaction gibbs energy	R_MDH	-6.791e-01
reaction gibbs energy	R_ME1	0.000e+00
reaction gibbs energy	R_ME2	0.000e+00
reaction gibbs energy	R_NADTRHD	-1.504e+01
reaction gibbs energy	R_PDH	0.000e+00

