!!!SBtab DocumentName='report' SBtabVersion='1.0' Date='2022-6-9'
!!SBtab TableID='Predicted concentrations' TableType='Quantity' TableName='Predicted concentrations' SBtabVersion='1.0' Unit='M'
!QuantityType	!Compound	!Value
concentration	M_h2o_c	1.000e+00
concentration	M_atp_c	1.515e-03
concentration	M_nadp_c	6.756e-06
concentration	M_nadph_c	4.861e-05
concentration	M_adp_c	4.441e-04
concentration	M_nad_c	2.288e-03
concentration	M_pi_c	1.000e-02
concentration	M_nadh_c	3.822e-06
concentration	M_coa_c	7.267e-04
concentration	M_co2_c	1.582e-05
concentration	M_amp_c	2.678e-04
concentration	M_nh4_c	3.649e-05
concentration	M_akg_c	2.546e-04
concentration	M_accoa_c	7.177e-04
concentration	M_pyr_c	9.871e-04
concentration	M_succ_c	4.153e-04
concentration	M_ac_c	1.000e-04
concentration	M_gln__L_c	2.084e-03
concentration	M_for_c	1.000e-04
concentration	M_oaa_c	1.151e-06
concentration	M_glx_c	1.000e-04
concentration	M_pep_c	2.337e-04
concentration	M_g3p_c	4.195e-05
concentration	M_acald_c	1.000e-04
concentration	M_dhap_c	9.801e-04
concentration	M_succoa_c	3.901e-04
concentration	M_fum_c	3.017e-03
concentration	M_mal__L_c	1.394e-03
concentration	M_r5p_c	1.452e-04
concentration	M_3pg_c	1.040e-03
concentration	M_cit_c	3.603e-03
concentration	M_ru5p__D_c	4.716e-04
concentration	M_g6p_c	2.608e-04
concentration	M_q8_c	2.845e-05
concentration	M_xu5p__D_c	2.438e-04
concentration	M_q8h2_c	3.516e-04
concentration	M_e4p_c	1.025e-05
concentration	M_13dpg_c	1.826e-05
concentration	M_s7p_c	5.266e-04
concentration	M_2pg_c	1.000e-04
concentration	M_actp_c	1.443e-03
concentration	M_lac__D_c	1.000e-04
concentration	M_etoh_c	1.000e-04
concentration	M_6pgc_c	9.615e-05
concentration	M_fdp_c	9.508e-04
concentration	M_6pgl_c	7.053e-06
concentration	M_acon_C_c	1.403e-05
concentration	M_glu__L_c	2.222e-02
concentration	M_icit_c	3.469e-06
concentration	M_f6p_c	4.151e-04

!!SBtab TableID='Predicted Gibbs energies' TableType='Quantity' TableName='Predicted Gibbs energies' SBtabVersion='1.0' Unit='kJ/mol'
!QuantityType	!Reaction	!Value
reaction gibbs energy	R_PFK	-1.625e+01
reaction gibbs energy	R_PFL	0.000e+00
reaction gibbs energy	R_PGI	-5.019e+00
reaction gibbs energy	R_PGK	-5.062e+00
reaction gibbs energy	R_PGL	-1.731e+01
reaction gibbs energy	R_ACALD	0.000e+00
reaction gibbs energy	R_PGM	0.000e+00
reaction gibbs energy	R_ALCD2x	0.000e+00
reaction gibbs energy	R_ACKr	0.000e+00
reaction gibbs energy	R_PPC	0.000e+00
reaction gibbs energy	R_ACONTa	-5.019e+00
reaction gibbs energy	R_ACONTb	-5.019e+00
reaction gibbs energy	R_ATPM	0.000e+00
reaction gibbs energy	R_PPCK	-7.495e+00
reaction gibbs energy	R_PPS	0.000e+00
reaction gibbs energy	R_ADK1	0.000e+00
reaction gibbs energy	R_AKGDH	0.000e+00
reaction gibbs energy	R_PTAr	0.000e+00
reaction gibbs energy	R_PYK	0.000e+00
reaction gibbs energy	R_RPE	-5.114e+00
reaction gibbs energy	R_CS	-1.720e+01
reaction gibbs energy	R_RPI	-5.113e+00
reaction gibbs energy	R_ENO	0.000e+00
reaction gibbs energy	R_SUCDi	-1.371e+01
reaction gibbs energy	R_SUCOAS	0.000e+00
reaction gibbs energy	R_TALA	-5.125e+00
reaction gibbs energy	R_TKT1	-5.115e+00
reaction gibbs energy	R_TKT2	0.000e+00
reaction gibbs energy	R_TPI	-5.019e+00
reaction gibbs energy	R_FBA	-5.019e+00
reaction gibbs energy	R_FBP	0.000e+00
reaction gibbs energy	R_FRD7	0.000e+00
reaction gibbs energy	R_FUM	-5.350e+00
reaction gibbs energy	R_G6PDH2r	-9.276e+00
reaction gibbs energy	R_GAPD	-5.019e+00
reaction gibbs energy	R_GLNS	-9.252e+00
reaction gibbs energy	R_GLUDy	0.000e+00
reaction gibbs energy	R_GLUN	0.000e+00
reaction gibbs energy	R_GLUSy	-3.736e+01
reaction gibbs energy	R_GND	-9.019e+00
reaction gibbs energy	R_ICDHyr	-7.146e+00
reaction gibbs energy	R_ICL	0.000e+00
reaction gibbs energy	R_LDH_D	0.000e+00
reaction gibbs energy	R_MALS	0.000e+00
reaction gibbs energy	R_MDH	-5.348e+00
reaction gibbs energy	R_ME1	0.000e+00
reaction gibbs energy	R_ME2	0.000e+00
reaction gibbs energy	R_NADTRHD	0.000e+00
reaction gibbs energy	R_PDH	-6.025e+01

