!!!SBtab DocumentName='report' SBtabVersion='1.0' Date='2022-6-9'
!!SBtab TableID='Predicted concentrations' TableType='Quantity' TableName='Predicted concentrations' SBtabVersion='1.0' Unit='M'
!QuantityType	!Compound	!Value
concentration	M_h2o_c	1.000e+00
concentration	M_atp_c	2.247e-03
concentration	M_nadp_c	6.958e-06
concentration	M_nadph_c	4.426e-05
concentration	M_adp_c	2.692e-04
concentration	M_nad_c	2.273e-03
concentration	M_pi_c	9.129e-03
concentration	M_nadh_c	3.847e-06
concentration	M_coa_c	7.708e-04
concentration	M_co2_c	7.580e-06
concentration	M_amp_c	3.447e-04
concentration	M_nh4_c	2.069e-05
concentration	M_akg_c	2.411e-04
concentration	M_accoa_c	7.163e-04
concentration	M_pyr_c	8.307e-04
concentration	M_succ_c	4.175e-04
concentration	M_ac_c	9.999e-05
concentration	M_gln__L_c	2.114e-03
concentration	M_for_c	9.999e-05
concentration	M_oaa_c	1.007e-06
concentration	M_glx_c	9.999e-05
concentration	M_pep_c	2.866e-04
concentration	M_g3p_c	2.600e-04
concentration	M_acald_c	9.999e-05
concentration	M_dhap_c	3.120e-04
concentration	M_succoa_c	3.901e-04
concentration	M_fum_c	3.452e-03
concentration	M_mal__L_c	1.416e-03
concentration	M_r5p_c	1.660e-04
concentration	M_3pg_c	1.110e-03
concentration	M_cit_c	3.603e-03
concentration	M_ru5p__D_c	4.803e-04
concentration	M_g6p_c	2.608e-04
concentration	M_q8_c	2.810e-05
concentration	M_xu5p__D_c	4.198e-04
concentration	M_q8h2_c	3.557e-04
concentration	M_e4p_c	1.859e-05
concentration	M_13dpg_c	3.775e-05
concentration	M_s7p_c	4.283e-04
concentration	M_2pg_c	9.999e-05
concentration	M_actp_c	1.442e-03
concentration	M_lac__D_c	1.707e-04
concentration	M_etoh_c	9.999e-05
concentration	M_6pgc_c	1.060e-04
concentration	M_fdp_c	8.508e-05
concentration	M_6pgl_c	7.105e-06
concentration	M_acon_C_c	1.380e-05
concentration	M_glu__L_c	2.202e-02
concentration	M_icit_c	3.469e-06
concentration	M_f6p_c	4.151e-04

!!SBtab TableID='Predicted Gibbs energies' TableType='Quantity' TableName='Predicted Gibbs energies' SBtabVersion='1.0' Unit='kJ/mol'
!QuantityType	!Reaction	!Value
reaction gibbs energy	R_PFK	0.000e+00
reaction gibbs energy	R_PFL	0.000e+00
reaction gibbs energy	R_PGI	-5.628e+00
reaction gibbs energy	R_PGK	-5.889e+00
reaction gibbs energy	R_PGL	-1.593e+01
reaction gibbs energy	R_ACALD	0.000e+00
reaction gibbs energy	R_PGM	0.000e+00
reaction gibbs energy	R_ALCD2x	0.000e+00
reaction gibbs energy	R_ACKr	0.000e+00
reaction gibbs energy	R_PPC	0.000e+00
reaction gibbs energy	R_ACONTa	-5.628e+00
reaction gibbs energy	R_ACONTb	-5.628e+00
reaction gibbs energy	R_ATPM	0.000e+00
reaction gibbs energy	R_PPCK	-8.764e+00
reaction gibbs energy	R_PPS	-2.082e+01
reaction gibbs energy	R_ADK1	-5.731e+00
reaction gibbs energy	R_AKGDH	0.000e+00
reaction gibbs energy	R_PTAr	0.000e+00
reaction gibbs energy	R_PYK	0.000e+00
reaction gibbs energy	R_RPE	-5.628e+00
reaction gibbs energy	R_CS	-1.680e+01
reaction gibbs energy	R_RPI	-5.628e+00
reaction gibbs energy	R_ENO	0.000e+00
reaction gibbs energy	R_SUCDi	-1.271e+01
reaction gibbs energy	R_SUCOAS	0.000e+00
reaction gibbs energy	R_TALA	-5.870e+00
reaction gibbs energy	R_TKT1	-5.628e+00
reaction gibbs energy	R_TKT2	-5.628e+00
reaction gibbs energy	R_TPI	-5.628e+00
reaction gibbs energy	R_FBA	-5.689e+00
reaction gibbs energy	R_FBP	-1.991e+01
reaction gibbs energy	R_FRD7	0.000e+00
reaction gibbs energy	R_FUM	-5.646e+00
reaction gibbs energy	R_G6PDH2r	-9.238e+00
reaction gibbs energy	R_GAPD	-5.889e+00
reaction gibbs energy	R_GLNS	-1.022e+01
reaction gibbs energy	R_GLUDy	0.000e+00
reaction gibbs energy	R_GLUN	0.000e+00
reaction gibbs energy	R_GLUSy	-3.704e+01
reaction gibbs energy	R_GND	-8.504e+00
reaction gibbs energy	R_ICDHyr	-7.565e+00
reaction gibbs energy	R_ICL	0.000e+00
reaction gibbs energy	R_LDH_D	-1.035e+01
reaction gibbs energy	R_MALS	0.000e+00
reaction gibbs energy	R_MDH	-5.646e+00
reaction gibbs energy	R_ME1	0.000e+00
reaction gibbs energy	R_ME2	0.000e+00
reaction gibbs energy	R_NADTRHD	-2.032e+01
reaction gibbs energy	R_PDH	-6.247e+01

