!!!SBtab DocumentName='report' SBtabVersion='1.0' Date='2022-6-9'
!!SBtab TableID='Predicted concentrations' TableType='Quantity' TableName='Predicted concentrations' SBtabVersion='1.0' Unit='M'
!QuantityType	!Compound	!Value
concentration	M_h2o_c	1.000e+00
concentration	M_atp_c	2.427e-03
concentration	M_nadp_c	6.591e-06
concentration	M_nadph_c	5.320e-05
concentration	M_adp_c	2.609e-04
concentration	M_nad_c	2.020e-03
concentration	M_pi_c	7.998e-03
concentration	M_nadh_c	4.322e-06
concentration	M_coa_c	1.039e-02
concentration	M_co2_c	8.782e-05
concentration	M_amp_c	2.677e-04
concentration	M_nh4_c	4.811e-06
concentration	M_akg_c	2.977e-04
concentration	M_accoa_c	5.320e-04
concentration	M_pyr_c	1.427e-03
concentration	M_succ_c	3.980e-04
concentration	M_ac_c	1.000e-02
concentration	M_gln__L_c	2.175e-03
concentration	M_for_c	1.000e-04
concentration	M_oaa_c	2.618e-06
concentration	M_glx_c	1.000e-04
concentration	M_pep_c	2.404e-04
concentration	M_g3p_c	3.783e-05
concentration	M_acald_c	1.000e-04
concentration	M_dhap_c	8.281e-04
concentration	M_succoa_c	3.901e-04
concentration	M_fum_c	1.790e-03
concentration	M_mal__L_c	1.963e-03
concentration	M_r5p_c	9.760e-05
concentration	M_3pg_c	1.455e-03
concentration	M_cit_c	2.302e-03
concentration	M_ru5p__D_c	2.483e-04
concentration	M_g6p_c	3.598e-04
concentration	M_q8_c	1.784e-05
concentration	M_xu5p__D_c	2.060e-04
concentration	M_q8h2_c	5.606e-04
concentration	M_e4p_c	1.338e-05
concentration	M_13dpg_c	2.150e-05
concentration	M_s7p_c	7.430e-04
concentration	M_2pg_c	1.000e-04
concentration	M_actp_c	1.020e-03
concentration	M_lac__D_c	5.631e-04
concentration	M_etoh_c	1.000e-04
concentration	M_6pgc_c	1.033e-04
concentration	M_fdp_c	6.859e-04
concentration	M_6pgl_c	1.387e-05
concentration	M_acon_C_c	2.603e-05
concentration	M_glu__L_c	2.079e-02
concentration	M_icit_c	1.240e-05
concentration	M_f6p_c	3.016e-04

!!SBtab TableID='Predicted Gibbs energies' TableType='Quantity' TableName='Predicted Gibbs energies' SBtabVersion='1.0' Unit='kJ/mol'
!QuantityType	!Reaction	!Value
reaction gibbs energy	R_PFK	-1.930e+01
reaction gibbs energy	R_PFL	0.000e+00
reaction gibbs energy	R_PGI	-2.129e+00
reaction gibbs energy	R_PGK	-3.496e+00
reaction gibbs energy	R_PGL	-1.874e+01
reaction gibbs energy	R_ACALD	0.000e+00
reaction gibbs energy	R_PGM	0.000e+00
reaction gibbs energy	R_ALCD2x	0.000e+00
reaction gibbs energy	R_ACKr	-1.274e+00
reaction gibbs energy	R_PPC	0.000e+00
reaction gibbs energy	R_ACONTa	-2.405e+00
reaction gibbs energy	R_ACONTb	-3.326e+00
reaction gibbs energy	R_ATPM	0.000e+00
reaction gibbs energy	R_PPCK	-6.721e+00
reaction gibbs energy	R_PPS	0.000e+00
reaction gibbs energy	R_ADK1	0.000e+00
reaction gibbs energy	R_AKGDH	0.000e+00
reaction gibbs energy	R_PTAr	-7.747e+00
reaction gibbs energy	R_PYK	-1.667e+01
reaction gibbs energy	R_RPE	-3.833e+00
reaction gibbs energy	R_CS	-1.291e+01
reaction gibbs energy	R_RPI	-4.434e+00
reaction gibbs energy	R_ENO	0.000e+00
reaction gibbs energy	R_SUCDi	-1.222e+01
reaction gibbs energy	R_SUCOAS	0.000e+00
reaction gibbs energy	R_TALA	-5.786e+00
reaction gibbs energy	R_TKT1	-2.982e+00
reaction gibbs energy	R_TKT2	-6.785e+00
reaction gibbs energy	R_TPI	-2.089e+00
reaction gibbs energy	R_FBA	-2.222e+00
reaction gibbs energy	R_FBP	0.000e+00
reaction gibbs energy	R_FRD7	0.000e+00
reaction gibbs energy	R_FUM	-3.201e+00
reaction gibbs energy	R_G6PDH2r	-7.984e+00
reaction gibbs energy	R_GAPD	-1.570e+00
reaction gibbs energy	R_GLNS	-7.019e+00
reaction gibbs energy	R_GLUDy	0.000e+00
reaction gibbs energy	R_GLUN	0.000e+00
reaction gibbs energy	R_GLUSy	-3.858e+01
reaction gibbs energy	R_GND	-5.396e+00
reaction gibbs energy	R_ICDHyr	-4.685e+00
reaction gibbs energy	R_ICL	0.000e+00
reaction gibbs energy	R_LDH_D	-9.311e+00
reaction gibbs energy	R_MALS	0.000e+00
reaction gibbs energy	R_MDH	-3.543e+00
reaction gibbs energy	R_ME1	0.000e+00
reaction gibbs energy	R_ME2	0.000e+00
reaction gibbs energy	R_NADTRHD	0.000e+00
reaction gibbs energy	R_PDH	0.000e+00

