!!!SBtab DocumentName='report' SBtabVersion='1.0' Date='2022-6-9'
!!SBtab TableID='Predicted concentrations' TableType='Quantity' TableName='Predicted concentrations' SBtabVersion='1.0' Unit='M'
!QuantityType	!Compound	!Value
concentration	M_h2o_c	1.000e+00
concentration	M_atp_c	2.427e-03
concentration	M_nadp_c	6.746e-06
concentration	M_nadph_c	4.819e-05
concentration	M_adp_c	2.609e-04
concentration	M_nad_c	1.913e-03
concentration	M_pi_c	8.881e-03
concentration	M_nadh_c	4.452e-06
concentration	M_coa_c	7.278e-04
concentration	M_co2_c	1.426e-04
concentration	M_amp_c	2.715e-04
concentration	M_nh4_c	1.573e-05
concentration	M_akg_c	2.448e-04
concentration	M_accoa_c	3.171e-04
concentration	M_pyr_c	9.441e-04
concentration	M_succ_c	2.733e-04
concentration	M_ac_c	1.000e-02
concentration	M_gln__L_c	2.094e-03
concentration	M_for_c	1.000e-04
concentration	M_oaa_c	1.999e-04
concentration	M_glx_c	1.000e-04
concentration	M_pep_c	1.700e-04
concentration	M_g3p_c	3.929e-05
concentration	M_acald_c	1.000e-04
concentration	M_dhap_c	8.333e-04
concentration	M_succoa_c	1.082e-03
concentration	M_fum_c	1.653e-03
concentration	M_mal__L_c	1.524e-03
concentration	M_r5p_c	9.727e-05
concentration	M_3pg_c	1.613e-03
concentration	M_cit_c	2.400e-03
concentration	M_ru5p__D_c	2.496e-04
concentration	M_g6p_c	3.558e-04
concentration	M_q8_c	2.511e-05
concentration	M_xu5p__D_c	2.175e-04
concentration	M_q8h2_c	3.982e-04
concentration	M_e4p_c	1.337e-05
concentration	M_13dpg_c	2.173e-05
concentration	M_s7p_c	7.545e-04
concentration	M_2pg_c	9.968e-05
concentration	M_actp_c	1.020e-03
concentration	M_lac__D_c	1.000e-04
concentration	M_etoh_c	1.000e-04
concentration	M_6pgc_c	1.010e-04
concentration	M_fdp_c	6.934e-04
concentration	M_6pgl_c	2.764e-05
concentration	M_acon_C_c	2.675e-05
concentration	M_glu__L_c	2.201e-02
concentration	M_icit_c	1.328e-05
concentration	M_f6p_c	2.939e-04

!!SBtab TableID='Predicted Gibbs energies' TableType='Quantity' TableName='Predicted Gibbs energies' SBtabVersion='1.0' Unit='kJ/mol'
!QuantityType	!Reaction	!Value
reaction gibbs energy	R_PFK	-1.921e+01
reaction gibbs energy	R_PFL	0.000e+00
reaction gibbs energy	R_PGI	-2.093e+00
reaction gibbs energy	R_PGK	-3.267e+00
reaction gibbs energy	R_PGL	-2.051e+01
reaction gibbs energy	R_ACALD	0.000e+00
reaction gibbs energy	R_PGM	-2.497e+00
reaction gibbs energy	R_ALCD2x	0.000e+00
reaction gibbs energy	R_ACKr	-1.274e+00
reaction gibbs energy	R_PPC	-2.850e+01
reaction gibbs energy	R_ACONTa	-2.440e+00
reaction gibbs energy	R_ACONTb	-3.225e+00
reaction gibbs energy	R_ATPM	0.000e+00
reaction gibbs energy	R_PPCK	0.000e+00
reaction gibbs energy	R_PPS	-2.325e+01
reaction gibbs energy	R_ADK1	-5.532e+00
reaction gibbs energy	R_AKGDH	-4.356e+01
reaction gibbs energy	R_PTAr	-2.183e+00
reaction gibbs energy	R_PYK	0.000e+00
reaction gibbs energy	R_RPE	-3.712e+00
reaction gibbs energy	R_CS	-2.885e+01
reaction gibbs energy	R_RPI	-4.456e+00
reaction gibbs energy	R_ENO	-2.541e+00
reaction gibbs energy	R_SUCDi	-1.318e+01
reaction gibbs energy	R_SUCOAS	-2.442e+00
reaction gibbs energy	R_TALA	-5.984e+00
reaction gibbs energy	R_TKT1	-2.976e+00
reaction gibbs energy	R_TKT2	0.000e+00
reaction gibbs energy	R_TPI	-2.011e+00
reaction gibbs energy	R_FBA	-2.140e+00
reaction gibbs energy	R_FBP	0.000e+00
reaction gibbs energy	R_FRD7	0.000e+00
reaction gibbs energy	R_FUM	-3.629e+00
reaction gibbs energy	R_G6PDH2r	-6.549e+00
reaction gibbs energy	R_GAPD	-1.689e+00
reaction gibbs energy	R_GLNS	-9.931e+00
reaction gibbs energy	R_GLUDy	0.000e+00
reaction gibbs energy	R_GLUN	0.000e+00
reaction gibbs energy	R_GLUSy	-3.742e+01
reaction gibbs energy	R_GND	-4.426e+00
reaction gibbs energy	R_ICDHyr	-4.440e+00
reaction gibbs energy	R_ICL	0.000e+00
reaction gibbs energy	R_LDH_D	0.000e+00
reaction gibbs energy	R_MALS	0.000e+00
reaction gibbs energy	R_MDH	0.000e+00
reaction gibbs energy	R_ME1	0.000e+00
reaction gibbs energy	R_ME2	-5.938e+00
reaction gibbs energy	R_NADTRHD	-1.999e+01
reaction gibbs energy	R_PDH	-5.532e+01

