!!!SBtab DocumentName='report' SBtabVersion='1.0' Date='2022-6-9'
!!SBtab TableID='Predicted concentrations' TableType='Quantity' TableName='Predicted concentrations' SBtabVersion='1.0' Unit='M'
!QuantityType	!Compound	!Value
concentration	M_h2o_c	1.000e+00
concentration	M_atp_c	2.427e-03
concentration	M_nadp_c	6.772e-06
concentration	M_nadph_c	4.992e-05
concentration	M_adp_c	2.609e-04
concentration	M_nad_c	1.595e-03
concentration	M_pi_c	4.227e-03
concentration	M_nadh_c	1.511e-05
concentration	M_coa_c	5.923e-03
concentration	M_co2_c	1.878e-04
concentration	M_amp_c	2.719e-04
concentration	M_nh4_c	1.071e-05
concentration	M_akg_c	2.714e-04
concentration	M_accoa_c	5.697e-04
concentration	M_pyr_c	9.408e-04
concentration	M_succ_c	4.350e-04
concentration	M_ac_c	9.991e-05
concentration	M_gln__L_c	2.106e-03
concentration	M_for_c	9.991e-05
concentration	M_oaa_c	2.048e-06
concentration	M_glx_c	2.824e-05
concentration	M_pep_c	6.167e-04
concentration	M_g3p_c	1.409e-05
concentration	M_acald_c	9.991e-05
concentration	M_dhap_c	7.083e-04
concentration	M_succoa_c	3.900e-04
concentration	M_fum_c	1.815e-03
concentration	M_mal__L_c	3.260e-03
concentration	M_r5p_c	6.713e-05
concentration	M_3pg_c	2.056e-03
concentration	M_cit_c	1.958e-03
concentration	M_ru5p__D_c	1.866e-04
concentration	M_g6p_c	3.971e-04
concentration	M_q8_c	1.742e-05
concentration	M_xu5p__D_c	1.716e-04
concentration	M_q8h2_c	5.730e-04
concentration	M_e4p_c	1.343e-05
concentration	M_13dpg_c	1.826e-05
concentration	M_s7p_c	1.048e-03
concentration	M_2pg_c	1.947e-04
concentration	M_actp_c	1.442e-03
concentration	M_lac__D_c	9.991e-05
concentration	M_etoh_c	9.991e-05
concentration	M_6pgc_c	9.626e-05
concentration	M_fdp_c	2.666e-04
concentration	M_6pgl_c	7.561e-05
concentration	M_acon_C_c	2.941e-05
concentration	M_glu__L_c	2.217e-02
concentration	M_icit_c	1.608e-05
concentration	M_f6p_c	2.732e-04

!!SBtab TableID='Predicted Gibbs energies' TableType='Quantity' TableName='Predicted Gibbs energies' SBtabVersion='1.0' Unit='kJ/mol'
!QuantityType	!Reaction	!Value
reaction gibbs energy	R_PFK	-2.175e+01
reaction gibbs energy	R_PFL	0.000e+00
reaction gibbs energy	R_PGI	-1.566e+00
reaction gibbs energy	R_PGK	-1.870e-02
reaction gibbs energy	R_PGL	-2.337e+01
reaction gibbs energy	R_ACALD	0.000e+00
reaction gibbs energy	R_PGM	-1.870e-02
reaction gibbs energy	R_ALCD2x	0.000e+00
reaction gibbs energy	R_ACKr	0.000e+00
reaction gibbs energy	R_PPC	0.000e+00
reaction gibbs energy	R_ACONTa	-1.659e+00
reaction gibbs energy	R_ACONTb	-3.038e+00
reaction gibbs energy	R_ATPM	0.000e+00
reaction gibbs energy	R_PPCK	0.000e+00
reaction gibbs energy	R_PPS	-2.188e+01
reaction gibbs energy	R_ADK1	-5.509e+00
reaction gibbs energy	R_AKGDH	0.000e+00
reaction gibbs energy	R_PTAr	0.000e+00
reaction gibbs energy	R_PYK	0.000e+00
reaction gibbs energy	R_RPE	-3.678e+00
reaction gibbs energy	R_CS	-1.466e+01
reaction gibbs energy	R_RPI	-4.677e+00
reaction gibbs energy	R_ENO	-1.870e-02
reaction gibbs energy	R_SUCDi	-1.191e+01
reaction gibbs energy	R_SUCOAS	0.000e+00
reaction gibbs energy	R_TALA	-4.489e+00
reaction gibbs energy	R_TKT1	-3.323e+00
reaction gibbs energy	R_TKT2	0.000e+00
reaction gibbs energy	R_TPI	0.000e+00
reaction gibbs energy	R_FBA	0.000e+00
reaction gibbs energy	R_FBP	-2.600e+01
reaction gibbs energy	R_FRD7	0.000e+00
reaction gibbs energy	R_FUM	-1.972e+00
reaction gibbs energy	R_G6PDH2r	-4.141e+00
reaction gibbs energy	R_GAPD	-4.269e+00
reaction gibbs energy	R_GLNS	-1.087e+01
reaction gibbs energy	R_GLUDy	0.000e+00
reaction gibbs energy	R_GLUN	0.000e+00
reaction gibbs energy	R_GLUSy	-3.798e+01
reaction gibbs energy	R_GND	-3.483e+00
reaction gibbs energy	R_ICDHyr	-3.090e+00
reaction gibbs energy	R_ICL	-8.670e+00
reaction gibbs energy	R_LDH_D	0.000e+00
reaction gibbs energy	R_MALS	-1.822e+01
reaction gibbs energy	R_MDH	-1.660e+00
reaction gibbs energy	R_ME1	0.000e+00
reaction gibbs energy	R_ME2	-6.120e+00
reaction gibbs energy	R_NADTRHD	0.000e+00
reaction gibbs energy	R_PDH	-5.644e+01

