!!!SBtab DocumentName='report' SBtabVersion='1.0' Date='2022-6-9'
!!SBtab TableID='Predicted concentrations' TableType='Quantity' TableName='Predicted concentrations' SBtabVersion='1.0' Unit='M'
!QuantityType	!Compound	!Value
concentration	M_h2o_c	1.000e+00
concentration	M_atp_c	2.427e-03
concentration	M_nadp_c	6.620e-06
concentration	M_nadph_c	5.092e-05
concentration	M_adp_c	2.609e-04
concentration	M_nad_c	1.530e-03
concentration	M_pi_c	4.952e-03
concentration	M_nadh_c	2.370e-04
concentration	M_coa_c	8.703e-03
concentration	M_co2_c	1.380e-04
concentration	M_amp_c	2.692e-04
concentration	M_nh4_c	1.022e-05
concentration	M_akg_c	2.839e-04
concentration	M_accoa_c	5.499e-04
concentration	M_pyr_c	1.062e-03
concentration	M_succ_c	4.310e-04
concentration	M_ac_c	9.995e-05
concentration	M_gln__L_c	2.124e-03
concentration	M_for_c	9.995e-05
concentration	M_oaa_c	1.698e-04
concentration	M_glx_c	2.755e-05
concentration	M_pep_c	6.167e-04
concentration	M_g3p_c	1.226e-04
concentration	M_acald_c	9.995e-05
concentration	M_dhap_c	5.632e-04
concentration	M_succoa_c	3.900e-04
concentration	M_fum_c	1.229e-03
concentration	M_mal__L_c	2.347e-03
concentration	M_r5p_c	1.137e-04
concentration	M_3pg_c	2.056e-03
concentration	M_cit_c	1.981e-03
concentration	M_ru5p__D_c	2.191e-04
concentration	M_g6p_c	4.070e-04
concentration	M_q8_c	1.685e-05
concentration	M_xu5p__D_c	2.573e-04
concentration	M_q8h2_c	5.927e-04
concentration	M_e4p_c	1.355e-05
concentration	M_13dpg_c	1.826e-05
concentration	M_s7p_c	6.690e-04
concentration	M_2pg_c	1.947e-04
concentration	M_actp_c	1.442e-03
concentration	M_lac__D_c	9.995e-05
concentration	M_etoh_c	9.995e-05
concentration	M_6pgc_c	9.899e-05
concentration	M_fdp_c	1.761e-04
concentration	M_6pgl_c	3.554e-05
concentration	M_acon_C_c	2.928e-05
concentration	M_glu__L_c	2.191e-02
concentration	M_icit_c	1.517e-05
concentration	M_f6p_c	2.774e-04

!!SBtab TableID='Predicted Gibbs energies' TableType='Quantity' TableName='Predicted Gibbs energies' SBtabVersion='1.0' Unit='kJ/mol'
!QuantityType	!Reaction	!Value
reaction gibbs energy	R_PFK	0.000e+00
reaction gibbs energy	R_PFL	0.000e+00
reaction gibbs energy	R_PGI	-1.543e+00
reaction gibbs energy	R_PGK	-1.870e-02
reaction gibbs energy	R_PGL	-2.143e+01
reaction gibbs energy	R_ACALD	0.000e+00
reaction gibbs energy	R_PGM	-1.870e-02
reaction gibbs energy	R_ALCD2x	0.000e+00
reaction gibbs energy	R_ACKr	0.000e+00
reaction gibbs energy	R_PPC	-3.498e+01
reaction gibbs energy	R_ACONTa	-1.699e+00
reaction gibbs energy	R_ACONTb	-3.172e+00
reaction gibbs energy	R_ATPM	0.000e+00
reaction gibbs energy	R_PPCK	0.000e+00
reaction gibbs energy	R_PPS	-2.181e+01
reaction gibbs energy	R_ADK1	-5.484e+00
reaction gibbs energy	R_AKGDH	0.000e+00
reaction gibbs energy	R_PTAr	0.000e+00
reaction gibbs energy	R_PYK	0.000e+00
reaction gibbs energy	R_RPE	-3.073e+00
reaction gibbs energy	R_CS	-2.453e+01
reaction gibbs energy	R_RPI	-3.770e+00
reaction gibbs energy	R_ENO	-1.870e-02
reaction gibbs energy	R_SUCDi	-1.269e+01
reaction gibbs energy	R_SUCOAS	0.000e+00
reaction gibbs energy	R_TALA	-8.677e+00
reaction gibbs energy	R_TKT1	-1.384e+00
reaction gibbs energy	R_TKT2	-4.788e+00
reaction gibbs energy	R_TPI	-1.460e+00
reaction gibbs energy	R_FBA	-2.797e+00
reaction gibbs energy	R_FBP	-2.455e+01
reaction gibbs energy	R_FRD7	0.000e+00
reaction gibbs energy	R_FUM	0.000e+00
reaction gibbs energy	R_G6PDH2r	-5.968e+00
reaction gibbs energy	R_GAPD	-5.440e+00
reaction gibbs energy	R_GLNS	-1.031e+01
reaction gibbs energy	R_GLUDy	0.000e+00
reaction gibbs energy	R_GLUN	0.000e+00
reaction gibbs energy	R_GLUSy	-3.828e+01
reaction gibbs energy	R_GND	-3.813e+00
reaction gibbs energy	R_ICDHyr	-3.491e+00
reaction gibbs energy	R_ICL	-8.609e+00
reaction gibbs energy	R_LDH_D	0.000e+00
reaction gibbs energy	R_MALS	-1.793e+01
reaction gibbs energy	R_MDH	0.000e+00
reaction gibbs energy	R_ME1	-1.543e+01
reaction gibbs energy	R_ME2	0.000e+00
reaction gibbs energy	R_NADTRHD	-9.766e+00
reaction gibbs energy	R_PDH	-5.163e+01

