!!!SBtab DocumentName='report' SBtabVersion='1.0' Date='2022-6-9'
!!SBtab TableID='Predicted concentrations' TableType='Quantity' TableName='Predicted concentrations' SBtabVersion='1.0' Unit='M'
!QuantityType	!Compound	!Value
concentration	M_h2o_c	1.000e+00
concentration	M_atp_c	2.427e-03
concentration	M_nadp_c	6.388e-06
concentration	M_nadph_c	5.479e-05
concentration	M_adp_c	2.609e-04
concentration	M_nad_c	1.987e-03
concentration	M_pi_c	8.135e-03
concentration	M_nadh_c	4.273e-06
concentration	M_coa_c	2.691e-03
concentration	M_co2_c	1.657e-04
concentration	M_amp_c	2.677e-04
concentration	M_nh4_c	8.907e-06
concentration	M_akg_c	2.841e-04
concentration	M_accoa_c	6.474e-04
concentration	M_pyr_c	1.301e-03
concentration	M_succ_c	4.074e-04
concentration	M_ac_c	1.000e-02
concentration	M_gln__L_c	2.159e-03
concentration	M_for_c	1.000e-04
concentration	M_oaa_c	2.170e-06
concentration	M_glx_c	1.000e-04
concentration	M_pep_c	1.648e-04
concentration	M_g3p_c	3.682e-05
concentration	M_acald_c	1.000e-04
concentration	M_dhap_c	8.215e-04
concentration	M_succoa_c	3.901e-04
concentration	M_fum_c	1.673e-03
concentration	M_mal__L_c	1.617e-03
concentration	M_r5p_c	9.573e-05
concentration	M_3pg_c	1.617e-03
concentration	M_cit_c	2.358e-03
concentration	M_ru5p__D_c	2.421e-04
concentration	M_g6p_c	3.593e-04
concentration	M_q8_c	2.058e-05
concentration	M_xu5p__D_c	2.114e-04
concentration	M_q8h2_c	4.858e-04
concentration	M_e4p_c	1.349e-05
concentration	M_13dpg_c	2.164e-05
concentration	M_s7p_c	7.633e-04
concentration	M_2pg_c	9.731e-05
concentration	M_actp_c	1.020e-03
concentration	M_lac__D_c	4.752e-04
concentration	M_etoh_c	1.000e-04
concentration	M_6pgc_c	1.115e-04
concentration	M_fdp_c	6.734e-04
concentration	M_6pgl_c	1.887e-05
concentration	M_acon_C_c	2.699e-05
concentration	M_glu__L_c	2.039e-02
concentration	M_icit_c	1.487e-05
concentration	M_f6p_c	2.988e-04

!!SBtab TableID='Predicted Gibbs energies' TableType='Quantity' TableName='Predicted Gibbs energies' SBtabVersion='1.0' Unit='kJ/mol'
!QuantityType	!Reaction	!Value
reaction gibbs energy	R_PFK	-1.932e+01
reaction gibbs energy	R_PFL	0.000e+00
reaction gibbs energy	R_PGI	-2.109e+00
reaction gibbs energy	R_PGK	-3.250e+00
reaction gibbs energy	R_PGL	-1.932e+01
reaction gibbs energy	R_ACALD	0.000e+00
reaction gibbs energy	R_PGM	-2.563e+00
reaction gibbs energy	R_ALCD2x	0.000e+00
reaction gibbs energy	R_ACKr	-1.274e+00
reaction gibbs energy	R_PPC	0.000e+00
reaction gibbs energy	R_ACONTa	-2.376e+00
reaction gibbs energy	R_ACONTb	-2.965e+00
reaction gibbs energy	R_ATPM	0.000e+00
reaction gibbs energy	R_PPCK	0.000e+00
reaction gibbs energy	R_PPS	0.000e+00
reaction gibbs energy	R_ADK1	0.000e+00
reaction gibbs energy	R_AKGDH	0.000e+00
reaction gibbs energy	R_PTAr	-3.872e+00
reaction gibbs energy	R_PYK	-1.597e+01
reaction gibbs energy	R_RPE	-3.707e+00
reaction gibbs energy	R_CS	-1.621e+01
reaction gibbs energy	R_RPI	-4.419e+00
reaction gibbs energy	R_ENO	-2.558e+00
reaction gibbs energy	R_SUCDi	-1.315e+01
reaction gibbs energy	R_SUCOAS	0.000e+00
reaction gibbs energy	R_TALA	-5.789e+00
reaction gibbs energy	R_TKT1	-2.998e+00
reaction gibbs energy	R_TKT2	0.000e+00
reaction gibbs energy	R_TPI	-2.136e+00
reaction gibbs energy	R_FBA	-2.263e+00
reaction gibbs energy	R_FBP	0.000e+00
reaction gibbs energy	R_FRD7	0.000e+00
reaction gibbs energy	R_FUM	-3.513e+00
reaction gibbs energy	R_G6PDH2r	-7.067e+00
reaction gibbs energy	R_GAPD	-1.516e+00
reaction gibbs energy	R_GLNS	-8.475e+00
reaction gibbs energy	R_GLUDy	0.000e+00
reaction gibbs energy	R_GLUN	0.000e+00
reaction gibbs energy	R_GLUSy	-3.869e+01
reaction gibbs energy	R_GND	-3.923e+00
reaction gibbs energy	R_ICDHyr	-3.528e+00
reaction gibbs energy	R_ICL	0.000e+00
reaction gibbs energy	R_LDH_D	-9.515e+00
reaction gibbs energy	R_MALS	0.000e+00
reaction gibbs energy	R_MDH	-3.515e+00
reaction gibbs energy	R_ME1	-2.510e+01
reaction gibbs energy	R_ME2	-4.463e+00
reaction gibbs energy	R_NADTRHD	0.000e+00
reaction gibbs energy	R_PDH	-5.741e+01

