!!!SBtab DocumentName='report' SBtabVersion='1.0' Date='2022-6-9'
!!SBtab TableID='Predicted concentrations' TableType='Quantity' TableName='Predicted concentrations' SBtabVersion='1.0' Unit='M'
!QuantityType	!Compound	!Value
concentration	M_h2o_c	1.000e+00
concentration	M_atp_c	2.427e-03
concentration	M_nadp_c	6.733e-06
concentration	M_nadph_c	5.050e-05
concentration	M_adp_c	2.609e-04
concentration	M_nad_c	1.598e-03
concentration	M_pi_c	4.298e-03
concentration	M_nadh_c	8.413e-06
concentration	M_coa_c	5.003e-03
concentration	M_co2_c	1.055e-04
concentration	M_amp_c	2.678e-04
concentration	M_nh4_c	5.430e-06
concentration	M_akg_c	2.825e-04
concentration	M_accoa_c	6.043e-04
concentration	M_pyr_c	1.406e-03
concentration	M_succ_c	3.971e-04
concentration	M_ac_c	1.000e-02
concentration	M_gln__L_c	2.095e-03
concentration	M_for_c	1.000e-04
concentration	M_oaa_c	2.327e-06
concentration	M_glx_c	1.000e-04
concentration	M_pep_c	6.167e-04
concentration	M_g3p_c	1.268e-04
concentration	M_acald_c	1.000e-04
concentration	M_dhap_c	5.219e-04
concentration	M_succoa_c	3.901e-04
concentration	M_fum_c	1.732e-03
concentration	M_mal__L_c	2.224e-03
concentration	M_r5p_c	1.259e-04
concentration	M_3pg_c	1.020e-03
concentration	M_cit_c	2.121e-03
concentration	M_ru5p__D_c	2.596e-04
concentration	M_g6p_c	3.794e-04
concentration	M_q8_c	1.744e-05
concentration	M_xu5p__D_c	2.783e-04
concentration	M_q8h2_c	5.737e-04
concentration	M_e4p_c	1.367e-05
concentration	M_13dpg_c	3.132e-05
concentration	M_s7p_c	6.130e-04
concentration	M_2pg_c	1.399e-04
concentration	M_actp_c	1.020e-03
concentration	M_lac__D_c	7.919e-04
concentration	M_etoh_c	1.000e-04
concentration	M_6pgc_c	1.031e-04
concentration	M_fdp_c	1.583e-04
concentration	M_6pgl_c	1.743e-05
concentration	M_acon_C_c	2.737e-05
concentration	M_glu__L_c	2.222e-02
concentration	M_icit_c	1.405e-05
concentration	M_f6p_c	2.920e-04

!!SBtab TableID='Predicted Gibbs energies' TableType='Quantity' TableName='Predicted Gibbs energies' SBtabVersion='1.0' Unit='kJ/mol'
!QuantityType	!Reaction	!Value
reaction gibbs energy	R_PFK	0.000e+00
reaction gibbs energy	R_PFL	0.000e+00
reaction gibbs energy	R_PGI	-1.875e+00
reaction gibbs energy	R_PGK	0.000e+00
reaction gibbs energy	R_PGL	-1.947e+01
reaction gibbs energy	R_ACALD	0.000e+00
reaction gibbs energy	R_PGM	-5.939e-01
reaction gibbs energy	R_ALCD2x	0.000e+00
reaction gibbs energy	R_ACKr	-5.939e-01
reaction gibbs energy	R_PPC	0.000e+00
reaction gibbs energy	R_ACONTa	-2.073e+00
reaction gibbs energy	R_ACONTb	-3.161e+00
reaction gibbs energy	R_ATPM	0.000e+00
reaction gibbs energy	R_PPCK	-2.886e+00
reaction gibbs energy	R_PPS	0.000e+00
reaction gibbs energy	R_ADK1	0.000e+00
reaction gibbs energy	R_AKGDH	0.000e+00
reaction gibbs energy	R_PTAr	-7.716e+00
reaction gibbs energy	R_PYK	0.000e+00
reaction gibbs energy	R_RPE	-3.271e+00
reaction gibbs energy	R_CS	-1.509e+01
reaction gibbs energy	R_RPI	-3.929e+00
reaction gibbs energy	R_ENO	-5.939e-01
reaction gibbs energy	R_SUCDi	-1.225e+01
reaction gibbs energy	R_SUCOAS	0.000e+00
reaction gibbs energy	R_TALA	-8.380e+00
reaction gibbs energy	R_TKT1	-1.930e+00
reaction gibbs energy	R_TKT2	-4.759e+00
reaction gibbs energy	R_TPI	-1.867e+00
reaction gibbs energy	R_FBA	-3.086e+00
reaction gibbs energy	R_FBP	-2.453e+01
reaction gibbs energy	R_FRD7	0.000e+00
reaction gibbs energy	R_FUM	-2.806e+00
reaction gibbs energy	R_G6PDH2r	-7.670e+00
reaction gibbs energy	R_GAPD	0.000e+00
reaction gibbs energy	R_GLNS	-9.155e+00
reaction gibbs energy	R_GLUDy	0.000e+00
reaction gibbs energy	R_GLUN	0.000e+00
reaction gibbs energy	R_GLUSy	-3.797e+01
reaction gibbs energy	R_GND	-4.583e+00
reaction gibbs energy	R_ICDHyr	-4.441e+00
reaction gibbs energy	R_ICL	0.000e+00
reaction gibbs energy	R_LDH_D	-1.066e+01
reaction gibbs energy	R_MALS	0.000e+00
reaction gibbs energy	R_MDH	-1.894e+00
reaction gibbs energy	R_ME1	-2.403e+01
reaction gibbs energy	R_ME2	0.000e+00
reaction gibbs energy	R_NADTRHD	0.000e+00
reaction gibbs energy	R_PDH	0.000e+00

