!!!SBtab DocumentName='report' SBtabVersion='1.0' Date='2022-6-9'
!!SBtab TableID='Predicted concentrations' TableType='Quantity' TableName='Predicted concentrations' SBtabVersion='1.0' Unit='M'
!QuantityType	!Compound	!Value
concentration	M_h2o_c	1.000e+00
concentration	M_atp_c	2.427e-03
concentration	M_nadp_c	6.690e-06
concentration	M_nadph_c	5.154e-05
concentration	M_adp_c	2.609e-04
concentration	M_nad_c	1.975e-03
concentration	M_pi_c	8.380e-03
concentration	M_nadh_c	4.381e-06
concentration	M_coa_c	7.410e-04
concentration	M_co2_c	7.319e-05
concentration	M_amp_c	2.718e-04
concentration	M_nh4_c	1.000e-04
concentration	M_akg_c	2.790e-04
concentration	M_accoa_c	3.314e-04
concentration	M_pyr_c	1.048e-03
concentration	M_succ_c	2.800e-04
concentration	M_ac_c	1.000e-02
concentration	M_gln__L_c	2.104e-03
concentration	M_for_c	1.000e-04
concentration	M_oaa_c	3.498e-06
concentration	M_glx_c	1.000e-04
concentration	M_pep_c	1.704e-04
concentration	M_g3p_c	3.958e-05
concentration	M_acald_c	1.000e-04
concentration	M_dhap_c	8.337e-04
concentration	M_succoa_c	1.070e-03
concentration	M_fum_c	1.787e-03
concentration	M_mal__L_c	2.030e-03
concentration	M_r5p_c	5.604e-05
concentration	M_3pg_c	1.592e-03
concentration	M_cit_c	2.318e-03
concentration	M_ru5p__D_c	1.858e-04
concentration	M_g6p_c	4.964e-04
concentration	M_q8_c	1.880e-05
concentration	M_xu5p__D_c	1.652e-04
concentration	M_q8h2_c	5.320e-04
concentration	M_e4p_c	1.349e-05
concentration	M_13dpg_c	2.184e-05
concentration	M_s7p_c	1.145e-03
concentration	M_2pg_c	9.844e-05
concentration	M_actp_c	1.020e-03
concentration	M_lac__D_c	5.047e-04
concentration	M_etoh_c	1.000e-04
concentration	M_6pgc_c	7.900e-05
concentration	M_fdp_c	6.910e-04
concentration	M_6pgl_c	1.000e-04
concentration	M_acon_C_c	2.585e-05
concentration	M_glu__L_c	2.173e-02
concentration	M_icit_c	1.175e-05
concentration	M_f6p_c	2.182e-04

!!SBtab TableID='Predicted Gibbs energies' TableType='Quantity' TableName='Predicted Gibbs energies' SBtabVersion='1.0' Unit='kJ/mol'
!QuantityType	!Reaction	!Value
reaction gibbs energy	R_PFK	-1.848e+01
reaction gibbs energy	R_PFL	0.000e+00
reaction gibbs energy	R_PGI	0.000e+00
reaction gibbs energy	R_PGK	-3.312e+00
reaction gibbs energy	R_PGL	0.000e+00
reaction gibbs energy	R_ACALD	0.000e+00
reaction gibbs energy	R_PGM	-2.495e+00
reaction gibbs energy	R_ALCD2x	0.000e+00
reaction gibbs energy	R_ACKr	-1.274e+00
reaction gibbs energy	R_PPC	-3.703e+01
reaction gibbs energy	R_ACONTa	-2.439e+00
reaction gibbs energy	R_ACONTb	-3.442e+00
reaction gibbs energy	R_ATPM	0.000e+00
reaction gibbs energy	R_PPCK	0.000e+00
reaction gibbs energy	R_PPS	-2.365e+01
reaction gibbs energy	R_ADK1	-5.534e+00
reaction gibbs energy	R_AKGDH	-4.573e+01
reaction gibbs energy	R_PTAr	-2.263e+00
reaction gibbs energy	R_PYK	0.000e+00
reaction gibbs energy	R_RPE	0.000e+00
reaction gibbs energy	R_CS	-1.898e+01
reaction gibbs energy	R_RPI	0.000e+00
reaction gibbs energy	R_ENO	-2.503e+00
reaction gibbs energy	R_SUCDi	-1.161e+01
reaction gibbs energy	R_SUCOAS	-2.166e+00
reaction gibbs energy	R_TALA	0.000e+00
reaction gibbs energy	R_TKT1	0.000e+00
reaction gibbs energy	R_TKT2	0.000e+00
reaction gibbs energy	R_TPI	-1.994e+00
reaction gibbs energy	R_FBA	-2.112e+00
reaction gibbs energy	R_FBP	0.000e+00
reaction gibbs energy	R_FRD7	0.000e+00
reaction gibbs energy	R_FUM	-3.112e+00
reaction gibbs energy	R_G6PDH2r	0.000e+00
reaction gibbs energy	R_GAPD	-1.670e+00
reaction gibbs energy	R_GLNS	0.000e+00
reaction gibbs energy	R_GLUDy	0.000e+00
reaction gibbs energy	R_GLUN	0.000e+00
reaction gibbs energy	R_GLUSy	0.000e+00
reaction gibbs energy	R_GND	0.000e+00
reaction gibbs energy	R_ICDHyr	-5.279e+00
reaction gibbs energy	R_ICL	0.000e+00
reaction gibbs energy	R_LDH_D	-8.906e+00
reaction gibbs energy	R_MALS	0.000e+00
reaction gibbs energy	R_MDH	-2.820e+00
reaction gibbs energy	R_ME1	0.000e+00
reaction gibbs energy	R_ME2	-7.854e+00
reaction gibbs energy	R_NADTRHD	-2.029e+01
reaction gibbs energy	R_PDH	0.000e+00

