!!!SBtab DocumentName='report' SBtabVersion='1.0' Date='2022-6-9'
!!SBtab TableID='Predicted concentrations' TableType='Quantity' TableName='Predicted concentrations' SBtabVersion='1.0' Unit='M'
!QuantityType	!Compound	!Value
concentration	M_h2o_c	1.000e+00
concentration	M_atp_c	2.427e-03
concentration	M_nadp_c	6.571e-06
concentration	M_nadph_c	5.423e-05
concentration	M_adp_c	2.609e-04
concentration	M_nad_c	1.559e-03
concentration	M_pi_c	5.914e-03
concentration	M_nadh_c	3.149e-05
concentration	M_coa_c	1.233e-04
concentration	M_co2_c	8.615e-05
concentration	M_amp_c	2.677e-04
concentration	M_nh4_c	7.625e-06
concentration	M_akg_c	3.012e-04
concentration	M_accoa_c	1.284e-03
concentration	M_pyr_c	9.986e-04
concentration	M_succ_c	4.277e-04
concentration	M_ac_c	5.131e-04
concentration	M_gln__L_c	2.125e-03
concentration	M_for_c	1.000e-04
concentration	M_oaa_c	1.659e-06
concentration	M_glx_c	4.015e-05
concentration	M_pep_c	6.167e-04
concentration	M_g3p_c	8.347e-05
concentration	M_acald_c	1.000e-04
concentration	M_dhap_c	4.900e-04
concentration	M_succoa_c	3.901e-04
concentration	M_fum_c	2.000e-03
concentration	M_mal__L_c	4.175e-03
concentration	M_r5p_c	1.017e-04
concentration	M_3pg_c	2.056e-03
concentration	M_cit_c	2.002e-03
concentration	M_ru5p__D_c	2.235e-04
concentration	M_g6p_c	4.048e-04
concentration	M_q8_c	1.688e-05
concentration	M_xu5p__D_c	2.346e-04
concentration	M_q8h2_c	5.926e-04
concentration	M_e4p_c	1.357e-05
concentration	M_13dpg_c	1.826e-05
concentration	M_s7p_c	7.158e-04
concentration	M_2pg_c	1.947e-04
concentration	M_actp_c	1.248e-03
concentration	M_lac__D_c	9.923e-04
concentration	M_etoh_c	1.000e-04
concentration	M_6pgc_c	9.307e-05
concentration	M_fdp_c	1.505e-04
concentration	M_6pgl_c	1.770e-05
concentration	M_acon_C_c	2.936e-05
concentration	M_glu__L_c	2.167e-02
concentration	M_icit_c	1.437e-05
concentration	M_f6p_c	2.830e-04

!!SBtab TableID='Predicted Gibbs energies' TableType='Quantity' TableName='Predicted Gibbs energies' SBtabVersion='1.0' Unit='kJ/mol'
!QuantityType	!Reaction	!Value
reaction gibbs energy	R_PFK	0.000e+00
reaction gibbs energy	R_PFL	0.000e+00
reaction gibbs energy	R_PGI	-1.606e+00
reaction gibbs energy	R_PGK	-1.870e-02
reaction gibbs energy	R_PGL	-1.985e+01
reaction gibbs energy	R_ACALD	0.000e+00
reaction gibbs energy	R_PGM	-1.870e-02
reaction gibbs energy	R_ALCD2x	0.000e+00
reaction gibbs energy	R_ACKr	-1.074e+01
reaction gibbs energy	R_PPC	0.000e+00
reaction gibbs energy	R_ACONTa	-1.719e+00
reaction gibbs energy	R_ACONTb	-3.312e+00
reaction gibbs energy	R_ATPM	0.000e+00
reaction gibbs energy	R_PPCK	-2.082e+00
reaction gibbs energy	R_PPS	0.000e+00
reaction gibbs energy	R_ADK1	0.000e+00
reaction gibbs energy	R_AKGDH	0.000e+00
reaction gibbs energy	R_PTAr	-6.215e-01
reaction gibbs energy	R_PYK	0.000e+00
reaction gibbs energy	R_RPE	-3.352e+00
reaction gibbs energy	R_CS	-2.569e+01
reaction gibbs energy	R_RPI	-4.096e+00
reaction gibbs energy	R_ENO	-1.870e-02
reaction gibbs energy	R_SUCDi	-1.147e+01
reaction gibbs energy	R_SUCOAS	0.000e+00
reaction gibbs energy	R_TALA	-7.840e+00
reaction gibbs energy	R_TKT1	-1.662e+00
reaction gibbs energy	R_TKT2	0.000e+00
reaction gibbs energy	R_TPI	-8.532e-01
reaction gibbs energy	R_FBA	-1.889e+00
reaction gibbs energy	R_FBP	-2.367e+01
reaction gibbs energy	R_FRD7	0.000e+00
reaction gibbs energy	R_FUM	-1.600e+00
reaction gibbs energy	R_G6PDH2r	-7.507e+00
reaction gibbs energy	R_GAPD	-9.032e-01
reaction gibbs energy	R_GLNS	-9.115e+00
reaction gibbs energy	R_GLUDy	0.000e+00
reaction gibbs energy	R_GLUN	0.000e+00
reaction gibbs energy	R_GLUSy	-3.865e+01
reaction gibbs energy	R_GND	-4.603e+00
reaction gibbs energy	R_ICDHyr	-4.203e+00
reaction gibbs energy	R_ICL	-7.562e+00
reaction gibbs energy	R_LDH_D	-1.258e+01
reaction gibbs energy	R_MALS	-3.009e+01
reaction gibbs energy	R_MDH	-9.206e-01
reaction gibbs energy	R_ME1	0.000e+00
reaction gibbs energy	R_ME2	-8.236e+00
reaction gibbs energy	R_NADTRHD	0.000e+00
reaction gibbs energy	R_PDH	-4.504e+01

