!!!SBtab DocumentName='report' SBtabVersion='1.0' Date='2022-6-9'
!!SBtab TableID='Predicted concentrations' TableType='Quantity' TableName='Predicted concentrations' SBtabVersion='1.0' Unit='M'
!QuantityType	!Compound	!Value
concentration	M_h2o_c	1.000e+00
concentration	M_atp_c	2.427e-03
concentration	M_nadp_c	6.698e-06
concentration	M_nadph_c	5.107e-05
concentration	M_adp_c	2.609e-04
concentration	M_nad_c	1.517e-03
concentration	M_pi_c	6.341e-03
concentration	M_nadh_c	1.009e-04
concentration	M_coa_c	5.100e-04
concentration	M_co2_c	7.657e-05
concentration	M_amp_c	2.730e-04
concentration	M_nh4_c	1.137e-05
concentration	M_akg_c	2.628e-04
concentration	M_accoa_c	3.749e-04
concentration	M_pyr_c	9.697e-04
concentration	M_succ_c	3.017e-04
concentration	M_ac_c	1.000e-02
concentration	M_gln__L_c	2.100e-03
concentration	M_for_c	9.997e-05
concentration	M_oaa_c	1.633e-04
concentration	M_glx_c	9.997e-05
concentration	M_pep_c	6.167e-04
concentration	M_g3p_c	1.279e-04
concentration	M_acald_c	9.997e-05
concentration	M_dhap_c	5.348e-04
concentration	M_succoa_c	9.795e-04
concentration	M_fum_c	1.554e-03
concentration	M_mal__L_c	1.640e-03
concentration	M_r5p_c	1.218e-04
concentration	M_3pg_c	1.020e-03
concentration	M_cit_c	2.173e-03
concentration	M_ru5p__D_c	2.502e-04
concentration	M_g6p_c	3.838e-04
concentration	M_q8_c	1.768e-05
concentration	M_xu5p__D_c	2.743e-04
concentration	M_q8h2_c	5.653e-04
concentration	M_e4p_c	1.362e-05
concentration	M_13dpg_c	3.132e-05
concentration	M_s7p_c	6.292e-04
concentration	M_2pg_c	1.399e-04
concentration	M_actp_c	1.020e-03
concentration	M_lac__D_c	9.168e-04
concentration	M_etoh_c	9.997e-05
concentration	M_6pgc_c	9.841e-05
concentration	M_fdp_c	1.705e-04
concentration	M_6pgl_c	1.654e-05
concentration	M_acon_C_c	2.874e-05
concentration	M_glu__L_c	2.217e-02
concentration	M_icit_c	1.384e-05
concentration	M_f6p_c	2.892e-04

!!SBtab TableID='Predicted Gibbs energies' TableType='Quantity' TableName='Predicted Gibbs energies' SBtabVersion='1.0' Unit='kJ/mol'
!QuantityType	!Reaction	!Value
reaction gibbs energy	R_PFK	0.000e+00
reaction gibbs energy	R_PFL	0.000e+00
reaction gibbs energy	R_PGI	-1.823e+00
reaction gibbs energy	R_PGK	0.000e+00
reaction gibbs energy	R_PGL	-1.945e+01
reaction gibbs energy	R_ACALD	0.000e+00
reaction gibbs energy	R_PGM	-5.939e-01
reaction gibbs energy	R_ALCD2x	0.000e+00
reaction gibbs energy	R_ACKr	-5.939e-01
reaction gibbs energy	R_PPC	-3.240e+01
reaction gibbs energy	R_ACONTa	-2.012e+00
reaction gibbs energy	R_ACONTb	-3.320e+00
reaction gibbs energy	R_ATPM	0.000e+00
reaction gibbs energy	R_PPCK	0.000e+00
reaction gibbs energy	R_PPS	-2.089e+01
reaction gibbs energy	R_ADK1	-5.547e+00
reaction gibbs energy	R_AKGDH	-3.615e+01
reaction gibbs energy	R_PTAr	-2.277e+00
reaction gibbs energy	R_PYK	0.000e+00
reaction gibbs energy	R_RPE	-3.217e+00
reaction gibbs energy	R_CS	-3.003e+01
reaction gibbs energy	R_RPI	-3.921e+00
reaction gibbs energy	R_ENO	-5.939e-01
reaction gibbs energy	R_SUCDi	-1.191e+01
reaction gibbs energy	R_SUCOAS	-1.955e+00
reaction gibbs energy	R_TALA	-8.498e+00
reaction gibbs energy	R_TKT1	-1.725e+00
reaction gibbs energy	R_TKT2	-4.716e+00
reaction gibbs energy	R_TPI	-1.828e+00
reaction gibbs energy	R_FBA	-2.985e+00
reaction gibbs energy	R_FBP	-2.377e+01
reaction gibbs energy	R_FRD7	0.000e+00
reaction gibbs energy	R_FUM	-3.291e+00
reaction gibbs energy	R_G6PDH2r	-7.788e+00
reaction gibbs energy	R_GAPD	0.000e+00
reaction gibbs energy	R_GLNS	-1.001e+01
reaction gibbs energy	R_GLUDy	0.000e+00
reaction gibbs energy	R_GLUN	0.000e+00
reaction gibbs energy	R_GLUSy	-3.784e+01
reaction gibbs energy	R_GND	-5.313e+00
reaction gibbs energy	R_ICDHyr	-5.337e+00
reaction gibbs energy	R_ICL	0.000e+00
reaction gibbs energy	R_LDH_D	-1.566e+01
reaction gibbs energy	R_MALS	0.000e+00
reaction gibbs energy	R_MDH	0.000e+00
reaction gibbs energy	R_ME1	0.000e+00
reaction gibbs energy	R_ME2	-6.856e+00
reaction gibbs energy	R_NADTRHD	-1.185e+01
reaction gibbs energy	R_PDH	0.000e+00

