!!!SBtab DocumentName='report' SBtabVersion='1.0' Date='2022-6-9'
!!SBtab TableID='Predicted concentrations' TableType='Quantity' TableName='Predicted concentrations' SBtabVersion='1.0' Unit='M'
!QuantityType	!Compound	!Value
concentration	M_h2o_c	1.000e+00
concentration	M_atp_c	2.427e-03
concentration	M_nadp_c	6.720e-06
concentration	M_nadph_c	5.085e-05
concentration	M_adp_c	2.609e-04
concentration	M_nad_c	1.633e-03
concentration	M_pi_c	4.976e-03
concentration	M_nadh_c	9.726e-06
concentration	M_coa_c	4.290e-04
concentration	M_co2_c	1.109e-04
concentration	M_amp_c	2.678e-04
concentration	M_nh4_c	8.252e-06
concentration	M_akg_c	2.581e-04
concentration	M_accoa_c	3.734e-04
concentration	M_pyr_c	1.490e-03
concentration	M_succ_c	2.938e-04
concentration	M_ac_c	1.000e-02
concentration	M_gln__L_c	2.100e-03
concentration	M_for_c	1.000e-04
concentration	M_oaa_c	2.282e-06
concentration	M_glx_c	1.000e-04
concentration	M_pep_c	6.167e-04
concentration	M_g3p_c	1.249e-04
concentration	M_acald_c	1.000e-04
concentration	M_dhap_c	5.211e-04
concentration	M_succoa_c	9.882e-04
concentration	M_fum_c	1.797e-03
concentration	M_mal__L_c	2.483e-03
concentration	M_r5p_c	1.219e-04
concentration	M_3pg_c	1.020e-03
concentration	M_cit_c	2.142e-03
concentration	M_ru5p__D_c	2.516e-04
concentration	M_g6p_c	3.815e-04
concentration	M_q8_c	1.617e-05
concentration	M_xu5p__D_c	2.742e-04
concentration	M_q8h2_c	6.186e-04
concentration	M_e4p_c	1.365e-05
concentration	M_13dpg_c	3.132e-05
concentration	M_s7p_c	6.250e-04
concentration	M_2pg_c	1.399e-04
concentration	M_actp_c	1.020e-03
concentration	M_lac__D_c	7.608e-04
concentration	M_etoh_c	1.000e-04
concentration	M_6pgc_c	1.001e-04
concentration	M_fdp_c	1.606e-04
concentration	M_6pgl_c	2.035e-05
concentration	M_acon_C_c	2.816e-05
concentration	M_glu__L_c	2.225e-02
concentration	M_icit_c	1.458e-05
concentration	M_f6p_c	2.974e-04

!!SBtab TableID='Predicted Gibbs energies' TableType='Quantity' TableName='Predicted Gibbs energies' SBtabVersion='1.0' Unit='kJ/mol'
!QuantityType	!Reaction	!Value
reaction gibbs energy	R_PFK	0.000e+00
reaction gibbs energy	R_PFL	0.000e+00
reaction gibbs energy	R_PGI	-1.907e+00
reaction gibbs energy	R_PGK	0.000e+00
reaction gibbs energy	R_PGL	-1.993e+01
reaction gibbs energy	R_ACALD	0.000e+00
reaction gibbs energy	R_PGM	-5.939e-01
reaction gibbs energy	R_ALCD2x	0.000e+00
reaction gibbs energy	R_ACKr	-5.939e-01
reaction gibbs energy	R_PPC	0.000e+00
reaction gibbs energy	R_ACONTa	-2.026e+00
reaction gibbs energy	R_ACONTb	-3.141e+00
reaction gibbs energy	R_ATPM	0.000e+00
reaction gibbs energy	R_PPCK	-2.714e+00
reaction gibbs energy	R_PPS	0.000e+00
reaction gibbs energy	R_ADK1	0.000e+00
reaction gibbs energy	R_AKGDH	-4.072e+01
reaction gibbs energy	R_PTAr	-2.460e+00
reaction gibbs energy	R_PYK	0.000e+00
reaction gibbs energy	R_RPE	-3.232e+00
reaction gibbs energy	R_CS	-1.991e+01
reaction gibbs energy	R_RPI	-3.932e+00
reaction gibbs energy	R_ENO	-5.939e-01
reaction gibbs energy	R_SUCDi	-1.104e+01
reaction gibbs energy	R_SUCOAS	-1.870e+00
reaction gibbs energy	R_TALA	-8.348e+00
reaction gibbs energy	R_TKT1	-1.803e+00
reaction gibbs energy	R_TKT2	-4.710e+00
reaction gibbs energy	R_TPI	-1.833e+00
reaction gibbs energy	R_FBA	-3.009e+00
reaction gibbs energy	R_FBP	-2.415e+01
reaction gibbs energy	R_FRD7	0.000e+00
reaction gibbs energy	R_FUM	-2.623e+00
reaction gibbs energy	R_G6PDH2r	-7.278e+00
reaction gibbs energy	R_GAPD	0.000e+00
reaction gibbs energy	R_GLNS	-9.826e+00
reaction gibbs energy	R_GLUDy	0.000e+00
reaction gibbs energy	R_GLUN	0.000e+00
reaction gibbs energy	R_GLUSy	-3.776e+01
reaction gibbs energy	R_GND	-4.441e+00
reaction gibbs energy	R_ICDHyr	-4.611e+00
reaction gibbs energy	R_ICL	0.000e+00
reaction gibbs energy	R_LDH_D	-1.121e+01
reaction gibbs energy	R_MALS	0.000e+00
reaction gibbs energy	R_MDH	-1.910e+00
reaction gibbs energy	R_ME1	-2.373e+01
reaction gibbs energy	R_ME2	0.000e+00
reaction gibbs energy	R_NADTRHD	0.000e+00
reaction gibbs energy	R_PDH	0.000e+00

