!!!SBtab DocumentName='report' SBtabVersion='1.0' Date='2022-6-9'
!!SBtab TableID='Predicted concentrations' TableType='Quantity' TableName='Predicted concentrations' SBtabVersion='1.0' Unit='M'
!QuantityType	!Compound	!Value
concentration	M_h2o_c	1.000e+00
concentration	M_atp_c	2.427e-03
concentration	M_nadp_c	6.662e-06
concentration	M_nadph_c	5.347e-05
concentration	M_adp_c	2.609e-04
concentration	M_nad_c	1.534e-03
concentration	M_pi_c	6.248e-03
concentration	M_nadh_c	9.996e-05
concentration	M_coa_c	5.509e-04
concentration	M_co2_c	9.347e-05
concentration	M_amp_c	2.736e-04
concentration	M_nh4_c	9.720e-06
concentration	M_akg_c	2.765e-04
concentration	M_accoa_c	4.281e-04
concentration	M_pyr_c	1.128e-03
concentration	M_succ_c	3.210e-04
concentration	M_ac_c	1.000e-02
concentration	M_gln__L_c	2.108e-03
concentration	M_for_c	1.000e-04
concentration	M_oaa_c	1.509e-04
concentration	M_glx_c	1.000e-04
concentration	M_pep_c	6.167e-04
concentration	M_g3p_c	1.109e-04
concentration	M_acald_c	1.000e-04
concentration	M_dhap_c	5.700e-04
concentration	M_succoa_c	8.778e-04
concentration	M_fum_c	1.437e-03
concentration	M_mal__L_c	1.814e-03
concentration	M_r5p_c	1.082e-04
concentration	M_3pg_c	2.172e-03
concentration	M_cit_c	1.948e-03
concentration	M_ru5p__D_c	2.181e-04
concentration	M_g6p_c	4.166e-04
concentration	M_q8_c	1.589e-05
concentration	M_xu5p__D_c	2.476e-04
concentration	M_q8h2_c	6.296e-04
concentration	M_e4p_c	1.359e-05
concentration	M_13dpg_c	1.826e-05
concentration	M_s7p_c	6.860e-04
concentration	M_2pg_c	2.040e-04
concentration	M_actp_c	1.020e-03
concentration	M_lac__D_c	1.000e-04
concentration	M_etoh_c	1.000e-04
concentration	M_6pgc_c	9.735e-05
concentration	M_fdp_c	1.888e-04
concentration	M_6pgl_c	1.615e-05
concentration	M_acon_C_c	3.023e-05
concentration	M_glu__L_c	2.202e-02
concentration	M_icit_c	1.692e-05
concentration	M_f6p_c	2.713e-04

!!SBtab TableID='Predicted Gibbs energies' TableType='Quantity' TableName='Predicted Gibbs energies' SBtabVersion='1.0' Unit='kJ/mol'
!QuantityType	!Reaction	!Value
reaction gibbs energy	R_PFK	0.000e+00
reaction gibbs energy	R_PFL	0.000e+00
reaction gibbs energy	R_PGI	-1.437e+00
reaction gibbs energy	R_PGK	3.192e-01
reaction gibbs energy	R_PGL	-1.945e+01
reaction gibbs energy	R_ACALD	0.000e+00
reaction gibbs energy	R_PGM	3.192e-01
reaction gibbs energy	R_ALCD2x	0.000e+00
reaction gibbs energy	R_ACKr	3.192e-01
reaction gibbs energy	R_PPC	-3.343e+01
reaction gibbs energy	R_ACONTa	-1.609e+00
reaction gibbs energy	R_ACONTb	-2.953e+00
reaction gibbs energy	R_ATPM	0.000e+00
reaction gibbs energy	R_PPCK	0.000e+00
reaction gibbs energy	R_PPS	-2.131e+01
reaction gibbs energy	R_ADK1	-5.548e+00
reaction gibbs energy	R_AKGDH	-3.613e+01
reaction gibbs energy	R_PTAr	-2.960e+00
reaction gibbs energy	R_PYK	0.000e+00
reaction gibbs energy	R_RPE	-3.129e+00
reaction gibbs energy	R_CS	-3.033e+01
reaction gibbs energy	R_RPI	-3.875e+00
reaction gibbs energy	R_ENO	3.192e-01
reaction gibbs energy	R_SUCDi	-1.151e+01
reaction gibbs energy	R_SUCOAS	-1.284e+00
reaction gibbs energy	R_TALA	-8.523e+00
reaction gibbs energy	R_TKT1	-1.314e+00
reaction gibbs energy	R_TKT2	0.000e+00
reaction gibbs energy	R_TPI	-1.226e+00
reaction gibbs energy	R_FBA	-2.449e+00
reaction gibbs energy	R_FBP	-2.419e+01
reaction gibbs energy	R_FRD7	0.000e+00
reaction gibbs energy	R_FUM	-2.846e+00
reaction gibbs energy	R_G6PDH2r	-7.898e+00
reaction gibbs energy	R_GAPD	-3.270e+00
reaction gibbs energy	R_GLNS	-9.634e+00
reaction gibbs energy	R_GLUDy	0.000e+00
reaction gibbs energy	R_GLUN	0.000e+00
reaction gibbs energy	R_GLUSy	-3.820e+01
reaction gibbs energy	R_GND	-4.807e+00
reaction gibbs energy	R_ICDHyr	-4.885e+00
reaction gibbs energy	R_ICL	0.000e+00
reaction gibbs energy	R_LDH_D	0.000e+00
reaction gibbs energy	R_MALS	0.000e+00
reaction gibbs energy	R_MDH	0.000e+00
reaction gibbs energy	R_ME1	0.000e+00
reaction gibbs energy	R_ME2	-5.923e+00
reaction gibbs energy	R_NADTRHD	0.000e+00
reaction gibbs energy	R_PDH	0.000e+00

