!!!SBtab DocumentName='report' SBtabVersion='1.0' Date='2022-6-9'
!!SBtab TableID='Predicted concentrations' TableType='Quantity' TableName='Predicted concentrations' SBtabVersion='1.0' Unit='M'
!QuantityType	!Compound	!Value
concentration	M_h2o_c	1.000e+00
concentration	M_atp_c	2.427e-03
concentration	M_nadp_c	6.682e-06
concentration	M_nadph_c	5.210e-05
concentration	M_adp_c	2.609e-04
concentration	M_nad_c	2.031e-03
concentration	M_pi_c	7.781e-03
concentration	M_nadh_c	4.344e-06
concentration	M_coa_c	6.818e-04
concentration	M_co2_c	5.074e-05
concentration	M_amp_c	2.677e-04
concentration	M_nh4_c	1.173e-05
concentration	M_akg_c	2.628e-04
concentration	M_accoa_c	3.252e-04
concentration	M_pyr_c	1.457e-03
concentration	M_succ_c	2.801e-04
concentration	M_ac_c	1.000e-02
concentration	M_gln__L_c	2.099e-03
concentration	M_for_c	1.000e-04
concentration	M_oaa_c	3.466e-06
concentration	M_glx_c	1.000e-04
concentration	M_pep_c	1.608e-04
concentration	M_g3p_c	3.907e-05
concentration	M_acald_c	1.000e-04
concentration	M_dhap_c	8.245e-04
concentration	M_succoa_c	1.089e-03
concentration	M_fum_c	1.875e-03
concentration	M_mal__L_c	2.188e-03
concentration	M_r5p_c	9.482e-05
concentration	M_3pg_c	1.580e-03
concentration	M_cit_c	2.328e-03
concentration	M_ru5p__D_c	2.517e-04
concentration	M_g6p_c	3.530e-04
concentration	M_q8_c	2.076e-05
concentration	M_xu5p__D_c	2.121e-04
concentration	M_q8h2_c	4.818e-04
concentration	M_e4p_c	1.348e-05
concentration	M_13dpg_c	2.136e-05
concentration	M_s7p_c	7.632e-04
concentration	M_2pg_c	9.517e-05
concentration	M_actp_c	1.020e-03
concentration	M_lac__D_c	5.202e-04
concentration	M_etoh_c	1.000e-04
concentration	M_6pgc_c	9.426e-05
concentration	M_fdp_c	6.851e-04
concentration	M_6pgl_c	1.700e-05
concentration	M_acon_C_c	2.602e-05
concentration	M_glu__L_c	2.216e-02
concentration	M_icit_c	1.139e-05
concentration	M_f6p_c	2.974e-04

!!SBtab TableID='Predicted Gibbs energies' TableType='Quantity' TableName='Predicted Gibbs energies' SBtabVersion='1.0' Unit='kJ/mol'
!QuantityType	!Reaction	!Value
reaction gibbs energy	R_PFK	-1.926e+01
reaction gibbs energy	R_PFL	0.000e+00
reaction gibbs energy	R_PGI	-2.141e+00
reaction gibbs energy	R_PGK	-3.274e+00
reaction gibbs energy	R_PGL	-1.948e+01
reaction gibbs energy	R_ACALD	0.000e+00
reaction gibbs energy	R_PGM	-2.561e+00
reaction gibbs energy	R_ALCD2x	0.000e+00
reaction gibbs energy	R_ACKr	-1.274e+00
reaction gibbs energy	R_PPC	-3.618e+01
reaction gibbs energy	R_ACONTa	-2.434e+00
reaction gibbs energy	R_ACONTb	-3.534e+00
reaction gibbs energy	R_ATPM	0.000e+00
reaction gibbs energy	R_PPCK	0.000e+00
reaction gibbs energy	R_PPS	0.000e+00
reaction gibbs energy	R_ADK1	0.000e+00
reaction gibbs energy	R_AKGDH	-4.633e+01
reaction gibbs energy	R_PTAr	-2.287e+00
reaction gibbs energy	R_PYK	-1.563e+01
reaction gibbs energy	R_RPE	-3.795e+00
reaction gibbs energy	R_CS	-1.910e+01
reaction gibbs energy	R_RPI	-4.539e+00
reaction gibbs energy	R_ENO	-2.563e+00
reaction gibbs energy	R_SUCDi	-1.198e+01
reaction gibbs energy	R_SUCOAS	-2.231e+00
reaction gibbs energy	R_TALA	-5.948e+00
reaction gibbs energy	R_TKT1	-2.836e+00
reaction gibbs energy	R_TKT2	0.000e+00
reaction gibbs energy	R_TPI	-1.999e+00
reaction gibbs energy	R_FBA	-2.150e+00
reaction gibbs energy	R_FBP	0.000e+00
reaction gibbs energy	R_FRD7	0.000e+00
reaction gibbs energy	R_FUM	-3.047e+00
reaction gibbs energy	R_G6PDH2r	-7.518e+00
reaction gibbs energy	R_GAPD	-1.599e+00
reaction gibbs energy	R_GLNS	-9.543e+00
reaction gibbs energy	R_GLUDy	0.000e+00
reaction gibbs energy	R_GLUN	0.000e+00
reaction gibbs energy	R_GLUSy	-3.778e+01
reaction gibbs energy	R_GND	-6.578e+00
reaction gibbs energy	R_ICDHyr	-6.229e+00
reaction gibbs energy	R_ICL	0.000e+00
reaction gibbs energy	R_LDH_D	-9.558e+00
reaction gibbs energy	R_MALS	0.000e+00
reaction gibbs energy	R_MDH	-3.117e+00
reaction gibbs energy	R_ME1	0.000e+00
reaction gibbs energy	R_ME2	0.000e+00
reaction gibbs energy	R_NADTRHD	0.000e+00
reaction gibbs energy	R_PDH	0.000e+00

