!!!SBtab DocumentName='report' SBtabVersion='1.0' Date='2022-6-9'
!!SBtab TableID='Predicted concentrations' TableType='Quantity' TableName='Predicted concentrations' SBtabVersion='1.0' Unit='M'
!QuantityType	!Compound	!Value
concentration	M_h2o_c	1.000e+00
concentration	M_atp_c	2.427e-03
concentration	M_nadp_c	6.556e-06
concentration	M_nadph_c	5.228e-05
concentration	M_adp_c	2.609e-04
concentration	M_nad_c	1.882e-03
concentration	M_pi_c	7.752e-03
concentration	M_nadh_c	4.694e-06
concentration	M_coa_c	1.845e-03
concentration	M_co2_c	1.468e-04
concentration	M_amp_c	2.678e-04
concentration	M_nh4_c	5.000e-06
concentration	M_akg_c	3.273e-04
concentration	M_accoa_c	6.482e-04
concentration	M_pyr_c	1.092e-03
concentration	M_succ_c	3.993e-04
concentration	M_ac_c	1.000e-02
concentration	M_gln__L_c	2.153e-03
concentration	M_for_c	1.000e-04
concentration	M_oaa_c	3.600e-06
concentration	M_glx_c	1.000e-04
concentration	M_pep_c	6.167e-04
concentration	M_g3p_c	4.051e-05
concentration	M_acald_c	1.000e-04
concentration	M_dhap_c	7.744e-04
concentration	M_succoa_c	3.901e-04
concentration	M_fum_c	1.662e-03
concentration	M_mal__L_c	2.032e-03
concentration	M_r5p_c	9.312e-05
concentration	M_3pg_c	1.020e-03
concentration	M_cit_c	2.171e-03
concentration	M_ru5p__D_c	2.199e-04
concentration	M_g6p_c	5.227e-04
concentration	M_q8_c	1.419e-05
concentration	M_xu5p__D_c	1.957e-04
concentration	M_q8h2_c	7.051e-04
concentration	M_e4p_c	1.335e-05
concentration	M_13dpg_c	2.338e-05
concentration	M_s7p_c	7.647e-04
concentration	M_2pg_c	1.399e-04
concentration	M_actp_c	1.020e-03
concentration	M_lac__D_c	1.000e-04
concentration	M_etoh_c	1.000e-04
concentration	M_6pgc_c	9.164e-05
concentration	M_fdp_c	5.924e-04
concentration	M_6pgl_c	2.407e-05
concentration	M_acon_C_c	2.801e-05
concentration	M_glu__L_c	2.014e-02
concentration	M_icit_c	1.597e-05
concentration	M_f6p_c	2.354e-04

!!SBtab TableID='Predicted Gibbs energies' TableType='Quantity' TableName='Predicted Gibbs energies' SBtabVersion='1.0' Unit='kJ/mol'
!QuantityType	!Reaction	!Value
reaction gibbs energy	R_PFK	-1.924e+01
reaction gibbs energy	R_PFL	0.000e+00
reaction gibbs energy	R_PGI	0.000e+00
reaction gibbs energy	R_PGK	-4.639e+00
reaction gibbs energy	R_PGL	-2.056e+01
reaction gibbs energy	R_ACALD	0.000e+00
reaction gibbs energy	R_PGM	-5.939e-01
reaction gibbs energy	R_ALCD2x	0.000e+00
reaction gibbs energy	R_ACKr	-5.939e-01
reaction gibbs energy	R_PPC	0.000e+00
reaction gibbs energy	R_ACONTa	-2.074e+00
reaction gibbs energy	R_ACONTb	-2.901e+00
reaction gibbs energy	R_ATPM	0.000e+00
reaction gibbs energy	R_PPCK	-3.150e+00
reaction gibbs energy	R_PPS	0.000e+00
reaction gibbs energy	R_ADK1	0.000e+00
reaction gibbs energy	R_AKGDH	0.000e+00
reaction gibbs energy	R_PTAr	-3.610e+00
reaction gibbs energy	R_PYK	0.000e+00
reaction gibbs energy	R_RPE	-3.734e+00
reaction gibbs energy	R_CS	-1.875e+01
reaction gibbs energy	R_RPI	-4.267e+00
reaction gibbs energy	R_ENO	-5.939e-01
reaction gibbs energy	R_SUCDi	-1.135e+01
reaction gibbs energy	R_SUCOAS	0.000e+00
reaction gibbs energy	R_TALA	-6.694e+00
reaction gibbs energy	R_TKT1	-2.589e+00
reaction gibbs energy	R_TKT2	-7.188e+00
reaction gibbs energy	R_TPI	-1.938e+00
reaction gibbs energy	R_FBA	-2.033e+00
reaction gibbs energy	R_FBP	0.000e+00
reaction gibbs energy	R_FRD7	0.000e+00
reaction gibbs energy	R_FUM	-2.928e+00
reaction gibbs energy	R_G6PDH2r	-7.512e+00
reaction gibbs energy	R_GAPD	-1.098e+00
reaction gibbs energy	R_GLNS	-7.178e+00
reaction gibbs energy	R_GLUDy	0.000e+00
reaction gibbs energy	R_GLUN	0.000e+00
reaction gibbs energy	R_GLUSy	-3.904e+01
reaction gibbs energy	R_GND	-3.732e+00
reaction gibbs energy	R_ICDHyr	-3.424e+00
reaction gibbs energy	R_ICL	0.000e+00
reaction gibbs energy	R_LDH_D	0.000e+00
reaction gibbs energy	R_MALS	0.000e+00
reaction gibbs energy	R_MDH	-2.438e+00
reaction gibbs energy	R_ME1	0.000e+00
reaction gibbs energy	R_ME2	-5.370e+00
reaction gibbs energy	R_NADTRHD	0.000e+00
reaction gibbs energy	R_PDH	-5.673e+01

