!!!SBtab DocumentName='report' SBtabVersion='1.0' Date='2022-6-9'
!!SBtab TableID='Predicted concentrations' TableType='Quantity' TableName='Predicted concentrations' SBtabVersion='1.0' Unit='M'
!QuantityType	!Compound	!Value
concentration	M_h2o_c	1.000e+00
concentration	M_atp_c	1.485e-03
concentration	M_nadp_c	6.738e-06
concentration	M_nadph_c	5.011e-05
concentration	M_adp_c	4.529e-04
concentration	M_nad_c	2.288e-03
concentration	M_pi_c	1.000e-02
concentration	M_nadh_c	3.822e-06
concentration	M_coa_c	8.830e-05
concentration	M_co2_c	4.046e-05
concentration	M_amp_c	2.677e-04
concentration	M_nh4_c	1.000e-04
concentration	M_akg_c	3.180e-04
concentration	M_accoa_c	1.740e-03
concentration	M_pyr_c	9.752e-04
concentration	M_succ_c	4.130e-04
concentration	M_ac_c	5.158e-04
concentration	M_gln__L_c	2.104e-03
concentration	M_for_c	1.000e-04
concentration	M_oaa_c	3.954e-05
concentration	M_glx_c	6.052e-06
concentration	M_pep_c	1.096e-04
concentration	M_g3p_c	4.620e-05
concentration	M_acald_c	1.000e-04
concentration	M_dhap_c	9.825e-04
concentration	M_succoa_c	3.901e-04
concentration	M_fum_c	2.408e-03
concentration	M_mal__L_c	1.103e-03
concentration	M_r5p_c	1.330e-04
concentration	M_3pg_c	2.230e-03
concentration	M_cit_c	3.386e-03
concentration	M_ru5p__D_c	4.254e-04
concentration	M_g6p_c	4.927e-04
concentration	M_q8_c	2.284e-05
concentration	M_xu5p__D_c	2.475e-04
concentration	M_q8h2_c	4.381e-04
concentration	M_e4p_c	1.313e-05
concentration	M_13dpg_c	1.826e-05
concentration	M_s7p_c	5.193e-04
concentration	M_2pg_c	9.969e-05
concentration	M_actp_c	1.020e-03
concentration	M_lac__D_c	1.000e-04
concentration	M_etoh_c	1.000e-04
concentration	M_6pgc_c	1.036e-04
concentration	M_fdp_c	9.508e-04
concentration	M_6pgl_c	1.062e-05
concentration	M_acon_C_c	1.540e-05
concentration	M_glu__L_c	2.174e-02
concentration	M_icit_c	4.063e-06
concentration	M_f6p_c	2.059e-04

!!SBtab TableID='Predicted Gibbs energies' TableType='Quantity' TableName='Predicted Gibbs energies' SBtabVersion='1.0' Unit='kJ/mol'
!QuantityType	!Reaction	!Value
reaction gibbs energy	R_PFK	-1.396e+01
reaction gibbs energy	R_PFL	0.000e+00
reaction gibbs energy	R_PGI	0.000e+00
reaction gibbs energy	R_PGK	-4.444e+00
reaction gibbs energy	R_PGL	-1.807e+01
reaction gibbs energy	R_ACALD	0.000e+00
reaction gibbs energy	R_PGM	-4.444e+00
reaction gibbs energy	R_ALCD2x	0.000e+00
reaction gibbs energy	R_ACKr	-1.235e+01
reaction gibbs energy	R_PPC	-2.529e+01
reaction gibbs energy	R_ACONTa	-4.601e+00
reaction gibbs energy	R_ACONTb	-4.813e+00
reaction gibbs energy	R_ATPM	0.000e+00
reaction gibbs energy	R_PPCK	0.000e+00
reaction gibbs energy	R_PPS	0.000e+00
reaction gibbs energy	R_ADK1	0.000e+00
reaction gibbs energy	R_AKGDH	0.000e+00
reaction gibbs energy	R_PTAr	-4.444e+00
reaction gibbs energy	R_PYK	0.000e+00
reaction gibbs energy	R_RPE	-4.933e+00
reaction gibbs energy	R_CS	-3.345e+01
reaction gibbs energy	R_RPI	-5.076e+00
reaction gibbs energy	R_ENO	-4.444e+00
reaction gibbs energy	R_SUCDi	-1.313e+01
reaction gibbs energy	R_SUCOAS	0.000e+00
reaction gibbs energy	R_TALA	-6.525e+00
reaction gibbs energy	R_TKT1	-4.871e+00
reaction gibbs energy	R_TKT2	-7.918e+00
reaction gibbs energy	R_TPI	-4.444e+00
reaction gibbs energy	R_FBA	-4.444e+00
reaction gibbs energy	R_FBP	-2.842e+01
reaction gibbs energy	R_FRD7	0.000e+00
reaction gibbs energy	R_FUM	-5.374e+00
reaction gibbs energy	R_G6PDH2r	-9.933e+00
reaction gibbs energy	R_GAPD	-4.444e+00
reaction gibbs energy	R_GLNS	0.000e+00
reaction gibbs energy	R_GLUDy	0.000e+00
reaction gibbs energy	R_GLUN	0.000e+00
reaction gibbs energy	R_GLUSy	0.000e+00
reaction gibbs energy	R_GND	-8.074e+00
reaction gibbs energy	R_ICDHyr	0.000e+00
reaction gibbs energy	R_ICL	-8.918e+00
reaction gibbs energy	R_LDH_D	0.000e+00
reaction gibbs energy	R_MALS	-3.363e+01
reaction gibbs energy	R_MDH	0.000e+00
reaction gibbs energy	R_ME1	0.000e+00
reaction gibbs energy	R_ME2	-9.861e+00
reaction gibbs energy	R_NADTRHD	-2.102e+01
reaction gibbs energy	R_PDH	-4.926e+01

