!!!SBtab DocumentName='report' SBtabVersion='1.0' Date='2022-6-9'
!!SBtab TableID='Predicted concentrations' TableType='Quantity' TableName='Predicted concentrations' SBtabVersion='1.0' Unit='M'
!QuantityType	!Compound	!Value
concentration	M_h2o_c	1.000e+00
concentration	M_atp_c	1.912e-03
concentration	M_nadp_c	6.778e-06
concentration	M_nadph_c	4.932e-05
concentration	M_adp_c	3.317e-04
concentration	M_nad_c	1.936e-03
concentration	M_pi_c	9.136e-03
concentration	M_nadh_c	4.796e-06
concentration	M_coa_c	1.193e-04
concentration	M_co2_c	8.752e-05
concentration	M_amp_c	2.771e-04
concentration	M_nh4_c	1.539e-05
concentration	M_akg_c	2.745e-04
concentration	M_accoa_c	1.358e-03
concentration	M_pyr_c	1.078e-03
concentration	M_succ_c	4.075e-04
concentration	M_ac_c	7.123e-04
concentration	M_gln__L_c	2.092e-03
concentration	M_for_c	9.998e-05
concentration	M_oaa_c	1.218e-04
concentration	M_glx_c	9.998e-05
concentration	M_pep_c	6.167e-04
concentration	M_g3p_c	4.154e-05
concentration	M_acald_c	9.998e-05
concentration	M_dhap_c	8.315e-04
concentration	M_succoa_c	3.900e-04
concentration	M_fum_c	1.622e-03
concentration	M_mal__L_c	1.331e-03
concentration	M_r5p_c	9.689e-05
concentration	M_3pg_c	1.020e-03
concentration	M_cit_c	2.423e-03
concentration	M_ru5p__D_c	2.534e-04
concentration	M_g6p_c	4.967e-04
concentration	M_q8_c	2.016e-05
concentration	M_xu5p__D_c	2.174e-04
concentration	M_q8h2_c	4.957e-04
concentration	M_e4p_c	1.346e-05
concentration	M_13dpg_c	2.148e-05
concentration	M_s7p_c	7.316e-04
concentration	M_2pg_c	1.322e-04
concentration	M_actp_c	1.213e-03
concentration	M_lac__D_c	9.998e-05
concentration	M_etoh_c	9.998e-05
concentration	M_6pgc_c	1.031e-04
concentration	M_fdp_c	6.952e-04
concentration	M_6pgl_c	1.648e-05
concentration	M_acon_C_c	2.562e-05
concentration	M_glu__L_c	2.218e-02
concentration	M_icit_c	1.253e-05
concentration	M_f6p_c	2.147e-04

!!SBtab TableID='Predicted Gibbs energies' TableType='Quantity' TableName='Predicted Gibbs energies' SBtabVersion='1.0' Unit='kJ/mol'
!QuantityType	!Reaction	!Value
reaction gibbs energy	R_PFK	-1.758e+01
reaction gibbs energy	R_PFL	0.000e+00
reaction gibbs energy	R_PGI	0.000e+00
reaction gibbs energy	R_PGK	-5.654e+00
reaction gibbs energy	R_PGL	-1.949e+01
reaction gibbs energy	R_ACALD	0.000e+00
reaction gibbs energy	R_PGM	-1.384e+00
reaction gibbs energy	R_ALCD2x	0.000e+00
reaction gibbs energy	R_ACKr	-1.105e+01
reaction gibbs energy	R_PPC	-3.327e+01
reaction gibbs energy	R_ACONTa	-2.525e+00
reaction gibbs energy	R_ACONTb	-3.327e+00
reaction gibbs energy	R_ATPM	0.000e+00
reaction gibbs energy	R_PPCK	0.000e+00
reaction gibbs energy	R_PPS	-1.964e+01
reaction gibbs energy	R_ADK1	-3.776e+00
reaction gibbs energy	R_AKGDH	0.000e+00
reaction gibbs energy	R_PTAr	-1.987e+00
reaction gibbs energy	R_PYK	0.000e+00
reaction gibbs energy	R_RPE	-3.897e+00
reaction gibbs energy	R_CS	-3.610e+01
reaction gibbs energy	R_RPI	-4.537e+00
reaction gibbs energy	R_ENO	-1.384e+00
reaction gibbs energy	R_SUCDi	-1.299e+01
reaction gibbs energy	R_SUCOAS	0.000e+00
reaction gibbs energy	R_TALA	-6.900e+00
reaction gibbs energy	R_TKT1	-3.086e+00
reaction gibbs energy	R_TKT2	0.000e+00
reaction gibbs energy	R_TPI	-2.164e+00
reaction gibbs energy	R_FBA	-2.298e+00
reaction gibbs energy	R_FBP	0.000e+00
reaction gibbs energy	R_FRD7	0.000e+00
reaction gibbs energy	R_FUM	-3.914e+00
reaction gibbs energy	R_G6PDH2r	-8.501e+00
reaction gibbs energy	R_GAPD	-1.807e+00
reaction gibbs energy	R_GLNS	-8.709e+00
reaction gibbs energy	R_GLUDy	0.000e+00
reaction gibbs energy	R_GLUN	0.000e+00
reaction gibbs energy	R_GLUSy	-3.795e+01
reaction gibbs energy	R_GND	-4.835e+00
reaction gibbs energy	R_ICDHyr	-4.383e+00
reaction gibbs energy	R_ICL	0.000e+00
reaction gibbs energy	R_LDH_D	0.000e+00
reaction gibbs energy	R_MALS	0.000e+00
reaction gibbs energy	R_MDH	0.000e+00
reaction gibbs energy	R_ME1	-2.530e+01
reaction gibbs energy	R_ME2	0.000e+00
reaction gibbs energy	R_NADTRHD	0.000e+00
reaction gibbs energy	R_PDH	-5.041e+01

