!!!SBtab DocumentName='report' SBtabVersion='1.0' Date='2022-6-9'
!!SBtab TableID='Predicted concentrations' TableType='Quantity' TableName='Predicted concentrations' SBtabVersion='1.0' Unit='M'
!QuantityType	!Compound	!Value
concentration	M_h2o_c	1.000e+00
concentration	M_atp_c	2.427e-03
concentration	M_nadp_c	6.757e-06
concentration	M_nadph_c	4.876e-05
concentration	M_adp_c	2.609e-04
concentration	M_nad_c	2.018e-03
concentration	M_pi_c	7.898e-03
concentration	M_nadh_c	4.402e-06
concentration	M_coa_c	6.863e-04
concentration	M_co2_c	1.565e-04
concentration	M_amp_c	2.677e-04
concentration	M_nh4_c	1.438e-05
concentration	M_akg_c	2.399e-04
concentration	M_accoa_c	3.226e-04
concentration	M_pyr_c	1.240e-03
concentration	M_succ_c	2.791e-04
concentration	M_ac_c	1.000e-02
concentration	M_gln__L_c	2.094e-03
concentration	M_for_c	9.999e-05
concentration	M_oaa_c	2.796e-06
concentration	M_glx_c	2.225e-05
concentration	M_pep_c	1.620e-04
concentration	M_g3p_c	3.896e-05
concentration	M_acald_c	9.999e-05
concentration	M_dhap_c	8.388e-04
concentration	M_succoa_c	1.094e-03
concentration	M_fum_c	1.924e-03
concentration	M_mal__L_c	2.279e-03
concentration	M_r5p_c	9.517e-05
concentration	M_3pg_c	1.591e-03
concentration	M_cit_c	2.326e-03
concentration	M_ru5p__D_c	2.428e-04
concentration	M_g6p_c	8.087e-04
concentration	M_q8_c	2.380e-05
concentration	M_xu5p__D_c	2.115e-04
concentration	M_q8h2_c	4.201e-04
concentration	M_e4p_c	1.353e-05
concentration	M_13dpg_c	2.131e-05
concentration	M_s7p_c	7.282e-04
concentration	M_2pg_c	9.587e-05
concentration	M_actp_c	1.020e-03
concentration	M_lac__D_c	9.999e-05
concentration	M_etoh_c	9.999e-05
concentration	M_6pgc_c	1.077e-04
concentration	M_fdp_c	6.962e-04
concentration	M_6pgl_c	2.539e-05
concentration	M_acon_C_c	2.572e-05
concentration	M_glu__L_c	2.222e-02
concentration	M_icit_c	1.185e-05
concentration	M_f6p_c	1.467e-04

!!SBtab TableID='Predicted Gibbs energies' TableType='Quantity' TableName='Predicted Gibbs energies' SBtabVersion='1.0' Unit='kJ/mol'
!QuantityType	!Reaction	!Value
reaction gibbs energy	R_PFK	-1.747e+01
reaction gibbs energy	R_PFL	0.000e+00
reaction gibbs energy	R_PGI	-1.664e+00
reaction gibbs energy	R_PGK	-3.253e+00
reaction gibbs energy	R_PGL	-2.014e+01
reaction gibbs energy	R_ACALD	0.000e+00
reaction gibbs energy	R_PGM	-2.559e+00
reaction gibbs energy	R_ALCD2x	0.000e+00
reaction gibbs energy	R_ACKr	-1.274e+00
reaction gibbs energy	R_PPC	0.000e+00
reaction gibbs energy	R_ACONTa	-2.461e+00
reaction gibbs energy	R_ACONTb	-3.409e+00
reaction gibbs energy	R_ATPM	0.000e+00
reaction gibbs energy	R_PPCK	0.000e+00
reaction gibbs energy	R_PPS	0.000e+00
reaction gibbs energy	R_ADK1	0.000e+00
reaction gibbs energy	R_AKGDH	-4.327e+01
reaction gibbs energy	R_PTAr	-2.286e+00
reaction gibbs energy	R_PYK	-1.605e+01
reaction gibbs energy	R_RPE	-3.713e+00
reaction gibbs energy	R_CS	-1.854e+01
reaction gibbs energy	R_RPI	-4.441e+00
reaction gibbs energy	R_ENO	-2.563e+00
reaction gibbs energy	R_SUCDi	-1.259e+01
reaction gibbs energy	R_SUCOAS	-2.271e+00
reaction gibbs energy	R_TALA	-7.568e+00
reaction gibbs energy	R_TKT1	-2.962e+00
reaction gibbs energy	R_TKT2	0.000e+00
reaction gibbs energy	R_TPI	-2.048e+00
reaction gibbs energy	R_FBA	-2.155e+00
reaction gibbs energy	R_FBP	0.000e+00
reaction gibbs energy	R_FRD7	0.000e+00
reaction gibbs energy	R_FUM	-3.008e+00
reaction gibbs energy	R_G6PDH2r	-8.769e+00
reaction gibbs energy	R_GAPD	-1.585e+00
reaction gibbs energy	R_GLNS	-1.002e+01
reaction gibbs energy	R_GLUDy	0.000e+00
reaction gibbs energy	R_GLUN	0.000e+00
reaction gibbs energy	R_GLUSy	-3.735e+01
reaction gibbs energy	R_GND	-4.398e+00
reaction gibbs energy	R_ICDHyr	-3.952e+00
reaction gibbs energy	R_ICL	-9.520e+00
reaction gibbs energy	R_LDH_D	0.000e+00
reaction gibbs energy	R_MALS	-2.415e+01
reaction gibbs energy	R_MDH	-3.702e+00
reaction gibbs energy	R_ME1	0.000e+00
reaction gibbs energy	R_ME2	0.000e+00
reaction gibbs energy	R_NADTRHD	0.000e+00
reaction gibbs energy	R_PDH	-5.574e+01

