!!!SBtab DocumentName='report' SBtabVersion='1.0' Date='2022-6-9'
!!SBtab TableID='Predicted concentrations' TableType='Quantity' TableName='Predicted concentrations' SBtabVersion='1.0' Unit='M'
!QuantityType	!Compound	!Value
concentration	M_h2o_c	1.000e+00
concentration	M_atp_c	1.898e-03
concentration	M_nadp_c	6.633e-06
concentration	M_nadph_c	5.078e-05
concentration	M_adp_c	3.331e-04
concentration	M_nad_c	1.507e-03
concentration	M_pi_c	4.437e-03
concentration	M_nadh_c	2.181e-04
concentration	M_coa_c	7.740e-03
concentration	M_co2_c	7.133e-05
concentration	M_amp_c	2.764e-04
concentration	M_nh4_c	1.060e-05
concentration	M_akg_c	2.705e-04
concentration	M_accoa_c	5.537e-04
concentration	M_pyr_c	1.045e-03
concentration	M_succ_c	4.240e-04
concentration	M_ac_c	1.000e-04
concentration	M_gln__L_c	2.122e-03
concentration	M_for_c	1.000e-04
concentration	M_oaa_c	1.372e-04
concentration	M_glx_c	1.936e-05
concentration	M_pep_c	6.167e-04
concentration	M_g3p_c	1.461e-04
concentration	M_acald_c	1.000e-04
concentration	M_dhap_c	4.757e-04
concentration	M_succoa_c	3.901e-04
concentration	M_fum_c	1.225e-03
concentration	M_mal__L_c	2.282e-03
concentration	M_r5p_c	1.370e-04
concentration	M_3pg_c	1.020e-03
concentration	M_cit_c	2.378e-03
concentration	M_ru5p__D_c	2.940e-04
concentration	M_g6p_c	3.430e-04
concentration	M_q8_c	1.750e-05
concentration	M_xu5p__D_c	3.096e-04
concentration	M_q8h2_c	5.714e-04
concentration	M_e4p_c	1.365e-05
concentration	M_13dpg_c	3.132e-05
concentration	M_s7p_c	5.802e-04
concentration	M_2pg_c	1.322e-04
concentration	M_actp_c	1.442e-03
concentration	M_lac__D_c	1.000e-04
concentration	M_etoh_c	1.000e-04
concentration	M_6pgc_c	1.039e-04
concentration	M_fdp_c	1.447e-04
concentration	M_6pgl_c	1.877e-05
concentration	M_acon_C_c	2.466e-05
concentration	M_glu__L_c	2.211e-02
concentration	M_icit_c	1.065e-05
concentration	M_f6p_c	3.125e-04

!!SBtab TableID='Predicted Gibbs energies' TableType='Quantity' TableName='Predicted Gibbs energies' SBtabVersion='1.0' Unit='kJ/mol'
!QuantityType	!Reaction	!Value
reaction gibbs energy	R_PFK	0.000e+00
reaction gibbs energy	R_PFL	0.000e+00
reaction gibbs energy	R_PGI	-2.271e+00
reaction gibbs energy	R_PGK	0.000e+00
reaction gibbs energy	R_PGL	-1.979e+01
reaction gibbs energy	R_ACALD	0.000e+00
reaction gibbs energy	R_PGM	-1.384e+00
reaction gibbs energy	R_ALCD2x	0.000e+00
reaction gibbs energy	R_ACKr	0.000e+00
reaction gibbs energy	R_PPC	-3.426e+01
reaction gibbs energy	R_ACONTa	-2.572e+00
reaction gibbs energy	R_ACONTb	-3.635e+00
reaction gibbs energy	R_ATPM	0.000e+00
reaction gibbs energy	R_PPCK	0.000e+00
reaction gibbs energy	R_PPS	-2.134e+01
reaction gibbs energy	R_ADK1	-3.730e+00
reaction gibbs energy	R_AKGDH	0.000e+00
reaction gibbs energy	R_PTAr	0.000e+00
reaction gibbs energy	R_PYK	0.000e+00
reaction gibbs energy	R_RPE	-3.390e+00
reaction gibbs energy	R_CS	-2.388e+01
reaction gibbs energy	R_RPI	-4.048e+00
reaction gibbs energy	R_ENO	-1.384e+00
reaction gibbs energy	R_SUCDi	-1.308e+01
reaction gibbs energy	R_SUCOAS	0.000e+00
reaction gibbs energy	R_TALA	-8.477e+00
reaction gibbs energy	R_TKT1	-2.277e+00
reaction gibbs energy	R_TKT2	-4.589e+00
reaction gibbs energy	R_TPI	-2.336e+00
reaction gibbs energy	R_FBA	-3.324e+00
reaction gibbs energy	R_FBP	-2.406e+01
reaction gibbs energy	R_FRD7	0.000e+00
reaction gibbs energy	R_FUM	0.000e+00
reaction gibbs energy	R_G6PDH2r	-7.135e+00
reaction gibbs energy	R_GAPD	0.000e+00
reaction gibbs energy	R_GLNS	-9.502e+00
reaction gibbs energy	R_GLUDy	0.000e+00
reaction gibbs energy	R_GLUN	0.000e+00
reaction gibbs energy	R_GLUSy	-3.810e+01
reaction gibbs energy	R_GND	-4.867e+00
reaction gibbs energy	R_ICDHyr	-4.399e+00
reaction gibbs energy	R_ICL	-8.679e+00
reaction gibbs energy	R_LDH_D	0.000e+00
reaction gibbs energy	R_MALS	-1.739e+01
reaction gibbs energy	R_MDH	0.000e+00
reaction gibbs energy	R_ME1	-1.715e+01
reaction gibbs energy	R_ME2	0.000e+00
reaction gibbs energy	R_NADTRHD	0.000e+00
reaction gibbs energy	R_PDH	-5.333e+01

