!!!SBtab DocumentName='report' SBtabVersion='1.0' Date='2022-6-9'
!!SBtab TableID='Predicted concentrations' TableType='Quantity' TableName='Predicted concentrations' SBtabVersion='1.0' Unit='M'
!QuantityType	!Compound	!Value
concentration	M_h2o_c	1.000e+00
concentration	M_atp_c	1.938e-03
concentration	M_nadp_c	6.620e-06
concentration	M_nadph_c	5.274e-05
concentration	M_adp_c	3.347e-04
concentration	M_nad_c	1.666e-03
concentration	M_pi_c	3.325e-03
concentration	M_nadh_c	9.098e-06
concentration	M_coa_c	1.071e-03
concentration	M_co2_c	3.835e-05
concentration	M_amp_c	2.677e-04
concentration	M_nh4_c	9.933e-06
concentration	M_akg_c	2.925e-04
concentration	M_accoa_c	6.741e-04
concentration	M_pyr_c	1.267e-03
concentration	M_succ_c	4.084e-04
concentration	M_ac_c	9.997e-05
concentration	M_gln__L_c	2.102e-03
concentration	M_for_c	9.997e-05
concentration	M_oaa_c	2.083e-06
concentration	M_glx_c	9.997e-05
concentration	M_pep_c	6.167e-04
concentration	M_g3p_c	1.478e-04
concentration	M_acald_c	9.997e-05
concentration	M_dhap_c	4.861e-04
concentration	M_succoa_c	3.900e-04
concentration	M_fum_c	2.106e-03
concentration	M_mal__L_c	2.749e-03
concentration	M_r5p_c	1.371e-04
concentration	M_3pg_c	1.020e-03
concentration	M_cit_c	2.361e-03
concentration	M_ru5p__D_c	2.885e-04
concentration	M_g6p_c	3.482e-04
concentration	M_q8_c	1.659e-05
concentration	M_xu5p__D_c	3.045e-04
concentration	M_q8h2_c	6.024e-04
concentration	M_e4p_c	1.372e-05
concentration	M_13dpg_c	3.132e-05
concentration	M_s7p_c	5.760e-04
concentration	M_2pg_c	1.322e-04
concentration	M_actp_c	1.442e-03
concentration	M_lac__D_c	9.997e-05
concentration	M_etoh_c	9.997e-05
concentration	M_6pgc_c	9.474e-05
concentration	M_fdp_c	1.498e-04
concentration	M_6pgl_c	1.432e-05
concentration	M_acon_C_c	2.489e-05
concentration	M_glu__L_c	2.212e-02
concentration	M_icit_c	1.080e-05
concentration	M_f6p_c	3.142e-04

!!SBtab TableID='Predicted Gibbs energies' TableType='Quantity' TableName='Predicted Gibbs energies' SBtabVersion='1.0' Unit='kJ/mol'
!QuantityType	!Reaction	!Value
reaction gibbs energy	R_PFK	0.000e+00
reaction gibbs energy	R_PFL	0.000e+00
reaction gibbs energy	R_PGI	-2.247e+00
reaction gibbs energy	R_PGK	0.000e+00
reaction gibbs energy	R_PGL	-1.935e+01
reaction gibbs energy	R_ACALD	0.000e+00
reaction gibbs energy	R_PGM	-1.384e+00
reaction gibbs energy	R_ALCD2x	0.000e+00
reaction gibbs energy	R_ACKr	0.000e+00
reaction gibbs energy	R_PPC	0.000e+00
reaction gibbs energy	R_ACONTa	-2.532e+00
reaction gibbs energy	R_ACONTb	-3.624e+00
reaction gibbs energy	R_ATPM	0.000e+00
reaction gibbs energy	R_PPCK	-3.377e+00
reaction gibbs energy	R_PPS	0.000e+00
reaction gibbs energy	R_ADK1	0.000e+00
reaction gibbs energy	R_AKGDH	0.000e+00
reaction gibbs energy	R_PTAr	0.000e+00
reaction gibbs energy	R_PYK	-2.085e+01
reaction gibbs energy	R_RPE	-3.384e+00
reaction gibbs energy	R_CS	-1.891e+01
reaction gibbs energy	R_RPI	-3.999e+00
reaction gibbs energy	R_ENO	-1.384e+00
reaction gibbs energy	R_SUCDi	-1.138e+01
reaction gibbs energy	R_SUCOAS	0.000e+00
reaction gibbs energy	R_TALA	-8.460e+00
reaction gibbs energy	R_TKT1	-2.228e+00
reaction gibbs energy	R_TKT2	-4.520e+00
reaction gibbs energy	R_TPI	-2.310e+00
reaction gibbs energy	R_FBA	-3.319e+00
reaction gibbs energy	R_FBP	-2.485e+01
reaction gibbs energy	R_FRD7	0.000e+00
reaction gibbs energy	R_FUM	-2.763e+00
reaction gibbs energy	R_G6PDH2r	-7.744e+00
reaction gibbs energy	R_GAPD	0.000e+00
reaction gibbs energy	R_GLNS	-1.012e+01
reaction gibbs energy	R_GLUDy	0.000e+00
reaction gibbs energy	R_GLUN	0.000e+00
reaction gibbs energy	R_GLUSy	-3.836e+01
reaction gibbs energy	R_GND	-6.124e+00
reaction gibbs energy	R_ICDHyr	-5.678e+00
reaction gibbs energy	R_ICL	0.000e+00
reaction gibbs energy	R_LDH_D	0.000e+00
reaction gibbs energy	R_MALS	0.000e+00
reaction gibbs energy	R_MDH	-2.562e+00
reaction gibbs energy	R_ME1	0.000e+00
reaction gibbs energy	R_ME2	0.000e+00
reaction gibbs energy	R_NADTRHD	0.000e+00
reaction gibbs energy	R_PDH	-5.807e+01

