!!!SBtab DocumentName='report' SBtabVersion='1.0' Date='2022-6-9'
!!SBtab TableID='Predicted concentrations' TableType='Quantity' TableName='Predicted concentrations' SBtabVersion='1.0' Unit='M'
!QuantityType	!Compound	!Value
concentration	M_h2o_c	1.000e+00
concentration	M_atp_c	2.427e-03
concentration	M_nadp_c	6.745e-06
concentration	M_nadph_c	5.027e-05
concentration	M_adp_c	2.609e-04
concentration	M_nad_c	1.981e-03
concentration	M_pi_c	8.717e-03
concentration	M_nadh_c	4.536e-06
concentration	M_coa_c	7.684e-04
concentration	M_co2_c	5.908e-05
concentration	M_amp_c	2.677e-04
concentration	M_nh4_c	1.514e-05
concentration	M_akg_c	2.641e-04
concentration	M_accoa_c	3.233e-04
concentration	M_pyr_c	1.423e-03
concentration	M_succ_c	2.760e-04
concentration	M_ac_c	1.000e-02
concentration	M_gln__L_c	2.094e-03
concentration	M_for_c	1.000e-04
concentration	M_oaa_c	1.123e-04
concentration	M_glx_c	1.000e-04
concentration	M_pep_c	1.572e-04
concentration	M_g3p_c	3.825e-05
concentration	M_acald_c	1.000e-04
concentration	M_dhap_c	8.274e-04
concentration	M_succoa_c	1.086e-03
concentration	M_fum_c	1.667e-03
concentration	M_mal__L_c	1.548e-03
concentration	M_r5p_c	9.412e-05
concentration	M_3pg_c	1.584e-03
concentration	M_cit_c	2.340e-03
concentration	M_ru5p__D_c	2.548e-04
concentration	M_g6p_c	8.095e-04
concentration	M_q8_c	2.043e-05
concentration	M_xu5p__D_c	2.109e-04
concentration	M_q8h2_c	4.896e-04
concentration	M_e4p_c	1.353e-05
concentration	M_13dpg_c	2.143e-05
concentration	M_s7p_c	7.375e-04
concentration	M_2pg_c	9.429e-05
concentration	M_actp_c	1.020e-03
concentration	M_lac__D_c	5.009e-04
concentration	M_etoh_c	1.000e-04
concentration	M_6pgc_c	9.531e-05
concentration	M_fdp_c	6.811e-04
concentration	M_6pgl_c	2.371e-05
concentration	M_acon_C_c	2.598e-05
concentration	M_glu__L_c	2.219e-02
concentration	M_icit_c	1.133e-05
concentration	M_f6p_c	1.466e-04

!!SBtab TableID='Predicted Gibbs energies' TableType='Quantity' TableName='Predicted Gibbs energies' SBtabVersion='1.0' Unit='kJ/mol'
!QuantityType	!Reaction	!Value
reaction gibbs energy	R_PFK	-1.753e+01
reaction gibbs energy	R_PFL	0.000e+00
reaction gibbs energy	R_PGI	-1.667e+00
reaction gibbs energy	R_PGK	-3.276e+00
reaction gibbs energy	R_PGL	-2.027e+01
reaction gibbs energy	R_ACALD	0.000e+00
reaction gibbs energy	R_PGM	-2.590e+00
reaction gibbs energy	R_ALCD2x	0.000e+00
reaction gibbs energy	R_ACKr	-1.274e+00
reaction gibbs energy	R_PPC	-2.760e+01
reaction gibbs energy	R_ACONTa	-2.452e+00
reaction gibbs energy	R_ACONTb	-3.545e+00
reaction gibbs energy	R_ATPM	0.000e+00
reaction gibbs energy	R_PPCK	0.000e+00
reaction gibbs energy	R_PPS	0.000e+00
reaction gibbs energy	R_ADK1	0.000e+00
reaction gibbs energy	R_AKGDH	-4.610e+01
reaction gibbs energy	R_PTAr	-2.316e+00
reaction gibbs energy	R_PYK	-1.563e+01
reaction gibbs energy	R_RPE	-3.839e+00
reaction gibbs energy	R_CS	-2.739e+01
reaction gibbs energy	R_RPI	-4.588e+00
reaction gibbs energy	R_ENO	-2.597e+00
reaction gibbs energy	R_SUCDi	-1.216e+01
reaction gibbs energy	R_SUCOAS	-2.245e+00
reaction gibbs energy	R_TALA	-7.555e+00
reaction gibbs energy	R_TKT1	-2.941e+00
reaction gibbs energy	R_TKT2	0.000e+00
reaction gibbs energy	R_TPI	-2.060e+00
reaction gibbs energy	R_FBA	-2.179e+00
reaction gibbs energy	R_FBP	0.000e+00
reaction gibbs energy	R_FRD7	0.000e+00
reaction gibbs energy	R_FUM	-3.612e+00
reaction gibbs energy	R_G6PDH2r	-8.861e+00
reaction gibbs energy	R_GAPD	-1.651e+00
reaction gibbs energy	R_GLNS	-9.901e+00
reaction gibbs energy	R_GLUDy	0.000e+00
reaction gibbs energy	R_GLUN	0.000e+00
reaction gibbs energy	R_GLUSy	-3.767e+01
reaction gibbs energy	R_GND	-6.311e+00
reaction gibbs energy	R_ICDHyr	-5.937e+00
reaction gibbs energy	R_ICL	0.000e+00
reaction gibbs energy	R_LDH_D	-9.762e+00
reaction gibbs energy	R_MALS	0.000e+00
reaction gibbs energy	R_MDH	0.000e+00
reaction gibbs energy	R_ME1	0.000e+00
reaction gibbs energy	R_ME2	-7.037e+00
reaction gibbs energy	R_NADTRHD	-2.013e+01
reaction gibbs energy	R_PDH	0.000e+00

