!!!SBtab DocumentName='report' SBtabVersion='1.0' Date='2022-6-9'
!!SBtab TableID='Predicted concentrations' TableType='Quantity' TableName='Predicted concentrations' SBtabVersion='1.0' Unit='M'
!QuantityType	!Compound	!Value
concentration	M_h2o_c	1.000e+00
concentration	M_atp_c	1.485e-03
concentration	M_nadp_c	6.822e-06
concentration	M_nadph_c	4.767e-05
concentration	M_adp_c	2.675e-04
concentration	M_nad_c	2.288e-03
concentration	M_pi_c	1.000e-02
concentration	M_nadh_c	3.822e-06
concentration	M_coa_c	1.715e-04
concentration	M_co2_c	2.160e-05
concentration	M_amp_c	3.609e-04
concentration	M_nh4_c	3.695e-05
concentration	M_akg_c	2.296e-04
concentration	M_accoa_c	6.470e-04
concentration	M_pyr_c	8.445e-04
concentration	M_succ_c	3.273e-04
concentration	M_ac_c	9.992e-05
concentration	M_gln__L_c	2.071e-03
concentration	M_for_c	9.992e-05
concentration	M_oaa_c	5.320e-05
concentration	M_glx_c	9.992e-05
concentration	M_pep_c	2.598e-04
concentration	M_g3p_c	4.957e-05
concentration	M_acald_c	9.992e-05
concentration	M_dhap_c	9.776e-04
concentration	M_succoa_c	8.764e-04
concentration	M_fum_c	1.196e-03
concentration	M_mal__L_c	2.312e-03
concentration	M_r5p_c	1.446e-04
concentration	M_3pg_c	1.020e-03
concentration	M_cit_c	3.562e-03
concentration	M_ru5p__D_c	4.633e-04
concentration	M_g6p_c	2.608e-04
concentration	M_q8_c	2.022e-05
concentration	M_xu5p__D_c	2.501e-04
concentration	M_q8h2_c	4.936e-04
concentration	M_e4p_c	1.085e-05
concentration	M_13dpg_c	1.826e-05
concentration	M_s7p_c	4.810e-04
concentration	M_2pg_c	9.992e-05
concentration	M_actp_c	1.442e-03
concentration	M_lac__D_c	1.836e-04
concentration	M_etoh_c	9.992e-05
concentration	M_6pgc_c	9.733e-05
concentration	M_fdp_c	9.508e-04
concentration	M_6pgl_c	9.371e-06
concentration	M_acon_C_c	1.415e-05
concentration	M_glu__L_c	2.258e-02
concentration	M_icit_c	3.546e-06
concentration	M_f6p_c	4.151e-04

!!SBtab TableID='Predicted Gibbs energies' TableType='Quantity' TableName='Predicted Gibbs energies' SBtabVersion='1.0' Unit='kJ/mol'
!QuantityType	!Reaction	!Value
reaction gibbs energy	R_PFK	-1.730e+01
reaction gibbs energy	R_PFL	0.000e+00
reaction gibbs energy	R_PGI	-4.910e+00
reaction gibbs energy	R_PGK	-4.910e+00
reaction gibbs energy	R_PGL	-1.802e+01
reaction gibbs energy	R_ACALD	0.000e+00
reaction gibbs energy	R_PGM	0.000e+00
reaction gibbs energy	R_ALCD2x	0.000e+00
reaction gibbs energy	R_ACKr	0.000e+00
reaction gibbs energy	R_PPC	-2.630e+01
reaction gibbs energy	R_ACONTa	-4.939e+00
reaction gibbs energy	R_ACONTb	-4.963e+00
reaction gibbs energy	R_ATPM	0.000e+00
reaction gibbs energy	R_PPCK	0.000e+00
reaction gibbs energy	R_PPS	-1.974e+01
reaction gibbs energy	R_ADK1	-4.910e+00
reaction gibbs energy	R_AKGDH	-4.729e+01
reaction gibbs energy	R_PTAr	0.000e+00
reaction gibbs energy	R_PYK	0.000e+00
reaction gibbs energy	R_RPE	-5.074e+00
reaction gibbs energy	R_CS	-3.002e+01
reaction gibbs energy	R_RPI	-5.094e+00
reaction gibbs energy	R_ENO	0.000e+00
reaction gibbs energy	R_SUCDi	-1.393e+01
reaction gibbs energy	R_SUCOAS	-6.640e+00
reaction gibbs energy	R_TALA	-5.217e+00
reaction gibbs energy	R_TKT1	-5.064e+00
reaction gibbs energy	R_TKT2	0.000e+00
reaction gibbs energy	R_TPI	-4.910e+00
reaction gibbs energy	R_FBA	-4.910e+00
reaction gibbs energy	R_FBP	0.000e+00
reaction gibbs energy	R_FRD7	0.000e+00
reaction gibbs energy	R_FUM	0.000e+00
reaction gibbs energy	R_G6PDH2r	-8.702e+00
reaction gibbs energy	R_GAPD	-4.910e+00
reaction gibbs energy	R_GLNS	-1.055e+01
reaction gibbs energy	R_GLUDy	0.000e+00
reaction gibbs energy	R_GLUN	0.000e+00
reaction gibbs energy	R_GLUSy	-3.692e+01
reaction gibbs energy	R_GND	-8.727e+00
reaction gibbs energy	R_ICDHyr	-7.036e+00
reaction gibbs energy	R_ICL	0.000e+00
reaction gibbs energy	R_LDH_D	-1.017e+01
reaction gibbs energy	R_MALS	0.000e+00
reaction gibbs energy	R_MDH	0.000e+00
reaction gibbs energy	R_ME1	0.000e+00
reaction gibbs energy	R_ME2	0.000e+00
reaction gibbs energy	R_NADTRHD	0.000e+00
reaction gibbs energy	R_PDH	-5.567e+01

