!!!SBtab DocumentName='report' SBtabVersion='1.0' Date='2022-6-9'
!!SBtab TableID='Predicted concentrations' TableType='Quantity' TableName='Predicted concentrations' SBtabVersion='1.0' Unit='M'
!QuantityType	!Compound	!Value
concentration	M_h2o_c	1.000e+00
concentration	M_atp_c	1.945e-03
concentration	M_nadp_c	6.618e-06
concentration	M_nadph_c	5.147e-05
concentration	M_adp_c	3.338e-04
concentration	M_nad_c	1.616e-03
concentration	M_pi_c	3.613e-03
concentration	M_nadh_c	1.089e-05
concentration	M_coa_c	5.324e-03
concentration	M_co2_c	3.640e-05
concentration	M_amp_c	2.677e-04
concentration	M_nh4_c	2.469e-05
concentration	M_akg_c	3.103e-04
concentration	M_accoa_c	5.695e-04
concentration	M_pyr_c	1.038e-03
concentration	M_succ_c	4.280e-04
concentration	M_ac_c	9.989e-05
concentration	M_gln__L_c	2.101e-03
concentration	M_for_c	9.989e-05
concentration	M_oaa_c	2.019e-06
concentration	M_glx_c	2.151e-05
concentration	M_pep_c	6.167e-04
concentration	M_g3p_c	1.464e-04
concentration	M_acald_c	9.989e-05
concentration	M_dhap_c	4.813e-04
concentration	M_succoa_c	3.899e-04
concentration	M_fum_c	2.220e-03
concentration	M_mal__L_c	3.145e-03
concentration	M_r5p_c	1.373e-04
concentration	M_3pg_c	1.020e-03
concentration	M_cit_c	2.330e-03
concentration	M_ru5p__D_c	2.916e-04
concentration	M_g6p_c	3.501e-04
concentration	M_q8_c	1.917e-05
concentration	M_xu5p__D_c	3.062e-04
concentration	M_q8h2_c	5.202e-04
concentration	M_e4p_c	1.375e-05
concentration	M_13dpg_c	3.132e-05
concentration	M_s7p_c	5.771e-04
concentration	M_2pg_c	1.322e-04
concentration	M_actp_c	1.442e-03
concentration	M_lac__D_c	9.989e-05
concentration	M_etoh_c	9.989e-05
concentration	M_6pgc_c	9.353e-05
concentration	M_fdp_c	1.464e-04
concentration	M_6pgl_c	1.704e-05
concentration	M_acon_C_c	2.450e-05
concentration	M_glu__L_c	2.125e-02
concentration	M_icit_c	1.012e-05
concentration	M_f6p_c	3.156e-04

!!SBtab TableID='Predicted Gibbs energies' TableType='Quantity' TableName='Predicted Gibbs energies' SBtabVersion='1.0' Unit='kJ/mol'
!QuantityType	!Reaction	!Value
reaction gibbs energy	R_PFK	0.000e+00
reaction gibbs energy	R_PFL	0.000e+00
reaction gibbs energy	R_PGI	-2.244e+00
reaction gibbs energy	R_PGK	0.000e+00
reaction gibbs energy	R_PGL	-1.981e+01
reaction gibbs energy	R_ACALD	0.000e+00
reaction gibbs energy	R_PGM	-1.384e+00
reaction gibbs energy	R_ALCD2x	0.000e+00
reaction gibbs energy	R_ACKr	0.000e+00
reaction gibbs energy	R_PPC	0.000e+00
reaction gibbs energy	R_ACONTa	-2.538e+00
reaction gibbs energy	R_ACONTb	-3.746e+00
reaction gibbs energy	R_ATPM	0.000e+00
reaction gibbs energy	R_PPCK	-3.446e+00
reaction gibbs energy	R_PPS	0.000e+00
reaction gibbs energy	R_ADK1	0.000e+00
reaction gibbs energy	R_AKGDH	0.000e+00
reaction gibbs energy	R_PTAr	0.000e+00
reaction gibbs energy	R_PYK	0.000e+00
reaction gibbs energy	R_RPE	-3.396e+00
reaction gibbs energy	R_CS	-1.448e+01
reaction gibbs energy	R_RPI	-4.021e+00
reaction gibbs energy	R_ENO	-1.384e+00
reaction gibbs energy	R_SUCDi	-1.209e+01
reaction gibbs energy	R_SUCOAS	0.000e+00
reaction gibbs energy	R_TALA	-8.425e+00
reaction gibbs energy	R_TKT1	-2.265e+00
reaction gibbs energy	R_TKT2	-4.552e+00
reaction gibbs energy	R_TPI	-2.311e+00
reaction gibbs energy	R_FBA	-3.327e+00
reaction gibbs energy	R_FBP	-2.458e+01
reaction gibbs energy	R_FRD7	0.000e+00
reaction gibbs energy	R_FUM	-2.561e+00
reaction gibbs energy	R_G6PDH2r	-7.387e+00
reaction gibbs energy	R_GAPD	0.000e+00
reaction gibbs energy	R_GLNS	-1.209e+01
reaction gibbs energy	R_GLUDy	0.000e+00
reaction gibbs energy	R_GLUN	0.000e+00
reaction gibbs energy	R_GLUSy	-3.865e+01
reaction gibbs energy	R_GND	-6.255e+00
reaction gibbs energy	R_ICDHyr	-5.558e+00
reaction gibbs energy	R_ICL	-8.267e+00
reaction gibbs energy	R_LDH_D	0.000e+00
reaction gibbs energy	R_MALS	-1.785e+01
reaction gibbs energy	R_MDH	-2.452e+00
reaction gibbs energy	R_ME1	0.000e+00
reaction gibbs energy	R_ME2	0.000e+00
reaction gibbs energy	R_NADTRHD	-1.758e+01
reaction gibbs energy	R_PDH	-6.158e+01

