!!!SBtab DocumentName='report' SBtabVersion='1.0' Date='2022-6-9'
!!SBtab TableID='Predicted concentrations' TableType='Quantity' TableName='Predicted concentrations' SBtabVersion='1.0' Unit='M'
!QuantityType	!Compound	!Value
concentration	M_h2o_c	1.000e+00
concentration	M_atp_c	2.427e-03
concentration	M_nadp_c	6.707e-06
concentration	M_nadph_c	5.036e-05
concentration	M_adp_c	2.609e-04
concentration	M_nad_c	1.697e-03
concentration	M_pi_c	5.698e-03
concentration	M_nadh_c	7.074e-06
concentration	M_coa_c	7.580e-03
concentration	M_co2_c	1.682e-04
concentration	M_amp_c	2.717e-04
concentration	M_nh4_c	6.492e-06
concentration	M_akg_c	2.764e-04
concentration	M_accoa_c	5.499e-04
concentration	M_pyr_c	1.415e-03
concentration	M_succ_c	4.041e-04
concentration	M_ac_c	1.000e-02
concentration	M_gln__L_c	2.107e-03
concentration	M_for_c	1.000e-04
concentration	M_oaa_c	2.231e-06
concentration	M_glx_c	1.000e-04
concentration	M_pep_c	6.167e-04
concentration	M_g3p_c	1.472e-04
concentration	M_acald_c	1.000e-04
concentration	M_dhap_c	5.556e-04
concentration	M_succoa_c	3.901e-04
concentration	M_fum_c	1.629e-03
concentration	M_mal__L_c	2.013e-03
concentration	M_r5p_c	1.277e-04
concentration	M_3pg_c	1.020e-03
concentration	M_cit_c	2.136e-03
concentration	M_ru5p__D_c	2.382e-04
concentration	M_g6p_c	3.857e-04
concentration	M_q8_c	2.084e-05
concentration	M_xu5p__D_c	2.834e-04
concentration	M_q8h2_c	4.800e-04
concentration	M_e4p_c	1.370e-05
concentration	M_13dpg_c	2.778e-05
concentration	M_s7p_c	6.053e-04
concentration	M_2pg_c	1.399e-04
concentration	M_actp_c	1.020e-03
concentration	M_lac__D_c	1.000e-04
concentration	M_etoh_c	1.000e-04
concentration	M_6pgc_c	1.069e-04
concentration	M_fdp_c	1.747e-04
concentration	M_6pgl_c	1.915e-05
concentration	M_acon_C_c	2.845e-05
concentration	M_glu__L_c	2.204e-02
concentration	M_icit_c	1.619e-05
concentration	M_f6p_c	2.963e-04

!!SBtab TableID='Predicted Gibbs energies' TableType='Quantity' TableName='Predicted Gibbs energies' SBtabVersion='1.0' Unit='kJ/mol'
!QuantityType	!Reaction	!Value
reaction gibbs energy	R_PFK	0.000e+00
reaction gibbs energy	R_PFL	0.000e+00
reaction gibbs energy	R_PGI	-1.870e+00
reaction gibbs energy	R_PGK	-5.067e+00
reaction gibbs energy	R_PGL	-1.961e+01
reaction gibbs energy	R_ACALD	0.000e+00
reaction gibbs energy	R_PGM	-5.939e-01
reaction gibbs energy	R_ALCD2x	0.000e+00
reaction gibbs energy	R_ACKr	-5.939e-01
reaction gibbs energy	R_PPC	0.000e+00
reaction gibbs energy	R_ACONTa	-1.995e+00
reaction gibbs energy	R_ACONTb	-2.907e+00
reaction gibbs energy	R_ATPM	0.000e+00
reaction gibbs energy	R_PPCK	0.000e+00
reaction gibbs energy	R_PPS	-2.211e+01
reaction gibbs energy	R_ADK1	-5.534e+00
reaction gibbs energy	R_AKGDH	0.000e+00
reaction gibbs energy	R_PTAr	-8.281e+00
reaction gibbs energy	R_PYK	0.000e+00
reaction gibbs energy	R_RPE	-3.014e+00
reaction gibbs energy	R_CS	-1.370e+01
reaction gibbs energy	R_RPI	-3.683e+00
reaction gibbs energy	R_ENO	-5.939e-01
reaction gibbs energy	R_SUCDi	-1.333e+01
reaction gibbs energy	R_SUCOAS	0.000e+00
reaction gibbs energy	R_TALA	-8.675e+00
reaction gibbs energy	R_TKT1	-1.671e+00
reaction gibbs energy	R_TKT2	-4.405e+00
reaction gibbs energy	R_TPI	-2.081e+00
reaction gibbs energy	R_FBA	-3.365e+00
reaction gibbs energy	R_FBP	-2.404e+01
reaction gibbs energy	R_FRD7	0.000e+00
reaction gibbs energy	R_FUM	-2.901e+00
reaction gibbs energy	R_G6PDH2r	-7.474e+00
reaction gibbs energy	R_GAPD	-1.832e+00
reaction gibbs energy	R_GLNS	-8.865e+00
reaction gibbs energy	R_GLUDy	0.000e+00
reaction gibbs energy	R_GLUN	0.000e+00
reaction gibbs energy	R_GLUSy	-3.797e+01
reaction gibbs energy	R_GND	-3.728e+00
reaction gibbs energy	R_ICDHyr	-3.687e+00
reaction gibbs energy	R_ICL	0.000e+00
reaction gibbs energy	R_LDH_D	0.000e+00
reaction gibbs energy	R_MALS	0.000e+00
reaction gibbs energy	R_MDH	-2.330e+00
reaction gibbs energy	R_ME1	-2.319e+01
reaction gibbs energy	R_ME2	0.000e+00
reaction gibbs energy	R_NADTRHD	0.000e+00
reaction gibbs energy	R_PDH	0.000e+00

