!!!SBtab DocumentName='report' SBtabVersion='1.0' Date='2022-6-9'
!!SBtab TableID='Predicted concentrations' TableType='Quantity' TableName='Predicted concentrations' SBtabVersion='1.0' Unit='M'
!QuantityType	!Compound	!Value
concentration	M_h2o_c	1.000e+00
concentration	M_atp_c	2.427e-03
concentration	M_nadp_c	6.626e-06
concentration	M_nadph_c	5.192e-05
concentration	M_adp_c	2.609e-04
concentration	M_nad_c	1.894e-03
concentration	M_pi_c	8.406e-03
concentration	M_nadh_c	4.699e-06
concentration	M_coa_c	1.187e-02
concentration	M_co2_c	1.160e-04
concentration	M_amp_c	2.677e-04
concentration	M_nh4_c	5.637e-06
concentration	M_akg_c	2.875e-04
concentration	M_accoa_c	5.219e-04
concentration	M_pyr_c	1.517e-03
concentration	M_succ_c	4.103e-04
concentration	M_ac_c	1.000e-02
concentration	M_gln__L_c	2.113e-03
concentration	M_for_c	1.000e-04
concentration	M_oaa_c	3.379e-06
concentration	M_glx_c	5.430e-05
concentration	M_pep_c	6.167e-04
concentration	M_g3p_c	3.874e-05
concentration	M_acald_c	1.000e-04
concentration	M_dhap_c	7.518e-04
concentration	M_succoa_c	3.901e-04
concentration	M_fum_c	1.660e-03
concentration	M_mal__L_c	2.044e-03
concentration	M_r5p_c	8.785e-05
concentration	M_3pg_c	1.020e-03
concentration	M_cit_c	2.107e-03
concentration	M_ru5p__D_c	2.173e-04
concentration	M_g6p_c	4.861e-04
concentration	M_q8_c	1.572e-05
concentration	M_xu5p__D_c	2.044e-04
concentration	M_q8h2_c	6.361e-04
concentration	M_e4p_c	1.355e-05
concentration	M_13dpg_c	2.330e-05
concentration	M_s7p_c	7.867e-04
concentration	M_2pg_c	1.399e-04
concentration	M_actp_c	1.020e-03
concentration	M_lac__D_c	6.120e-04
concentration	M_etoh_c	1.000e-04
concentration	M_6pgc_c	1.001e-04
concentration	M_fdp_c	5.708e-04
concentration	M_6pgl_c	1.826e-05
concentration	M_acon_C_c	2.820e-05
concentration	M_glu__L_c	2.180e-02
concentration	M_icit_c	1.445e-05
concentration	M_f6p_c	2.232e-04

!!SBtab TableID='Predicted Gibbs energies' TableType='Quantity' TableName='Predicted Gibbs energies' SBtabVersion='1.0' Unit='kJ/mol'
!QuantityType	!Reaction	!Value
reaction gibbs energy	R_PFK	-1.921e+01
reaction gibbs energy	R_PFL	0.000e+00
reaction gibbs energy	R_PGI	0.000e+00
reaction gibbs energy	R_PGK	-4.631e+00
reaction gibbs energy	R_PGL	-1.966e+01
reaction gibbs energy	R_ACALD	0.000e+00
reaction gibbs energy	R_PGM	-5.939e-01
reaction gibbs energy	R_ALCD2x	0.000e+00
reaction gibbs energy	R_ACKr	-5.939e-01
reaction gibbs energy	R_PPC	0.000e+00
reaction gibbs energy	R_ACONTa	-1.983e+00
reaction gibbs energy	R_ACONTb	-3.166e+00
reaction gibbs energy	R_ATPM	0.000e+00
reaction gibbs energy	R_PPCK	-3.576e+00
reaction gibbs energy	R_PPS	0.000e+00
reaction gibbs energy	R_ADK1	0.000e+00
reaction gibbs energy	R_AKGDH	0.000e+00
reaction gibbs energy	R_PTAr	-8.558e+00
reaction gibbs energy	R_PYK	0.000e+00
reaction gibbs energy	R_RPE	-3.595e+00
reaction gibbs energy	R_CS	-1.352e+01
reaction gibbs energy	R_RPI	-4.381e+00
reaction gibbs energy	R_ENO	-5.939e-01
reaction gibbs energy	R_SUCDi	-1.193e+01
reaction gibbs energy	R_SUCOAS	0.000e+00
reaction gibbs energy	R_TALA	-6.746e+00
reaction gibbs energy	R_TKT1	-2.593e+00
reaction gibbs energy	R_TKT2	0.000e+00
reaction gibbs energy	R_TPI	-1.976e+00
reaction gibbs energy	R_FBA	-2.126e+00
reaction gibbs energy	R_FBP	0.000e+00
reaction gibbs energy	R_FRD7	0.000e+00
reaction gibbs energy	R_FUM	-2.910e+00
reaction gibbs energy	R_G6PDH2r	-8.061e+00
reaction gibbs energy	R_GAPD	-1.210e+00
reaction gibbs energy	R_GLNS	-7.518e+00
reaction gibbs energy	R_GLUDy	0.000e+00
reaction gibbs energy	R_GLUN	0.000e+00
reaction gibbs energy	R_GLUSy	-3.823e+01
reaction gibbs energy	R_GND	-4.607e+00
reaction gibbs energy	R_ICDHyr	-4.124e+00
reaction gibbs energy	R_ICL	-6.931e+00
reaction gibbs energy	R_LDH_D	-9.622e+00
reaction gibbs energy	R_MALS	-2.001e+01
reaction gibbs energy	R_MDH	-2.624e+00
reaction gibbs energy	R_ME1	-2.526e+01
reaction gibbs energy	R_ME2	0.000e+00
reaction gibbs energy	R_NADTRHD	0.000e+00
reaction gibbs energy	R_PDH	0.000e+00

