!!!SBtab DocumentName='report' SBtabVersion='1.0' Date='2022-6-9'
!!SBtab TableID='Predicted concentrations' TableType='Quantity' TableName='Predicted concentrations' SBtabVersion='1.0' Unit='M'
!QuantityType	!Compound	!Value
concentration	M_h2o_c	1.000e+00
concentration	M_atp_c	2.427e-03
concentration	M_nadp_c	6.811e-06
concentration	M_nadph_c	4.943e-05
concentration	M_adp_c	2.609e-04
concentration	M_nad_c	1.544e-03
concentration	M_pi_c	5.469e-03
concentration	M_nadh_c	3.578e-05
concentration	M_coa_c	1.194e-04
concentration	M_co2_c	2.529e-04
concentration	M_amp_c	2.686e-04
concentration	M_nh4_c	6.602e-06
concentration	M_akg_c	2.689e-04
concentration	M_accoa_c	1.344e-03
concentration	M_pyr_c	9.149e-04
concentration	M_succ_c	4.025e-04
concentration	M_ac_c	5.334e-04
concentration	M_gln__L_c	2.105e-03
concentration	M_for_c	1.000e-04
concentration	M_oaa_c	1.442e-06
concentration	M_glx_c	1.000e-04
concentration	M_pep_c	6.167e-04
concentration	M_g3p_c	9.111e-05
concentration	M_acald_c	1.000e-04
concentration	M_dhap_c	4.929e-04
concentration	M_succoa_c	3.901e-04
concentration	M_fum_c	1.970e-03
concentration	M_mal__L_c	4.142e-03
concentration	M_r5p_c	1.059e-04
concentration	M_3pg_c	2.056e-03
concentration	M_cit_c	2.037e-03
concentration	M_ru5p__D_c	2.101e-04
concentration	M_g6p_c	4.010e-04
concentration	M_q8_c	1.873e-05
concentration	M_xu5p__D_c	2.434e-04
concentration	M_q8h2_c	5.339e-04
concentration	M_e4p_c	1.362e-05
concentration	M_13dpg_c	1.826e-05
concentration	M_s7p_c	6.889e-04
concentration	M_2pg_c	1.947e-04
concentration	M_actp_c	1.237e-03
concentration	M_lac__D_c	1.000e-04
concentration	M_etoh_c	1.000e-04
concentration	M_6pgc_c	1.107e-04
concentration	M_fdp_c	1.492e-04
concentration	M_6pgl_c	2.703e-05
concentration	M_acon_C_c	3.060e-05
concentration	M_glu__L_c	2.212e-02
concentration	M_icit_c	2.053e-05
concentration	M_f6p_c	2.884e-04

!!SBtab TableID='Predicted Gibbs energies' TableType='Quantity' TableName='Predicted Gibbs energies' SBtabVersion='1.0' Unit='kJ/mol'
!QuantityType	!Reaction	!Value
reaction gibbs energy	R_PFK	0.000e+00
reaction gibbs energy	R_PFL	0.000e+00
reaction gibbs energy	R_PGI	-1.676e+00
reaction gibbs energy	R_PGK	-1.870e-02
reaction gibbs energy	R_PGL	-2.047e+01
reaction gibbs energy	R_ACALD	0.000e+00
reaction gibbs energy	R_PGM	-1.870e-02
reaction gibbs energy	R_ALCD2x	0.000e+00
reaction gibbs energy	R_ACKr	-1.062e+01
reaction gibbs energy	R_PPC	0.000e+00
reaction gibbs energy	R_ACONTa	-1.660e+00
reaction gibbs energy	R_ACONTb	-2.530e+00
reaction gibbs energy	R_ATPM	0.000e+00
reaction gibbs energy	R_PPCK	0.000e+00
reaction gibbs energy	R_PPS	-2.120e+01
reaction gibbs energy	R_ADK1	-5.479e+00
reaction gibbs energy	R_AKGDH	0.000e+00
reaction gibbs energy	R_PTAr	-6.399e-01
reaction gibbs energy	R_PYK	0.000e+00
reaction gibbs energy	R_RPE	-3.106e+00
reaction gibbs energy	R_CS	-2.549e+01
reaction gibbs energy	R_RPI	-3.841e+00
reaction gibbs energy	R_ENO	-1.870e-02
reaction gibbs energy	R_SUCDi	-1.187e+01
reaction gibbs energy	R_SUCOAS	0.000e+00
reaction gibbs energy	R_TALA	-7.906e+00
reaction gibbs energy	R_TKT1	-1.733e+00
reaction gibbs energy	R_TKT2	0.000e+00
reaction gibbs energy	R_TPI	-1.055e+00
reaction gibbs energy	R_FBA	-2.143e+00
reaction gibbs energy	R_FBP	-2.379e+01
reaction gibbs energy	R_FRD7	0.000e+00
reaction gibbs energy	R_FUM	-1.582e+00
reaction gibbs energy	R_G6PDH2r	-6.753e+00
reaction gibbs energy	R_GAPD	-1.222e+00
reaction gibbs energy	R_GLNS	-9.026e+00
reaction gibbs energy	R_GLUDy	0.000e+00
reaction gibbs energy	R_GLUN	0.000e+00
reaction gibbs energy	R_GLUSy	-3.793e+01
reaction gibbs energy	R_GND	-2.838e+00
reaction gibbs energy	R_ICDHyr	-3.020e+00
reaction gibbs energy	R_ICL	0.000e+00
reaction gibbs energy	R_LDH_D	0.000e+00
reaction gibbs energy	R_MALS	0.000e+00
reaction gibbs energy	R_MDH	-9.055e-01
reaction gibbs energy	R_ME1	0.000e+00
reaction gibbs energy	R_ME2	-6.084e+00
reaction gibbs energy	R_NADTRHD	0.000e+00
reaction gibbs energy	R_PDH	-4.162e+01

