!!!SBtab DocumentName='report' SBtabVersion='1.0' Date='2022-6-9'
!!SBtab TableID='Predicted concentrations' TableType='Quantity' TableName='Predicted concentrations' SBtabVersion='1.0' Unit='M'
!QuantityType	!Compound	!Value
concentration	M_h2o_c	1.000e+00
concentration	M_atp_c	1.903e-03
concentration	M_nadp_c	6.838e-06
concentration	M_nadph_c	4.776e-05
concentration	M_adp_c	3.320e-04
concentration	M_nad_c	1.944e-03
concentration	M_pi_c	8.953e-03
concentration	M_nadh_c	4.468e-06
concentration	M_coa_c	1.179e-04
concentration	M_co2_c	1.499e-04
concentration	M_amp_c	2.771e-04
concentration	M_nh4_c	1.183e-05
concentration	M_akg_c	2.592e-04
concentration	M_accoa_c	1.369e-03
concentration	M_pyr_c	1.044e-03
concentration	M_succ_c	4.059e-04
concentration	M_ac_c	5.327e-04
concentration	M_gln__L_c	2.096e-03
concentration	M_for_c	9.999e-05
concentration	M_oaa_c	2.237e-06
concentration	M_glx_c	9.999e-05
concentration	M_pep_c	6.167e-04
concentration	M_g3p_c	3.949e-05
concentration	M_acald_c	9.999e-05
concentration	M_dhap_c	8.203e-04
concentration	M_succoa_c	3.901e-04
concentration	M_fum_c	1.717e-03
concentration	M_mal__L_c	1.680e-03
concentration	M_r5p_c	9.506e-05
concentration	M_3pg_c	1.020e-03
concentration	M_cit_c	2.406e-03
concentration	M_ru5p__D_c	2.400e-04
concentration	M_g6p_c	4.864e-04
concentration	M_q8_c	1.928e-05
concentration	M_xu5p__D_c	2.125e-04
concentration	M_q8h2_c	5.187e-04
concentration	M_e4p_c	1.347e-05
concentration	M_13dpg_c	2.157e-05
concentration	M_s7p_c	7.343e-04
concentration	M_2pg_c	1.322e-04
concentration	M_actp_c	1.219e-03
concentration	M_lac__D_c	9.999e-05
concentration	M_etoh_c	9.999e-05
concentration	M_6pgc_c	1.121e-04
concentration	M_fdp_c	6.705e-04
concentration	M_6pgl_c	2.732e-05
concentration	M_acon_C_c	2.629e-05
concentration	M_glu__L_c	2.206e-02
concentration	M_icit_c	1.434e-05
concentration	M_f6p_c	2.168e-04

!!SBtab TableID='Predicted Gibbs energies' TableType='Quantity' TableName='Predicted Gibbs energies' SBtabVersion='1.0' Unit='kJ/mol'
!QuantityType	!Reaction	!Value
reaction gibbs energy	R_PFK	-1.768e+01
reaction gibbs energy	R_PFL	0.000e+00
reaction gibbs energy	R_PGI	0.000e+00
reaction gibbs energy	R_PGK	-5.678e+00
reaction gibbs energy	R_PGL	-2.053e+01
reaction gibbs energy	R_ACALD	0.000e+00
reaction gibbs energy	R_PGM	-1.384e+00
reaction gibbs energy	R_ALCD2x	0.000e+00
reaction gibbs energy	R_ACKr	-1.180e+01
reaction gibbs energy	R_PPC	0.000e+00
reaction gibbs energy	R_ACONTa	-2.443e+00
reaction gibbs energy	R_ACONTb	-3.056e+00
reaction gibbs energy	R_ATPM	0.000e+00
reaction gibbs energy	R_PPCK	0.000e+00
reaction gibbs energy	R_PPS	-1.960e+01
reaction gibbs energy	R_ADK1	-3.760e+00
reaction gibbs energy	R_AKGDH	0.000e+00
reaction gibbs energy	R_PTAr	-1.973e+00
reaction gibbs energy	R_PYK	0.000e+00
reaction gibbs energy	R_RPE	-3.818e+00
reaction gibbs energy	R_CS	-2.626e+01
reaction gibbs energy	R_RPI	-4.449e+00
reaction gibbs energy	R_ENO	-1.384e+00
reaction gibbs energy	R_SUCDi	-1.261e+01
reaction gibbs energy	R_SUCOAS	0.000e+00
reaction gibbs energy	R_TALA	-6.756e+00
reaction gibbs energy	R_TKT1	-3.099e+00
reaction gibbs energy	R_TKT2	0.000e+00
reaction gibbs energy	R_TPI	-2.256e+00
reaction gibbs energy	R_FBA	-2.368e+00
reaction gibbs energy	R_FBP	0.000e+00
reaction gibbs energy	R_FRD7	0.000e+00
reaction gibbs energy	R_FUM	-3.478e+00
reaction gibbs energy	R_G6PDH2r	-7.298e+00
reaction gibbs energy	R_GAPD	-1.807e+00
reaction gibbs energy	R_GLNS	-8.077e+00
reaction gibbs energy	R_GLUDy	0.000e+00
reaction gibbs energy	R_GLUN	0.000e+00
reaction gibbs energy	R_GLUSy	-3.774e+01
reaction gibbs energy	R_GND	-3.944e+00
reaction gibbs energy	R_ICDHyr	-3.628e+00
reaction gibbs energy	R_ICL	0.000e+00
reaction gibbs energy	R_LDH_D	0.000e+00
reaction gibbs energy	R_MALS	0.000e+00
reaction gibbs energy	R_MDH	-3.310e+00
reaction gibbs energy	R_ME1	-2.481e+01
reaction gibbs energy	R_ME2	-4.837e+00
reaction gibbs energy	R_NADTRHD	0.000e+00
reaction gibbs energy	R_PDH	-4.914e+01

