!!!SBtab DocumentName='report' SBtabVersion='1.0' Date='2022-6-9'
!!SBtab TableID='Predicted concentrations' TableType='Quantity' TableName='Predicted concentrations' SBtabVersion='1.0' Unit='M'
!QuantityType	!Compound	!Value
concentration	M_h2o_c	1.000e+00
concentration	M_atp_c	2.427e-03
concentration	M_nadp_c	6.637e-06
concentration	M_nadph_c	5.211e-05
concentration	M_adp_c	2.609e-04
concentration	M_nad_c	1.524e-03
concentration	M_pi_c	5.085e-03
concentration	M_nadh_c	1.676e-04
concentration	M_coa_c	1.511e-02
concentration	M_co2_c	2.020e-04
concentration	M_amp_c	2.700e-04
concentration	M_nh4_c	9.999e-05
concentration	M_akg_c	3.180e-04
concentration	M_accoa_c	4.987e-04
concentration	M_pyr_c	1.346e-03
concentration	M_succ_c	4.379e-04
concentration	M_ac_c	1.000e-02
concentration	M_gln__L_c	2.104e-03
concentration	M_for_c	9.999e-05
concentration	M_oaa_c	1.759e-05
concentration	M_glx_c	2.928e-05
concentration	M_pep_c	6.167e-04
concentration	M_g3p_c	1.145e-04
concentration	M_acald_c	9.999e-05
concentration	M_dhap_c	5.722e-04
concentration	M_succoa_c	3.900e-04
concentration	M_fum_c	1.465e-03
concentration	M_mal__L_c	2.013e-03
concentration	M_r5p_c	1.091e-04
concentration	M_3pg_c	2.172e-03
concentration	M_cit_c	1.843e-03
concentration	M_ru5p__D_c	2.020e-04
concentration	M_g6p_c	4.217e-04
concentration	M_q8_c	1.879e-05
concentration	M_xu5p__D_c	2.453e-04
concentration	M_q8h2_c	5.321e-04
concentration	M_e4p_c	1.360e-05
concentration	M_13dpg_c	1.826e-05
concentration	M_s7p_c	6.834e-04
concentration	M_2pg_c	2.040e-04
concentration	M_actp_c	1.020e-03
concentration	M_lac__D_c	9.999e-05
concentration	M_etoh_c	9.999e-05
concentration	M_6pgc_c	1.025e-04
concentration	M_fdp_c	1.842e-04
concentration	M_6pgl_c	2.006e-05
concentration	M_acon_C_c	2.932e-05
concentration	M_glu__L_c	2.173e-02
concentration	M_icit_c	1.359e-05
concentration	M_f6p_c	2.776e-04

!!SBtab TableID='Predicted Gibbs energies' TableType='Quantity' TableName='Predicted Gibbs energies' SBtabVersion='1.0' Unit='kJ/mol'
!QuantityType	!Reaction	!Value
reaction gibbs energy	R_PFK	0.000e+00
reaction gibbs energy	R_PFL	0.000e+00
reaction gibbs energy	R_PGI	-1.465e+00
reaction gibbs energy	R_PGK	3.192e-01
reaction gibbs energy	R_PGL	-1.985e+01
reaction gibbs energy	R_ACALD	0.000e+00
reaction gibbs energy	R_PGM	3.192e-01
reaction gibbs energy	R_ALCD2x	0.000e+00
reaction gibbs energy	R_ACKr	3.192e-01
reaction gibbs energy	R_PPC	-4.117e+01
reaction gibbs energy	R_ACONTa	-1.548e+00
reaction gibbs energy	R_ACONTb	-3.419e+00
reaction gibbs energy	R_ATPM	0.000e+00
reaction gibbs energy	R_PPCK	-6.050e+00
reaction gibbs energy	R_PPS	-2.229e+01
reaction gibbs energy	R_ADK1	-5.514e+00
reaction gibbs energy	R_AKGDH	0.000e+00
reaction gibbs energy	R_PTAr	-1.130e+01
reaction gibbs energy	R_PYK	0.000e+00
reaction gibbs energy	R_RPE	-2.960e+00
reaction gibbs energy	R_CS	-1.731e+01
reaction gibbs energy	R_RPI	-3.662e+00
reaction gibbs energy	R_ENO	3.192e-01
reaction gibbs energy	R_SUCDi	-1.306e+01
reaction gibbs energy	R_SUCOAS	0.000e+00
reaction gibbs energy	R_TALA	-8.534e+00
reaction gibbs energy	R_TKT1	-1.244e+00
reaction gibbs energy	R_TKT2	-4.809e+00
reaction gibbs energy	R_TPI	-1.297e+00
reaction gibbs energy	R_FBA	-2.600e+00
reaction gibbs energy	R_FBP	-2.458e+01
reaction gibbs energy	R_FRD7	0.000e+00
reaction gibbs energy	R_FUM	-2.636e+00
reaction gibbs energy	R_G6PDH2r	-7.445e+00
reaction gibbs energy	R_GAPD	-4.998e+00
reaction gibbs energy	R_GLNS	0.000e+00
reaction gibbs energy	R_GLUDy	0.000e+00
reaction gibbs energy	R_GLUN	0.000e+00
reaction gibbs energy	R_GLUSy	0.000e+00
reaction gibbs energy	R_GND	-3.271e+00
reaction gibbs energy	R_ICDHyr	0.000e+00
reaction gibbs energy	R_ICL	-8.153e+00
reaction gibbs energy	R_LDH_D	0.000e+00
reaction gibbs energy	R_MALS	-1.743e+01
reaction gibbs energy	R_MDH	0.000e+00
reaction gibbs energy	R_ME1	-1.455e+01
reaction gibbs energy	R_ME2	0.000e+00
reaction gibbs energy	R_NADTRHD	-1.066e+01
reaction gibbs energy	R_PDH	0.000e+00

