!!!SBtab DocumentName='report' SBtabVersion='1.0' Date='2022-6-9'
!!SBtab TableID='Predicted concentrations' TableType='Quantity' TableName='Predicted concentrations' SBtabVersion='1.0' Unit='M'
!QuantityType	!Compound	!Value
concentration	M_h2o_c	1.000e+00
concentration	M_atp_c	2.427e-03
concentration	M_nadp_c	6.647e-06
concentration	M_nadph_c	5.223e-05
concentration	M_adp_c	2.609e-04
concentration	M_nad_c	1.597e-03
concentration	M_pi_c	5.315e-03
concentration	M_nadh_c	7.984e-06
concentration	M_coa_c	5.407e-03
concentration	M_co2_c	7.052e-05
concentration	M_amp_c	2.686e-04
concentration	M_nh4_c	5.510e-06
concentration	M_akg_c	2.966e-04
concentration	M_accoa_c	5.991e-04
concentration	M_pyr_c	9.019e-04
concentration	M_succ_c	3.897e-04
concentration	M_ac_c	1.000e-02
concentration	M_gln__L_c	2.121e-03
concentration	M_for_c	1.000e-04
concentration	M_oaa_c	2.374e-06
concentration	M_glx_c	1.000e-04
concentration	M_pep_c	6.167e-04
concentration	M_g3p_c	1.272e-04
concentration	M_acald_c	1.000e-04
concentration	M_dhap_c	5.226e-04
concentration	M_succoa_c	3.901e-04
concentration	M_fum_c	1.825e-03
concentration	M_mal__L_c	2.542e-03
concentration	M_r5p_c	1.252e-04
concentration	M_3pg_c	1.020e-03
concentration	M_cit_c	2.097e-03
concentration	M_ru5p__D_c	2.567e-04
concentration	M_g6p_c	3.838e-04
concentration	M_q8_c	1.401e-05
concentration	M_xu5p__D_c	2.770e-04
concentration	M_q8h2_c	7.141e-04
concentration	M_e4p_c	1.355e-05
concentration	M_13dpg_c	3.132e-05
concentration	M_s7p_c	6.183e-04
concentration	M_2pg_c	1.399e-04
concentration	M_actp_c	1.020e-03
concentration	M_lac__D_c	4.906e-04
concentration	M_etoh_c	1.000e-04
concentration	M_6pgc_c	9.670e-05
concentration	M_fdp_c	1.604e-04
concentration	M_6pgl_c	1.761e-05
concentration	M_acon_C_c	2.721e-05
concentration	M_glu__L_c	2.175e-02
concentration	M_icit_c	1.345e-05
concentration	M_f6p_c	2.930e-04

!!SBtab TableID='Predicted Gibbs energies' TableType='Quantity' TableName='Predicted Gibbs energies' SBtabVersion='1.0' Unit='kJ/mol'
!QuantityType	!Reaction	!Value
reaction gibbs energy	R_PFK	0.000e+00
reaction gibbs energy	R_PFL	0.000e+00
reaction gibbs energy	R_PGI	-1.855e+00
reaction gibbs energy	R_PGK	0.000e+00
reaction gibbs energy	R_PGL	-1.965e+01
reaction gibbs energy	R_ACALD	0.000e+00
reaction gibbs energy	R_PGM	-5.939e-01
reaction gibbs energy	R_ALCD2x	0.000e+00
reaction gibbs energy	R_ACKr	-5.939e-01
reaction gibbs energy	R_PPC	0.000e+00
reaction gibbs energy	R_ACONTa	-2.059e+00
reaction gibbs energy	R_ACONTb	-3.256e+00
reaction gibbs energy	R_ATPM	0.000e+00
reaction gibbs energy	R_PPCK	-3.935e+00
reaction gibbs energy	R_PPS	-2.119e+01
reaction gibbs energy	R_ADK1	-5.506e+00
reaction gibbs energy	R_AKGDH	0.000e+00
reaction gibbs energy	R_PTAr	-7.404e+00
reaction gibbs energy	R_PYK	0.000e+00
reaction gibbs energy	R_RPE	-3.256e+00
reaction gibbs energy	R_CS	-1.495e+01
reaction gibbs energy	R_RPI	-3.916e+00
reaction gibbs energy	R_ENO	-5.939e-01
reaction gibbs energy	R_SUCDi	-1.099e+01
reaction gibbs energy	R_SUCOAS	0.000e+00
reaction gibbs energy	R_TALA	-8.422e+00
reaction gibbs energy	R_TKT1	-1.875e+00
reaction gibbs energy	R_TKT2	-4.710e+00
reaction gibbs energy	R_TPI	-1.871e+00
reaction gibbs energy	R_FBA	-3.065e+00
reaction gibbs energy	R_FBP	-2.402e+01
reaction gibbs energy	R_FRD7	0.000e+00
reaction gibbs energy	R_FUM	-2.605e+00
reaction gibbs energy	R_G6PDH2r	-7.558e+00
reaction gibbs energy	R_GAPD	0.000e+00
reaction gibbs energy	R_GLNS	-8.583e+00
reaction gibbs energy	R_GLUDy	0.000e+00
reaction gibbs energy	R_GLUN	0.000e+00
reaction gibbs energy	R_GLUSy	-3.834e+01
reaction gibbs energy	R_GND	-5.335e+00
reaction gibbs energy	R_ICDHyr	-5.094e+00
reaction gibbs energy	R_ICL	0.000e+00
reaction gibbs energy	R_LDH_D	-1.062e+01
reaction gibbs energy	R_MALS	0.000e+00
reaction gibbs energy	R_MDH	-2.303e+00
reaction gibbs energy	R_ME1	0.000e+00
reaction gibbs energy	R_ME2	0.000e+00
reaction gibbs energy	R_NADTRHD	0.000e+00
reaction gibbs energy	R_PDH	0.000e+00

