!!!SBtab DocumentName='report' SBtabVersion='1.0' Date='2022-6-9'
!!SBtab TableID='Predicted concentrations' TableType='Quantity' TableName='Predicted concentrations' SBtabVersion='1.0' Unit='M'
!QuantityType	!Compound	!Value
concentration	M_h2o_c	1.000e+00
concentration	M_atp_c	2.427e-03
concentration	M_nadp_c	6.748e-06
concentration	M_nadph_c	4.921e-05
concentration	M_adp_c	2.609e-04
concentration	M_nad_c	1.962e-03
concentration	M_pi_c	8.813e-03
concentration	M_nadh_c	4.502e-06
concentration	M_coa_c	7.730e-04
concentration	M_co2_c	1.026e-04
concentration	M_amp_c	2.677e-04
concentration	M_nh4_c	1.459e-05
concentration	M_akg_c	2.614e-04
concentration	M_accoa_c	3.235e-04
concentration	M_pyr_c	1.534e-03
concentration	M_succ_c	2.767e-04
concentration	M_ac_c	1.000e-02
concentration	M_gln__L_c	2.093e-03
concentration	M_for_c	1.000e-04
concentration	M_oaa_c	1.293e-04
concentration	M_glx_c	1.000e-04
concentration	M_pep_c	1.617e-04
concentration	M_g3p_c	3.819e-05
concentration	M_acald_c	1.000e-04
concentration	M_dhap_c	8.274e-04
concentration	M_succoa_c	1.081e-03
concentration	M_fum_c	1.603e-03
concentration	M_mal__L_c	1.371e-03
concentration	M_r5p_c	9.503e-05
concentration	M_3pg_c	1.589e-03
concentration	M_cit_c	2.360e-03
concentration	M_ru5p__D_c	2.458e-04
concentration	M_g6p_c	4.854e-04
concentration	M_q8_c	2.208e-05
concentration	M_xu5p__D_c	2.043e-04
concentration	M_q8h2_c	4.529e-04
concentration	M_e4p_c	1.339e-05
concentration	M_13dpg_c	2.159e-05
concentration	M_s7p_c	7.447e-04
concentration	M_2pg_c	9.578e-05
concentration	M_actp_c	1.020e-03
concentration	M_lac__D_c	4.669e-04
concentration	M_etoh_c	1.000e-04
concentration	M_6pgc_c	1.004e-04
concentration	M_fdp_c	6.827e-04
concentration	M_6pgl_c	2.140e-05
concentration	M_acon_C_c	2.639e-05
concentration	M_glu__L_c	2.205e-02
concentration	M_icit_c	1.226e-05
concentration	M_f6p_c	2.216e-04

!!SBtab TableID='Predicted Gibbs energies' TableType='Quantity' TableName='Predicted Gibbs energies' SBtabVersion='1.0' Unit='kJ/mol'
!QuantityType	!Reaction	!Value
reaction gibbs energy	R_PFK	-1.854e+01
reaction gibbs energy	R_PFL	0.000e+00
reaction gibbs energy	R_PGI	0.000e+00
reaction gibbs energy	R_PGK	-3.288e+00
reaction gibbs energy	R_PGL	-1.989e+01
reaction gibbs energy	R_ACALD	0.000e+00
reaction gibbs energy	R_PGM	-2.558e+00
reaction gibbs energy	R_ALCD2x	0.000e+00
reaction gibbs energy	R_ACKr	-1.274e+00
reaction gibbs energy	R_PPC	-2.866e+01
reaction gibbs energy	R_ACONTa	-2.432e+00
reaction gibbs energy	R_ACONTb	-3.389e+00
reaction gibbs energy	R_ATPM	0.000e+00
reaction gibbs energy	R_PPCK	0.000e+00
reaction gibbs energy	R_PPS	0.000e+00
reaction gibbs energy	R_ADK1	0.000e+00
reaction gibbs energy	R_AKGDH	-4.473e+01
reaction gibbs energy	R_PTAr	-2.302e+00
reaction gibbs energy	R_PYK	0.000e+00
reaction gibbs energy	R_RPE	-3.828e+00
reaction gibbs energy	R_CS	-2.771e+01
reaction gibbs energy	R_RPI	-4.475e+00
reaction gibbs energy	R_ENO	-2.565e+00
reaction gibbs energy	R_SUCDi	-1.265e+01
reaction gibbs energy	R_SUCOAS	-2.239e+00
reaction gibbs energy	R_TALA	-6.578e+00
reaction gibbs energy	R_TKT1	-2.866e+00
reaction gibbs energy	R_TKT2	-7.506e+00
reaction gibbs energy	R_TPI	-2.064e+00
reaction gibbs energy	R_FBA	-2.189e+00
reaction gibbs energy	R_FBP	0.000e+00
reaction gibbs energy	R_FRD7	0.000e+00
reaction gibbs energy	R_FUM	-3.816e+00
reaction gibbs energy	R_G6PDH2r	-7.902e+00
reaction gibbs energy	R_GAPD	-1.651e+00
reaction gibbs energy	R_GLNS	-9.768e+00
reaction gibbs energy	R_GLUDy	0.000e+00
reaction gibbs energy	R_GLUN	0.000e+00
reaction gibbs energy	R_GLUSy	-3.762e+01
reaction gibbs energy	R_GND	-5.215e+00
reaction gibbs energy	R_ICDHyr	-4.844e+00
reaction gibbs energy	R_ICL	0.000e+00
reaction gibbs energy	R_LDH_D	-1.013e+01
reaction gibbs energy	R_MALS	0.000e+00
reaction gibbs energy	R_MDH	0.000e+00
reaction gibbs energy	R_ME1	-2.531e+01
reaction gibbs energy	R_ME2	0.000e+00
reaction gibbs energy	R_NADTRHD	-2.007e+01
reaction gibbs energy	R_PDH	0.000e+00

