!!!SBtab DocumentName='report' SBtabVersion='1.0' Date='2022-6-9'
!!SBtab TableID='Predicted concentrations' TableType='Quantity' TableName='Predicted concentrations' SBtabVersion='1.0' Unit='M'
!QuantityType	!Compound	!Value
concentration	M_h2o_c	1.000e+00
concentration	M_atp_c	2.427e-03
concentration	M_nadp_c	6.465e-06
concentration	M_nadph_c	5.220e-05
concentration	M_adp_c	2.609e-04
concentration	M_nad_c	1.615e-03
concentration	M_pi_c	2.707e-03
concentration	M_nadh_c	2.188e-05
concentration	M_coa_c	3.799e-03
concentration	M_co2_c	2.057e-04
concentration	M_amp_c	2.716e-04
concentration	M_nh4_c	4.754e-06
concentration	M_akg_c	2.714e-04
concentration	M_accoa_c	6.082e-04
concentration	M_pyr_c	1.139e-03
concentration	M_succ_c	4.079e-04
concentration	M_ac_c	1.000e-02
concentration	M_gln__L_c	2.105e-03
concentration	M_for_c	1.000e-04
concentration	M_oaa_c	1.792e-06
concentration	M_glx_c	1.000e-04
concentration	M_pep_c	6.167e-04
concentration	M_g3p_c	9.490e-05
concentration	M_acald_c	1.000e-04
concentration	M_dhap_c	5.240e-04
concentration	M_succoa_c	3.901e-04
concentration	M_fum_c	1.718e-03
concentration	M_mal__L_c	3.030e-03
concentration	M_r5p_c	1.048e-04
concentration	M_3pg_c	2.172e-03
concentration	M_cit_c	1.893e-03
concentration	M_ru5p__D_c	2.147e-04
concentration	M_g6p_c	4.105e-04
concentration	M_q8_c	1.673e-05
concentration	M_xu5p__D_c	2.384e-04
concentration	M_q8h2_c	5.977e-04
concentration	M_e4p_c	1.352e-05
concentration	M_13dpg_c	1.826e-05
concentration	M_s7p_c	7.026e-04
concentration	M_2pg_c	2.040e-04
concentration	M_actp_c	1.020e-03
concentration	M_lac__D_c	9.116e-04
concentration	M_etoh_c	1.000e-04
concentration	M_6pgc_c	1.045e-04
concentration	M_fdp_c	1.585e-04
concentration	M_6pgl_c	1.878e-05
concentration	M_acon_C_c	3.046e-05
concentration	M_glu__L_c	2.248e-02
concentration	M_icit_c	1.893e-05
concentration	M_f6p_c	2.845e-04

!!SBtab TableID='Predicted Gibbs energies' TableType='Quantity' TableName='Predicted Gibbs energies' SBtabVersion='1.0' Unit='kJ/mol'
!QuantityType	!Reaction	!Value
reaction gibbs energy	R_PFK	0.000e+00
reaction gibbs energy	R_PFL	0.000e+00
reaction gibbs energy	R_PGI	-1.592e+00
reaction gibbs energy	R_PGK	3.192e-01
reaction gibbs energy	R_PGL	-1.964e+01
reaction gibbs energy	R_ACALD	0.000e+00
reaction gibbs energy	R_PGM	3.192e-01
reaction gibbs energy	R_ALCD2x	0.000e+00
reaction gibbs energy	R_ACKr	3.192e-01
reaction gibbs energy	R_PPC	0.000e+00
reaction gibbs energy	R_ACONTa	-1.519e+00
reaction gibbs energy	R_ACONTb	-2.693e+00
reaction gibbs energy	R_ATPM	0.000e+00
reaction gibbs energy	R_PPCK	0.000e+00
reaction gibbs energy	R_PPS	-2.342e+01
reaction gibbs energy	R_ADK1	-5.529e+00
reaction gibbs energy	R_AKGDH	0.000e+00
reaction gibbs energy	R_PTAr	-8.946e+00
reaction gibbs energy	R_PYK	0.000e+00
reaction gibbs energy	R_RPE	-3.183e+00
reaction gibbs energy	R_CS	-1.550e+01
reaction gibbs energy	R_RPI	-3.913e+00
reaction gibbs energy	R_ENO	3.192e-01
reaction gibbs energy	R_SUCDi	-1.192e+01
reaction gibbs energy	R_SUCOAS	0.000e+00
reaction gibbs energy	R_TALA	-8.091e+00
reaction gibbs energy	R_TKT1	-1.471e+00
reaction gibbs energy	R_TKT2	-5.128e+00
reaction gibbs energy	R_TPI	-1.049e+00
reaction gibbs energy	R_FBA	-2.288e+00
reaction gibbs energy	R_FBP	-2.571e+01
reaction gibbs energy	R_FRD7	0.000e+00
reaction gibbs energy	R_FUM	-2.019e+00
reaction gibbs energy	R_G6PDH2r	-7.472e+00
reaction gibbs energy	R_GAPD	-1.837e+00
reaction gibbs energy	R_GLNS	-9.988e+00
reaction gibbs energy	R_GLUDy	0.000e+00
reaction gibbs energy	R_GLUN	0.000e+00
reaction gibbs energy	R_GLUSy	-3.806e+01
reaction gibbs energy	R_GND	-3.054e+00
reaction gibbs energy	R_ICDHyr	-3.241e+00
reaction gibbs energy	R_ICL	0.000e+00
reaction gibbs energy	R_LDH_D	-1.213e+01
reaction gibbs energy	R_MALS	0.000e+00
reaction gibbs energy	R_MDH	-9.492e-01
reaction gibbs energy	R_ME1	-2.112e+01
reaction gibbs energy	R_ME2	0.000e+00
reaction gibbs energy	R_NADTRHD	-1.592e+01
reaction gibbs energy	R_PDH	0.000e+00

