!!!SBtab DocumentName='report' SBtabVersion='1.0' Date='2022-6-9'
!!SBtab TableID='Predicted concentrations' TableType='Quantity' TableName='Predicted concentrations' SBtabVersion='1.0' Unit='M'
!QuantityType	!Compound	!Value
concentration	M_h2o_c	1.000e+00
concentration	M_atp_c	1.485e-03
concentration	M_nadp_c	6.833e-06
concentration	M_nadph_c	4.573e-05
concentration	M_adp_c	4.529e-04
concentration	M_nad_c	2.288e-03
concentration	M_pi_c	1.000e-02
concentration	M_nadh_c	3.822e-06
concentration	M_coa_c	2.239e-04
concentration	M_co2_c	4.964e-05
concentration	M_amp_c	2.677e-04
concentration	M_nh4_c	5.004e-05
concentration	M_akg_c	2.161e-04
concentration	M_accoa_c	6.568e-04
concentration	M_pyr_c	1.206e-03
concentration	M_succ_c	3.542e-04
concentration	M_ac_c	9.999e-05
concentration	M_gln__L_c	2.064e-03
concentration	M_for_c	9.999e-05
concentration	M_oaa_c	7.344e-05
concentration	M_glx_c	9.999e-05
concentration	M_pep_c	1.096e-04
concentration	M_g3p_c	4.629e-05
concentration	M_acald_c	9.999e-05
concentration	M_dhap_c	9.824e-04
concentration	M_succoa_c	7.774e-04
concentration	M_fum_c	2.297e-03
concentration	M_mal__L_c	9.904e-04
concentration	M_r5p_c	1.326e-04
concentration	M_3pg_c	2.230e-03
concentration	M_cit_c	3.380e-03
concentration	M_ru5p__D_c	4.285e-04
concentration	M_g6p_c	5.041e-04
concentration	M_q8_c	2.632e-05
concentration	M_xu5p__D_c	2.462e-04
concentration	M_q8h2_c	3.798e-04
concentration	M_e4p_c	1.300e-05
concentration	M_13dpg_c	1.826e-05
concentration	M_s7p_c	5.095e-04
concentration	M_2pg_c	9.973e-05
concentration	M_actp_c	1.442e-03
concentration	M_lac__D_c	2.279e-04
concentration	M_etoh_c	9.999e-05
concentration	M_6pgc_c	1.011e-04
concentration	M_fdp_c	9.508e-04
concentration	M_6pgl_c	1.207e-05
concentration	M_acon_C_c	1.534e-05
concentration	M_glu__L_c	2.250e-02
concentration	M_icit_c	4.097e-06
concentration	M_f6p_c	1.887e-04

!!SBtab TableID='Predicted Gibbs energies' TableType='Quantity' TableName='Predicted Gibbs energies' SBtabVersion='1.0' Unit='kJ/mol'
!QuantityType	!Reaction	!Value
reaction gibbs energy	R_PFK	-1.373e+01
reaction gibbs energy	R_PFL	0.000e+00
reaction gibbs energy	R_PGI	0.000e+00
reaction gibbs energy	R_PGK	-4.449e+00
reaction gibbs energy	R_PGL	-1.845e+01
reaction gibbs energy	R_ACALD	0.000e+00
reaction gibbs energy	R_PGM	-4.449e+00
reaction gibbs energy	R_ALCD2x	0.000e+00
reaction gibbs energy	R_ACKr	0.000e+00
reaction gibbs energy	R_PPC	-2.425e+01
reaction gibbs energy	R_ACONTa	-4.604e+00
reaction gibbs energy	R_ACONTb	-4.784e+00
reaction gibbs energy	R_ATPM	0.000e+00
reaction gibbs energy	R_PPCK	0.000e+00
reaction gibbs energy	R_PPS	0.000e+00
reaction gibbs energy	R_ADK1	0.000e+00
reaction gibbs energy	R_AKGDH	-4.596e+01
reaction gibbs energy	R_PTAr	0.000e+00
reaction gibbs energy	R_PYK	0.000e+00
reaction gibbs energy	R_RPE	-4.968e+00
reaction gibbs energy	R_CS	-3.020e+01
reaction gibbs energy	R_RPI	-5.098e+00
reaction gibbs energy	R_ENO	-4.449e+00
reaction gibbs energy	R_SUCDi	-1.353e+01
reaction gibbs energy	R_SUCOAS	-6.848e+00
reaction gibbs energy	R_TALA	-6.726e+00
reaction gibbs energy	R_TKT1	-4.897e+00
reaction gibbs energy	R_TKT2	-8.097e+00
reaction gibbs energy	R_TPI	-4.449e+00
reaction gibbs energy	R_FBA	-4.449e+00
reaction gibbs energy	R_FBP	0.000e+00
reaction gibbs energy	R_FRD7	0.000e+00
reaction gibbs energy	R_FUM	-5.525e+00
reaction gibbs energy	R_G6PDH2r	-9.935e+00
reaction gibbs energy	R_GAPD	-4.449e+00
reaction gibbs energy	R_GLNS	-9.945e+00
reaction gibbs energy	R_GLUDy	0.000e+00
reaction gibbs energy	R_GLUN	0.000e+00
reaction gibbs energy	R_GLUSy	-3.656e+01
reaction gibbs energy	R_GND	-7.743e+00
reaction gibbs energy	R_ICDHyr	-6.130e+00
reaction gibbs energy	R_ICL	0.000e+00
reaction gibbs energy	R_LDH_D	-1.052e+01
reaction gibbs energy	R_MALS	0.000e+00
reaction gibbs energy	R_MDH	0.000e+00
reaction gibbs energy	R_ME1	-2.957e+01
reaction gibbs energy	R_ME2	0.000e+00
reaction gibbs energy	R_NADTRHD	-2.076e+01
reaction gibbs energy	R_PDH	-5.412e+01

