!!!SBtab DocumentName='report' SBtabVersion='1.0' Date='2022-6-9'
!!SBtab TableID='Predicted concentrations' TableType='Quantity' TableName='Predicted concentrations' SBtabVersion='1.0' Unit='M'
!QuantityType	!Compound	!Value
concentration	M_h2o_c	1.000e+00
concentration	M_atp_c	2.427e-03
concentration	M_nadp_c	6.572e-06
concentration	M_nadph_c	5.278e-05
concentration	M_adp_c	2.609e-04
concentration	M_nad_c	2.010e-03
concentration	M_pi_c	8.938e-03
concentration	M_nadh_c	4.305e-06
concentration	M_coa_c	1.419e-02
concentration	M_co2_c	8.460e-05
concentration	M_amp_c	2.677e-04
concentration	M_nh4_c	4.851e-06
concentration	M_akg_c	2.663e-04
concentration	M_accoa_c	5.069e-04
concentration	M_pyr_c	1.491e-03
concentration	M_succ_c	4.319e-04
concentration	M_ac_c	1.000e-02
concentration	M_gln__L_c	2.118e-03
concentration	M_for_c	1.000e-04
concentration	M_oaa_c	2.792e-06
concentration	M_glx_c	2.087e-05
concentration	M_pep_c	1.625e-04
concentration	M_g3p_c	3.586e-05
concentration	M_acald_c	1.000e-04
concentration	M_dhap_c	8.359e-04
concentration	M_succoa_c	3.901e-04
concentration	M_fum_c	1.845e-03
concentration	M_mal__L_c	2.117e-03
concentration	M_r5p_c	9.600e-05
concentration	M_3pg_c	1.605e-03
concentration	M_cit_c	2.239e-03
concentration	M_ru5p__D_c	2.646e-04
concentration	M_g6p_c	8.111e-04
concentration	M_q8_c	2.480e-05
concentration	M_xu5p__D_c	2.159e-04
concentration	M_q8h2_c	4.033e-04
concentration	M_e4p_c	1.354e-05
concentration	M_13dpg_c	2.187e-05
concentration	M_s7p_c	7.317e-04
concentration	M_2pg_c	9.683e-05
concentration	M_actp_c	1.020e-03
concentration	M_lac__D_c	3.738e-04
concentration	M_etoh_c	1.000e-04
concentration	M_6pgc_c	1.015e-04
concentration	M_fdp_c	6.802e-04
concentration	M_6pgl_c	2.166e-05
concentration	M_acon_C_c	2.460e-05
concentration	M_glu__L_c	2.235e-02
concentration	M_icit_c	1.036e-05
concentration	M_f6p_c	1.483e-04

!!SBtab TableID='Predicted Gibbs energies' TableType='Quantity' TableName='Predicted Gibbs energies' SBtabVersion='1.0' Unit='kJ/mol'
!QuantityType	!Reaction	!Value
reaction gibbs energy	R_PFK	-1.756e+01
reaction gibbs energy	R_PFL	0.000e+00
reaction gibbs energy	R_PGI	-1.644e+00
reaction gibbs energy	R_PGK	-3.294e+00
reaction gibbs energy	R_PGL	-1.989e+01
reaction gibbs energy	R_ACALD	0.000e+00
reaction gibbs energy	R_PGM	-2.557e+00
reaction gibbs energy	R_ALCD2x	0.000e+00
reaction gibbs energy	R_ACKr	-1.274e+00
reaction gibbs energy	R_PPC	0.000e+00
reaction gibbs energy	R_ACONTa	-2.477e+00
reaction gibbs energy	R_ACONTb	-3.631e+00
reaction gibbs energy	R_ATPM	0.000e+00
reaction gibbs energy	R_PPCK	-7.943e+00
reaction gibbs energy	R_PPS	0.000e+00
reaction gibbs energy	R_ADK1	0.000e+00
reaction gibbs energy	R_AKGDH	0.000e+00
reaction gibbs energy	R_PTAr	-8.364e+00
reaction gibbs energy	R_PYK	-1.560e+01
reaction gibbs energy	R_RPE	-3.875e+00
reaction gibbs energy	R_CS	-1.224e+01
reaction gibbs energy	R_RPI	-4.633e+00
reaction gibbs energy	R_ENO	-2.580e+00
reaction gibbs energy	R_SUCDi	-1.398e+01
reaction gibbs energy	R_SUCOAS	0.000e+00
reaction gibbs energy	R_TALA	-7.345e+00
reaction gibbs energy	R_TKT1	-3.227e+00
reaction gibbs energy	R_TKT2	0.000e+00
reaction gibbs energy	R_TPI	-2.245e+00
reaction gibbs energy	R_FBA	-2.311e+00
reaction gibbs energy	R_FBP	0.000e+00
reaction gibbs energy	R_FRD7	0.000e+00
reaction gibbs energy	R_FUM	-3.089e+00
reaction gibbs energy	R_G6PDH2r	-8.905e+00
reaction gibbs energy	R_GAPD	-1.668e+00
reaction gibbs energy	R_GLNS	-7.010e+00
reaction gibbs energy	R_GLUDy	0.000e+00
reaction gibbs energy	R_GLUN	0.000e+00
reaction gibbs energy	R_GLUSy	-3.787e+01
reaction gibbs energy	R_GND	-5.298e+00
reaction gibbs energy	R_ICDHyr	-4.621e+00
reaction gibbs energy	R_ICL	-8.265e+00
reaction gibbs energy	R_LDH_D	-1.044e+01
reaction gibbs energy	R_MALS	-1.779e+01
reaction gibbs energy	R_MDH	-3.568e+00
reaction gibbs energy	R_ME1	0.000e+00
reaction gibbs energy	R_ME2	-6.624e+00
reaction gibbs energy	R_NADTRHD	0.000e+00
reaction gibbs energy	R_PDH	0.000e+00

