!!!SBtab DocumentName='report' SBtabVersion='1.0' Date='2022-6-9'
!!SBtab TableID='Predicted concentrations' TableType='Quantity' TableName='Predicted concentrations' SBtabVersion='1.0' Unit='M'
!QuantityType	!Compound	!Value
concentration	M_h2o_c	1.000e+00
concentration	M_atp_c	2.427e-03
concentration	M_nadp_c	6.689e-06
concentration	M_nadph_c	5.153e-05
concentration	M_adp_c	2.609e-04
concentration	M_nad_c	1.939e-03
concentration	M_pi_c	8.947e-03
concentration	M_nadh_c	4.648e-06
concentration	M_coa_c	1.886e-02
concentration	M_co2_c	7.174e-05
concentration	M_amp_c	2.722e-04
concentration	M_nh4_c	1.000e-04
concentration	M_akg_c	3.180e-04
concentration	M_accoa_c	4.556e-04
concentration	M_pyr_c	1.201e-03
concentration	M_succ_c	4.279e-04
concentration	M_ac_c	1.000e-02
concentration	M_gln__L_c	2.104e-03
concentration	M_for_c	1.000e-04
concentration	M_oaa_c	2.681e-04
concentration	M_glx_c	2.399e-05
concentration	M_pep_c	1.800e-04
concentration	M_g3p_c	3.922e-05
concentration	M_acald_c	1.000e-04
concentration	M_dhap_c	8.239e-04
concentration	M_succoa_c	3.901e-04
concentration	M_fum_c	1.247e-03
concentration	M_mal__L_c	2.181e-03
concentration	M_r5p_c	9.590e-05
concentration	M_3pg_c	1.597e-03
concentration	M_cit_c	2.346e-03
concentration	M_ru5p__D_c	2.421e-04
concentration	M_g6p_c	4.835e-04
concentration	M_q8_c	2.175e-05
concentration	M_xu5p__D_c	2.113e-04
concentration	M_q8h2_c	4.596e-04
concentration	M_e4p_c	1.348e-05
concentration	M_13dpg_c	2.164e-05
concentration	M_s7p_c	7.433e-04
concentration	M_2pg_c	1.027e-04
concentration	M_actp_c	1.020e-03
concentration	M_lac__D_c	4.467e-04
concentration	M_etoh_c	1.000e-04
concentration	M_6pgc_c	9.992e-05
concentration	M_fdp_c	6.888e-04
concentration	M_6pgl_c	1.843e-05
concentration	M_acon_C_c	2.569e-05
concentration	M_glu__L_c	2.173e-02
concentration	M_icit_c	1.125e-05
concentration	M_f6p_c	2.197e-04

!!SBtab TableID='Predicted Gibbs energies' TableType='Quantity' TableName='Predicted Gibbs energies' SBtabVersion='1.0' Unit='kJ/mol'
!QuantityType	!Reaction	!Value
reaction gibbs energy	R_PFK	-1.850e+01
reaction gibbs energy	R_PFL	0.000e+00
reaction gibbs energy	R_PGI	0.000e+00
reaction gibbs energy	R_PGK	-3.280e+00
reaction gibbs energy	R_PGL	-1.953e+01
reaction gibbs energy	R_ACALD	0.000e+00
reaction gibbs energy	R_PGM	-2.400e+00
reaction gibbs energy	R_ALCD2x	0.000e+00
reaction gibbs energy	R_ACKr	-1.274e+00
reaction gibbs energy	R_PPC	-2.620e+01
reaction gibbs energy	R_ACONTa	-2.485e+00
reaction gibbs energy	R_ACONTb	-3.535e+00
reaction gibbs energy	R_ATPM	0.000e+00
reaction gibbs energy	R_PPCK	0.000e+00
reaction gibbs energy	R_PPS	-2.368e+01
reaction gibbs energy	R_ADK1	-5.538e+00
reaction gibbs energy	R_AKGDH	0.000e+00
reaction gibbs energy	R_PTAr	-9.332e+00
reaction gibbs energy	R_PYK	0.000e+00
reaction gibbs energy	R_RPE	-3.708e+00
reaction gibbs energy	R_CS	-2.246e+01
reaction gibbs energy	R_RPI	-4.415e+00
reaction gibbs energy	R_ENO	-2.472e+00
reaction gibbs energy	R_SUCDi	-1.428e+01
reaction gibbs energy	R_SUCOAS	0.000e+00
reaction gibbs energy	R_TALA	-6.645e+00
reaction gibbs energy	R_TKT1	-2.911e+00
reaction gibbs energy	R_TKT2	-7.562e+00
reaction gibbs energy	R_TPI	-1.987e+00
reaction gibbs energy	R_FBA	-2.156e+00
reaction gibbs energy	R_FBP	0.000e+00
reaction gibbs energy	R_FRD7	0.000e+00
reaction gibbs energy	R_FUM	0.000e+00
reaction gibbs energy	R_G6PDH2r	-8.126e+00
reaction gibbs energy	R_GAPD	-1.640e+00
reaction gibbs energy	R_GLNS	0.000e+00
reaction gibbs energy	R_GLUDy	0.000e+00
reaction gibbs energy	R_GLUN	0.000e+00
reaction gibbs energy	R_GLUSy	0.000e+00
reaction gibbs energy	R_GND	-5.992e+00
reaction gibbs energy	R_ICDHyr	0.000e+00
reaction gibbs energy	R_ICL	-8.145e+00
reaction gibbs energy	R_LDH_D	-9.738e+00
reaction gibbs energy	R_MALS	-1.709e+01
reaction gibbs energy	R_MDH	0.000e+00
reaction gibbs energy	R_ME1	-2.785e+01
reaction gibbs energy	R_ME2	0.000e+00
reaction gibbs energy	R_NADTRHD	-2.010e+01
reaction gibbs energy	R_PDH	0.000e+00

