!!!SBtab DocumentName='report' SBtabVersion='1.0' Date='2022-6-9'
!!SBtab TableID='Predicted concentrations' TableType='Quantity' TableName='Predicted concentrations' SBtabVersion='1.0' Unit='M'
!QuantityType	!Compound	!Value
concentration	M_h2o_c	1.000e+00
concentration	M_atp_c	1.888e-03
concentration	M_nadp_c	6.805e-06
concentration	M_nadph_c	4.816e-05
concentration	M_adp_c	3.325e-04
concentration	M_nad_c	1.979e-03
concentration	M_pi_c	8.942e-03
concentration	M_nadh_c	4.576e-06
concentration	M_coa_c	1.134e-04
concentration	M_co2_c	1.387e-04
concentration	M_amp_c	2.800e-04
concentration	M_nh4_c	1.706e-05
concentration	M_akg_c	2.382e-04
concentration	M_accoa_c	1.347e-03
concentration	M_pyr_c	8.389e-04
concentration	M_succ_c	4.029e-04
concentration	M_ac_c	6.160e-04
concentration	M_gln__L_c	2.087e-03
concentration	M_for_c	9.999e-05
concentration	M_oaa_c	2.373e-06
concentration	M_glx_c	9.999e-05
concentration	M_pep_c	6.167e-04
concentration	M_g3p_c	3.934e-05
concentration	M_acald_c	9.999e-05
concentration	M_dhap_c	8.124e-04
concentration	M_succoa_c	5.637e-04
concentration	M_fum_c	1.848e-03
concentration	M_mal__L_c	1.994e-03
concentration	M_r5p_c	9.295e-05
concentration	M_3pg_c	1.020e-03
concentration	M_cit_c	2.429e-03
concentration	M_ru5p__D_c	2.312e-04
concentration	M_g6p_c	4.818e-04
concentration	M_q8_c	1.773e-05
concentration	M_xu5p__D_c	2.094e-04
concentration	M_q8h2_c	5.639e-04
concentration	M_e4p_c	1.349e-05
concentration	M_13dpg_c	2.141e-05
concentration	M_s7p_c	7.458e-04
concentration	M_2pg_c	1.322e-04
concentration	M_actp_c	1.224e-03
concentration	M_lac__D_c	4.524e-04
concentration	M_etoh_c	9.999e-05
concentration	M_6pgc_c	1.121e-04
concentration	M_fdp_c	6.650e-04
concentration	M_6pgl_c	1.498e-05
concentration	M_acon_C_c	2.655e-05
concentration	M_glu__L_c	2.239e-02
concentration	M_icit_c	1.368e-05
concentration	M_f6p_c	2.167e-04

!!SBtab TableID='Predicted Gibbs energies' TableType='Quantity' TableName='Predicted Gibbs energies' SBtabVersion='1.0' Unit='kJ/mol'
!QuantityType	!Reaction	!Value
reaction gibbs energy	R_PFK	-1.767e+01
reaction gibbs energy	R_PFL	0.000e+00
reaction gibbs energy	R_PGI	0.000e+00
reaction gibbs energy	R_PGK	-5.683e+00
reaction gibbs energy	R_PGL	-1.904e+01
reaction gibbs energy	R_ACALD	0.000e+00
reaction gibbs energy	R_PGM	-1.384e+00
reaction gibbs energy	R_ALCD2x	0.000e+00
reaction gibbs energy	R_ACKr	-1.147e+01
reaction gibbs energy	R_PPC	0.000e+00
reaction gibbs energy	R_ACONTa	-2.442e+00
reaction gibbs energy	R_ACONTb	-3.199e+00
reaction gibbs energy	R_ATPM	0.000e+00
reaction gibbs energy	R_PPCK	0.000e+00
reaction gibbs energy	R_PPS	-1.901e+01
reaction gibbs energy	R_ADK1	-3.758e+00
reaction gibbs energy	R_AKGDH	-4.031e+01
reaction gibbs energy	R_PTAr	-2.017e+00
reaction gibbs energy	R_PYK	0.000e+00
reaction gibbs energy	R_RPE	-3.763e+00
reaction gibbs energy	R_CS	-2.644e+01
reaction gibbs energy	R_RPI	-4.413e+00
reaction gibbs energy	R_ENO	-1.384e+00
reaction gibbs energy	R_SUCDi	-1.200e+01
reaction gibbs energy	R_SUCOAS	-5.618e+00
reaction gibbs energy	R_TALA	-6.783e+00
reaction gibbs energy	R_TKT1	-2.978e+00
reaction gibbs energy	R_TKT2	0.000e+00
reaction gibbs energy	R_TPI	-2.242e+00
reaction gibbs energy	R_FBA	-2.381e+00
reaction gibbs energy	R_FBP	0.000e+00
reaction gibbs energy	R_FRD7	0.000e+00
reaction gibbs energy	R_FUM	-3.234e+00
reaction gibbs energy	R_G6PDH2r	-8.731e+00
reaction gibbs energy	R_GAPD	-1.799e+00
reaction gibbs energy	R_GLNS	-9.009e+00
reaction gibbs energy	R_GLUDy	0.000e+00
reaction gibbs energy	R_GLUN	0.000e+00
reaction gibbs energy	R_GLUSy	-3.748e+01
reaction gibbs energy	R_GND	-4.198e+00
reaction gibbs energy	R_ICDHyr	-3.880e+00
reaction gibbs energy	R_ICL	0.000e+00
reaction gibbs energy	R_LDH_D	-8.728e+00
reaction gibbs energy	R_MALS	0.000e+00
reaction gibbs energy	R_MDH	-3.574e+00
reaction gibbs energy	R_ME1	0.000e+00
reaction gibbs energy	R_ME2	0.000e+00
reaction gibbs energy	R_NADTRHD	0.000e+00
reaction gibbs energy	R_PDH	-4.872e+01

