!!!SBtab DocumentName='report' SBtabVersion='1.0' Date='2022-6-9'
!!SBtab TableID='Predicted concentrations' TableType='Quantity' TableName='Predicted concentrations' SBtabVersion='1.0' Unit='M'
!QuantityType	!Compound	!Value
concentration	M_h2o_c	1.000e+00
concentration	M_atp_c	2.427e-03
concentration	M_nadp_c	6.646e-06
concentration	M_nadph_c	5.092e-05
concentration	M_adp_c	2.609e-04
concentration	M_nad_c	2.022e-03
concentration	M_pi_c	7.612e-03
concentration	M_nadh_c	4.395e-06
concentration	M_coa_c	8.587e-03
concentration	M_co2_c	1.173e-04
concentration	M_amp_c	2.677e-04
concentration	M_nh4_c	4.620e-05
concentration	M_akg_c	2.843e-04
concentration	M_accoa_c	5.140e-04
concentration	M_pyr_c	1.099e-03
concentration	M_succ_c	4.143e-04
concentration	M_ac_c	1.000e-02
concentration	M_gln__L_c	2.093e-03
concentration	M_for_c	1.000e-04
concentration	M_oaa_c	2.701e-06
concentration	M_glx_c	1.000e-04
concentration	M_pep_c	1.596e-04
concentration	M_g3p_c	4.029e-05
concentration	M_acald_c	1.000e-04
concentration	M_dhap_c	8.531e-04
concentration	M_succoa_c	3.901e-04
concentration	M_fum_c	1.821e-03
concentration	M_mal__L_c	1.988e-03
concentration	M_r5p_c	9.893e-05
concentration	M_3pg_c	1.601e-03
concentration	M_cit_c	2.311e-03
concentration	M_ru5p__D_c	2.538e-04
concentration	M_g6p_c	4.914e-04
concentration	M_q8_c	2.489e-05
concentration	M_xu5p__D_c	2.085e-04
concentration	M_q8h2_c	4.020e-04
concentration	M_e4p_c	1.345e-05
concentration	M_13dpg_c	2.124e-05
concentration	M_s7p_c	7.261e-04
concentration	M_2pg_c	9.565e-05
concentration	M_actp_c	1.020e-03
concentration	M_lac__D_c	4.562e-04
concentration	M_etoh_c	1.000e-04
concentration	M_6pgc_c	1.031e-04
concentration	M_fdp_c	7.154e-04
concentration	M_6pgl_c	1.597e-05
concentration	M_acon_C_c	2.527e-05
concentration	M_glu__L_c	2.151e-02
concentration	M_icit_c	1.219e-05
concentration	M_f6p_c	2.251e-04

!!SBtab TableID='Predicted Gibbs energies' TableType='Quantity' TableName='Predicted Gibbs energies' SBtabVersion='1.0' Unit='kJ/mol'
!QuantityType	!Reaction	!Value
reaction gibbs energy	R_PFK	-1.847e+01
reaction gibbs energy	R_PFL	0.000e+00
reaction gibbs energy	R_PGI	0.000e+00
reaction gibbs energy	R_PGK	-3.228e+00
reaction gibbs energy	R_PGL	-1.910e+01
reaction gibbs energy	R_ACALD	0.000e+00
reaction gibbs energy	R_PGM	-2.581e+00
reaction gibbs energy	R_ALCD2x	0.000e+00
reaction gibbs energy	R_ACKr	-1.274e+00
reaction gibbs energy	R_PPC	0.000e+00
reaction gibbs energy	R_ACONTa	-2.489e+00
reaction gibbs energy	R_ACONTb	-3.294e+00
reaction gibbs energy	R_ATPM	0.000e+00
reaction gibbs energy	R_PPCK	-7.097e+00
reaction gibbs energy	R_PPS	0.000e+00
reaction gibbs energy	R_ADK1	0.000e+00
reaction gibbs energy	R_AKGDH	0.000e+00
reaction gibbs energy	R_PTAr	-7.483e+00
reaction gibbs energy	R_PYK	-1.631e+01
reaction gibbs energy	R_RPE	-3.859e+00
reaction gibbs energy	R_CS	-1.336e+01
reaction gibbs energy	R_RPI	-4.455e+00
reaction gibbs energy	R_ENO	-2.595e+00
reaction gibbs energy	R_SUCDi	-1.393e+01
reaction gibbs energy	R_SUCOAS	0.000e+00
reaction gibbs energy	R_TALA	-6.598e+00
reaction gibbs energy	R_TKT1	-2.946e+00
reaction gibbs energy	R_TKT2	-7.397e+00
reaction gibbs energy	R_TPI	-2.007e+00
reaction gibbs energy	R_FBA	-2.097e+00
reaction gibbs energy	R_FBP	0.000e+00
reaction gibbs energy	R_FRD7	0.000e+00
reaction gibbs energy	R_FUM	-3.212e+00
reaction gibbs energy	R_G6PDH2r	-8.536e+00
reaction gibbs energy	R_GAPD	-1.594e+00
reaction gibbs energy	R_GLNS	-1.293e+01
reaction gibbs energy	R_GLUDy	0.000e+00
reaction gibbs energy	R_GLUN	0.000e+00
reaction gibbs energy	R_GLUSy	-3.808e+01
reaction gibbs energy	R_GND	-4.748e+00
reaction gibbs energy	R_ICDHyr	-4.170e+00
reaction gibbs energy	R_ICL	0.000e+00
reaction gibbs energy	R_LDH_D	-9.224e+00
reaction gibbs energy	R_MALS	0.000e+00
reaction gibbs energy	R_MDH	-3.457e+00
reaction gibbs energy	R_ME1	0.000e+00
reaction gibbs energy	R_ME2	0.000e+00
reaction gibbs energy	R_NADTRHD	0.000e+00
reaction gibbs energy	R_PDH	-6.127e+01

