!!!SBtab DocumentName='report' SBtabVersion='1.0' Date='2022-6-9'
!!SBtab TableID='Predicted concentrations' TableType='Quantity' TableName='Predicted concentrations' SBtabVersion='1.0' Unit='M'
!QuantityType	!Compound	!Value
concentration	M_h2o_c	1.000e+00
concentration	M_atp_c	2.427e-03
concentration	M_nadp_c	6.740e-06
concentration	M_nadph_c	5.044e-05
concentration	M_adp_c	2.609e-04
concentration	M_nad_c	1.496e-03
concentration	M_pi_c	6.095e-03
concentration	M_nadh_c	1.901e-04
concentration	M_coa_c	2.358e-03
concentration	M_co2_c	2.808e-04
concentration	M_amp_c	2.697e-04
concentration	M_nh4_c	9.997e-05
concentration	M_akg_c	3.180e-04
concentration	M_accoa_c	6.284e-04
concentration	M_pyr_c	1.349e-03
concentration	M_succ_c	4.002e-04
concentration	M_ac_c	9.997e-05
concentration	M_gln__L_c	2.104e-03
concentration	M_for_c	9.997e-05
concentration	M_oaa_c	9.997e-05
concentration	M_glx_c	9.997e-05
concentration	M_pep_c	6.167e-04
concentration	M_g3p_c	1.141e-04
concentration	M_acald_c	9.997e-05
concentration	M_dhap_c	5.399e-04
concentration	M_succoa_c	3.900e-04
concentration	M_fum_c	1.396e-03
concentration	M_mal__L_c	1.558e-03
concentration	M_r5p_c	1.128e-04
concentration	M_3pg_c	2.056e-03
concentration	M_cit_c	6.508e-04
concentration	M_ru5p__D_c	1.986e-04
concentration	M_g6p_c	4.108e-04
concentration	M_q8_c	1.593e-05
concentration	M_xu5p__D_c	2.481e-04
concentration	M_q8h2_c	6.274e-04
concentration	M_e4p_c	1.364e-05
concentration	M_13dpg_c	1.826e-05
concentration	M_s7p_c	6.595e-04
concentration	M_2pg_c	1.947e-04
concentration	M_actp_c	1.442e-03
concentration	M_lac__D_c	9.997e-05
concentration	M_etoh_c	9.997e-05
concentration	M_6pgc_c	1.156e-04
concentration	M_fdp_c	1.595e-04
concentration	M_6pgl_c	1.762e-05
concentration	M_acon_C_c	4.442e-05
concentration	M_glu__L_c	2.173e-02
concentration	M_icit_c	2.533e-05
concentration	M_f6p_c	2.953e-04

!!SBtab TableID='Predicted Gibbs energies' TableType='Quantity' TableName='Predicted Gibbs energies' SBtabVersion='1.0' Unit='kJ/mol'
!QuantityType	!Reaction	!Value
reaction gibbs energy	R_PFK	0.000e+00
reaction gibbs energy	R_PFL	0.000e+00
reaction gibbs energy	R_PGI	-1.675e+00
reaction gibbs energy	R_PGK	-1.870e-02
reaction gibbs energy	R_PGL	-1.930e+01
reaction gibbs energy	R_ACALD	0.000e+00
reaction gibbs energy	R_PGM	-1.870e-02
reaction gibbs energy	R_ALCD2x	0.000e+00
reaction gibbs energy	R_ACKr	0.000e+00
reaction gibbs energy	R_PPC	0.000e+00
reaction gibbs energy	R_ACONTa	0.000e+00
reaction gibbs energy	R_ACONTb	0.000e+00
reaction gibbs energy	R_ATPM	-4.685e+01
reaction gibbs energy	R_PPCK	0.000e+00
reaction gibbs energy	R_PPS	-2.188e+01
reaction gibbs energy	R_ADK1	-5.489e+00
reaction gibbs energy	R_AKGDH	0.000e+00
reaction gibbs energy	R_PTAr	0.000e+00
reaction gibbs energy	R_PYK	0.000e+00
reaction gibbs energy	R_RPE	-2.919e+00
reaction gibbs energy	R_CS	0.000e+00
reaction gibbs energy	R_RPI	-3.546e+00
reaction gibbs energy	R_ENO	-1.870e-02
reaction gibbs energy	R_SUCDi	-1.191e+01
reaction gibbs energy	R_SUCOAS	0.000e+00
reaction gibbs energy	R_TALA	-8.294e+00
reaction gibbs energy	R_TKT1	-1.486e+00
reaction gibbs energy	R_TKT2	-4.736e+00
reaction gibbs energy	R_TPI	-1.387e+00
reaction gibbs energy	R_FBA	-2.762e+00
reaction gibbs energy	R_FBP	-2.363e+01
reaction gibbs energy	R_FRD7	0.000e+00
reaction gibbs energy	R_FUM	-3.150e+00
reaction gibbs energy	R_G6PDH2r	-7.796e+00
reaction gibbs energy	R_GAPD	-4.612e+00
reaction gibbs energy	R_GLNS	0.000e+00
reaction gibbs energy	R_GLUDy	0.000e+00
reaction gibbs energy	R_GLUN	0.000e+00
reaction gibbs energy	R_GLUSy	0.000e+00
reaction gibbs energy	R_GND	-2.749e+00
reaction gibbs energy	R_ICDHyr	0.000e+00
reaction gibbs energy	R_ICL	0.000e+00
reaction gibbs energy	R_LDH_D	0.000e+00
reaction gibbs energy	R_MALS	0.000e+00
reaction gibbs energy	R_MDH	0.000e+00
reaction gibbs energy	R_ME1	-1.255e+01
reaction gibbs energy	R_ME2	0.000e+00
reaction gibbs energy	R_NADTRHD	-1.019e+01
reaction gibbs energy	R_PDH	0.000e+00

