!!!SBtab DocumentName='report' SBtabVersion='1.0' Date='2022-6-9'
!!SBtab TableID='Predicted concentrations' TableType='Quantity' TableName='Predicted concentrations' SBtabVersion='1.0' Unit='M'
!QuantityType	!Compound	!Value
concentration	M_h2o_c	1.000e+00
concentration	M_atp_c	1.868e-03
concentration	M_nadp_c	6.740e-06
concentration	M_nadph_c	4.988e-05
concentration	M_adp_c	3.371e-04
concentration	M_nad_c	1.972e-03
concentration	M_pi_c	8.518e-03
concentration	M_nadh_c	4.659e-06
concentration	M_coa_c	2.590e-04
concentration	M_co2_c	9.035e-05
concentration	M_amp_c	2.805e-04
concentration	M_nh4_c	1.859e-05
concentration	M_akg_c	2.469e-04
concentration	M_accoa_c	6.412e-04
concentration	M_pyr_c	8.706e-04
concentration	M_succ_c	3.695e-04
concentration	M_ac_c	9.997e-05
concentration	M_gln__L_c	2.089e-03
concentration	M_for_c	9.997e-05
concentration	M_oaa_c	7.134e-05
concentration	M_glx_c	9.997e-05
concentration	M_pep_c	6.167e-04
concentration	M_g3p_c	4.123e-05
concentration	M_acald_c	9.997e-05
concentration	M_dhap_c	8.245e-04
concentration	M_succoa_c	6.924e-04
concentration	M_fum_c	1.222e-03
concentration	M_mal__L_c	2.312e-03
concentration	M_r5p_c	9.473e-05
concentration	M_3pg_c	1.020e-03
concentration	M_cit_c	2.408e-03
concentration	M_ru5p__D_c	2.405e-04
concentration	M_g6p_c	4.790e-04
concentration	M_q8_c	1.737e-05
concentration	M_xu5p__D_c	2.126e-04
concentration	M_q8h2_c	5.755e-04
concentration	M_e4p_c	1.351e-05
concentration	M_13dpg_c	2.113e-05
concentration	M_s7p_c	7.398e-04
concentration	M_2pg_c	1.322e-04
concentration	M_actp_c	1.442e-03
concentration	M_lac__D_c	9.997e-05
concentration	M_etoh_c	9.997e-05
concentration	M_6pgc_c	1.043e-04
concentration	M_fdp_c	6.829e-04
concentration	M_6pgl_c	2.501e-05
concentration	M_acon_C_c	2.566e-05
concentration	M_glu__L_c	2.235e-02
concentration	M_icit_c	1.181e-05
concentration	M_f6p_c	2.186e-04

!!SBtab TableID='Predicted Gibbs energies' TableType='Quantity' TableName='Predicted Gibbs energies' SBtabVersion='1.0' Unit='kJ/mol'
!QuantityType	!Reaction	!Value
reaction gibbs energy	R_PFK	-1.757e+01
reaction gibbs energy	R_PFL	0.000e+00
reaction gibbs energy	R_PGI	0.000e+00
reaction gibbs energy	R_PGK	-5.711e+00
reaction gibbs energy	R_PGL	-2.049e+01
reaction gibbs energy	R_ACALD	0.000e+00
reaction gibbs energy	R_PGM	-1.384e+00
reaction gibbs energy	R_ALCD2x	0.000e+00
reaction gibbs energy	R_ACKr	0.000e+00
reaction gibbs energy	R_PPC	-3.485e+01
reaction gibbs energy	R_ACONTa	-2.504e+00
reaction gibbs energy	R_ACONTb	-3.479e+00
reaction gibbs energy	R_ATPM	0.000e+00
reaction gibbs energy	R_PPCK	0.000e+00
reaction gibbs energy	R_PPS	-1.920e+01
reaction gibbs energy	R_ADK1	-3.668e+00
reaction gibbs energy	R_AKGDH	-4.294e+01
reaction gibbs energy	R_PTAr	0.000e+00
reaction gibbs energy	R_PYK	0.000e+00
reaction gibbs energy	R_RPE	-3.822e+00
reaction gibbs energy	R_CS	-3.101e+01
reaction gibbs energy	R_RPI	-4.463e+00
reaction gibbs energy	R_ENO	-1.384e+00
reaction gibbs energy	R_SUCDi	-1.271e+01
reaction gibbs energy	R_SUCOAS	-4.234e+00
reaction gibbs energy	R_TALA	-6.854e+00
reaction gibbs energy	R_TKT1	-2.966e+00
reaction gibbs energy	R_TKT2	0.000e+00
reaction gibbs energy	R_TPI	-2.162e+00
reaction gibbs energy	R_FBA	-2.294e+00
reaction gibbs energy	R_FBP	0.000e+00
reaction gibbs energy	R_FRD7	0.000e+00
reaction gibbs energy	R_FUM	0.000e+00
reaction gibbs energy	R_G6PDH2r	-7.336e+00
reaction gibbs energy	R_GAPD	-1.772e+00
reaction gibbs energy	R_GLNS	-9.277e+00
reaction gibbs energy	R_GLUDy	0.000e+00
reaction gibbs energy	R_GLUN	0.000e+00
reaction gibbs energy	R_GLUSy	-3.769e+01
reaction gibbs energy	R_GND	-4.872e+00
reaction gibbs energy	R_ICDHyr	-4.378e+00
reaction gibbs energy	R_ICL	0.000e+00
reaction gibbs energy	R_LDH_D	0.000e+00
reaction gibbs energy	R_MALS	0.000e+00
reaction gibbs energy	R_MDH	0.000e+00
reaction gibbs energy	R_ME1	0.000e+00
reaction gibbs energy	R_ME2	0.000e+00
reaction gibbs energy	R_NADTRHD	0.000e+00
reaction gibbs energy	R_PDH	-5.370e+01

