!!!SBtab DocumentName='report' SBtabVersion='1.0' Date='2022-6-9'
!!SBtab TableID='Predicted concentrations' TableType='Quantity' TableName='Predicted concentrations' SBtabVersion='1.0' Unit='M'
!QuantityType	!Compound	!Value
concentration	M_h2o_c	1.000e+00
concentration	M_atp_c	2.427e-03
concentration	M_nadp_c	6.636e-06
concentration	M_nadph_c	5.273e-05
concentration	M_adp_c	2.609e-04
concentration	M_nad_c	1.935e-03
concentration	M_pi_c	7.031e-03
concentration	M_nadh_c	4.730e-06
concentration	M_coa_c	1.974e-02
concentration	M_co2_c	9.465e-05
concentration	M_amp_c	2.725e-04
concentration	M_nh4_c	1.115e-05
concentration	M_akg_c	2.820e-04
concentration	M_accoa_c	4.558e-04
concentration	M_pyr_c	1.023e-03
concentration	M_succ_c	4.320e-04
concentration	M_ac_c	1.000e-02
concentration	M_gln__L_c	2.094e-03
concentration	M_for_c	1.000e-04
concentration	M_oaa_c	3.214e-06
concentration	M_glx_c	2.402e-05
concentration	M_pep_c	6.167e-04
concentration	M_g3p_c	4.277e-05
concentration	M_acald_c	1.000e-04
concentration	M_dhap_c	7.784e-04
concentration	M_succoa_c	3.901e-04
concentration	M_fum_c	1.761e-03
concentration	M_mal__L_c	2.369e-03
concentration	M_r5p_c	9.096e-05
concentration	M_3pg_c	1.020e-03
concentration	M_cit_c	2.092e-03
concentration	M_ru5p__D_c	2.252e-04
concentration	M_g6p_c	4.783e-04
concentration	M_q8_c	1.487e-05
concentration	M_xu5p__D_c	2.101e-04
concentration	M_q8h2_c	6.723e-04
concentration	M_e4p_c	1.360e-05
concentration	M_13dpg_c	2.258e-05
concentration	M_s7p_c	7.700e-04
concentration	M_2pg_c	1.399e-04
concentration	M_actp_c	1.020e-03
concentration	M_lac__D_c	6.681e-04
concentration	M_etoh_c	1.000e-04
concentration	M_6pgc_c	9.849e-05
concentration	M_fdp_c	6.092e-04
concentration	M_6pgl_c	1.818e-05
concentration	M_acon_C_c	2.717e-05
concentration	M_glu__L_c	2.221e-02
concentration	M_icit_c	1.241e-05
concentration	M_f6p_c	2.209e-04

!!SBtab TableID='Predicted Gibbs energies' TableType='Quantity' TableName='Predicted Gibbs energies' SBtabVersion='1.0' Unit='kJ/mol'
!QuantityType	!Reaction	!Value
reaction gibbs energy	R_PFK	-1.902e+01
reaction gibbs energy	R_PFL	0.000e+00
reaction gibbs energy	R_PGI	0.000e+00
reaction gibbs energy	R_PGK	-4.554e+00
reaction gibbs energy	R_PGL	-1.969e+01
reaction gibbs energy	R_ACALD	0.000e+00
reaction gibbs energy	R_PGM	-5.939e-01
reaction gibbs energy	R_ALCD2x	0.000e+00
reaction gibbs energy	R_ACKr	-5.939e-01
reaction gibbs energy	R_PPC	0.000e+00
reaction gibbs energy	R_ACONTa	-2.057e+00
reaction gibbs energy	R_ACONTb	-3.451e+00
reaction gibbs energy	R_ATPM	0.000e+00
reaction gibbs energy	R_PPCK	0.000e+00
reaction gibbs energy	R_PPS	-2.078e+01
reaction gibbs energy	R_ADK1	-5.542e+00
reaction gibbs energy	R_AKGDH	0.000e+00
reaction gibbs energy	R_PTAr	-1.060e+01
reaction gibbs energy	R_PYK	0.000e+00
reaction gibbs energy	R_RPE	-3.617e+00
reaction gibbs energy	R_CS	-1.182e+01
reaction gibbs energy	R_RPI	-4.384e+00
reaction gibbs energy	R_ENO	-5.939e-01
reaction gibbs energy	R_SUCDi	-1.163e+01
reaction gibbs energy	R_SUCOAS	0.000e+00
reaction gibbs energy	R_TALA	-6.955e+00
reaction gibbs energy	R_TKT1	-2.555e+00
reaction gibbs energy	R_TKT2	0.000e+00
reaction gibbs energy	R_TPI	-1.816e+00
reaction gibbs energy	R_FBA	-1.955e+00
reaction gibbs energy	R_FBP	0.000e+00
reaction gibbs energy	R_FRD7	0.000e+00
reaction gibbs energy	R_FUM	-2.691e+00
reaction gibbs energy	R_G6PDH2r	-7.997e+00
reaction gibbs energy	R_GAPD	-1.127e+00
reaction gibbs energy	R_GLNS	-9.720e+00
reaction gibbs energy	R_GLUDy	0.000e+00
reaction gibbs energy	R_GLUN	0.000e+00
reaction gibbs energy	R_GLUSy	-3.810e+01
reaction gibbs energy	R_GND	-4.947e+00
reaction gibbs energy	R_ICDHyr	-4.263e+00
reaction gibbs energy	R_ICL	-8.447e+00
reaction gibbs energy	R_LDH_D	-8.392e+00
reaction gibbs energy	R_MALS	-1.602e+01
reaction gibbs energy	R_MDH	-3.151e+00
reaction gibbs energy	R_ME1	0.000e+00
reaction gibbs energy	R_ME2	-7.006e+00
reaction gibbs energy	R_NADTRHD	0.000e+00
reaction gibbs energy	R_PDH	0.000e+00

