!!!SBtab DocumentName='report' SBtabVersion='1.0' Date='2022-6-9'
!!SBtab TableID='Predicted concentrations' TableType='Quantity' TableName='Predicted concentrations' SBtabVersion='1.0' Unit='M'
!QuantityType	!Compound	!Value
concentration	M_h2o_c	1.000e+00
concentration	M_atp_c	2.427e-03
concentration	M_nadp_c	6.523e-06
concentration	M_nadph_c	5.270e-05
concentration	M_adp_c	2.609e-04
concentration	M_nad_c	1.642e-03
concentration	M_pi_c	4.796e-03
concentration	M_nadh_c	1.718e-04
concentration	M_coa_c	2.083e-03
concentration	M_co2_c	1.611e-04
concentration	M_amp_c	2.693e-04
concentration	M_nh4_c	8.004e-06
concentration	M_akg_c	2.862e-04
concentration	M_accoa_c	6.345e-04
concentration	M_pyr_c	9.342e-04
concentration	M_succ_c	4.075e-04
concentration	M_ac_c	1.000e-04
concentration	M_gln__L_c	2.139e-03
concentration	M_for_c	1.000e-04
concentration	M_oaa_c	1.205e-04
concentration	M_glx_c	1.000e-04
concentration	M_pep_c	6.167e-04
concentration	M_g3p_c	1.204e-04
concentration	M_acald_c	1.000e-04
concentration	M_dhap_c	5.577e-04
concentration	M_succoa_c	3.901e-04
concentration	M_fum_c	1.431e-03
concentration	M_mal__L_c	1.498e-03
concentration	M_r5p_c	1.147e-04
concentration	M_3pg_c	2.056e-03
concentration	M_cit_c	2.005e-03
concentration	M_ru5p__D_c	2.229e-04
concentration	M_g6p_c	4.062e-04
concentration	M_q8_c	1.814e-05
concentration	M_xu5p__D_c	2.589e-04
concentration	M_q8h2_c	5.512e-04
concentration	M_e4p_c	1.357e-05
concentration	M_13dpg_c	1.826e-05
concentration	M_s7p_c	6.616e-04
concentration	M_2pg_c	1.947e-04
concentration	M_actp_c	1.442e-03
concentration	M_lac__D_c	1.009e-03
concentration	M_etoh_c	1.000e-04
concentration	M_6pgc_c	1.009e-04
concentration	M_fdp_c	1.726e-04
concentration	M_6pgl_c	2.257e-05
concentration	M_acon_C_c	2.937e-05
concentration	M_glu__L_c	2.171e-02
concentration	M_icit_c	1.737e-05
concentration	M_f6p_c	2.783e-04

!!SBtab TableID='Predicted Gibbs energies' TableType='Quantity' TableName='Predicted Gibbs energies' SBtabVersion='1.0' Unit='kJ/mol'
!QuantityType	!Reaction	!Value
reaction gibbs energy	R_PFK	0.000e+00
reaction gibbs energy	R_PFL	0.000e+00
reaction gibbs energy	R_PGI	-1.555e+00
reaction gibbs energy	R_PGK	-1.870e-02
reaction gibbs energy	R_PGL	-2.025e+01
reaction gibbs energy	R_ACALD	0.000e+00
reaction gibbs energy	R_PGM	-1.870e-02
reaction gibbs energy	R_ALCD2x	0.000e+00
reaction gibbs energy	R_ACKr	0.000e+00
reaction gibbs energy	R_PPC	-3.629e+01
reaction gibbs energy	R_ACONTa	-1.722e+00
reaction gibbs energy	R_ACONTb	-2.844e+00
reaction gibbs energy	R_ATPM	0.000e+00
reaction gibbs energy	R_PPCK	0.000e+00
reaction gibbs energy	R_PPS	-2.157e+01
reaction gibbs energy	R_ADK1	-5.485e+00
reaction gibbs energy	R_AKGDH	0.000e+00
reaction gibbs energy	R_PTAr	0.000e+00
reaction gibbs energy	R_PYK	0.000e+00
reaction gibbs energy	R_RPE	-3.100e+00
reaction gibbs energy	R_CS	-2.755e+01
reaction gibbs energy	R_RPI	-3.791e+00
reaction gibbs energy	R_ENO	-1.870e-02
reaction gibbs energy	R_SUCDi	-1.254e+01
reaction gibbs energy	R_SUCOAS	0.000e+00
reaction gibbs energy	R_TALA	-8.595e+00
reaction gibbs energy	R_TKT1	-1.491e+00
reaction gibbs energy	R_TKT2	0.000e+00
reaction gibbs energy	R_TPI	-1.441e+00
reaction gibbs energy	R_FBA	-2.780e+00
reaction gibbs energy	R_FBP	-2.457e+01
reaction gibbs energy	R_FRD7	0.000e+00
reaction gibbs energy	R_FUM	-3.311e+00
reaction gibbs energy	R_G6PDH2r	-6.966e+00
reaction gibbs energy	R_GAPD	-4.589e+00
reaction gibbs energy	R_GLNS	-9.743e+00
reaction gibbs energy	R_GLUDy	0.000e+00
reaction gibbs energy	R_GLUN	0.000e+00
reaction gibbs energy	R_GLUSy	-3.848e+01
reaction gibbs energy	R_GND	-3.310e+00
reaction gibbs energy	R_ICDHyr	-3.300e+00
reaction gibbs energy	R_ICL	0.000e+00
reaction gibbs energy	R_LDH_D	-1.645e+01
reaction gibbs energy	R_MALS	0.000e+00
reaction gibbs energy	R_MDH	0.000e+00
reaction gibbs energy	R_ME1	-1.522e+01
reaction gibbs energy	R_ME2	-4.363e+00
reaction gibbs energy	R_NADTRHD	0.000e+00
reaction gibbs energy	R_PDH	-4.800e+01

