!!!SBtab DocumentName='report' SBtabVersion='1.0' Date='2022-6-9'
!!SBtab TableID='Predicted concentrations' TableType='Quantity' TableName='Predicted concentrations' SBtabVersion='1.0' Unit='M'
!QuantityType	!Compound	!Value
concentration	M_h2o_c	1.000e+00
concentration	M_atp_c	2.427e-03
concentration	M_nadp_c	6.617e-06
concentration	M_nadph_c	5.146e-05
concentration	M_adp_c	2.609e-04
concentration	M_nad_c	1.554e-03
concentration	M_pi_c	5.351e-03
concentration	M_nadh_c	1.783e-04
concentration	M_coa_c	1.785e-03
concentration	M_co2_c	1.640e-04
concentration	M_amp_c	2.697e-04
concentration	M_nh4_c	8.553e-06
concentration	M_akg_c	2.823e-04
concentration	M_accoa_c	6.489e-04
concentration	M_pyr_c	9.255e-04
concentration	M_succ_c	4.103e-04
concentration	M_ac_c	1.000e-04
concentration	M_gln__L_c	2.135e-03
concentration	M_for_c	1.000e-04
concentration	M_oaa_c	1.208e-04
concentration	M_glx_c	1.000e-04
concentration	M_pep_c	6.167e-04
concentration	M_g3p_c	1.209e-04
concentration	M_acald_c	1.000e-04
concentration	M_dhap_c	5.525e-04
concentration	M_succoa_c	3.901e-04
concentration	M_fum_c	1.440e-03
concentration	M_mal__L_c	1.529e-03
concentration	M_r5p_c	1.147e-04
concentration	M_3pg_c	2.056e-03
concentration	M_cit_c	2.034e-03
concentration	M_ru5p__D_c	2.257e-04
concentration	M_g6p_c	3.967e-04
concentration	M_q8_c	1.912e-05
concentration	M_xu5p__D_c	2.613e-04
concentration	M_q8h2_c	5.230e-04
concentration	M_e4p_c	1.355e-05
concentration	M_13dpg_c	1.826e-05
concentration	M_s7p_c	6.638e-04
concentration	M_2pg_c	1.947e-04
concentration	M_actp_c	1.442e-03
concentration	M_lac__D_c	1.008e-03
concentration	M_etoh_c	1.000e-04
concentration	M_6pgc_c	1.030e-04
concentration	M_fdp_c	1.738e-04
concentration	M_6pgl_c	2.505e-05
concentration	M_acon_C_c	2.944e-05
concentration	M_glu__L_c	2.188e-02
concentration	M_icit_c	1.722e-05
concentration	M_f6p_c	2.793e-04

!!SBtab TableID='Predicted Gibbs energies' TableType='Quantity' TableName='Predicted Gibbs energies' SBtabVersion='1.0' Unit='kJ/mol'
!QuantityType	!Reaction	!Value
reaction gibbs energy	R_PFK	0.000e+00
reaction gibbs energy	R_PFL	0.000e+00
reaction gibbs energy	R_PGI	-1.623e+00
reaction gibbs energy	R_PGK	-1.870e-02
reaction gibbs energy	R_PGL	-2.046e+01
reaction gibbs energy	R_ACALD	0.000e+00
reaction gibbs energy	R_PGM	-1.870e-02
reaction gibbs energy	R_ALCD2x	0.000e+00
reaction gibbs energy	R_ACKr	0.000e+00
reaction gibbs energy	R_PPC	-3.606e+01
reaction gibbs energy	R_ACONTa	-1.751e+00
reaction gibbs energy	R_ACONTb	-2.871e+00
reaction gibbs energy	R_ATPM	0.000e+00
reaction gibbs energy	R_PPCK	0.000e+00
reaction gibbs energy	R_PPS	-2.127e+01
reaction gibbs energy	R_ADK1	-5.489e+00
reaction gibbs energy	R_AKGDH	0.000e+00
reaction gibbs energy	R_PTAr	0.000e+00
reaction gibbs energy	R_PYK	0.000e+00
reaction gibbs energy	R_RPE	-3.108e+00
reaction gibbs energy	R_CS	-2.796e+01
reaction gibbs energy	R_RPI	-3.822e+00
reaction gibbs energy	R_ENO	-1.870e-02
reaction gibbs energy	R_SUCDi	-1.280e+01
reaction gibbs energy	R_SUCOAS	0.000e+00
reaction gibbs energy	R_TALA	-8.609e+00
reaction gibbs energy	R_TKT1	-1.496e+00
reaction gibbs energy	R_TKT2	-4.841e+00
reaction gibbs energy	R_TPI	-1.474e+00
reaction gibbs energy	R_FBA	-2.749e+00
reaction gibbs energy	R_FBP	-2.430e+01
reaction gibbs energy	R_FRD7	0.000e+00
reaction gibbs energy	R_FUM	-3.275e+00
reaction gibbs energy	R_G6PDH2r	-6.743e+00
reaction gibbs energy	R_GAPD	-4.536e+00
reaction gibbs energy	R_GLNS	-9.659e+00
reaction gibbs energy	R_GLUDy	0.000e+00
reaction gibbs energy	R_GLUN	0.000e+00
reaction gibbs energy	R_GLUSy	-3.831e+01
reaction gibbs energy	R_GND	-3.383e+00
reaction gibbs energy	R_ICDHyr	-3.364e+00
reaction gibbs energy	R_ICL	0.000e+00
reaction gibbs energy	R_LDH_D	-1.666e+01
reaction gibbs energy	R_MALS	0.000e+00
reaction gibbs energy	R_MDH	0.000e+00
reaction gibbs energy	R_ME1	-1.503e+01
reaction gibbs energy	R_ME2	0.000e+00
reaction gibbs energy	R_NADTRHD	0.000e+00
reaction gibbs energy	R_PDH	-4.726e+01

