!!!SBtab DocumentName='report' SBtabVersion='1.0' Date='2022-6-9'
!!SBtab TableID='Predicted concentrations' TableType='Quantity' TableName='Predicted concentrations' SBtabVersion='1.0' Unit='M'
!QuantityType	!Compound	!Value
concentration	M_h2o_c	1.000e+00
concentration	M_atp_c	1.485e-03
concentration	M_nadp_c	6.849e-06
concentration	M_nadph_c	4.636e-05
concentration	M_adp_c	4.529e-04
concentration	M_nad_c	2.288e-03
concentration	M_pi_c	1.000e-02
concentration	M_nadh_c	3.822e-06
concentration	M_coa_c	8.830e-05
concentration	M_co2_c	3.990e-05
concentration	M_amp_c	2.677e-04
concentration	M_nh4_c	4.816e-05
concentration	M_akg_c	2.243e-04
concentration	M_accoa_c	1.740e-03
concentration	M_pyr_c	1.109e-03
concentration	M_succ_c	3.972e-04
concentration	M_ac_c	5.110e-04
concentration	M_gln__L_c	2.063e-03
concentration	M_for_c	9.998e-05
concentration	M_oaa_c	4.565e-05
concentration	M_glx_c	9.998e-05
concentration	M_pep_c	1.096e-04
concentration	M_g3p_c	4.591e-05
concentration	M_acald_c	9.998e-05
concentration	M_dhap_c	9.828e-04
concentration	M_succoa_c	6.177e-04
concentration	M_fum_c	2.316e-03
concentration	M_mal__L_c	1.013e-03
concentration	M_r5p_c	1.406e-04
concentration	M_3pg_c	2.230e-03
concentration	M_cit_c	3.375e-03
concentration	M_ru5p__D_c	4.351e-04
concentration	M_g6p_c	2.608e-04
concentration	M_q8_c	2.370e-05
concentration	M_xu5p__D_c	2.511e-04
concentration	M_q8h2_c	4.217e-04
concentration	M_e4p_c	1.164e-05
concentration	M_13dpg_c	1.826e-05
concentration	M_s7p_c	5.514e-04
concentration	M_2pg_c	9.960e-05
concentration	M_actp_c	1.020e-03
concentration	M_lac__D_c	9.998e-05
concentration	M_etoh_c	9.998e-05
concentration	M_6pgc_c	9.852e-05
concentration	M_fdp_c	9.508e-04
concentration	M_6pgl_c	1.024e-05
concentration	M_acon_C_c	1.544e-05
concentration	M_glu__L_c	2.256e-02
concentration	M_icit_c	4.109e-06
concentration	M_f6p_c	4.151e-04

!!SBtab TableID='Predicted Gibbs energies' TableType='Quantity' TableName='Predicted Gibbs energies' SBtabVersion='1.0' Unit='kJ/mol'
!QuantityType	!Reaction	!Value
reaction gibbs energy	R_PFK	-1.579e+01
reaction gibbs energy	R_PFL	0.000e+00
reaction gibbs energy	R_PGI	-4.427e+00
reaction gibbs energy	R_PGK	-4.427e+00
reaction gibbs energy	R_PGL	-1.806e+01
reaction gibbs energy	R_ACALD	0.000e+00
reaction gibbs energy	R_PGM	-4.427e+00
reaction gibbs energy	R_ALCD2x	0.000e+00
reaction gibbs energy	R_ACKr	-1.239e+01
reaction gibbs energy	R_PPC	-2.509e+01
reaction gibbs energy	R_ACONTa	-4.589e+00
reaction gibbs energy	R_ACONTb	-4.793e+00
reaction gibbs energy	R_ATPM	0.000e+00
reaction gibbs energy	R_PPCK	0.000e+00
reaction gibbs energy	R_PPS	0.000e+00
reaction gibbs energy	R_ADK1	0.000e+00
reaction gibbs energy	R_AKGDH	-4.486e+01
reaction gibbs energy	R_PTAr	-4.427e+00
reaction gibbs energy	R_PYK	0.000e+00
reaction gibbs energy	R_RPE	-4.864e+00
reaction gibbs energy	R_CS	-3.382e+01
reaction gibbs energy	R_RPI	-4.985e+00
reaction gibbs energy	R_ENO	-4.427e+00
reaction gibbs energy	R_SUCDi	-1.332e+01
reaction gibbs energy	R_SUCOAS	-8.353e+00
reaction gibbs energy	R_TALA	-5.164e+00
reaction gibbs energy	R_TKT1	-4.802e+00
reaction gibbs energy	R_TKT2	0.000e+00
reaction gibbs energy	R_TPI	-4.427e+00
reaction gibbs energy	R_FBA	-4.427e+00
reaction gibbs energy	R_FBP	0.000e+00
reaction gibbs energy	R_FRD7	0.000e+00
reaction gibbs energy	R_FUM	-5.490e+00
reaction gibbs energy	R_G6PDH2r	-8.635e+00
reaction gibbs energy	R_GAPD	-4.427e+00
reaction gibbs energy	R_GLNS	-9.861e+00
reaction gibbs energy	R_GLUDy	0.000e+00
reaction gibbs energy	R_GLUN	0.000e+00
reaction gibbs energy	R_GLUSy	-3.668e+01
reaction gibbs energy	R_GND	-7.957e+00
reaction gibbs energy	R_ICDHyr	-6.443e+00
reaction gibbs energy	R_ICL	0.000e+00
reaction gibbs energy	R_LDH_D	0.000e+00
reaction gibbs energy	R_MALS	0.000e+00
reaction gibbs energy	R_MDH	0.000e+00
reaction gibbs energy	R_ME1	0.000e+00
reaction gibbs energy	R_ME2	-9.451e+00
reaction gibbs energy	R_NADTRHD	-2.078e+01
reaction gibbs energy	R_PDH	-4.975e+01

