!!!SBtab DocumentName='report' SBtabVersion='1.0' Date='2022-6-9'
!!SBtab TableID='Predicted concentrations' TableType='Quantity' TableName='Predicted concentrations' SBtabVersion='1.0' Unit='M'
!QuantityType	!Compound	!Value
concentration	M_h2o_c	1.000e+00
concentration	M_atp_c	2.427e-03
concentration	M_nadp_c	6.728e-06
concentration	M_nadph_c	5.151e-05
concentration	M_adp_c	2.609e-04
concentration	M_nad_c	2.033e-03
concentration	M_pi_c	7.242e-03
concentration	M_nadh_c	4.374e-06
concentration	M_coa_c	6.840e-04
concentration	M_co2_c	5.504e-05
concentration	M_amp_c	2.677e-04
concentration	M_nh4_c	1.700e-05
concentration	M_akg_c	2.553e-04
concentration	M_accoa_c	3.149e-04
concentration	M_pyr_c	1.446e-03
concentration	M_succ_c	2.692e-04
concentration	M_ac_c	1.000e-02
concentration	M_gln__L_c	2.081e-03
concentration	M_for_c	1.000e-04
concentration	M_oaa_c	8.618e-05
concentration	M_glx_c	1.000e-04
concentration	M_pep_c	1.563e-04
concentration	M_g3p_c	4.109e-05
concentration	M_acald_c	1.000e-04
concentration	M_dhap_c	8.526e-04
concentration	M_succoa_c	1.118e-03
concentration	M_fum_c	1.226e-03
concentration	M_mal__L_c	2.312e-03
concentration	M_r5p_c	9.725e-05
concentration	M_3pg_c	1.574e-03
concentration	M_cit_c	2.337e-03
concentration	M_ru5p__D_c	2.613e-04
concentration	M_g6p_c	8.087e-04
concentration	M_q8_c	1.852e-05
concentration	M_xu5p__D_c	2.164e-04
concentration	M_q8h2_c	5.401e-04
concentration	M_e4p_c	1.355e-05
concentration	M_13dpg_c	2.098e-05
concentration	M_s7p_c	7.250e-04
concentration	M_2pg_c	9.418e-05
concentration	M_actp_c	1.020e-03
concentration	M_lac__D_c	5.217e-04
concentration	M_etoh_c	1.000e-04
concentration	M_6pgc_c	9.604e-05
concentration	M_fdp_c	7.169e-04
concentration	M_6pgl_c	2.049e-05
concentration	M_acon_C_c	2.552e-05
concentration	M_glu__L_c	2.235e-02
concentration	M_icit_c	1.108e-05
concentration	M_f6p_c	1.468e-04

!!SBtab TableID='Predicted Gibbs energies' TableType='Quantity' TableName='Predicted Gibbs energies' SBtabVersion='1.0' Unit='kJ/mol'
!QuantityType	!Reaction	!Value
reaction gibbs energy	R_PFK	-1.740e+01
reaction gibbs energy	R_PFL	0.000e+00
reaction gibbs energy	R_PGI	-1.662e+00
reaction gibbs energy	R_PGK	-3.241e+00
reaction gibbs energy	R_PGL	-1.989e+01
reaction gibbs energy	R_ACALD	0.000e+00
reaction gibbs energy	R_PGM	-2.577e+00
reaction gibbs energy	R_ALCD2x	0.000e+00
reaction gibbs energy	R_ACKr	-1.274e+00
reaction gibbs energy	R_PPC	-2.853e+01
reaction gibbs energy	R_ACONTa	-2.492e+00
reaction gibbs energy	R_ACONTb	-3.555e+00
reaction gibbs energy	R_ATPM	0.000e+00
reaction gibbs energy	R_PPCK	0.000e+00
reaction gibbs energy	R_PPS	0.000e+00
reaction gibbs energy	R_ADK1	0.000e+00
reaction gibbs energy	R_AKGDH	-4.599e+01
reaction gibbs energy	R_PTAr	-2.552e+00
reaction gibbs energy	R_PYK	-1.558e+01
reaction gibbs energy	R_RPE	-3.838e+00
reaction gibbs energy	R_CS	-2.697e+01
reaction gibbs energy	R_RPI	-4.569e+00
reaction gibbs energy	R_ENO	-2.607e+00
reaction gibbs energy	R_SUCDi	-1.238e+01
reaction gibbs energy	R_SUCOAS	-2.209e+00
reaction gibbs energy	R_TALA	-7.684e+00
reaction gibbs energy	R_TKT1	-2.950e+00
reaction gibbs energy	R_TKT2	0.000e+00
reaction gibbs energy	R_TPI	-1.957e+00
reaction gibbs energy	R_FBA	-2.055e+00
reaction gibbs energy	R_FBP	0.000e+00
reaction gibbs energy	R_FRD7	0.000e+00
reaction gibbs energy	R_FUM	0.000e+00
reaction gibbs energy	R_G6PDH2r	-9.154e+00
reaction gibbs energy	R_GAPD	-1.576e+00
reaction gibbs energy	R_GLNS	-1.068e+01
reaction gibbs energy	R_GLUDy	0.000e+00
reaction gibbs energy	R_GLUN	0.000e+00
reaction gibbs energy	R_GLUSy	-3.760e+01
reaction gibbs energy	R_GND	-6.376e+00
reaction gibbs energy	R_ICDHyr	-6.075e+00
reaction gibbs energy	R_ICL	0.000e+00
reaction gibbs energy	R_LDH_D	-9.545e+00
reaction gibbs energy	R_MALS	0.000e+00
reaction gibbs energy	R_MDH	0.000e+00
reaction gibbs energy	R_ME1	0.000e+00
reaction gibbs energy	R_ME2	0.000e+00
reaction gibbs energy	R_NADTRHD	0.000e+00
reaction gibbs energy	R_PDH	0.000e+00

