!!!SBtab DocumentName='report' SBtabVersion='1.0' Date='2022-6-9'
!!SBtab TableID='Predicted concentrations' TableType='Quantity' TableName='Predicted concentrations' SBtabVersion='1.0' Unit='M'
!QuantityType	!Compound	!Value
concentration	M_h2o_c	1.000e+00
concentration	M_atp_c	2.427e-03
concentration	M_nadp_c	6.616e-06
concentration	M_nadph_c	5.222e-05
concentration	M_adp_c	2.609e-04
concentration	M_nad_c	1.531e-03
concentration	M_pi_c	7.148e-03
concentration	M_nadh_c	1.282e-04
concentration	M_coa_c	8.810e-03
concentration	M_co2_c	6.353e-05
concentration	M_amp_c	2.742e-04
concentration	M_nh4_c	1.049e-05
concentration	M_akg_c	2.957e-04
concentration	M_accoa_c	5.525e-04
concentration	M_pyr_c	1.091e-03
concentration	M_succ_c	4.036e-04
concentration	M_ac_c	1.000e-02
concentration	M_gln__L_c	2.107e-03
concentration	M_for_c	9.985e-05
concentration	M_oaa_c	2.756e-04
concentration	M_glx_c	9.985e-05
concentration	M_pep_c	6.167e-04
concentration	M_g3p_c	1.286e-04
concentration	M_acald_c	9.985e-05
concentration	M_dhap_c	5.334e-04
concentration	M_succoa_c	3.900e-04
concentration	M_fum_c	1.473e-03
concentration	M_mal__L_c	1.504e-03
concentration	M_r5p_c	1.219e-04
concentration	M_3pg_c	1.020e-03
concentration	M_cit_c	2.185e-03
concentration	M_ru5p__D_c	2.507e-04
concentration	M_g6p_c	3.866e-04
concentration	M_q8_c	1.732e-05
concentration	M_xu5p__D_c	2.752e-04
concentration	M_q8h2_c	5.755e-04
concentration	M_e4p_c	1.352e-05
concentration	M_13dpg_c	3.132e-05
concentration	M_s7p_c	6.251e-04
concentration	M_2pg_c	1.399e-04
concentration	M_actp_c	1.020e-03
concentration	M_lac__D_c	8.184e-04
concentration	M_etoh_c	9.985e-05
concentration	M_6pgc_c	9.640e-05
concentration	M_fdp_c	1.753e-04
concentration	M_6pgl_c	1.423e-05
concentration	M_acon_C_c	2.952e-05
concentration	M_glu__L_c	2.212e-02
concentration	M_icit_c	1.405e-05
concentration	M_f6p_c	2.858e-04

!!SBtab TableID='Predicted Gibbs energies' TableType='Quantity' TableName='Predicted Gibbs energies' SBtabVersion='1.0' Unit='kJ/mol'
!QuantityType	!Reaction	!Value
reaction gibbs energy	R_PFK	0.000e+00
reaction gibbs energy	R_PFL	0.000e+00
reaction gibbs energy	R_PGI	-1.775e+00
reaction gibbs energy	R_PGK	0.000e+00
reaction gibbs energy	R_PGL	-1.913e+01
reaction gibbs energy	R_ACALD	0.000e+00
reaction gibbs energy	R_PGM	-5.939e-01
reaction gibbs energy	R_ALCD2x	0.000e+00
reaction gibbs energy	R_ACKr	-5.939e-01
reaction gibbs energy	R_PPC	-3.034e+01
reaction gibbs energy	R_ACONTa	-1.960e+00
reaction gibbs energy	R_ACONTb	-3.348e+00
reaction gibbs energy	R_ATPM	0.000e+00
reaction gibbs energy	R_PPCK	0.000e+00
reaction gibbs energy	R_PPS	-2.088e+01
reaction gibbs energy	R_ADK1	-5.557e+00
reaction gibbs energy	R_AKGDH	0.000e+00
reaction gibbs energy	R_PTAr	-8.080e+00
reaction gibbs energy	R_PYK	0.000e+00
reaction gibbs energy	R_RPE	-3.213e+00
reaction gibbs energy	R_CS	-2.522e+01
reaction gibbs energy	R_RPI	-3.924e+00
reaction gibbs energy	R_ENO	-5.939e-01
reaction gibbs energy	R_SUCDi	-1.267e+01
reaction gibbs energy	R_SUCOAS	0.000e+00
reaction gibbs energy	R_TALA	-8.543e+00
reaction gibbs energy	R_TKT1	-1.739e+00
reaction gibbs energy	R_TKT2	-4.723e+00
reaction gibbs energy	R_TPI	-1.847e+00
reaction gibbs energy	R_FBA	-2.921e+00
reaction gibbs energy	R_FBP	-2.357e+01
reaction gibbs energy	R_FRD7	0.000e+00
reaction gibbs energy	R_FUM	-3.373e+00
reaction gibbs energy	R_G6PDH2r	-8.093e+00
reaction gibbs energy	R_GAPD	0.000e+00
reaction gibbs energy	R_GLNS	-9.501e+00
reaction gibbs energy	R_GLUDy	0.000e+00
reaction gibbs energy	R_GLUN	0.000e+00
reaction gibbs energy	R_GLUSy	-3.824e+01
reaction gibbs energy	R_GND	-5.634e+00
reaction gibbs energy	R_ICDHyr	-5.459e+00
reaction gibbs energy	R_ICL	0.000e+00
reaction gibbs energy	R_LDH_D	-1.680e+01
reaction gibbs energy	R_MALS	0.000e+00
reaction gibbs energy	R_MDH	0.000e+00
reaction gibbs energy	R_ME1	-1.809e+01
reaction gibbs energy	R_ME2	0.000e+00
reaction gibbs energy	R_NADTRHD	-1.137e+01
reaction gibbs energy	R_PDH	0.000e+00

