!!!SBtab DocumentName='report' SBtabVersion='1.0' Date='2022-6-9'
!!SBtab TableID='Predicted concentrations' TableType='Quantity' TableName='Predicted concentrations' SBtabVersion='1.0' Unit='M'
!QuantityType	!Compound	!Value
concentration	M_h2o_c	1.000e+00
concentration	M_atp_c	1.485e-03
concentration	M_nadp_c	6.843e-06
concentration	M_nadph_c	4.718e-05
concentration	M_adp_c	2.679e-04
concentration	M_nad_c	2.288e-03
concentration	M_pi_c	1.000e-02
concentration	M_nadh_c	3.822e-06
concentration	M_coa_c	8.830e-05
concentration	M_co2_c	1.920e-05
concentration	M_amp_c	3.609e-04
concentration	M_nh4_c	3.355e-05
concentration	M_akg_c	2.531e-04
concentration	M_accoa_c	1.740e-03
concentration	M_pyr_c	9.461e-04
concentration	M_succ_c	4.127e-04
concentration	M_ac_c	4.491e-04
concentration	M_gln__L_c	2.072e-03
concentration	M_for_c	1.000e-04
concentration	M_oaa_c	5.490e-05
concentration	M_glx_c	1.000e-04
concentration	M_pep_c	2.551e-04
concentration	M_g3p_c	4.898e-05
concentration	M_acald_c	1.000e-04
concentration	M_dhap_c	9.781e-04
concentration	M_succoa_c	3.901e-04
concentration	M_fum_c	2.448e-03
concentration	M_mal__L_c	9.566e-04
concentration	M_r5p_c	1.455e-04
concentration	M_3pg_c	1.020e-03
concentration	M_cit_c	3.549e-03
concentration	M_ru5p__D_c	4.626e-04
concentration	M_g6p_c	2.608e-04
concentration	M_q8_c	2.341e-05
concentration	M_xu5p__D_c	2.501e-04
concentration	M_q8h2_c	4.272e-04
concentration	M_e4p_c	1.094e-05
concentration	M_13dpg_c	1.826e-05
concentration	M_s7p_c	4.904e-04
concentration	M_2pg_c	1.000e-04
concentration	M_actp_c	1.020e-03
concentration	M_lac__D_c	1.000e-04
concentration	M_etoh_c	1.000e-04
concentration	M_6pgc_c	9.297e-05
concentration	M_fdp_c	9.508e-04
concentration	M_6pgl_c	7.761e-06
concentration	M_acon_C_c	1.424e-05
concentration	M_glu__L_c	2.251e-02
concentration	M_icit_c	3.577e-06
concentration	M_f6p_c	4.151e-04

!!SBtab TableID='Predicted Gibbs energies' TableType='Quantity' TableName='Predicted Gibbs energies' SBtabVersion='1.0' Unit='kJ/mol'
!QuantityType	!Reaction	!Value
reaction gibbs energy	R_PFK	-1.734e+01
reaction gibbs energy	R_PFL	0.000e+00
reaction gibbs energy	R_PGI	-4.882e+00
reaction gibbs energy	R_PGK	-4.882e+00
reaction gibbs energy	R_PGL	-1.767e+01
reaction gibbs energy	R_ACALD	0.000e+00
reaction gibbs energy	R_PGM	0.000e+00
reaction gibbs energy	R_ALCD2x	0.000e+00
reaction gibbs energy	R_ACKr	-1.110e+01
reaction gibbs energy	R_PPC	-2.593e+01
reaction gibbs energy	R_ACONTa	-4.920e+00
reaction gibbs energy	R_ACONTb	-4.954e+00
reaction gibbs energy	R_ATPM	0.000e+00
reaction gibbs energy	R_PPCK	0.000e+00
reaction gibbs energy	R_PPS	-2.010e+01
reaction gibbs energy	R_ADK1	-4.882e+00
reaction gibbs energy	R_AKGDH	0.000e+00
reaction gibbs energy	R_PTAr	-4.882e+00
reaction gibbs energy	R_PYK	0.000e+00
reaction gibbs energy	R_RPE	-5.061e+00
reaction gibbs energy	R_CS	-3.433e+01
reaction gibbs energy	R_RPI	-5.078e+00
reaction gibbs energy	R_ENO	0.000e+00
reaction gibbs energy	R_SUCDi	-1.353e+01
reaction gibbs energy	R_SUCOAS	0.000e+00
reaction gibbs energy	R_TALA	-5.208e+00
reaction gibbs energy	R_TKT1	-5.050e+00
reaction gibbs energy	R_TKT2	0.000e+00
reaction gibbs energy	R_TPI	-4.882e+00
reaction gibbs energy	R_FBA	-4.882e+00
reaction gibbs energy	R_FBP	0.000e+00
reaction gibbs energy	R_FRD7	0.000e+00
reaction gibbs energy	R_FUM	-5.767e+00
reaction gibbs energy	R_G6PDH2r	-9.201e+00
reaction gibbs energy	R_GAPD	-4.882e+00
reaction gibbs energy	R_GLNS	-1.031e+01
reaction gibbs energy	R_GLUDy	0.000e+00
reaction gibbs energy	R_GLUN	0.000e+00
reaction gibbs energy	R_GLUSy	-3.718e+01
reaction gibbs energy	R_GND	-8.948e+00
reaction gibbs energy	R_ICDHyr	-7.156e+00
reaction gibbs energy	R_ICL	0.000e+00
reaction gibbs energy	R_LDH_D	0.000e+00
reaction gibbs energy	R_MALS	0.000e+00
reaction gibbs energy	R_MDH	0.000e+00
reaction gibbs energy	R_ME1	0.000e+00
reaction gibbs energy	R_ME2	-1.083e+01
reaction gibbs energy	R_NADTRHD	-2.084e+01
reaction gibbs energy	R_PDH	-5.189e+01

