!!!SBtab DocumentName='report' SBtabVersion='1.0' Date='2022-6-9'
!!SBtab TableID='Predicted concentrations' TableType='Quantity' TableName='Predicted concentrations' SBtabVersion='1.0' Unit='M'
!QuantityType	!Compound	!Value
concentration	M_h2o_c	1.000e+00
concentration	M_atp_c	2.427e-03
concentration	M_nadp_c	6.748e-06
concentration	M_nadph_c	4.877e-05
concentration	M_adp_c	2.609e-04
concentration	M_nad_c	1.566e-03
concentration	M_pi_c	3.703e-03
concentration	M_nadh_c	3.102e-05
concentration	M_coa_c	2.848e-04
concentration	M_co2_c	2.517e-04
concentration	M_amp_c	2.721e-04
concentration	M_nh4_c	1.111e-05
concentration	M_akg_c	2.560e-04
concentration	M_accoa_c	5.128e-04
concentration	M_pyr_c	9.547e-04
concentration	M_succ_c	3.359e-04
concentration	M_ac_c	1.000e-04
concentration	M_gln__L_c	2.104e-03
concentration	M_for_c	1.000e-04
concentration	M_oaa_c	1.517e-06
concentration	M_glx_c	4.684e-05
concentration	M_pep_c	6.167e-04
concentration	M_g3p_c	9.641e-05
concentration	M_acald_c	1.000e-04
concentration	M_dhap_c	5.107e-04
concentration	M_succoa_c	8.469e-04
concentration	M_fum_c	1.956e-03
concentration	M_mal__L_c	3.943e-03
concentration	M_r5p_c	1.051e-04
concentration	M_3pg_c	2.056e-03
concentration	M_cit_c	2.016e-03
concentration	M_ru5p__D_c	2.073e-04
concentration	M_g6p_c	4.036e-04
concentration	M_q8_c	2.087e-05
concentration	M_xu5p__D_c	2.396e-04
concentration	M_q8h2_c	4.791e-04
concentration	M_e4p_c	1.358e-05
concentration	M_13dpg_c	1.826e-05
concentration	M_s7p_c	6.955e-04
concentration	M_2pg_c	1.947e-04
concentration	M_actp_c	1.442e-03
concentration	M_lac__D_c	8.086e-04
concentration	M_etoh_c	1.000e-04
concentration	M_6pgc_c	1.084e-04
concentration	M_fdp_c	1.571e-04
concentration	M_6pgl_c	1.823e-05
concentration	M_acon_C_c	2.969e-05
concentration	M_glu__L_c	2.198e-02
concentration	M_icit_c	1.574e-05
concentration	M_f6p_c	2.868e-04

!!SBtab TableID='Predicted Gibbs energies' TableType='Quantity' TableName='Predicted Gibbs energies' SBtabVersion='1.0' Unit='kJ/mol'
!QuantityType	!Reaction	!Value
reaction gibbs energy	R_PFK	0.000e+00
reaction gibbs energy	R_PFL	0.000e+00
reaction gibbs energy	R_PGI	-1.646e+00
reaction gibbs energy	R_PGK	-1.870e-02
reaction gibbs energy	R_PGL	-1.955e+01
reaction gibbs energy	R_ACALD	0.000e+00
reaction gibbs energy	R_PGM	-1.870e-02
reaction gibbs energy	R_ALCD2x	0.000e+00
reaction gibbs energy	R_ACKr	0.000e+00
reaction gibbs energy	R_PPC	0.000e+00
reaction gibbs energy	R_ACONTa	-1.708e+00
reaction gibbs energy	R_ACONTb	-3.113e+00
reaction gibbs energy	R_ATPM	0.000e+00
reaction gibbs energy	R_PPCK	0.000e+00
reaction gibbs energy	R_PPS	-2.224e+01
reaction gibbs energy	R_ADK1	-5.511e+00
reaction gibbs energy	R_AKGDH	-3.483e+01
reaction gibbs energy	R_PTAr	0.000e+00
reaction gibbs energy	R_PYK	0.000e+00
reaction gibbs energy	R_RPE	-3.112e+00
reaction gibbs energy	R_CS	-2.110e+01
reaction gibbs energy	R_RPI	-3.826e+00
reaction gibbs energy	R_ENO	-1.870e-02
reaction gibbs energy	R_SUCDi	-1.198e+01
reaction gibbs energy	R_SUCOAS	-1.393e+00
reaction gibbs energy	R_TALA	-8.092e+00
reaction gibbs energy	R_TKT1	-1.512e+00
reaction gibbs energy	R_TKT2	0.000e+00
reaction gibbs energy	R_TPI	-1.107e+00
reaction gibbs energy	R_FBA	-2.244e+00
reaction gibbs energy	R_FBP	-2.490e+01
reaction gibbs energy	R_FRD7	0.000e+00
reaction gibbs energy	R_FUM	-1.686e+00
reaction gibbs energy	R_G6PDH2r	-7.756e+00
reaction gibbs energy	R_GAPD	-1.658e+00
reaction gibbs energy	R_GLNS	-1.127e+01
reaction gibbs energy	R_GLUDy	0.000e+00
reaction gibbs energy	R_GLUN	0.000e+00
reaction gibbs energy	R_GLUSy	-3.783e+01
reaction gibbs energy	R_GND	-2.842e+00
reaction gibbs energy	R_ICDHyr	-2.505e+00
reaction gibbs energy	R_ICL	-8.004e+00
reaction gibbs energy	R_LDH_D	-1.293e+01
reaction gibbs energy	R_MALS	-2.626e+01
reaction gibbs energy	R_MDH	-1.048e+00
reaction gibbs energy	R_ME1	-2.059e+01
reaction gibbs energy	R_ME2	0.000e+00
reaction gibbs energy	R_NADTRHD	0.000e+00
reaction gibbs energy	R_PDH	-4.667e+01

