!!!SBtab DocumentName='report' SBtabVersion='1.0' Date='2022-6-9'
!!SBtab TableID='Predicted concentrations' TableType='Quantity' TableName='Predicted concentrations' SBtabVersion='1.0' Unit='M'
!QuantityType	!Compound	!Value
concentration	M_h2o_c	1.000e+00
concentration	M_atp_c	2.427e-03
concentration	M_nadp_c	6.679e-06
concentration	M_nadph_c	5.191e-05
concentration	M_adp_c	2.609e-04
concentration	M_nad_c	1.819e-03
concentration	M_pi_c	4.721e-03
concentration	M_nadh_c	5.427e-06
concentration	M_coa_c	8.440e-03
concentration	M_co2_c	7.703e-05
concentration	M_amp_c	2.677e-04
concentration	M_nh4_c	1.009e-05
concentration	M_akg_c	2.832e-04
concentration	M_accoa_c	5.496e-04
concentration	M_pyr_c	1.461e-03
concentration	M_succ_c	4.063e-04
concentration	M_ac_c	1.000e-02
concentration	M_gln__L_c	2.096e-03
concentration	M_for_c	1.000e-04
concentration	M_oaa_c	2.274e-06
concentration	M_glx_c	1.000e-04
concentration	M_pep_c	2.352e-04
concentration	M_g3p_c	1.567e-04
concentration	M_acald_c	1.000e-04
concentration	M_dhap_c	5.387e-04
concentration	M_succoa_c	3.901e-04
concentration	M_fum_c	1.866e-03
concentration	M_mal__L_c	2.135e-03
concentration	M_r5p_c	1.394e-04
concentration	M_3pg_c	1.469e-03
concentration	M_cit_c	2.322e-03
concentration	M_ru5p__D_c	2.784e-04
concentration	M_g6p_c	3.588e-04
concentration	M_q8_c	1.377e-05
concentration	M_xu5p__D_c	3.166e-04
concentration	M_q8h2_c	7.265e-04
concentration	M_e4p_c	1.387e-05
concentration	M_13dpg_c	2.670e-05
concentration	M_s7p_c	5.694e-04
concentration	M_2pg_c	1.000e-04
concentration	M_actp_c	1.020e-03
concentration	M_lac__D_c	8.230e-04
concentration	M_etoh_c	1.000e-04
concentration	M_6pgc_c	9.909e-05
concentration	M_fdp_c	1.627e-04
concentration	M_6pgl_c	1.464e-05
concentration	M_acon_C_c	2.609e-05
concentration	M_glu__L_c	2.224e-02
concentration	M_icit_c	1.172e-05
concentration	M_f6p_c	3.052e-04

!!SBtab TableID='Predicted Gibbs energies' TableType='Quantity' TableName='Predicted Gibbs energies' SBtabVersion='1.0' Unit='kJ/mol'
!QuantityType	!Reaction	!Value
reaction gibbs energy	R_PFK	0.000e+00
reaction gibbs energy	R_PFL	0.000e+00
reaction gibbs energy	R_PGI	-2.165e+00
reaction gibbs energy	R_PGK	-4.008e+00
reaction gibbs energy	R_PGL	-1.898e+01
reaction gibbs energy	R_ACALD	0.000e+00
reaction gibbs energy	R_PGM	0.000e+00
reaction gibbs energy	R_ALCD2x	0.000e+00
reaction gibbs energy	R_ACKr	-1.274e+00
reaction gibbs energy	R_PPC	0.000e+00
reaction gibbs energy	R_ACONTa	-2.421e+00
reaction gibbs energy	R_ACONTb	-3.471e+00
reaction gibbs energy	R_ATPM	0.000e+00
reaction gibbs energy	R_PPCK	-6.751e+00
reaction gibbs energy	R_PPS	0.000e+00
reaction gibbs energy	R_ADK1	0.000e+00
reaction gibbs energy	R_AKGDH	0.000e+00
reaction gibbs energy	R_PTAr	-8.458e+00
reaction gibbs energy	R_PYK	-1.656e+01
reaction gibbs energy	R_RPE	-3.052e+00
reaction gibbs energy	R_CS	-1.313e+01
reaction gibbs energy	R_RPI	-3.835e+00
reaction gibbs energy	R_ENO	0.000e+00
reaction gibbs energy	R_SUCDi	-1.088e+01
reaction gibbs energy	R_SUCOAS	0.000e+00
reaction gibbs energy	R_TALA	-8.530e+00
reaction gibbs energy	R_TKT1	-2.067e+00
reaction gibbs energy	R_TKT2	-4.388e+00
reaction gibbs energy	R_TPI	-2.498e+00
reaction gibbs energy	R_FBA	-3.798e+00
reaction gibbs energy	R_FBP	-2.430e+01
reaction gibbs energy	R_FRD7	0.000e+00
reaction gibbs energy	R_FUM	-3.096e+00
reaction gibbs energy	R_G6PDH2r	-7.937e+00
reaction gibbs energy	R_GAPD	-2.426e+00
reaction gibbs energy	R_GLNS	-1.042e+01
reaction gibbs energy	R_GLUDy	0.000e+00
reaction gibbs energy	R_GLUN	0.000e+00
reaction gibbs energy	R_GLUSy	-3.794e+01
reaction gibbs energy	R_GND	-5.427e+00
reaction gibbs energy	R_ICDHyr	-5.088e+00
reaction gibbs energy	R_ICL	0.000e+00
reaction gibbs energy	R_LDH_D	-9.251e+00
reaction gibbs energy	R_MALS	0.000e+00
reaction gibbs energy	R_MDH	-3.276e+00
reaction gibbs energy	R_ME1	0.000e+00
reaction gibbs energy	R_ME2	0.000e+00
reaction gibbs energy	R_NADTRHD	0.000e+00
reaction gibbs energy	R_PDH	0.000e+00

