!!!SBtab DocumentName='report' SBtabVersion='1.0' Date='2022-6-9'
!!SBtab TableID='Predicted concentrations' TableType='Quantity' TableName='Predicted concentrations' SBtabVersion='1.0' Unit='M'
!QuantityType	!Compound	!Value
concentration	M_h2o_c	1.000e+00
concentration	M_atp_c	2.427e-03
concentration	M_nadp_c	6.568e-06
concentration	M_nadph_c	5.270e-05
concentration	M_adp_c	2.609e-04
concentration	M_nad_c	2.026e-03
concentration	M_pi_c	7.682e-03
concentration	M_nadh_c	4.382e-06
concentration	M_coa_c	5.772e-03
concentration	M_co2_c	1.183e-04
concentration	M_amp_c	2.677e-04
concentration	M_nh4_c	4.721e-05
concentration	M_akg_c	2.967e-04
concentration	M_accoa_c	5.714e-04
concentration	M_pyr_c	1.068e-03
concentration	M_succ_c	4.105e-04
concentration	M_ac_c	1.000e-02
concentration	M_gln__L_c	2.098e-03
concentration	M_for_c	1.000e-04
concentration	M_oaa_c	2.651e-06
concentration	M_glx_c	1.000e-04
concentration	M_pep_c	1.636e-04
concentration	M_g3p_c	3.976e-05
concentration	M_acald_c	1.000e-04
concentration	M_dhap_c	8.401e-04
concentration	M_succoa_c	3.901e-04
concentration	M_fum_c	1.817e-03
concentration	M_mal__L_c	2.002e-03
concentration	M_r5p_c	9.636e-05
concentration	M_3pg_c	1.623e-03
concentration	M_cit_c	2.341e-03
concentration	M_ru5p__D_c	2.454e-04
concentration	M_g6p_c	8.101e-04
concentration	M_q8_c	1.977e-05
concentration	M_xu5p__D_c	2.110e-04
concentration	M_q8h2_c	5.058e-04
concentration	M_e4p_c	1.351e-05
concentration	M_13dpg_c	2.124e-05
concentration	M_s7p_c	7.270e-04
concentration	M_2pg_c	9.741e-05
concentration	M_actp_c	1.020e-03
concentration	M_lac__D_c	4.707e-04
concentration	M_etoh_c	1.000e-04
concentration	M_6pgc_c	1.030e-04
concentration	M_fdp_c	6.995e-04
concentration	M_6pgl_c	1.586e-05
concentration	M_acon_C_c	2.607e-05
concentration	M_glu__L_c	2.139e-02
concentration	M_icit_c	1.287e-05
concentration	M_f6p_c	1.468e-04

!!SBtab TableID='Predicted Gibbs energies' TableType='Quantity' TableName='Predicted Gibbs energies' SBtabVersion='1.0' Unit='kJ/mol'
!QuantityType	!Reaction	!Value
reaction gibbs energy	R_PFK	-1.746e+01
reaction gibbs energy	R_PFL	0.000e+00
reaction gibbs energy	R_PGI	-1.667e+00
reaction gibbs energy	R_PGK	-3.195e+00
reaction gibbs energy	R_PGL	-1.908e+01
reaction gibbs energy	R_ACALD	0.000e+00
reaction gibbs energy	R_PGM	-2.570e+00
reaction gibbs energy	R_ALCD2x	0.000e+00
reaction gibbs energy	R_ACKr	-1.274e+00
reaction gibbs energy	R_PPC	0.000e+00
reaction gibbs energy	R_ACONTa	-2.443e+00
reaction gibbs energy	R_ACONTb	-3.237e+00
reaction gibbs energy	R_ATPM	0.000e+00
reaction gibbs energy	R_PPCK	0.000e+00
reaction gibbs energy	R_PPS	0.000e+00
reaction gibbs energy	R_ADK1	0.000e+00
reaction gibbs energy	R_AKGDH	0.000e+00
reaction gibbs energy	R_PTAr	-6.214e+00
reaction gibbs energy	R_PYK	-1.644e+01
reaction gibbs energy	R_RPE	-3.745e+00
reaction gibbs energy	R_CS	-1.453e+01
reaction gibbs energy	R_RPI	-4.436e+00
reaction gibbs energy	R_ENO	-2.578e+00
reaction gibbs energy	R_SUCDi	-1.277e+01
reaction gibbs energy	R_SUCOAS	0.000e+00
reaction gibbs energy	R_TALA	-7.615e+00
reaction gibbs energy	R_TKT1	-2.940e+00
reaction gibbs energy	R_TKT2	0.000e+00
reaction gibbs energy	R_TPI	-2.002e+00
reaction gibbs energy	R_FBA	-2.112e+00
reaction gibbs energy	R_FBP	0.000e+00
reaction gibbs energy	R_FRD7	0.000e+00
reaction gibbs energy	R_FUM	-3.188e+00
reaction gibbs energy	R_G6PDH2r	-9.677e+00
reaction gibbs energy	R_GAPD	-1.596e+00
reaction gibbs energy	R_GLNS	-1.294e+01
reaction gibbs energy	R_GLUDy	0.000e+00
reaction gibbs energy	R_GLUN	0.000e+00
reaction gibbs energy	R_GLUSy	-3.833e+01
reaction gibbs energy	R_GND	-4.694e+00
reaction gibbs energy	R_ICDHyr	-4.064e+00
reaction gibbs energy	R_ICL	0.000e+00
reaction gibbs energy	R_LDH_D	-9.064e+00
reaction gibbs energy	R_MALS	0.000e+00
reaction gibbs energy	R_MDH	-3.533e+00
reaction gibbs energy	R_ME1	0.000e+00
reaction gibbs energy	R_ME2	0.000e+00
reaction gibbs energy	R_NADTRHD	0.000e+00
reaction gibbs energy	R_PDH	-5.994e+01

