!!!SBtab DocumentName='report' SBtabVersion='1.0' Date='2022-6-9'
!!SBtab TableID='Predicted concentrations' TableType='Quantity' TableName='Predicted concentrations' SBtabVersion='1.0' Unit='M'
!QuantityType	!Compound	!Value
concentration	M_h2o_c	1.000e+00
concentration	M_atp_c	2.427e-03
concentration	M_nadp_c	6.724e-06
concentration	M_nadph_c	4.957e-05
concentration	M_adp_c	2.609e-04
concentration	M_nad_c	1.996e-03
concentration	M_pi_c	8.667e-03
concentration	M_nadh_c	4.512e-06
concentration	M_coa_c	7.878e-04
concentration	M_co2_c	1.049e-04
concentration	M_amp_c	2.677e-04
concentration	M_nh4_c	1.012e-05
concentration	M_akg_c	2.515e-04
concentration	M_accoa_c	3.204e-04
concentration	M_pyr_c	1.210e-03
concentration	M_succ_c	2.786e-04
concentration	M_ac_c	1.000e-02
concentration	M_gln__L_c	2.118e-03
concentration	M_for_c	9.999e-05
concentration	M_oaa_c	2.647e-06
concentration	M_glx_c	2.896e-05
concentration	M_pep_c	1.696e-04
concentration	M_g3p_c	3.804e-05
concentration	M_acald_c	9.999e-05
concentration	M_dhap_c	8.237e-04
concentration	M_succoa_c	1.105e-03
concentration	M_fum_c	1.877e-03
concentration	M_mal__L_c	2.190e-03
concentration	M_r5p_c	9.520e-05
concentration	M_3pg_c	1.594e-03
concentration	M_cit_c	2.326e-03
concentration	M_ru5p__D_c	2.446e-04
concentration	M_g6p_c	3.531e-04
concentration	M_q8_c	2.073e-05
concentration	M_xu5p__D_c	2.075e-04
concentration	M_q8h2_c	4.822e-04
concentration	M_e4p_c	1.341e-05
concentration	M_13dpg_c	2.152e-05
concentration	M_s7p_c	7.610e-04
concentration	M_2pg_c	9.813e-05
concentration	M_actp_c	1.020e-03
concentration	M_lac__D_c	4.925e-04
concentration	M_etoh_c	9.999e-05
concentration	M_6pgc_c	1.009e-04
concentration	M_fdp_c	6.808e-04
concentration	M_6pgl_c	1.491e-05
concentration	M_acon_C_c	2.586e-05
concentration	M_glu__L_c	2.188e-02
concentration	M_icit_c	1.124e-05
concentration	M_f6p_c	3.003e-04

!!SBtab TableID='Predicted Gibbs energies' TableType='Quantity' TableName='Predicted Gibbs energies' SBtabVersion='1.0' Unit='kJ/mol'
!QuantityType	!Reaction	!Value
reaction gibbs energy	R_PFK	-1.930e+01
reaction gibbs energy	R_PFL	0.000e+00
reaction gibbs energy	R_PGI	-2.165e+00
reaction gibbs energy	R_PGK	-3.273e+00
reaction gibbs energy	R_PGL	-1.898e+01
reaction gibbs energy	R_ACALD	0.000e+00
reaction gibbs energy	R_PGM	-2.506e+00
reaction gibbs energy	R_ALCD2x	0.000e+00
reaction gibbs energy	R_ACKr	-1.274e+00
reaction gibbs energy	R_PPC	0.000e+00
reaction gibbs energy	R_ACONTa	-2.448e+00
reaction gibbs energy	R_ACONTb	-3.554e+00
reaction gibbs energy	R_ATPM	0.000e+00
reaction gibbs energy	R_PPCK	0.000e+00
reaction gibbs energy	R_PPS	0.000e+00
reaction gibbs energy	R_ADK1	0.000e+00
reaction gibbs energy	R_AKGDH	-4.461e+01
reaction gibbs energy	R_PTAr	-2.415e+00
reaction gibbs energy	R_PYK	0.000e+00
reaction gibbs energy	R_RPE	-3.778e+00
reaction gibbs energy	R_CS	-1.804e+01
reaction gibbs energy	R_RPI	-4.458e+00
reaction gibbs energy	R_ENO	-2.507e+00
reaction gibbs energy	R_SUCDi	-1.197e+01
reaction gibbs energy	R_SUCOAS	-2.190e+00
reaction gibbs energy	R_TALA	-5.865e+00
reaction gibbs energy	R_TKT1	-2.865e+00
reaction gibbs energy	R_TKT2	-6.805e+00
reaction gibbs energy	R_TPI	-2.062e+00
reaction gibbs energy	R_FBA	-2.203e+00
reaction gibbs energy	R_FBP	0.000e+00
reaction gibbs energy	R_FRD7	0.000e+00
reaction gibbs energy	R_FUM	-3.046e+00
reaction gibbs energy	R_G6PDH2r	-7.981e+00
reaction gibbs energy	R_GAPD	-1.645e+00
reaction gibbs energy	R_GLNS	-8.855e+00
reaction gibbs energy	R_GLUDy	0.000e+00
reaction gibbs energy	R_GLUN	0.000e+00
reaction gibbs energy	R_GLUSy	-3.762e+01
reaction gibbs energy	R_GND	-5.159e+00
reaction gibbs energy	R_ICDHyr	-4.642e+00
reaction gibbs energy	R_ICL	-8.739e+00
reaction gibbs energy	R_LDH_D	-9.370e+00
reaction gibbs energy	R_MALS	-2.454e+01
reaction gibbs energy	R_MDH	-3.651e+00
reaction gibbs energy	R_ME1	0.000e+00
reaction gibbs energy	R_ME2	0.000e+00
reaction gibbs energy	R_NADTRHD	-2.014e+01
reaction gibbs energy	R_PDH	0.000e+00

