!!!SBtab DocumentName='report' SBtabVersion='1.0' Date='2022-6-9'
!!SBtab TableID='Predicted concentrations' TableType='Quantity' TableName='Predicted concentrations' SBtabVersion='1.0' Unit='M'
!QuantityType	!Compound	!Value
concentration	M_h2o_c	1.000e+00
concentration	M_atp_c	2.427e-03
concentration	M_nadp_c	6.679e-06
concentration	M_nadph_c	4.977e-05
concentration	M_adp_c	2.609e-04
concentration	M_nad_c	1.747e-03
concentration	M_pi_c	6.676e-03
concentration	M_nadh_c	6.262e-06
concentration	M_coa_c	6.048e-04
concentration	M_co2_c	8.984e-05
concentration	M_amp_c	2.716e-04
concentration	M_nh4_c	9.880e-06
concentration	M_akg_c	2.630e-04
concentration	M_accoa_c	3.214e-04
concentration	M_pyr_c	9.726e-04
concentration	M_succ_c	2.773e-04
concentration	M_ac_c	1.000e-02
concentration	M_gln__L_c	2.110e-03
concentration	M_for_c	1.000e-04
concentration	M_oaa_c	2.311e-06
concentration	M_glx_c	2.261e-05
concentration	M_pep_c	2.964e-04
concentration	M_g3p_c	1.553e-04
concentration	M_acald_c	1.000e-04
concentration	M_dhap_c	5.311e-04
concentration	M_succoa_c	1.104e-03
concentration	M_fum_c	1.993e-03
concentration	M_mal__L_c	2.560e-03
concentration	M_r5p_c	1.400e-04
concentration	M_3pg_c	1.473e-03
concentration	M_cit_c	2.308e-03
concentration	M_ru5p__D_c	2.827e-04
concentration	M_g6p_c	3.560e-04
concentration	M_q8_c	2.345e-05
concentration	M_xu5p__D_c	3.110e-04
concentration	M_q8h2_c	4.264e-04
concentration	M_e4p_c	1.377e-05
concentration	M_13dpg_c	2.826e-05
concentration	M_s7p_c	5.709e-04
concentration	M_2pg_c	1.000e-04
concentration	M_actp_c	1.020e-03
concentration	M_lac__D_c	4.789e-04
concentration	M_etoh_c	1.000e-04
concentration	M_6pgc_c	9.854e-05
concentration	M_fdp_c	1.616e-04
concentration	M_6pgl_c	2.373e-05
concentration	M_acon_C_c	2.555e-05
concentration	M_glu__L_c	2.179e-02
concentration	M_icit_c	1.079e-05
concentration	M_f6p_c	3.075e-04

!!SBtab TableID='Predicted Gibbs energies' TableType='Quantity' TableName='Predicted Gibbs energies' SBtabVersion='1.0' Unit='kJ/mol'
!QuantityType	!Reaction	!Value
reaction gibbs energy	R_PFK	0.000e+00
reaction gibbs energy	R_PFL	0.000e+00
reaction gibbs energy	R_PGI	-2.203e+00
reaction gibbs energy	R_PGK	-4.142e+00
reaction gibbs energy	R_PGL	-2.019e+01
reaction gibbs energy	R_ACALD	0.000e+00
reaction gibbs energy	R_PGM	0.000e+00
reaction gibbs energy	R_ALCD2x	0.000e+00
reaction gibbs energy	R_ACKr	-1.274e+00
reaction gibbs energy	R_PPC	0.000e+00
reaction gibbs energy	R_ACONTa	-2.458e+00
reaction gibbs energy	R_ACONTb	-3.626e+00
reaction gibbs energy	R_ATPM	0.000e+00
reaction gibbs energy	R_PPCK	0.000e+00
reaction gibbs energy	R_PPS	-2.266e+01
reaction gibbs energy	R_ADK1	-5.532e+00
reaction gibbs energy	R_AKGDH	-4.331e+01
reaction gibbs energy	R_PTAr	-2.398e+00
reaction gibbs energy	R_PYK	0.000e+00
reaction gibbs energy	R_RPE	-3.135e+00
reaction gibbs energy	R_CS	-1.839e+01
reaction gibbs energy	R_RPI	-3.862e+00
reaction gibbs energy	R_ENO	0.000e+00
reaction gibbs energy	R_SUCDi	-1.241e+01
reaction gibbs energy	R_SUCOAS	-2.208e+00
reaction gibbs energy	R_TALA	-8.513e+00
reaction gibbs energy	R_TKT1	-2.050e+00
reaction gibbs energy	R_TKT2	-4.330e+00
reaction gibbs energy	R_TPI	-2.510e+00
reaction gibbs energy	R_FBA	-3.757e+00
reaction gibbs energy	R_FBP	-2.341e+01
reaction gibbs energy	R_FRD7	0.000e+00
reaction gibbs energy	R_FUM	-2.808e+00
reaction gibbs energy	R_G6PDH2r	-6.824e+00
reaction gibbs energy	R_GAPD	-2.666e+00
reaction gibbs energy	R_GLNS	-9.441e+00
reaction gibbs energy	R_GLUDy	0.000e+00
reaction gibbs energy	R_GLUN	0.000e+00
reaction gibbs energy	R_GLUSy	-3.777e+01
reaction gibbs energy	R_GND	-5.098e+00
reaction gibbs energy	R_ICDHyr	-4.788e+00
reaction gibbs energy	R_ICL	-9.264e+00
reaction gibbs energy	R_LDH_D	-1.004e+01
reaction gibbs energy	R_MALS	-2.420e+01
reaction gibbs energy	R_MDH	-3.232e+00
reaction gibbs energy	R_ME1	0.000e+00
reaction gibbs energy	R_ME2	0.000e+00
reaction gibbs energy	R_NADTRHD	-1.902e+01
reaction gibbs energy	R_PDH	0.000e+00

