!!!SBtab DocumentName='report' SBtabVersion='1.0' Date='2022-6-9'
!!SBtab TableID='Predicted concentrations' TableType='Quantity' TableName='Predicted concentrations' SBtabVersion='1.0' Unit='M'
!QuantityType	!Compound	!Value
concentration	M_h2o_c	1.000e+00
concentration	M_atp_c	1.920e-03
concentration	M_nadp_c	6.717e-06
concentration	M_nadph_c	5.011e-05
concentration	M_adp_c	3.280e-04
concentration	M_nad_c	1.658e-03
concentration	M_pi_c	8.223e-03
concentration	M_nadh_c	9.169e-06
concentration	M_coa_c	1.141e-04
concentration	M_co2_c	8.825e-05
concentration	M_amp_c	2.777e-04
concentration	M_nh4_c	1.218e-05
concentration	M_akg_c	2.652e-04
concentration	M_accoa_c	1.382e-03
concentration	M_pyr_c	8.553e-04
concentration	M_succ_c	4.318e-04
concentration	M_ac_c	5.683e-04
concentration	M_gln__L_c	2.091e-03
concentration	M_for_c	1.000e-04
concentration	M_oaa_c	1.810e-06
concentration	M_glx_c	1.547e-05
concentration	M_pep_c	6.167e-04
concentration	M_g3p_c	1.486e-04
concentration	M_acald_c	1.000e-04
concentration	M_dhap_c	4.898e-04
concentration	M_succoa_c	3.901e-04
concentration	M_fum_c	2.100e-03
concentration	M_mal__L_c	2.722e-03
concentration	M_r5p_c	1.363e-04
concentration	M_3pg_c	1.020e-03
concentration	M_cit_c	2.387e-03
concentration	M_ru5p__D_c	2.769e-04
concentration	M_g6p_c	3.481e-04
concentration	M_q8_c	1.855e-05
concentration	M_xu5p__D_c	3.043e-04
concentration	M_q8h2_c	5.392e-04
concentration	M_e4p_c	1.379e-05
concentration	M_13dpg_c	3.132e-05
concentration	M_s7p_c	5.771e-04
concentration	M_2pg_c	1.322e-04
concentration	M_actp_c	1.203e-03
concentration	M_lac__D_c	5.919e-04
concentration	M_etoh_c	1.000e-04
concentration	M_6pgc_c	1.053e-04
concentration	M_fdp_c	1.517e-04
concentration	M_6pgl_c	2.294e-05
concentration	M_acon_C_c	2.546e-05
concentration	M_glu__L_c	2.230e-02
concentration	M_icit_c	1.164e-05
concentration	M_f6p_c	3.129e-04

!!SBtab TableID='Predicted Gibbs energies' TableType='Quantity' TableName='Predicted Gibbs energies' SBtabVersion='1.0' Unit='kJ/mol'
!QuantityType	!Reaction	!Value
reaction gibbs energy	R_PFK	0.000e+00
reaction gibbs energy	R_PFL	0.000e+00
reaction gibbs energy	R_PGI	-2.237e+00
reaction gibbs energy	R_PGK	0.000e+00
reaction gibbs energy	R_PGL	-2.025e+01
reaction gibbs energy	R_ACALD	0.000e+00
reaction gibbs energy	R_PGM	-1.384e+00
reaction gibbs energy	R_ALCD2x	0.000e+00
reaction gibbs energy	R_ACKr	-1.155e+01
reaction gibbs energy	R_PPC	0.000e+00
reaction gibbs energy	R_ACONTa	-2.503e+00
reaction gibbs energy	R_ACONTb	-3.494e+00
reaction gibbs energy	R_ATPM	0.000e+00
reaction gibbs energy	R_PPCK	0.000e+00
reaction gibbs energy	R_PPS	-1.933e+01
reaction gibbs energy	R_ADK1	-3.847e+00
reaction gibbs energy	R_AKGDH	0.000e+00
reaction gibbs energy	R_PTAr	-1.900e+00
reaction gibbs energy	R_PYK	0.000e+00
reaction gibbs energy	R_RPE	-3.284e+00
reaction gibbs energy	R_CS	-2.586e+01
reaction gibbs energy	R_RPI	-3.911e+00
reaction gibbs energy	R_ENO	-1.384e+00
reaction gibbs energy	R_SUCDi	-1.208e+01
reaction gibbs energy	R_SUCOAS	0.000e+00
reaction gibbs energy	R_TALA	-8.476e+00
reaction gibbs energy	R_TKT1	-2.195e+00
reaction gibbs energy	R_TKT2	-4.528e+00
reaction gibbs energy	R_TPI	-2.304e+00
reaction gibbs energy	R_FBA	-3.319e+00
reaction gibbs energy	R_FBP	-2.265e+01
reaction gibbs energy	R_FRD7	0.000e+00
reaction gibbs energy	R_FUM	-2.781e+00
reaction gibbs energy	R_G6PDH2r	-6.739e+00
reaction gibbs energy	R_GAPD	0.000e+00
reaction gibbs energy	R_GLNS	-8.445e+00
reaction gibbs energy	R_GLUDy	0.000e+00
reaction gibbs energy	R_GLUN	0.000e+00
reaction gibbs energy	R_GLUSy	-3.790e+01
reaction gibbs energy	R_GND	-4.587e+00
reaction gibbs energy	R_ICDHyr	-4.204e+00
reaction gibbs energy	R_ICL	-9.410e+00
reaction gibbs energy	R_LDH_D	-1.027e+01
reaction gibbs energy	R_MALS	-2.911e+01
reaction gibbs energy	R_MDH	-2.855e+00
reaction gibbs energy	R_ME1	0.000e+00
reaction gibbs energy	R_ME2	-7.675e+00
reaction gibbs energy	R_NADTRHD	0.000e+00
reaction gibbs energy	R_PDH	-4.768e+01

