!!!SBtab DocumentName='report' SBtabVersion='1.0' Date='2022-6-9'
!!SBtab TableID='Predicted concentrations' TableType='Quantity' TableName='Predicted concentrations' SBtabVersion='1.0' Unit='M'
!QuantityType	!Compound	!Value
concentration	M_h2o_c	1.000e+00
concentration	M_atp_c	2.427e-03
concentration	M_nadp_c	6.748e-06
concentration	M_nadph_c	4.971e-05
concentration	M_adp_c	2.609e-04
concentration	M_nad_c	1.573e-03
concentration	M_pi_c	3.275e-03
concentration	M_nadh_c	2.259e-05
concentration	M_coa_c	3.152e-04
concentration	M_co2_c	3.046e-04
concentration	M_amp_c	2.723e-04
concentration	M_nh4_c	7.404e-06
concentration	M_akg_c	2.601e-04
concentration	M_accoa_c	4.400e-04
concentration	M_pyr_c	1.117e-03
concentration	M_succ_c	3.104e-04
concentration	M_ac_c	1.000e-02
concentration	M_gln__L_c	2.110e-03
concentration	M_for_c	1.000e-04
concentration	M_oaa_c	1.692e-06
concentration	M_glx_c	1.000e-04
concentration	M_pep_c	6.167e-04
concentration	M_g3p_c	9.191e-05
concentration	M_acald_c	1.000e-04
concentration	M_dhap_c	5.223e-04
concentration	M_succoa_c	9.068e-04
concentration	M_fum_c	1.745e-03
concentration	M_mal__L_c	3.072e-03
concentration	M_r5p_c	1.027e-04
concentration	M_3pg_c	2.172e-03
concentration	M_cit_c	1.941e-03
concentration	M_ru5p__D_c	2.050e-04
concentration	M_g6p_c	4.083e-04
concentration	M_q8_c	1.704e-05
concentration	M_xu5p__D_c	2.357e-04
concentration	M_q8h2_c	5.873e-04
concentration	M_e4p_c	1.356e-05
concentration	M_13dpg_c	1.826e-05
concentration	M_s7p_c	7.070e-04
concentration	M_2pg_c	2.040e-04
concentration	M_actp_c	1.020e-03
concentration	M_lac__D_c	8.519e-04
concentration	M_etoh_c	1.000e-04
concentration	M_6pgc_c	1.076e-04
concentration	M_fdp_c	1.586e-04
concentration	M_6pgl_c	2.043e-05
concentration	M_acon_C_c	3.135e-05
concentration	M_glu__L_c	2.207e-02
concentration	M_icit_c	2.079e-05
concentration	M_f6p_c	2.860e-04

!!SBtab TableID='Predicted Gibbs energies' TableType='Quantity' TableName='Predicted Gibbs energies' SBtabVersion='1.0' Unit='kJ/mol'
!QuantityType	!Reaction	!Value
reaction gibbs energy	R_PFK	0.000e+00
reaction gibbs energy	R_PFL	0.000e+00
reaction gibbs energy	R_PGI	-1.618e+00
reaction gibbs energy	R_PGK	3.192e-01
reaction gibbs energy	R_PGL	-1.978e+01
reaction gibbs energy	R_ACALD	0.000e+00
reaction gibbs energy	R_PGM	3.192e-01
reaction gibbs energy	R_ALCD2x	0.000e+00
reaction gibbs energy	R_ACKr	3.192e-01
reaction gibbs energy	R_PPC	0.000e+00
reaction gibbs energy	R_ACONTa	-1.510e+00
reaction gibbs energy	R_ACONTb	-2.532e+00
reaction gibbs energy	R_ATPM	0.000e+00
reaction gibbs energy	R_PPCK	0.000e+00
reaction gibbs energy	R_PPS	-2.290e+01
reaction gibbs energy	R_ADK1	-5.535e+00
reaction gibbs energy	R_AKGDH	-3.533e+01
reaction gibbs energy	R_PTAr	-3.110e+00
reaction gibbs energy	R_PYK	0.000e+00
reaction gibbs energy	R_RPE	-3.097e+00
reaction gibbs energy	R_CS	-2.066e+01
reaction gibbs energy	R_RPI	-3.849e+00
reaction gibbs energy	R_ENO	3.192e-01
reaction gibbs energy	R_SUCDi	-1.129e+01
reaction gibbs energy	R_SUCOAS	-1.231e+00
reaction gibbs energy	R_TALA	-8.006e+00
reaction gibbs energy	R_TKT1	-1.456e+00
reaction gibbs energy	R_TKT2	0.000e+00
reaction gibbs energy	R_TPI	-9.777e-01
reaction gibbs energy	R_FBA	-2.200e+00
reaction gibbs energy	R_FBP	-2.522e+01
reaction gibbs energy	R_FRD7	0.000e+00
reaction gibbs energy	R_FUM	-2.023e+00
reaction gibbs energy	R_G6PDH2r	-7.477e+00
reaction gibbs energy	R_GAPD	-1.588e+00
reaction gibbs energy	R_GLNS	-1.056e+01
reaction gibbs energy	R_GLUDy	0.000e+00
reaction gibbs energy	R_GLUN	0.000e+00
reaction gibbs energy	R_GLUSy	-3.783e+01
reaction gibbs energy	R_GND	-2.494e+00
reaction gibbs energy	R_ICDHyr	-2.833e+00
reaction gibbs energy	R_ICL	0.000e+00
reaction gibbs energy	R_LDH_D	-1.239e+01
reaction gibbs energy	R_MALS	0.000e+00
reaction gibbs energy	R_MDH	-9.825e-01
reaction gibbs energy	R_ME1	-2.009e+01
reaction gibbs energy	R_ME2	0.000e+00
reaction gibbs energy	R_NADTRHD	0.000e+00
reaction gibbs energy	R_PDH	0.000e+00

