!!!SBtab DocumentName='report' SBtabVersion='1.0' Date='2022-6-9'
!!SBtab TableID='Predicted concentrations' TableType='Quantity' TableName='Predicted concentrations' SBtabVersion='1.0' Unit='M'
!QuantityType	!Compound	!Value
concentration	M_h2o_c	1.000e+00
concentration	M_atp_c	2.427e-03
concentration	M_nadp_c	6.626e-06
concentration	M_nadph_c	5.224e-05
concentration	M_adp_c	2.609e-04
concentration	M_nad_c	1.578e-03
concentration	M_pi_c	5.239e-03
concentration	M_nadh_c	9.690e-06
concentration	M_coa_c	5.324e-03
concentration	M_co2_c	9.393e-05
concentration	M_amp_c	2.668e-04
concentration	M_nh4_c	5.708e-06
concentration	M_akg_c	2.956e-04
concentration	M_accoa_c	5.991e-04
concentration	M_pyr_c	1.011e-03
concentration	M_succ_c	3.893e-04
concentration	M_ac_c	1.000e-02
concentration	M_gln__L_c	2.123e-03
concentration	M_for_c	1.000e-04
concentration	M_oaa_c	2.111e-06
concentration	M_glx_c	1.000e-04
concentration	M_pep_c	6.167e-04
concentration	M_g3p_c	1.254e-04
concentration	M_acald_c	1.000e-04
concentration	M_dhap_c	5.218e-04
concentration	M_succoa_c	3.901e-04
concentration	M_fum_c	1.820e-03
concentration	M_mal__L_c	2.645e-03
concentration	M_r5p_c	1.245e-04
concentration	M_3pg_c	1.020e-03
concentration	M_cit_c	2.105e-03
concentration	M_ru5p__D_c	2.490e-04
concentration	M_g6p_c	3.881e-04
concentration	M_q8_c	1.532e-05
concentration	M_xu5p__D_c	2.732e-04
concentration	M_q8h2_c	6.529e-04
concentration	M_e4p_c	1.356e-05
concentration	M_13dpg_c	3.132e-05
concentration	M_s7p_c	6.181e-04
concentration	M_2pg_c	1.399e-04
concentration	M_actp_c	1.020e-03
concentration	M_lac__D_c	1.000e-04
concentration	M_etoh_c	1.000e-04
concentration	M_6pgc_c	9.925e-05
concentration	M_fdp_c	1.579e-04
concentration	M_6pgl_c	1.856e-05
concentration	M_acon_C_c	2.760e-05
concentration	M_glu__L_c	2.174e-02
concentration	M_icit_c	1.434e-05
concentration	M_f6p_c	2.948e-04

!!SBtab TableID='Predicted Gibbs energies' TableType='Quantity' TableName='Predicted Gibbs energies' SBtabVersion='1.0' Unit='kJ/mol'
!QuantityType	!Reaction	!Value
reaction gibbs energy	R_PFK	0.000e+00
reaction gibbs energy	R_PFL	0.000e+00
reaction gibbs energy	R_PGI	-1.842e+00
reaction gibbs energy	R_PGK	0.000e+00
reaction gibbs energy	R_PGL	-1.972e+01
reaction gibbs energy	R_ACALD	0.000e+00
reaction gibbs energy	R_PGM	-5.939e-01
reaction gibbs energy	R_ALCD2x	0.000e+00
reaction gibbs energy	R_ACKr	-5.939e-01
reaction gibbs energy	R_PPC	0.000e+00
reaction gibbs energy	R_ACONTa	-2.033e+00
reaction gibbs energy	R_ACONTb	-3.131e+00
reaction gibbs energy	R_ATPM	0.000e+00
reaction gibbs energy	R_PPCK	0.000e+00
reaction gibbs energy	R_PPS	-2.153e+01
reaction gibbs energy	R_ADK1	-5.490e+00
reaction gibbs energy	R_AKGDH	0.000e+00
reaction gibbs energy	R_PTAr	-7.401e+00
reaction gibbs energy	R_PYK	0.000e+00
reaction gibbs energy	R_RPE	-3.215e+00
reaction gibbs energy	R_CS	-1.469e+01
reaction gibbs energy	R_RPI	-3.856e+00
reaction gibbs energy	R_ENO	-5.939e-01
reaction gibbs energy	R_SUCDi	-1.144e+01
reaction gibbs energy	R_SUCOAS	0.000e+00
reaction gibbs energy	R_TALA	-8.370e+00
reaction gibbs energy	R_TKT1	-1.862e+00
reaction gibbs energy	R_TKT2	-4.696e+00
reaction gibbs energy	R_TPI	-1.840e+00
reaction gibbs energy	R_FBA	-3.065e+00
reaction gibbs energy	R_FBP	-2.400e+01
reaction gibbs energy	R_FRD7	0.000e+00
reaction gibbs energy	R_FUM	-2.499e+00
reaction gibbs energy	R_G6PDH2r	-7.446e+00
reaction gibbs energy	R_GAPD	0.000e+00
reaction gibbs energy	R_GLNS	-8.702e+00
reaction gibbs energy	R_GLUDy	0.000e+00
reaction gibbs energy	R_GLUN	0.000e+00
reaction gibbs energy	R_GLUSy	-3.834e+01
reaction gibbs energy	R_GND	-4.756e+00
reaction gibbs energy	R_ICDHyr	-4.545e+00
reaction gibbs energy	R_ICL	0.000e+00
reaction gibbs energy	R_LDH_D	0.000e+00
reaction gibbs energy	R_MALS	0.000e+00
reaction gibbs energy	R_MDH	-2.182e+00
reaction gibbs energy	R_ME1	0.000e+00
reaction gibbs energy	R_ME2	0.000e+00
reaction gibbs energy	R_NADTRHD	0.000e+00
reaction gibbs energy	R_PDH	0.000e+00

