!!!SBtab DocumentName='report' SBtabVersion='1.0' Date='2022-6-9'
!!SBtab TableID='Predicted concentrations' TableType='Quantity' TableName='Predicted concentrations' SBtabVersion='1.0' Unit='M'
!QuantityType	!Compound	!Value
concentration	M_h2o_c	1.000e+00
concentration	M_atp_c	1.927e-03
concentration	M_nadp_c	6.567e-06
concentration	M_nadph_c	5.362e-05
concentration	M_adp_c	3.371e-04
concentration	M_nad_c	1.661e-03
concentration	M_pi_c	8.234e-03
concentration	M_nadh_c	9.096e-06
concentration	M_coa_c	1.140e-04
concentration	M_co2_c	3.720e-05
concentration	M_amp_c	2.677e-04
concentration	M_nh4_c	1.159e-05
concentration	M_akg_c	3.066e-04
concentration	M_accoa_c	1.387e-03
concentration	M_pyr_c	1.045e-03
concentration	M_succ_c	4.088e-04
concentration	M_ac_c	6.540e-04
concentration	M_gln__L_c	2.119e-03
concentration	M_for_c	9.999e-05
concentration	M_oaa_c	2.041e-06
concentration	M_glx_c	9.999e-05
concentration	M_pep_c	6.167e-04
concentration	M_g3p_c	1.469e-04
concentration	M_acald_c	9.999e-05
concentration	M_dhap_c	4.846e-04
concentration	M_succoa_c	3.901e-04
concentration	M_fum_c	2.086e-03
concentration	M_mal__L_c	2.725e-03
concentration	M_r5p_c	1.372e-04
concentration	M_3pg_c	1.020e-03
concentration	M_cit_c	2.373e-03
concentration	M_ru5p__D_c	2.891e-04
concentration	M_g6p_c	3.496e-04
concentration	M_q8_c	1.569e-05
concentration	M_xu5p__D_c	3.041e-04
concentration	M_q8h2_c	6.371e-04
concentration	M_e4p_c	1.372e-05
concentration	M_13dpg_c	3.132e-05
concentration	M_s7p_c	5.776e-04
concentration	M_2pg_c	1.322e-04
concentration	M_actp_c	1.206e-03
concentration	M_lac__D_c	9.999e-05
concentration	M_etoh_c	9.999e-05
concentration	M_6pgc_c	9.142e-05
concentration	M_fdp_c	1.486e-04
concentration	M_6pgl_c	1.553e-05
concentration	M_acon_C_c	2.499e-05
concentration	M_glu__L_c	2.158e-02
concentration	M_icit_c	1.091e-05
concentration	M_f6p_c	3.153e-04

!!SBtab TableID='Predicted Gibbs energies' TableType='Quantity' TableName='Predicted Gibbs energies' SBtabVersion='1.0' Unit='kJ/mol'
!QuantityType	!Reaction	!Value
reaction gibbs energy	R_PFK	0.000e+00
reaction gibbs energy	R_PFL	0.000e+00
reaction gibbs energy	R_PGI	-2.246e+00
reaction gibbs energy	R_PGK	0.000e+00
reaction gibbs energy	R_PGL	-1.964e+01
reaction gibbs energy	R_ACALD	0.000e+00
reaction gibbs energy	R_PGM	-1.384e+00
reaction gibbs energy	R_ALCD2x	0.000e+00
reaction gibbs energy	R_ACKr	-1.127e+01
reaction gibbs energy	R_PPC	0.000e+00
reaction gibbs energy	R_ACONTa	-2.534e+00
reaction gibbs energy	R_ACONTb	-3.608e+00
reaction gibbs energy	R_ATPM	0.000e+00
reaction gibbs energy	R_PPCK	-3.370e+00
reaction gibbs energy	R_PPS	0.000e+00
reaction gibbs energy	R_ADK1	0.000e+00
reaction gibbs energy	R_AKGDH	0.000e+00
reaction gibbs energy	R_PTAr	-1.908e+00
reaction gibbs energy	R_PYK	0.000e+00
reaction gibbs energy	R_RPE	-3.392e+00
reaction gibbs energy	R_CS	-2.618e+01
reaction gibbs energy	R_RPI	-4.001e+00
reaction gibbs energy	R_ENO	-1.384e+00
reaction gibbs energy	R_SUCDi	-1.113e+01
reaction gibbs energy	R_SUCOAS	0.000e+00
reaction gibbs energy	R_TALA	-8.443e+00
reaction gibbs energy	R_TKT1	-2.237e+00
reaction gibbs energy	R_TKT2	-4.524e+00
reaction gibbs energy	R_TPI	-2.302e+00
reaction gibbs energy	R_FBA	-3.315e+00
reaction gibbs energy	R_FBP	-2.258e+01
reaction gibbs energy	R_FRD7	0.000e+00
reaction gibbs energy	R_FUM	-2.762e+00
reaction gibbs energy	R_G6PDH2r	-7.493e+00
reaction gibbs energy	R_GAPD	0.000e+00
reaction gibbs energy	R_GLNS	-8.144e+00
reaction gibbs energy	R_GLUDy	0.000e+00
reaction gibbs energy	R_GLUN	0.000e+00
reaction gibbs energy	R_GLUSy	-3.868e+01
reaction gibbs energy	R_GND	-6.045e+00
reaction gibbs energy	R_ICDHyr	-5.602e+00
reaction gibbs energy	R_ICL	0.000e+00
reaction gibbs energy	R_LDH_D	0.000e+00
reaction gibbs energy	R_MALS	0.000e+00
reaction gibbs energy	R_MDH	-2.584e+00
reaction gibbs energy	R_ME1	0.000e+00
reaction gibbs energy	R_ME2	0.000e+00
reaction gibbs energy	R_NADTRHD	0.000e+00
reaction gibbs energy	R_PDH	-5.033e+01

