!!!SBtab DocumentName='report' SBtabVersion='1.0' Date='2022-6-9'
!!SBtab TableID='Predicted concentrations' TableType='Quantity' TableName='Predicted concentrations' SBtabVersion='1.0' Unit='M'
!QuantityType	!Compound	!Value
concentration	M_h2o_c	1.000e+00
concentration	M_atp_c	2.427e-03
concentration	M_nadp_c	6.742e-06
concentration	M_nadph_c	4.831e-05
concentration	M_adp_c	2.609e-04
concentration	M_nad_c	1.951e-03
concentration	M_pi_c	8.564e-03
concentration	M_nadh_c	4.470e-06
concentration	M_coa_c	6.991e-04
concentration	M_co2_c	1.939e-04
concentration	M_amp_c	2.677e-04
concentration	M_nh4_c	1.737e-05
concentration	M_akg_c	2.413e-04
concentration	M_accoa_c	3.159e-04
concentration	M_pyr_c	9.617e-04
concentration	M_succ_c	2.792e-04
concentration	M_ac_c	1.000e-02
concentration	M_gln__L_c	2.107e-03
concentration	M_for_c	9.999e-05
concentration	M_oaa_c	2.462e-06
concentration	M_glx_c	9.999e-05
concentration	M_pep_c	1.722e-04
concentration	M_g3p_c	3.846e-05
concentration	M_acald_c	9.999e-05
concentration	M_dhap_c	8.239e-04
concentration	M_succoa_c	1.088e-03
concentration	M_fum_c	1.805e-03
concentration	M_mal__L_c	1.926e-03
concentration	M_r5p_c	9.419e-05
concentration	M_3pg_c	1.595e-03
concentration	M_cit_c	2.372e-03
concentration	M_ru5p__D_c	2.267e-04
concentration	M_g6p_c	4.868e-04
concentration	M_q8_c	2.233e-05
concentration	M_xu5p__D_c	2.052e-04
concentration	M_q8h2_c	4.478e-04
concentration	M_e4p_c	1.340e-05
concentration	M_13dpg_c	2.166e-05
concentration	M_s7p_c	7.427e-04
concentration	M_2pg_c	9.911e-05
concentration	M_actp_c	1.020e-03
concentration	M_lac__D_c	3.556e-04
concentration	M_etoh_c	9.999e-05
concentration	M_6pgc_c	1.083e-04
concentration	M_fdp_c	6.870e-04
concentration	M_6pgl_c	2.097e-05
concentration	M_acon_C_c	2.675e-05
concentration	M_glu__L_c	2.172e-02
concentration	M_icit_c	1.400e-05
concentration	M_f6p_c	2.228e-04

!!SBtab TableID='Predicted Gibbs energies' TableType='Quantity' TableName='Predicted Gibbs energies' SBtabVersion='1.0' Unit='kJ/mol'
!QuantityType	!Reaction	!Value
reaction gibbs energy	R_PFK	-1.854e+01
reaction gibbs energy	R_PFL	0.000e+00
reaction gibbs energy	R_PGI	0.000e+00
reaction gibbs energy	R_PGK	-3.286e+00
reaction gibbs energy	R_PGL	-1.965e+01
reaction gibbs energy	R_ACALD	0.000e+00
reaction gibbs energy	R_PGM	-2.484e+00
reaction gibbs energy	R_ALCD2x	0.000e+00
reaction gibbs energy	R_ACKr	-1.274e+00
reaction gibbs energy	R_PPC	0.000e+00
reaction gibbs energy	R_ACONTa	-2.413e+00
reaction gibbs energy	R_ACONTb	-3.093e+00
reaction gibbs energy	R_ATPM	0.000e+00
reaction gibbs energy	R_PPCK	0.000e+00
reaction gibbs energy	R_PPS	0.000e+00
reaction gibbs energy	R_ADK1	0.000e+00
reaction gibbs energy	R_AKGDH	-4.269e+01
reaction gibbs energy	R_PTAr	-2.183e+00
reaction gibbs energy	R_PYK	0.000e+00
reaction gibbs energy	R_RPE	-3.617e+00
reaction gibbs energy	R_CS	-1.807e+01
reaction gibbs energy	R_RPI	-4.297e+00
reaction gibbs energy	R_ENO	-2.494e+00
reaction gibbs energy	R_SUCDi	-1.243e+01
reaction gibbs energy	R_SUCOAS	-2.411e+00
reaction gibbs energy	R_TALA	-6.573e+00
reaction gibbs energy	R_TKT1	-2.845e+00
reaction gibbs energy	R_TKT2	-7.489e+00
reaction gibbs energy	R_TPI	-2.036e+00
reaction gibbs energy	R_FBA	-2.198e+00
reaction gibbs energy	R_FBP	0.000e+00
reaction gibbs energy	R_FRD7	0.000e+00
reaction gibbs energy	R_FUM	-3.268e+00
reaction gibbs energy	R_G6PDH2r	-8.002e+00
reaction gibbs energy	R_GAPD	-1.593e+00
reaction gibbs energy	R_GLNS	-1.022e+01
reaction gibbs energy	R_GLUDy	0.000e+00
reaction gibbs energy	R_GLUN	0.000e+00
reaction gibbs energy	R_GLUSy	-3.747e+01
reaction gibbs energy	R_GND	-4.069e+00
reaction gibbs energy	R_ICDHyr	-3.837e+00
reaction gibbs energy	R_ICL	0.000e+00
reaction gibbs energy	R_LDH_D	-9.641e+00
reaction gibbs energy	R_MALS	0.000e+00
reaction gibbs energy	R_MDH	-3.480e+00
reaction gibbs energy	R_ME1	0.000e+00
reaction gibbs energy	R_ME2	0.000e+00
reaction gibbs energy	R_NADTRHD	-2.003e+01
reaction gibbs energy	R_PDH	-5.455e+01

