!!!SBtab DocumentName='report' SBtabVersion='1.0' Date='2022-6-9'
!!SBtab TableID='Predicted concentrations' TableType='Quantity' TableName='Predicted concentrations' SBtabVersion='1.0' Unit='M'
!QuantityType	!Compound	!Value
concentration	M_h2o_c	1.000e+00
concentration	M_atp_c	2.427e-03
concentration	M_nadp_c	6.682e-06
concentration	M_nadph_c	4.925e-05
concentration	M_adp_c	2.609e-04
concentration	M_nad_c	1.998e-03
concentration	M_pi_c	8.426e-03
concentration	M_nadh_c	4.211e-06
concentration	M_coa_c	6.678e-04
concentration	M_co2_c	1.323e-04
concentration	M_amp_c	2.710e-04
concentration	M_nh4_c	1.409e-05
concentration	M_akg_c	2.593e-04
concentration	M_accoa_c	3.370e-04
concentration	M_pyr_c	9.067e-04
concentration	M_succ_c	2.806e-04
concentration	M_ac_c	1.000e-02
concentration	M_gln__L_c	2.103e-03
concentration	M_for_c	1.000e-04
concentration	M_oaa_c	3.146e-06
concentration	M_glx_c	1.000e-04
concentration	M_pep_c	1.713e-04
concentration	M_g3p_c	3.645e-05
concentration	M_acald_c	1.000e-04
concentration	M_dhap_c	8.215e-04
concentration	M_succoa_c	1.058e-03
concentration	M_fum_c	1.822e-03
concentration	M_mal__L_c	2.082e-03
concentration	M_r5p_c	9.411e-05
concentration	M_3pg_c	1.603e-03
concentration	M_cit_c	2.300e-03
concentration	M_ru5p__D_c	2.461e-04
concentration	M_g6p_c	4.841e-04
concentration	M_q8_c	2.218e-05
concentration	M_xu5p__D_c	2.090e-04
concentration	M_q8h2_c	4.508e-04
concentration	M_e4p_c	1.348e-05
concentration	M_13dpg_c	2.174e-05
concentration	M_s7p_c	7.564e-04
concentration	M_2pg_c	9.883e-05
concentration	M_actp_c	1.020e-03
concentration	M_lac__D_c	1.000e-04
concentration	M_etoh_c	1.000e-04
concentration	M_6pgc_c	1.036e-04
concentration	M_fdp_c	6.702e-04
concentration	M_6pgl_c	2.333e-05
concentration	M_acon_C_c	2.603e-05
concentration	M_glu__L_c	2.147e-02
concentration	M_icit_c	1.274e-05
concentration	M_f6p_c	2.205e-04

!!SBtab TableID='Predicted Gibbs energies' TableType='Quantity' TableName='Predicted Gibbs energies' SBtabVersion='1.0' Unit='kJ/mol'
!QuantityType	!Reaction	!Value
reaction gibbs energy	R_PFK	-1.858e+01
reaction gibbs energy	R_PFL	0.000e+00
reaction gibbs energy	R_PGI	0.000e+00
reaction gibbs energy	R_PGK	-3.282e+00
reaction gibbs energy	R_PGL	-2.003e+01
reaction gibbs energy	R_ACALD	0.000e+00
reaction gibbs energy	R_PGM	-2.503e+00
reaction gibbs energy	R_ALCD2x	0.000e+00
reaction gibbs energy	R_ACKr	-1.274e+00
reaction gibbs energy	R_PPC	-3.875e+01
reaction gibbs energy	R_ACONTa	-2.404e+00
reaction gibbs energy	R_ACONTb	-3.258e+00
reaction gibbs energy	R_ATPM	0.000e+00
reaction gibbs energy	R_PPCK	0.000e+00
reaction gibbs energy	R_PPS	-2.327e+01
reaction gibbs energy	R_ADK1	-5.526e+00
reaction gibbs energy	R_AKGDH	-4.398e+01
reaction gibbs energy	R_PTAr	-1.950e+00
reaction gibbs energy	R_PYK	0.000e+00
reaction gibbs energy	R_RPE	-3.775e+00
reaction gibbs energy	R_CS	-1.903e+01
reaction gibbs energy	R_RPI	-4.502e+00
reaction gibbs energy	R_ENO	-2.500e+00
reaction gibbs energy	R_SUCDi	-1.239e+01
reaction gibbs energy	R_SUCOAS	-2.404e+00
reaction gibbs energy	R_TALA	-6.498e+00
reaction gibbs energy	R_TKT1	-2.975e+00
reaction gibbs energy	R_TKT2	0.000e+00
reaction gibbs energy	R_TPI	-2.161e+00
reaction gibbs energy	R_FBA	-2.277e+00
reaction gibbs energy	R_FBP	0.000e+00
reaction gibbs energy	R_FRD7	0.000e+00
reaction gibbs energy	R_FUM	-3.099e+00
reaction gibbs energy	R_G6PDH2r	-7.655e+00
reaction gibbs energy	R_GAPD	-1.617e+00
reaction gibbs energy	R_GLNS	-9.716e+00
reaction gibbs energy	R_GLUDy	0.000e+00
reaction gibbs energy	R_GLUN	0.000e+00
reaction gibbs energy	R_GLUSy	-3.777e+01
reaction gibbs energy	R_GND	-4.635e+00
reaction gibbs energy	R_ICDHyr	-4.305e+00
reaction gibbs energy	R_ICL	0.000e+00
reaction gibbs energy	R_LDH_D	0.000e+00
reaction gibbs energy	R_MALS	0.000e+00
reaction gibbs energy	R_MDH	-3.270e+00
reaction gibbs energy	R_ME1	0.000e+00
reaction gibbs energy	R_ME2	0.000e+00
reaction gibbs energy	R_NADTRHD	-2.031e+01
reaction gibbs energy	R_PDH	-5.529e+01

