!!!SBtab DocumentName='report' SBtabVersion='1.0' Date='2022-6-9'
!!SBtab TableID='Predicted concentrations' TableType='Quantity' TableName='Predicted concentrations' SBtabVersion='1.0' Unit='M'
!QuantityType	!Compound	!Value
concentration	M_h2o_c	1.000e+00
concentration	M_atp_c	2.427e-03
concentration	M_nadp_c	6.589e-06
concentration	M_nadph_c	5.130e-05
concentration	M_adp_c	2.609e-04
concentration	M_nad_c	1.645e-03
concentration	M_pi_c	4.923e-03
concentration	M_nadh_c	1.505e-05
concentration	M_coa_c	4.232e-04
concentration	M_co2_c	8.753e-05
concentration	M_amp_c	2.677e-04
concentration	M_nh4_c	6.241e-06
concentration	M_akg_c	2.561e-04
concentration	M_accoa_c	3.644e-04
concentration	M_pyr_c	1.366e-03
concentration	M_succ_c	2.944e-04
concentration	M_ac_c	1.000e-02
concentration	M_gln__L_c	2.096e-03
concentration	M_for_c	9.998e-05
concentration	M_oaa_c	1.989e-06
concentration	M_glx_c	9.998e-05
concentration	M_pep_c	6.167e-04
concentration	M_g3p_c	1.248e-04
concentration	M_acald_c	9.998e-05
concentration	M_dhap_c	5.219e-04
concentration	M_succoa_c	1.003e-03
concentration	M_fum_c	1.891e-03
concentration	M_mal__L_c	3.163e-03
concentration	M_r5p_c	1.225e-04
concentration	M_3pg_c	1.020e-03
concentration	M_cit_c	2.141e-03
concentration	M_ru5p__D_c	2.530e-04
concentration	M_g6p_c	3.838e-04
concentration	M_q8_c	1.638e-05
concentration	M_xu5p__D_c	2.737e-04
concentration	M_q8h2_c	6.102e-04
concentration	M_e4p_c	1.361e-05
concentration	M_13dpg_c	3.132e-05
concentration	M_s7p_c	6.307e-04
concentration	M_2pg_c	1.399e-04
concentration	M_actp_c	1.020e-03
concentration	M_lac__D_c	9.998e-05
concentration	M_etoh_c	9.998e-05
concentration	M_6pgc_c	9.704e-05
concentration	M_fdp_c	1.592e-04
concentration	M_6pgl_c	1.608e-05
concentration	M_acon_C_c	2.761e-05
concentration	M_glu__L_c	2.246e-02
concentration	M_icit_c	1.358e-05
concentration	M_f6p_c	2.968e-04

!!SBtab TableID='Predicted Gibbs energies' TableType='Quantity' TableName='Predicted Gibbs energies' SBtabVersion='1.0' Unit='kJ/mol'
!QuantityType	!Reaction	!Value
reaction gibbs energy	R_PFK	0.000e+00
reaction gibbs energy	R_PFL	0.000e+00
reaction gibbs energy	R_PGI	-1.887e+00
reaction gibbs energy	R_PGK	0.000e+00
reaction gibbs energy	R_PGL	-1.942e+01
reaction gibbs energy	R_ACALD	0.000e+00
reaction gibbs energy	R_PGM	-5.939e-01
reaction gibbs energy	R_ALCD2x	0.000e+00
reaction gibbs energy	R_ACKr	-5.939e-01
reaction gibbs energy	R_PPC	0.000e+00
reaction gibbs energy	R_ACONTa	-2.074e+00
reaction gibbs energy	R_ACONTb	-3.269e+00
reaction gibbs energy	R_ATPM	0.000e+00
reaction gibbs energy	R_PPCK	-2.961e+00
reaction gibbs energy	R_PPS	0.000e+00
reaction gibbs energy	R_ADK1	0.000e+00
reaction gibbs energy	R_AKGDH	-4.016e+01
reaction gibbs energy	R_PTAr	-2.513e+00
reaction gibbs energy	R_PYK	0.000e+00
reaction gibbs energy	R_RPE	-3.249e+00
reaction gibbs energy	R_CS	-1.954e+01
reaction gibbs energy	R_RPI	-3.934e+00
reaction gibbs energy	R_ENO	-5.939e-01
reaction gibbs energy	R_SUCDi	-1.098e+01
reaction gibbs energy	R_SUCOAS	-1.908e+00
reaction gibbs energy	R_TALA	-8.381e+00
reaction gibbs energy	R_TKT1	-1.788e+00
reaction gibbs energy	R_TKT2	-4.706e+00
reaction gibbs energy	R_TPI	-1.827e+00
reaction gibbs energy	R_FBA	-3.032e+00
reaction gibbs energy	R_FBP	-2.416e+01
reaction gibbs energy	R_FRD7	0.000e+00
reaction gibbs energy	R_FUM	-2.151e+00
reaction gibbs energy	R_G6PDH2r	-7.806e+00
reaction gibbs energy	R_GAPD	0.000e+00
reaction gibbs energy	R_GLNS	-9.190e+00
reaction gibbs energy	R_GLUDy	0.000e+00
reaction gibbs energy	R_GLUN	0.000e+00
reaction gibbs energy	R_GLUSy	-3.776e+01
reaction gibbs energy	R_GND	-4.867e+00
reaction gibbs energy	R_ICDHyr	-4.970e+00
reaction gibbs energy	R_ICL	0.000e+00
reaction gibbs energy	R_LDH_D	0.000e+00
reaction gibbs energy	R_MALS	0.000e+00
reaction gibbs energy	R_MDH	-1.786e+00
reaction gibbs energy	R_ME1	0.000e+00
reaction gibbs energy	R_ME2	0.000e+00
reaction gibbs energy	R_NADTRHD	-1.682e+01
reaction gibbs energy	R_PDH	0.000e+00

