!!!SBtab DocumentName='report' SBtabVersion='1.0' Date='2022-6-9'
!!SBtab TableID='Predicted concentrations' TableType='Quantity' TableName='Predicted concentrations' SBtabVersion='1.0' Unit='M'
!QuantityType	!Compound	!Value
concentration	M_h2o_c	1.000e+00
concentration	M_atp_c	2.427e-03
concentration	M_nadp_c	6.660e-06
concentration	M_nadph_c	5.071e-05
concentration	M_adp_c	2.609e-04
concentration	M_nad_c	1.765e-03
concentration	M_pi_c	6.273e-03
concentration	M_nadh_c	5.909e-06
concentration	M_coa_c	1.071e-02
concentration	M_co2_c	8.831e-05
concentration	M_amp_c	2.712e-04
concentration	M_nh4_c	6.322e-06
concentration	M_akg_c	2.928e-04
concentration	M_accoa_c	5.255e-04
concentration	M_pyr_c	1.144e-03
concentration	M_succ_c	4.050e-04
concentration	M_ac_c	1.000e-02
concentration	M_gln__L_c	2.119e-03
concentration	M_for_c	1.000e-04
concentration	M_oaa_c	2.273e-06
concentration	M_glx_c	1.000e-04
concentration	M_pep_c	3.043e-04
concentration	M_g3p_c	1.522e-04
concentration	M_acald_c	1.000e-04
concentration	M_dhap_c	5.329e-04
concentration	M_succoa_c	3.901e-04
concentration	M_fum_c	1.793e-03
concentration	M_mal__L_c	2.152e-03
concentration	M_r5p_c	1.396e-04
concentration	M_3pg_c	1.493e-03
concentration	M_cit_c	2.330e-03
concentration	M_ru5p__D_c	2.819e-04
concentration	M_g6p_c	3.617e-04
concentration	M_q8_c	2.350e-05
concentration	M_xu5p__D_c	3.089e-04
concentration	M_q8h2_c	4.256e-04
concentration	M_e4p_c	1.373e-05
concentration	M_13dpg_c	2.754e-05
concentration	M_s7p_c	5.702e-04
concentration	M_2pg_c	1.000e-04
concentration	M_actp_c	1.020e-03
concentration	M_lac__D_c	1.000e-04
concentration	M_etoh_c	1.000e-04
concentration	M_6pgc_c	9.898e-05
concentration	M_fdp_c	1.609e-04
concentration	M_6pgl_c	2.110e-05
concentration	M_acon_C_c	2.639e-05
concentration	M_glu__L_c	2.162e-02
concentration	M_icit_c	1.253e-05
concentration	M_f6p_c	3.067e-04

!!SBtab TableID='Predicted Gibbs energies' TableType='Quantity' TableName='Predicted Gibbs energies' SBtabVersion='1.0' Unit='kJ/mol'
!QuantityType	!Reaction	!Value
reaction gibbs energy	R_PFK	0.000e+00
reaction gibbs energy	R_PFL	0.000e+00
reaction gibbs energy	R_PGI	-2.157e+00
reaction gibbs energy	R_PGK	-4.045e+00
reaction gibbs energy	R_PGL	-1.989e+01
reaction gibbs energy	R_ACALD	0.000e+00
reaction gibbs energy	R_PGM	0.000e+00
reaction gibbs energy	R_ALCD2x	0.000e+00
reaction gibbs energy	R_ACKr	-1.274e+00
reaction gibbs energy	R_PPC	0.000e+00
reaction gibbs energy	R_ACONTa	-2.401e+00
reaction gibbs energy	R_ACONTb	-3.334e+00
reaction gibbs energy	R_ATPM	0.000e+00
reaction gibbs energy	R_PPCK	0.000e+00
reaction gibbs energy	R_PPS	-2.315e+01
reaction gibbs energy	R_ADK1	-5.528e+00
reaction gibbs energy	R_AKGDH	0.000e+00
reaction gibbs energy	R_PTAr	-8.454e+00
reaction gibbs energy	R_PYK	0.000e+00
reaction gibbs energy	R_RPE	-3.144e+00
reaction gibbs energy	R_CS	-1.242e+01
reaction gibbs energy	R_RPI	-3.861e+00
reaction gibbs energy	R_ENO	0.000e+00
reaction gibbs energy	R_SUCDi	-1.362e+01
reaction gibbs energy	R_SUCOAS	0.000e+00
reaction gibbs energy	R_TALA	-8.474e+00
reaction gibbs energy	R_TKT1	-2.078e+00
reaction gibbs energy	R_TKT2	-4.362e+00
reaction gibbs energy	R_TPI	-2.453e+00
reaction gibbs energy	R_FBA	-3.728e+00
reaction gibbs energy	R_FBP	-2.355e+01
reaction gibbs energy	R_FRD7	0.000e+00
reaction gibbs energy	R_FUM	-2.977e+00
reaction gibbs energy	R_G6PDH2r	-7.101e+00
reaction gibbs energy	R_GAPD	-2.696e+00
reaction gibbs energy	R_GLNS	-8.460e+00
reaction gibbs energy	R_GLUDy	0.000e+00
reaction gibbs energy	R_GLUN	0.000e+00
reaction gibbs energy	R_GLUSy	-3.814e+01
reaction gibbs energy	R_GND	-5.106e+00
reaction gibbs energy	R_ICDHyr	-4.883e+00
reaction gibbs energy	R_ICL	0.000e+00
reaction gibbs energy	R_LDH_D	0.000e+00
reaction gibbs energy	R_MALS	0.000e+00
reaction gibbs energy	R_MDH	-3.011e+00
reaction gibbs energy	R_ME1	0.000e+00
reaction gibbs energy	R_ME2	-7.347e+00
reaction gibbs energy	R_NADTRHD	-1.925e+01
reaction gibbs energy	R_PDH	0.000e+00

