!!!SBtab DocumentName='report' SBtabVersion='1.0' Date='2022-6-9'
!!SBtab TableID='Predicted concentrations' TableType='Quantity' TableName='Predicted concentrations' SBtabVersion='1.0' Unit='M'
!QuantityType	!Compound	!Value
concentration	M_h2o_c	1.000e+00
concentration	M_atp_c	2.427e-03
concentration	M_nadp_c	6.618e-06
concentration	M_nadph_c	5.146e-05
concentration	M_adp_c	2.609e-04
concentration	M_nad_c	1.627e-03
concentration	M_pi_c	2.928e-03
concentration	M_nadh_c	1.190e-05
concentration	M_coa_c	9.231e-04
concentration	M_co2_c	1.205e-04
concentration	M_amp_c	2.677e-04
concentration	M_nh4_c	7.615e-06
concentration	M_akg_c	2.969e-04
concentration	M_accoa_c	7.115e-04
concentration	M_pyr_c	1.111e-03
concentration	M_succ_c	4.062e-04
concentration	M_ac_c	1.000e-02
concentration	M_gln__L_c	2.127e-03
concentration	M_for_c	1.000e-04
concentration	M_oaa_c	2.184e-06
concentration	M_glx_c	1.000e-04
concentration	M_pep_c	6.167e-04
concentration	M_g3p_c	1.298e-04
concentration	M_acald_c	1.000e-04
concentration	M_dhap_c	5.444e-04
concentration	M_succoa_c	3.901e-04
concentration	M_fum_c	1.793e-03
concentration	M_mal__L_c	2.708e-03
concentration	M_r5p_c	1.229e-04
concentration	M_3pg_c	1.020e-03
concentration	M_cit_c	2.167e-03
concentration	M_ru5p__D_c	2.435e-04
concentration	M_g6p_c	3.854e-04
concentration	M_q8_c	1.639e-05
concentration	M_xu5p__D_c	2.729e-04
concentration	M_q8h2_c	6.103e-04
concentration	M_e4p_c	1.363e-05
concentration	M_13dpg_c	3.132e-05
concentration	M_s7p_c	6.217e-04
concentration	M_2pg_c	1.399e-04
concentration	M_actp_c	1.020e-03
concentration	M_lac__D_c	4.605e-04
concentration	M_etoh_c	1.000e-04
concentration	M_6pgc_c	9.944e-05
concentration	M_fdp_c	1.735e-04
concentration	M_6pgl_c	1.284e-05
concentration	M_acon_C_c	2.826e-05
concentration	M_glu__L_c	2.143e-02
concentration	M_icit_c	1.532e-05
concentration	M_f6p_c	2.889e-04

!!SBtab TableID='Predicted Gibbs energies' TableType='Quantity' TableName='Predicted Gibbs energies' SBtabVersion='1.0' Unit='kJ/mol'
!QuantityType	!Reaction	!Value
reaction gibbs energy	R_PFK	0.000e+00
reaction gibbs energy	R_PFL	0.000e+00
reaction gibbs energy	R_PGI	-1.810e+00
reaction gibbs energy	R_PGK	0.000e+00
reaction gibbs energy	R_PGL	-1.880e+01
reaction gibbs energy	R_ACALD	0.000e+00
reaction gibbs energy	R_PGM	-5.939e-01
reaction gibbs energy	R_ALCD2x	0.000e+00
reaction gibbs energy	R_ACKr	-5.939e-01
reaction gibbs energy	R_PPC	0.000e+00
reaction gibbs energy	R_ACONTa	-2.048e+00
reaction gibbs energy	R_ACONTb	-3.027e+00
reaction gibbs energy	R_ATPM	0.000e+00
reaction gibbs energy	R_PPCK	-2.400e+00
reaction gibbs energy	R_PPS	0.000e+00
reaction gibbs energy	R_ADK1	0.000e+00
reaction gibbs energy	R_AKGDH	0.000e+00
reaction gibbs energy	R_PTAr	-4.075e+00
reaction gibbs energy	R_PYK	0.000e+00
reaction gibbs energy	R_RPE	-3.162e+00
reaction gibbs energy	R_CS	-1.947e+01
reaction gibbs energy	R_RPI	-3.831e+00
reaction gibbs energy	R_ENO	-5.939e-01
reaction gibbs energy	R_SUCDi	-1.191e+01
reaction gibbs energy	R_SUCOAS	0.000e+00
reaction gibbs energy	R_TALA	-8.506e+00
reaction gibbs energy	R_TKT1	-1.728e+00
reaction gibbs energy	R_TKT2	-4.670e+00
reaction gibbs energy	R_TPI	-1.820e+00
reaction gibbs energy	R_FBA	-3.022e+00
reaction gibbs energy	R_FBP	-2.573e+01
reaction gibbs energy	R_FRD7	0.000e+00
reaction gibbs energy	R_FUM	-2.404e+00
reaction gibbs energy	R_G6PDH2r	-8.376e+00
reaction gibbs energy	R_GAPD	0.000e+00
reaction gibbs energy	R_GLNS	-1.082e+01
reaction gibbs energy	R_GLUDy	0.000e+00
reaction gibbs energy	R_GLUN	0.000e+00
reaction gibbs energy	R_GLUSy	-3.840e+01
reaction gibbs energy	R_GND	-4.234e+00
reaction gibbs energy	R_ICDHyr	-4.113e+00
reaction gibbs energy	R_ICL	0.000e+00
reaction gibbs energy	R_LDH_D	-1.223e+01
reaction gibbs energy	R_MALS	0.000e+00
reaction gibbs energy	R_MDH	-1.722e+00
reaction gibbs energy	R_ME1	-2.396e+01
reaction gibbs energy	R_ME2	0.000e+00
reaction gibbs energy	R_NADTRHD	0.000e+00
reaction gibbs energy	R_PDH	-5.265e+01

