!!!SBtab DocumentName='report' SBtabVersion='1.0' Date='2022-6-9'
!!SBtab TableID='Predicted concentrations' TableType='Quantity' TableName='Predicted concentrations' SBtabVersion='1.0' Unit='M'
!QuantityType	!Compound	!Value
concentration	M_h2o_c	1.000e+00
concentration	M_atp_c	2.427e-03
concentration	M_nadp_c	6.773e-06
concentration	M_nadph_c	4.896e-05
concentration	M_adp_c	2.609e-04
concentration	M_nad_c	1.973e-03
concentration	M_pi_c	8.552e-03
concentration	M_nadh_c	4.490e-06
concentration	M_coa_c	7.099e-04
concentration	M_co2_c	1.472e-04
concentration	M_amp_c	2.677e-04
concentration	M_nh4_c	1.000e-04
concentration	M_akg_c	2.589e-04
concentration	M_accoa_c	3.371e-04
concentration	M_pyr_c	1.477e-03
concentration	M_succ_c	2.862e-04
concentration	M_ac_c	1.000e-02
concentration	M_gln__L_c	2.104e-03
concentration	M_for_c	1.000e-04
concentration	M_oaa_c	3.169e-06
concentration	M_glx_c	3.650e-05
concentration	M_pep_c	1.644e-04
concentration	M_g3p_c	3.997e-05
concentration	M_acald_c	1.000e-04
concentration	M_dhap_c	8.323e-04
concentration	M_succoa_c	1.065e-03
concentration	M_fum_c	1.875e-03
concentration	M_mal__L_c	2.198e-03
concentration	M_r5p_c	5.604e-05
concentration	M_3pg_c	1.588e-03
concentration	M_cit_c	2.382e-03
concentration	M_ru5p__D_c	1.858e-04
concentration	M_g6p_c	8.010e-04
concentration	M_q8_c	1.702e-05
concentration	M_xu5p__D_c	1.652e-04
concentration	M_q8h2_c	5.876e-04
concentration	M_e4p_c	1.349e-05
concentration	M_13dpg_c	2.185e-05
concentration	M_s7p_c	1.145e-03
concentration	M_2pg_c	9.663e-05
concentration	M_actp_c	1.020e-03
concentration	M_lac__D_c	6.279e-04
concentration	M_etoh_c	1.000e-04
concentration	M_6pgc_c	7.900e-05
concentration	M_fdp_c	6.958e-04
concentration	M_6pgl_c	1.000e-04
concentration	M_acon_C_c	2.650e-05
concentration	M_glu__L_c	2.173e-02
concentration	M_icit_c	1.218e-05
concentration	M_f6p_c	1.486e-04

!!SBtab TableID='Predicted Gibbs energies' TableType='Quantity' TableName='Predicted Gibbs energies' SBtabVersion='1.0' Unit='kJ/mol'
!QuantityType	!Reaction	!Value
reaction gibbs energy	R_PFK	-1.751e+01
reaction gibbs energy	R_PFL	0.000e+00
reaction gibbs energy	R_PGI	-1.609e+00
reaction gibbs energy	R_PGK	-3.318e+00
reaction gibbs energy	R_PGL	0.000e+00
reaction gibbs energy	R_ACALD	0.000e+00
reaction gibbs energy	R_PGM	-2.536e+00
reaction gibbs energy	R_ALCD2x	0.000e+00
reaction gibbs energy	R_ACKr	-1.274e+00
reaction gibbs energy	R_PPC	0.000e+00
reaction gibbs energy	R_ACONTa	-2.446e+00
reaction gibbs energy	R_ACONTb	-3.415e+00
reaction gibbs energy	R_ATPM	0.000e+00
reaction gibbs energy	R_PPCK	0.000e+00
reaction gibbs energy	R_PPS	0.000e+00
reaction gibbs energy	R_ADK1	0.000e+00
reaction gibbs energy	R_AKGDH	-4.366e+01
reaction gibbs energy	R_PTAr	-2.064e+00
reaction gibbs energy	R_PYK	-1.565e+01
reaction gibbs energy	R_RPE	0.000e+00
reaction gibbs energy	R_CS	-1.881e+01
reaction gibbs energy	R_RPI	0.000e+00
reaction gibbs energy	R_ENO	-2.546e+00
reaction gibbs energy	R_SUCDi	-1.106e+01
reaction gibbs energy	R_SUCOAS	-2.255e+00
reaction gibbs energy	R_TALA	0.000e+00
reaction gibbs energy	R_TKT1	0.000e+00
reaction gibbs energy	R_TKT2	0.000e+00
reaction gibbs energy	R_TPI	-1.965e+00
reaction gibbs energy	R_FBA	-2.109e+00
reaction gibbs energy	R_FBP	0.000e+00
reaction gibbs energy	R_FRD7	0.000e+00
reaction gibbs energy	R_FUM	-3.035e+00
reaction gibbs energy	R_G6PDH2r	0.000e+00
reaction gibbs energy	R_GAPD	-1.680e+00
reaction gibbs energy	R_GLNS	0.000e+00
reaction gibbs energy	R_GLUDy	0.000e+00
reaction gibbs energy	R_GLUN	0.000e+00
reaction gibbs energy	R_GLUSy	0.000e+00
reaction gibbs energy	R_GND	0.000e+00
reaction gibbs energy	R_ICDHyr	-3.979e+00
reaction gibbs energy	R_ICL	-8.299e+00
reaction gibbs energy	R_LDH_D	-9.279e+00
reaction gibbs energy	R_MALS	-2.549e+01
reaction gibbs energy	R_MDH	-3.197e+00
reaction gibbs energy	R_ME1	0.000e+00
reaction gibbs energy	R_ME2	0.000e+00
reaction gibbs energy	R_NADTRHD	-2.007e+01
reaction gibbs energy	R_PDH	0.000e+00

