!!!SBtab DocumentName='report' SBtabVersion='1.0' Date='2022-6-9'
!!SBtab TableID='Predicted concentrations' TableType='Quantity' TableName='Predicted concentrations' SBtabVersion='1.0' Unit='M'
!QuantityType	!Compound	!Value
concentration	M_h2o_c	1.000e+00
concentration	M_atp_c	2.427e-03
concentration	M_nadp_c	6.674e-06
concentration	M_nadph_c	5.074e-05
concentration	M_adp_c	2.609e-04
concentration	M_nad_c	1.442e-03
concentration	M_pi_c	7.666e-03
concentration	M_nadh_c	2.518e-04
concentration	M_coa_c	1.266e-04
concentration	M_co2_c	1.303e-04
concentration	M_amp_c	2.713e-04
concentration	M_nh4_c	1.031e-05
concentration	M_akg_c	2.656e-04
concentration	M_accoa_c	1.199e-03
concentration	M_pyr_c	8.967e-04
concentration	M_succ_c	3.884e-04
concentration	M_ac_c	4.212e-04
concentration	M_gln__L_c	2.099e-03
concentration	M_for_c	1.000e-04
concentration	M_oaa_c	8.500e-05
concentration	M_glx_c	1.000e-04
concentration	M_pep_c	6.167e-04
concentration	M_g3p_c	1.205e-04
concentration	M_acald_c	1.000e-04
concentration	M_dhap_c	5.579e-04
concentration	M_succoa_c	5.670e-04
concentration	M_fum_c	1.234e-03
concentration	M_mal__L_c	2.312e-03
concentration	M_r5p_c	1.125e-04
concentration	M_3pg_c	2.056e-03
concentration	M_cit_c	2.036e-03
concentration	M_ru5p__D_c	2.184e-04
concentration	M_g6p_c	4.028e-04
concentration	M_q8_c	1.746e-05
concentration	M_xu5p__D_c	2.521e-04
concentration	M_q8h2_c	5.729e-04
concentration	M_e4p_c	1.361e-05
concentration	M_13dpg_c	1.826e-05
concentration	M_s7p_c	6.674e-04
concentration	M_2pg_c	1.947e-04
concentration	M_actp_c	1.295e-03
concentration	M_lac__D_c	1.000e-04
concentration	M_etoh_c	1.000e-04
concentration	M_6pgc_c	1.012e-04
concentration	M_fdp_c	1.740e-04
concentration	M_6pgl_c	2.140e-05
concentration	M_acon_C_c	3.007e-05
concentration	M_glu__L_c	2.208e-02
concentration	M_icit_c	1.639e-05
concentration	M_f6p_c	2.832e-04

!!SBtab TableID='Predicted Gibbs energies' TableType='Quantity' TableName='Predicted Gibbs energies' SBtabVersion='1.0' Unit='kJ/mol'
!QuantityType	!Reaction	!Value
reaction gibbs energy	R_PFK	0.000e+00
reaction gibbs energy	R_PFL	0.000e+00
reaction gibbs energy	R_PGI	-1.620e+00
reaction gibbs energy	R_PGK	-1.870e-02
reaction gibbs energy	R_PGL	-2.012e+01
reaction gibbs energy	R_ACALD	0.000e+00
reaction gibbs energy	R_PGM	-1.870e-02
reaction gibbs energy	R_ALCD2x	0.000e+00
reaction gibbs energy	R_ACKr	-1.132e+01
reaction gibbs energy	R_PPC	-3.547e+01
reaction gibbs energy	R_ACONTa	-1.701e+00
reaction gibbs energy	R_ACONTb	-3.046e+00
reaction gibbs energy	R_ATPM	0.000e+00
reaction gibbs energy	R_PPCK	0.000e+00
reaction gibbs energy	R_PPS	-2.029e+01
reaction gibbs energy	R_ADK1	-5.504e+00
reaction gibbs energy	R_AKGDH	-3.014e+01
reaction gibbs energy	R_PTAr	-9.364e-01
reaction gibbs energy	R_PYK	0.000e+00
reaction gibbs energy	R_RPE	-3.116e+00
reaction gibbs energy	R_CS	-3.516e+01
reaction gibbs energy	R_RPI	-3.789e+00
reaction gibbs energy	R_ENO	-1.870e-02
reaction gibbs energy	R_SUCDi	-1.259e+01
reaction gibbs energy	R_SUCOAS	-3.852e+00
reaction gibbs energy	R_TALA	-8.569e+00
reaction gibbs energy	R_TKT1	-1.353e+00
reaction gibbs energy	R_TKT2	0.000e+00
reaction gibbs energy	R_TPI	-1.442e+00
reaction gibbs energy	R_FBA	-2.762e+00
reaction gibbs energy	R_FBP	-2.338e+01
reaction gibbs energy	R_FRD7	0.000e+00
reaction gibbs energy	R_FUM	0.000e+00
reaction gibbs energy	R_G6PDH2r	-7.227e+00
reaction gibbs energy	R_GAPD	-4.695e+00
reaction gibbs energy	R_GLNS	-9.295e+00
reaction gibbs energy	R_GLUDy	0.000e+00
reaction gibbs energy	R_GLUN	0.000e+00
reaction gibbs energy	R_GLUSy	-3.801e+01
reaction gibbs energy	R_GND	-4.046e+00
reaction gibbs energy	R_ICDHyr	-4.019e+00
reaction gibbs energy	R_ICL	0.000e+00
reaction gibbs energy	R_LDH_D	0.000e+00
reaction gibbs energy	R_MALS	0.000e+00
reaction gibbs energy	R_MDH	0.000e+00
reaction gibbs energy	R_ME1	0.000e+00
reaction gibbs energy	R_ME2	0.000e+00
reaction gibbs energy	R_NADTRHD	-9.440e+00
reaction gibbs energy	R_PDH	-3.864e+01

