!!!SBtab DocumentName='report' SBtabVersion='1.0' Date='2022-6-9'
!!SBtab TableID='Predicted concentrations' TableType='Quantity' TableName='Predicted concentrations' SBtabVersion='1.0' Unit='M'
!QuantityType	!Compound	!Value
concentration	M_h2o_c	1.000e+00
concentration	M_atp_c	2.427e-03
concentration	M_nadp_c	6.707e-06
concentration	M_nadph_c	5.076e-05
concentration	M_adp_c	2.609e-04
concentration	M_nad_c	2.014e-03
concentration	M_pi_c	8.216e-03
concentration	M_nadh_c	4.413e-06
concentration	M_coa_c	7.247e-04
concentration	M_co2_c	5.054e-05
concentration	M_amp_c	2.677e-04
concentration	M_nh4_c	1.268e-05
concentration	M_akg_c	2.643e-04
concentration	M_accoa_c	3.258e-04
concentration	M_pyr_c	1.215e-03
concentration	M_succ_c	2.781e-04
concentration	M_ac_c	1.000e-02
concentration	M_gln__L_c	2.105e-03
concentration	M_for_c	1.000e-04
concentration	M_oaa_c	3.296e-06
concentration	M_glx_c	1.000e-04
concentration	M_pep_c	1.657e-04
concentration	M_g3p_c	3.830e-05
concentration	M_acald_c	1.000e-04
concentration	M_dhap_c	8.177e-04
concentration	M_succoa_c	1.089e-03
concentration	M_fum_c	1.871e-03
concentration	M_mal__L_c	2.176e-03
concentration	M_r5p_c	9.319e-05
concentration	M_3pg_c	1.582e-03
concentration	M_cit_c	2.328e-03
concentration	M_ru5p__D_c	2.503e-04
concentration	M_g6p_c	8.106e-04
concentration	M_q8_c	1.954e-05
concentration	M_xu5p__D_c	2.095e-04
concentration	M_q8h2_c	5.118e-04
concentration	M_e4p_c	1.354e-05
concentration	M_13dpg_c	2.142e-05
concentration	M_s7p_c	7.397e-04
concentration	M_2pg_c	9.664e-05
concentration	M_actp_c	1.020e-03
concentration	M_lac__D_c	4.905e-04
concentration	M_etoh_c	1.000e-04
concentration	M_6pgc_c	9.430e-05
concentration	M_fdp_c	6.762e-04
concentration	M_6pgl_c	2.493e-05
concentration	M_acon_C_c	2.606e-05
concentration	M_glu__L_c	2.208e-02
concentration	M_icit_c	1.141e-05
concentration	M_f6p_c	1.471e-04

!!SBtab TableID='Predicted Gibbs energies' TableType='Quantity' TableName='Predicted Gibbs energies' SBtabVersion='1.0' Unit='kJ/mol'
!QuantityType	!Reaction	!Value
reaction gibbs energy	R_PFK	-1.755e+01
reaction gibbs energy	R_PFL	0.000e+00
reaction gibbs energy	R_PGI	-1.663e+00
reaction gibbs energy	R_PGK	-3.279e+00
reaction gibbs energy	R_PGL	-2.042e+01
reaction gibbs energy	R_ACALD	0.000e+00
reaction gibbs energy	R_PGM	-2.526e+00
reaction gibbs energy	R_ALCD2x	0.000e+00
reaction gibbs energy	R_ACKr	-1.274e+00
reaction gibbs energy	R_PPC	-3.623e+01
reaction gibbs energy	R_ACONTa	-2.431e+00
reaction gibbs energy	R_ACONTb	-3.535e+00
reaction gibbs energy	R_ATPM	0.000e+00
reaction gibbs energy	R_PPCK	0.000e+00
reaction gibbs energy	R_PPS	0.000e+00
reaction gibbs energy	R_ADK1	0.000e+00
reaction gibbs energy	R_AKGDH	-4.645e+01
reaction gibbs energy	R_PTAr	-2.298e+00
reaction gibbs energy	R_PYK	0.000e+00
reaction gibbs energy	R_RPE	-3.812e+00
reaction gibbs energy	R_CS	-1.883e+01
reaction gibbs energy	R_RPI	-4.569e+00
reaction gibbs energy	R_ENO	-2.527e+00
reaction gibbs energy	R_SUCDi	-1.167e+01
reaction gibbs energy	R_SUCOAS	-2.231e+00
reaction gibbs energy	R_TALA	-7.555e+00
reaction gibbs energy	R_TKT1	-2.889e+00
reaction gibbs energy	R_TKT2	0.000e+00
reaction gibbs energy	R_TPI	-2.027e+00
reaction gibbs energy	R_FBA	-2.188e+00
reaction gibbs energy	R_FBP	0.000e+00
reaction gibbs energy	R_FRD7	0.000e+00
reaction gibbs energy	R_FUM	-3.054e+00
reaction gibbs energy	R_G6PDH2r	-8.702e+00
reaction gibbs energy	R_GAPD	-1.617e+00
reaction gibbs energy	R_GLNS	-9.586e+00
reaction gibbs energy	R_GLUDy	0.000e+00
reaction gibbs energy	R_GLUN	0.000e+00
reaction gibbs energy	R_GLUSy	-3.775e+01
reaction gibbs energy	R_GND	-6.678e+00
reaction gibbs energy	R_ICDHyr	-6.302e+00
reaction gibbs energy	R_ICL	0.000e+00
reaction gibbs energy	R_LDH_D	-9.312e+00
reaction gibbs energy	R_MALS	0.000e+00
reaction gibbs energy	R_MDH	-3.169e+00
reaction gibbs energy	R_ME1	0.000e+00
reaction gibbs energy	R_ME2	0.000e+00
reaction gibbs energy	R_NADTRHD	-2.028e+01
reaction gibbs energy	R_PDH	0.000e+00

