!!!SBtab DocumentName='report' SBtabVersion='1.0' Date='2022-6-9'
!!SBtab TableID='Predicted concentrations' TableType='Quantity' TableName='Predicted concentrations' SBtabVersion='1.0' Unit='M'
!QuantityType	!Compound	!Value
concentration	M_h2o_c	1.000e+00
concentration	M_atp_c	2.427e-03
concentration	M_nadp_c	6.661e-06
concentration	M_nadph_c	5.205e-05
concentration	M_adp_c	2.609e-04
concentration	M_nad_c	1.761e-03
concentration	M_pi_c	6.051e-03
concentration	M_nadh_c	5.463e-06
concentration	M_coa_c	7.905e-03
concentration	M_co2_c	7.090e-05
concentration	M_amp_c	2.720e-04
concentration	M_nh4_c	7.227e-06
concentration	M_akg_c	2.884e-04
concentration	M_accoa_c	5.381e-04
concentration	M_pyr_c	8.874e-04
concentration	M_succ_c	4.052e-04
concentration	M_ac_c	1.000e-02
concentration	M_gln__L_c	2.115e-03
concentration	M_for_c	1.000e-04
concentration	M_oaa_c	2.432e-06
concentration	M_glx_c	1.000e-04
concentration	M_pep_c	3.099e-04
concentration	M_g3p_c	1.494e-04
concentration	M_acald_c	1.000e-04
concentration	M_dhap_c	5.200e-04
concentration	M_succoa_c	3.901e-04
concentration	M_fum_c	1.846e-03
concentration	M_mal__L_c	2.195e-03
concentration	M_r5p_c	1.400e-04
concentration	M_3pg_c	1.504e-03
concentration	M_cit_c	2.291e-03
concentration	M_ru5p__D_c	2.910e-04
concentration	M_g6p_c	3.558e-04
concentration	M_q8_c	2.480e-05
concentration	M_xu5p__D_c	3.084e-04
concentration	M_q8h2_c	4.032e-04
concentration	M_e4p_c	1.382e-05
concentration	M_13dpg_c	2.858e-05
concentration	M_s7p_c	5.702e-04
concentration	M_2pg_c	1.000e-04
concentration	M_actp_c	1.020e-03
concentration	M_lac__D_c	5.249e-04
concentration	M_etoh_c	1.000e-04
concentration	M_6pgc_c	1.005e-04
concentration	M_fdp_c	1.617e-04
concentration	M_6pgl_c	1.806e-05
concentration	M_acon_C_c	2.553e-05
concentration	M_glu__L_c	2.178e-02
concentration	M_icit_c	1.157e-05
concentration	M_f6p_c	3.104e-04

!!SBtab TableID='Predicted Gibbs energies' TableType='Quantity' TableName='Predicted Gibbs energies' SBtabVersion='1.0' Unit='kJ/mol'
!QuantityType	!Reaction	!Value
reaction gibbs energy	R_PFK	0.000e+00
reaction gibbs energy	R_PFL	0.000e+00
reaction gibbs energy	R_PGI	-2.228e+00
reaction gibbs energy	R_PGK	-4.119e+00
reaction gibbs energy	R_PGL	-1.947e+01
reaction gibbs energy	R_ACALD	0.000e+00
reaction gibbs energy	R_PGM	0.000e+00
reaction gibbs energy	R_ALCD2x	0.000e+00
reaction gibbs energy	R_ACKr	-1.274e+00
reaction gibbs energy	R_PPC	0.000e+00
reaction gibbs energy	R_ACONTa	-2.442e+00
reaction gibbs energy	R_ACONTb	-3.449e+00
reaction gibbs energy	R_ATPM	0.000e+00
reaction gibbs energy	R_PPCK	0.000e+00
reaction gibbs energy	R_PPS	-2.256e+01
reaction gibbs energy	R_ADK1	-5.536e+00
reaction gibbs energy	R_AKGDH	0.000e+00
reaction gibbs energy	R_PTAr	-7.733e+00
reaction gibbs energy	R_PYK	0.000e+00
reaction gibbs energy	R_RPE	-3.227e+00
reaction gibbs energy	R_CS	-1.344e+01
reaction gibbs energy	R_RPI	-3.933e+00
reaction gibbs energy	R_ENO	0.000e+00
reaction gibbs energy	R_SUCDi	-1.382e+01
reaction gibbs energy	R_SUCOAS	0.000e+00
reaction gibbs energy	R_TALA	-8.382e+00
reaction gibbs energy	R_TKT1	-2.129e+00
reaction gibbs energy	R_TKT2	-4.391e+00
reaction gibbs energy	R_TPI	-2.467e+00
reaction gibbs energy	R_FBA	-3.608e+00
reaction gibbs energy	R_FBP	-2.363e+01
reaction gibbs energy	R_FRD7	0.000e+00
reaction gibbs energy	R_FUM	-2.999e+00
reaction gibbs energy	R_G6PDH2r	-7.383e+00
reaction gibbs energy	R_GAPD	-2.657e+00
reaction gibbs energy	R_GLNS	-8.904e+00
reaction gibbs energy	R_GLUDy	0.000e+00
reaction gibbs energy	R_GLUN	0.000e+00
reaction gibbs energy	R_GLUSy	-3.812e+01
reaction gibbs energy	R_GND	-5.543e+00
reaction gibbs energy	R_ICDHyr	-5.203e+00
reaction gibbs energy	R_ICL	0.000e+00
reaction gibbs energy	R_LDH_D	-9.228e+00
reaction gibbs energy	R_MALS	0.000e+00
reaction gibbs energy	R_MDH	-3.083e+00
reaction gibbs energy	R_ME1	0.000e+00
reaction gibbs energy	R_ME2	0.000e+00
reaction gibbs energy	R_NADTRHD	0.000e+00
reaction gibbs energy	R_PDH	0.000e+00

