!!!SBtab DocumentName='report' SBtabVersion='1.0' Date='2022-6-9'
!!SBtab TableID='Predicted concentrations' TableType='Quantity' TableName='Predicted concentrations' SBtabVersion='1.0' Unit='M'
!QuantityType	!Compound	!Value
concentration	M_h2o_c	1.000e+00
concentration	M_atp_c	2.427e-03
concentration	M_nadp_c	6.713e-06
concentration	M_nadph_c	5.003e-05
concentration	M_adp_c	2.609e-04
concentration	M_nad_c	1.796e-03
concentration	M_pi_c	8.605e-03
concentration	M_nadh_c	5.484e-06
concentration	M_coa_c	6.524e-04
concentration	M_co2_c	1.630e-04
concentration	M_amp_c	2.736e-04
concentration	M_nh4_c	1.031e-05
concentration	M_akg_c	2.472e-04
concentration	M_accoa_c	3.464e-04
concentration	M_pyr_c	1.190e-03
concentration	M_succ_c	2.954e-04
concentration	M_ac_c	1.000e-02
concentration	M_gln__L_c	2.100e-03
concentration	M_for_c	9.992e-05
concentration	M_oaa_c	2.893e-04
concentration	M_glx_c	9.992e-05
concentration	M_pep_c	6.167e-04
concentration	M_g3p_c	4.622e-05
concentration	M_acald_c	9.992e-05
concentration	M_dhap_c	7.737e-04
concentration	M_succoa_c	9.957e-04
concentration	M_fum_c	1.520e-03
concentration	M_mal__L_c	1.415e-03
concentration	M_r5p_c	9.250e-05
concentration	M_3pg_c	1.020e-03
concentration	M_cit_c	2.256e-03
concentration	M_ru5p__D_c	2.121e-04
concentration	M_g6p_c	4.902e-04
concentration	M_q8_c	2.049e-05
concentration	M_xu5p__D_c	2.137e-04
concentration	M_q8h2_c	4.873e-04
concentration	M_e4p_c	1.360e-05
concentration	M_13dpg_c	2.317e-05
concentration	M_s7p_c	7.525e-04
concentration	M_2pg_c	1.399e-04
concentration	M_actp_c	1.020e-03
concentration	M_lac__D_c	5.818e-04
concentration	M_etoh_c	9.992e-05
concentration	M_6pgc_c	1.002e-04
concentration	M_fdp_c	6.313e-04
concentration	M_6pgl_c	2.692e-05
concentration	M_acon_C_c	2.877e-05
concentration	M_glu__L_c	2.209e-02
concentration	M_icit_c	1.571e-05
concentration	M_f6p_c	2.181e-04

!!SBtab TableID='Predicted Gibbs energies' TableType='Quantity' TableName='Predicted Gibbs energies' SBtabVersion='1.0' Unit='kJ/mol'
!QuantityType	!Reaction	!Value
reaction gibbs energy	R_PFK	-1.890e+01
reaction gibbs energy	R_PFL	0.000e+00
reaction gibbs energy	R_PGI	0.000e+00
reaction gibbs energy	R_PGK	-4.617e+00
reaction gibbs energy	R_PGL	-2.062e+01
reaction gibbs energy	R_ACALD	0.000e+00
reaction gibbs energy	R_PGM	-5.939e-01
reaction gibbs energy	R_ALCD2x	0.000e+00
reaction gibbs energy	R_ACKr	-5.939e-01
reaction gibbs energy	R_PPC	-3.210e+01
reaction gibbs energy	R_ACONTa	-2.102e+00
reaction gibbs energy	R_ACONTb	-3.009e+00
reaction gibbs energy	R_ATPM	0.000e+00
reaction gibbs energy	R_PPCK	0.000e+00
reaction gibbs energy	R_PPS	-2.064e+01
reaction gibbs energy	R_ADK1	-5.552e+00
reaction gibbs energy	R_AKGDH	-4.233e+01
reaction gibbs energy	R_PTAr	-2.328e+00
reaction gibbs energy	R_PYK	0.000e+00
reaction gibbs energy	R_RPE	-3.425e+00
reaction gibbs energy	R_CS	-3.055e+01
reaction gibbs energy	R_RPI	-4.193e+00
reaction gibbs energy	R_ENO	-5.939e-01
reaction gibbs energy	R_SUCDi	-1.265e+01
reaction gibbs energy	R_SUCOAS	-2.193e+00
reaction gibbs energy	R_TALA	-7.123e+00
reaction gibbs energy	R_TKT1	-2.504e+00
reaction gibbs energy	R_TKT2	0.000e+00
reaction gibbs energy	R_TPI	-1.609e+00
reaction gibbs energy	R_FBA	-1.866e+00
reaction gibbs energy	R_FBP	0.000e+00
reaction gibbs energy	R_FRD7	0.000e+00
reaction gibbs energy	R_FUM	-3.602e+00
reaction gibbs energy	R_G6PDH2r	-7.243e+00
reaction gibbs energy	R_GAPD	-1.204e+00
reaction gibbs energy	R_GLNS	-9.005e+00
reaction gibbs energy	R_GLUDy	0.000e+00
reaction gibbs energy	R_GLUN	0.000e+00
reaction gibbs energy	R_GLUSy	-3.765e+01
reaction gibbs energy	R_GND	-3.951e+00
reaction gibbs energy	R_ICDHyr	-3.986e+00
reaction gibbs energy	R_ICL	0.000e+00
reaction gibbs energy	R_LDH_D	-9.661e+00
reaction gibbs energy	R_MALS	0.000e+00
reaction gibbs energy	R_MDH	0.000e+00
reaction gibbs energy	R_ME1	-2.359e+01
reaction gibbs energy	R_ME2	0.000e+00
reaction gibbs energy	R_NADTRHD	0.000e+00
reaction gibbs energy	R_PDH	0.000e+00

