!!!SBtab DocumentName='report' SBtabVersion='1.0' Date='2022-6-9'
!!SBtab TableID='Predicted concentrations' TableType='Quantity' TableName='Predicted concentrations' SBtabVersion='1.0' Unit='M'
!QuantityType	!Compound	!Value
concentration	M_h2o_c	1.000e+00
concentration	M_atp_c	2.427e-03
concentration	M_nadp_c	6.573e-06
concentration	M_nadph_c	5.344e-05
concentration	M_adp_c	2.609e-04
concentration	M_nad_c	1.881e-03
concentration	M_pi_c	8.596e-03
concentration	M_nadh_c	4.741e-06
concentration	M_coa_c	1.598e-02
concentration	M_co2_c	7.728e-05
concentration	M_amp_c	2.677e-04
concentration	M_nh4_c	2.750e-06
concentration	M_akg_c	3.042e-04
concentration	M_accoa_c	4.959e-04
concentration	M_pyr_c	1.785e-03
concentration	M_succ_c	4.026e-04
concentration	M_ac_c	1.000e-02
concentration	M_gln__L_c	2.119e-03
concentration	M_for_c	1.000e-04
concentration	M_oaa_c	3.309e-06
concentration	M_glx_c	5.375e-05
concentration	M_pep_c	6.167e-04
concentration	M_g3p_c	3.915e-05
concentration	M_acald_c	1.000e-04
concentration	M_dhap_c	7.535e-04
concentration	M_succoa_c	3.901e-04
concentration	M_fum_c	1.721e-03
concentration	M_mal__L_c	2.396e-03
concentration	M_r5p_c	8.864e-05
concentration	M_3pg_c	1.020e-03
concentration	M_cit_c	2.081e-03
concentration	M_ru5p__D_c	2.228e-04
concentration	M_g6p_c	3.883e-04
concentration	M_q8_c	1.664e-05
concentration	M_xu5p__D_c	2.085e-04
concentration	M_q8h2_c	6.011e-04
concentration	M_e4p_c	1.356e-05
concentration	M_13dpg_c	2.352e-05
concentration	M_s7p_c	7.890e-04
concentration	M_2pg_c	1.399e-04
concentration	M_actp_c	1.020e-03
concentration	M_lac__D_c	1.000e-04
concentration	M_etoh_c	1.000e-04
concentration	M_6pgc_c	9.364e-05
concentration	M_fdp_c	5.710e-04
concentration	M_6pgl_c	1.730e-05
concentration	M_acon_C_c	2.744e-05
concentration	M_glu__L_c	2.141e-02
concentration	M_icit_c	1.344e-05
concentration	M_f6p_c	2.794e-04

!!SBtab TableID='Predicted Gibbs energies' TableType='Quantity' TableName='Predicted Gibbs energies' SBtabVersion='1.0' Unit='kJ/mol'
!QuantityType	!Reaction	!Value
reaction gibbs energy	R_PFK	-1.976e+01
reaction gibbs energy	R_PFL	0.000e+00
reaction gibbs energy	R_PGI	-1.708e+00
reaction gibbs energy	R_PGK	-4.655e+00
reaction gibbs energy	R_PGL	-1.969e+01
reaction gibbs energy	R_ACALD	0.000e+00
reaction gibbs energy	R_PGM	-5.939e-01
reaction gibbs energy	R_ALCD2x	0.000e+00
reaction gibbs energy	R_ACKr	-5.939e-01
reaction gibbs energy	R_PPC	0.000e+00
reaction gibbs energy	R_ACONTa	-2.020e+00
reaction gibbs energy	R_ACONTb	-3.278e+00
reaction gibbs energy	R_ATPM	0.000e+00
reaction gibbs energy	R_PPCK	-4.530e+00
reaction gibbs energy	R_PPS	0.000e+00
reaction gibbs energy	R_ADK1	0.000e+00
reaction gibbs energy	R_AKGDH	0.000e+00
reaction gibbs energy	R_PTAr	-9.366e+00
reaction gibbs energy	R_PYK	-1.866e+01
reaction gibbs energy	R_RPE	-3.608e+00
reaction gibbs energy	R_CS	-1.264e+01
reaction gibbs energy	R_RPI	-4.421e+00
reaction gibbs energy	R_ENO	-5.939e-01
reaction gibbs energy	R_SUCDi	-1.207e+01
reaction gibbs energy	R_SUCOAS	0.000e+00
reaction gibbs energy	R_TALA	-6.222e+00
reaction gibbs energy	R_TKT1	-2.631e+00
reaction gibbs energy	R_TKT2	0.000e+00
reaction gibbs energy	R_TPI	-1.955e+00
reaction gibbs energy	R_FBA	-2.095e+00
reaction gibbs energy	R_FBP	0.000e+00
reaction gibbs energy	R_FRD7	0.000e+00
reaction gibbs energy	R_FUM	-2.606e+00
reaction gibbs energy	R_G6PDH2r	-7.545e+00
reaction gibbs energy	R_GAPD	-1.229e+00
reaction gibbs energy	R_GLNS	-5.631e+00
reaction gibbs energy	R_GLUDy	0.000e+00
reaction gibbs energy	R_GLUN	0.000e+00
reaction gibbs energy	R_GLUSy	-3.856e+01
reaction gibbs energy	R_GND	-5.295e+00
reaction gibbs energy	R_ICDHyr	-4.719e+00
reaction gibbs energy	R_ICL	-6.824e+00
reaction gibbs energy	R_LDH_D	0.000e+00
reaction gibbs energy	R_MALS	-1.872e+01
reaction gibbs energy	R_MDH	-3.031e+00
reaction gibbs energy	R_ME1	0.000e+00
reaction gibbs energy	R_ME2	0.000e+00
reaction gibbs energy	R_NADTRHD	0.000e+00
reaction gibbs energy	R_PDH	0.000e+00

