!!!SBtab DocumentName='report' SBtabVersion='1.0' Date='2022-6-9'
!!SBtab TableID='Predicted concentrations' TableType='Quantity' TableName='Predicted concentrations' SBtabVersion='1.0' Unit='M'
!QuantityType	!Compound	!Value
concentration	M_h2o_c	1.000e+00
concentration	M_atp_c	2.427e-03
concentration	M_nadp_c	6.598e-06
concentration	M_nadph_c	5.155e-05
concentration	M_adp_c	2.609e-04
concentration	M_nad_c	1.633e-03
concentration	M_pi_c	5.136e-03
concentration	M_nadh_c	1.046e-05
concentration	M_coa_c	4.995e-03
concentration	M_co2_c	6.870e-05
concentration	M_amp_c	2.702e-04
concentration	M_nh4_c	4.624e-06
concentration	M_akg_c	2.859e-04
concentration	M_accoa_c	5.945e-04
concentration	M_pyr_c	9.396e-04
concentration	M_succ_c	4.096e-04
concentration	M_ac_c	1.000e-02
concentration	M_gln__L_c	2.104e-03
concentration	M_for_c	1.000e-04
concentration	M_oaa_c	2.289e-06
concentration	M_glx_c	1.000e-04
concentration	M_pep_c	6.167e-04
concentration	M_g3p_c	1.267e-04
concentration	M_acald_c	1.000e-04
concentration	M_dhap_c	5.302e-04
concentration	M_succoa_c	3.901e-04
concentration	M_fum_c	1.689e-03
concentration	M_mal__L_c	2.718e-03
concentration	M_r5p_c	1.234e-04
concentration	M_3pg_c	1.020e-03
concentration	M_cit_c	2.086e-03
concentration	M_ru5p__D_c	2.486e-04
concentration	M_g6p_c	3.876e-04
concentration	M_q8_c	2.469e-05
concentration	M_xu5p__D_c	2.696e-04
concentration	M_q8h2_c	4.050e-04
concentration	M_e4p_c	1.360e-05
concentration	M_13dpg_c	3.132e-05
concentration	M_s7p_c	6.283e-04
concentration	M_2pg_c	1.399e-04
concentration	M_actp_c	1.020e-03
concentration	M_lac__D_c	6.397e-04
concentration	M_etoh_c	1.000e-04
concentration	M_6pgc_c	9.650e-05
concentration	M_fdp_c	1.619e-04
concentration	M_6pgl_c	1.738e-05
concentration	M_acon_C_c	2.726e-05
concentration	M_glu__L_c	2.258e-02
concentration	M_icit_c	1.363e-05
concentration	M_f6p_c	2.932e-04

!!SBtab TableID='Predicted Gibbs energies' TableType='Quantity' TableName='Predicted Gibbs energies' SBtabVersion='1.0' Unit='kJ/mol'
!QuantityType	!Reaction	!Value
reaction gibbs energy	R_PFK	0.000e+00
reaction gibbs energy	R_PFL	0.000e+00
reaction gibbs energy	R_PGI	-1.832e+00
reaction gibbs energy	R_PGK	0.000e+00
reaction gibbs energy	R_PGL	-1.963e+01
reaction gibbs energy	R_ACALD	0.000e+00
reaction gibbs energy	R_PGM	-5.939e-01
reaction gibbs energy	R_ALCD2x	0.000e+00
reaction gibbs energy	R_ACKr	-5.939e-01
reaction gibbs energy	R_PPC	0.000e+00
reaction gibbs energy	R_ACONTa	-2.042e+00
reaction gibbs energy	R_ACONTb	-3.226e+00
reaction gibbs energy	R_ATPM	0.000e+00
reaction gibbs energy	R_PPCK	-3.909e+00
reaction gibbs energy	R_PPS	-2.136e+01
reaction gibbs energy	R_ADK1	-5.521e+00
reaction gibbs energy	R_AKGDH	0.000e+00
reaction gibbs energy	R_PTAr	-7.311e+00
reaction gibbs energy	R_PYK	0.000e+00
reaction gibbs energy	R_RPE	-3.244e+00
reaction gibbs energy	R_CS	-1.505e+01
reaction gibbs energy	R_RPI	-3.873e+00
reaction gibbs energy	R_ENO	-5.939e-01
reaction gibbs energy	R_SUCDi	-1.411e+01
reaction gibbs energy	R_SUCOAS	0.000e+00
reaction gibbs energy	R_TALA	-8.440e+00
reaction gibbs energy	R_TKT1	-1.742e+00
reaction gibbs energy	R_TKT2	-4.660e+00
reaction gibbs energy	R_TPI	-1.825e+00
reaction gibbs energy	R_FBA	-3.066e+00
reaction gibbs energy	R_FBP	-2.413e+01
reaction gibbs energy	R_FRD7	0.000e+00
reaction gibbs energy	R_FUM	-2.246e+00
reaction gibbs energy	R_G6PDH2r	-7.629e+00
reaction gibbs energy	R_GAPD	0.000e+00
reaction gibbs energy	R_GLNS	-8.345e+00
reaction gibbs energy	R_GLUDy	0.000e+00
reaction gibbs energy	R_GLUN	0.000e+00
reaction gibbs energy	R_GLUSy	-3.803e+01
reaction gibbs energy	R_GND	-5.488e+00
reaction gibbs energy	R_ICDHyr	-5.298e+00
reaction gibbs energy	R_ICL	0.000e+00
reaction gibbs energy	R_LDH_D	-1.068e+01
reaction gibbs energy	R_MALS	0.000e+00
reaction gibbs energy	R_MDH	-1.945e+00
reaction gibbs energy	R_ME1	0.000e+00
reaction gibbs energy	R_ME2	0.000e+00
reaction gibbs energy	R_NADTRHD	-1.771e+01
reaction gibbs energy	R_PDH	0.000e+00

