!!!SBtab DocumentName='report' SBtabVersion='1.0' Date='2022-6-9'
!!SBtab TableID='Predicted concentrations' TableType='Quantity' TableName='Predicted concentrations' SBtabVersion='1.0' Unit='M'
!QuantityType	!Compound	!Value
concentration	M_h2o_c	1.000e+00
concentration	M_atp_c	2.427e-03
concentration	M_nadp_c	6.722e-06
concentration	M_nadph_c	5.105e-05
concentration	M_adp_c	2.609e-04
concentration	M_nad_c	1.959e-03
concentration	M_pi_c	8.701e-03
concentration	M_nadh_c	4.549e-06
concentration	M_coa_c	1.369e-02
concentration	M_co2_c	8.559e-05
concentration	M_amp_c	2.677e-04
concentration	M_nh4_c	1.000e-04
concentration	M_akg_c	3.180e-04
concentration	M_accoa_c	5.005e-04
concentration	M_pyr_c	1.517e-03
concentration	M_succ_c	4.249e-04
concentration	M_ac_c	1.000e-02
concentration	M_gln__L_c	2.104e-03
concentration	M_for_c	1.000e-04
concentration	M_oaa_c	1.092e-04
concentration	M_glx_c	3.300e-05
concentration	M_pep_c	1.643e-04
concentration	M_g3p_c	3.891e-05
concentration	M_acald_c	1.000e-04
concentration	M_dhap_c	8.157e-04
concentration	M_succoa_c	3.901e-04
concentration	M_fum_c	1.648e-03
concentration	M_mal__L_c	1.489e-03
concentration	M_r5p_c	9.534e-05
concentration	M_3pg_c	1.576e-03
concentration	M_cit_c	2.327e-03
concentration	M_ru5p__D_c	2.432e-04
concentration	M_g6p_c	3.558e-04
concentration	M_q8_c	1.799e-05
concentration	M_xu5p__D_c	2.070e-04
concentration	M_q8h2_c	5.560e-04
concentration	M_e4p_c	1.336e-05
concentration	M_13dpg_c	2.165e-05
concentration	M_s7p_c	7.599e-04
concentration	M_2pg_c	9.629e-05
concentration	M_actp_c	1.020e-03
concentration	M_lac__D_c	5.515e-04
concentration	M_etoh_c	1.000e-04
concentration	M_6pgc_c	9.901e-05
concentration	M_fdp_c	6.875e-04
concentration	M_6pgl_c	1.502e-05
concentration	M_acon_C_c	2.567e-05
concentration	M_glu__L_c	2.173e-02
concentration	M_icit_c	1.046e-05
concentration	M_f6p_c	2.993e-04

!!SBtab TableID='Predicted Gibbs energies' TableType='Quantity' TableName='Predicted Gibbs energies' SBtabVersion='1.0' Unit='kJ/mol'
!QuantityType	!Reaction	!Value
reaction gibbs energy	R_PFK	-1.927e+01
reaction gibbs energy	R_PFL	0.000e+00
reaction gibbs energy	R_PGI	-2.138e+00
reaction gibbs energy	R_PGK	-3.314e+00
reaction gibbs energy	R_PGL	-1.905e+01
reaction gibbs energy	R_ACALD	0.000e+00
reaction gibbs energy	R_PGM	-2.525e+00
reaction gibbs energy	R_ALCD2x	0.000e+00
reaction gibbs energy	R_ACKr	-1.274e+00
reaction gibbs energy	R_PPC	-2.870e+01
reaction gibbs energy	R_ACONTa	-2.467e+00
reaction gibbs energy	R_ACONTb	-3.712e+00
reaction gibbs energy	R_ATPM	0.000e+00
reaction gibbs energy	R_PPCK	0.000e+00
reaction gibbs energy	R_PPS	0.000e+00
reaction gibbs energy	R_ADK1	0.000e+00
reaction gibbs energy	R_AKGDH	0.000e+00
reaction gibbs energy	R_PTAr	-8.374e+00
reaction gibbs energy	R_PYK	0.000e+00
reaction gibbs energy	R_RPE	-3.771e+00
reaction gibbs energy	R_CS	-2.129e+01
reaction gibbs energy	R_RPI	-4.441e+00
reaction gibbs energy	R_ENO	-2.538e+00
reaction gibbs energy	R_SUCDi	-1.263e+01
reaction gibbs energy	R_SUCOAS	0.000e+00
reaction gibbs energy	R_TALA	-5.934e+00
reaction gibbs energy	R_TKT1	-2.810e+00
reaction gibbs energy	R_TKT2	-6.743e+00
reaction gibbs energy	R_TPI	-1.982e+00
reaction gibbs energy	R_FBA	-2.195e+00
reaction gibbs energy	R_FBP	0.000e+00
reaction gibbs energy	R_FRD7	0.000e+00
reaction gibbs energy	R_FUM	-3.679e+00
reaction gibbs energy	R_G6PDH2r	-7.909e+00
reaction gibbs energy	R_GAPD	-1.629e+00
reaction gibbs energy	R_GLNS	0.000e+00
reaction gibbs energy	R_GLUDy	0.000e+00
reaction gibbs energy	R_GLUN	0.000e+00
reaction gibbs energy	R_GLUSy	0.000e+00
reaction gibbs energy	R_GND	-5.555e+00
reaction gibbs energy	R_ICDHyr	0.000e+00
reaction gibbs energy	R_ICL	-7.194e+00
reaction gibbs energy	R_LDH_D	-9.716e+00
reaction gibbs energy	R_MALS	-1.985e+01
reaction gibbs energy	R_MDH	0.000e+00
reaction gibbs energy	R_ME1	-2.596e+01
reaction gibbs energy	R_ME2	0.000e+00
reaction gibbs energy	R_NADTRHD	-2.015e+01
reaction gibbs energy	R_PDH	0.000e+00

