!!!SBtab DocumentName='report' SBtabVersion='1.0' Date='2022-6-9'
!!SBtab TableID='Predicted concentrations' TableType='Quantity' TableName='Predicted concentrations' SBtabVersion='1.0' Unit='M'
!QuantityType	!Compound	!Value
concentration	M_h2o_c	1.000e+00
concentration	M_atp_c	2.427e-03
concentration	M_nadp_c	6.667e-06
concentration	M_nadph_c	5.043e-05
concentration	M_adp_c	2.609e-04
concentration	M_nad_c	1.635e-03
concentration	M_pi_c	8.023e-03
concentration	M_nadh_c	8.794e-06
concentration	M_coa_c	5.962e-03
concentration	M_co2_c	6.097e-05
concentration	M_amp_c	2.711e-04
concentration	M_nh4_c	1.378e-05
concentration	M_akg_c	2.922e-04
concentration	M_accoa_c	5.480e-04
concentration	M_pyr_c	1.167e-03
concentration	M_succ_c	4.119e-04
concentration	M_ac_c	1.000e-02
concentration	M_gln__L_c	2.096e-03
concentration	M_for_c	1.000e-04
concentration	M_oaa_c	3.005e-04
concentration	M_glx_c	1.000e-04
concentration	M_pep_c	2.514e-04
concentration	M_g3p_c	1.631e-04
concentration	M_acald_c	1.000e-04
concentration	M_dhap_c	5.464e-04
concentration	M_succoa_c	3.901e-04
concentration	M_fum_c	1.519e-03
concentration	M_mal__L_c	1.353e-03
concentration	M_r5p_c	1.429e-04
concentration	M_3pg_c	1.503e-03
concentration	M_cit_c	2.358e-03
concentration	M_ru5p__D_c	2.926e-04
concentration	M_g6p_c	3.564e-04
concentration	M_q8_c	3.093e-05
concentration	M_xu5p__D_c	3.166e-04
concentration	M_q8h2_c	3.233e-04
concentration	M_e4p_c	1.377e-05
concentration	M_13dpg_c	2.691e-05
concentration	M_s7p_c	5.646e-04
concentration	M_2pg_c	1.000e-04
concentration	M_actp_c	1.020e-03
concentration	M_lac__D_c	5.576e-04
concentration	M_etoh_c	1.000e-04
concentration	M_6pgc_c	9.745e-05
concentration	M_fdp_c	1.621e-04
concentration	M_6pgl_c	1.999e-05
concentration	M_acon_C_c	2.637e-05
concentration	M_glu__L_c	2.215e-02
concentration	M_icit_c	1.172e-05
concentration	M_f6p_c	3.074e-04

!!SBtab TableID='Predicted Gibbs energies' TableType='Quantity' TableName='Predicted Gibbs energies' SBtabVersion='1.0' Unit='kJ/mol'
!QuantityType	!Reaction	!Value
reaction gibbs energy	R_PFK	0.000e+00
reaction gibbs energy	R_PFL	0.000e+00
reaction gibbs energy	R_PGI	-2.200e+00
reaction gibbs energy	R_PGK	-3.971e+00
reaction gibbs energy	R_PGL	-1.979e+01
reaction gibbs energy	R_ACALD	0.000e+00
reaction gibbs energy	R_PGM	0.000e+00
reaction gibbs energy	R_ALCD2x	0.000e+00
reaction gibbs energy	R_ACKr	-1.274e+00
reaction gibbs energy	R_PPC	-2.661e+01
reaction gibbs energy	R_ACONTa	-2.433e+00
reaction gibbs energy	R_ACONTb	-3.499e+00
reaction gibbs energy	R_ATPM	0.000e+00
reaction gibbs energy	R_PPCK	0.000e+00
reaction gibbs energy	R_PPS	-2.306e+01
reaction gibbs energy	R_ADK1	-5.528e+00
reaction gibbs energy	R_AKGDH	0.000e+00
reaction gibbs energy	R_PTAr	-6.290e+00
reaction gibbs energy	R_PYK	0.000e+00
reaction gibbs energy	R_RPE	-3.176e+00
reaction gibbs energy	R_CS	-2.605e+01
reaction gibbs energy	R_RPI	-3.896e+00
reaction gibbs energy	R_ENO	0.000e+00
reaction gibbs energy	R_SUCDi	-1.544e+01
reaction gibbs energy	R_SUCOAS	0.000e+00
reaction gibbs energy	R_TALA	-8.608e+00
reaction gibbs energy	R_TKT1	-2.052e+00
reaction gibbs energy	R_TKT2	-4.253e+00
reaction gibbs energy	R_TPI	-2.562e+00
reaction gibbs energy	R_FBA	-3.943e+00
reaction gibbs energy	R_FBP	-2.296e+01
reaction gibbs energy	R_FRD7	0.000e+00
reaction gibbs energy	R_FUM	-3.713e+00
reaction gibbs energy	R_G6PDH2r	-7.215e+00
reaction gibbs energy	R_GAPD	-2.358e+00
reaction gibbs energy	R_GLNS	-9.867e+00
reaction gibbs energy	R_GLUDy	0.000e+00
reaction gibbs energy	R_GLUN	0.000e+00
reaction gibbs energy	R_GLUSy	-3.797e+01
reaction gibbs energy	R_GND	-5.908e+00
reaction gibbs energy	R_ICDHyr	-5.655e+00
reaction gibbs energy	R_ICL	0.000e+00
reaction gibbs energy	R_LDH_D	-1.112e+01
reaction gibbs energy	R_MALS	0.000e+00
reaction gibbs energy	R_MDH	0.000e+00
reaction gibbs energy	R_ME1	-2.514e+01
reaction gibbs energy	R_ME2	0.000e+00
reaction gibbs energy	R_NADTRHD	-1.805e+01
reaction gibbs energy	R_PDH	0.000e+00

