!!!SBtab DocumentName='report' SBtabVersion='1.0' Date='2022-6-9'
!!SBtab TableID='Predicted concentrations' TableType='Quantity' TableName='Predicted concentrations' SBtabVersion='1.0' Unit='M'
!QuantityType	!Compound	!Value
concentration	M_h2o_c	1.000e+00
concentration	M_atp_c	1.896e-03
concentration	M_nadp_c	6.602e-06
concentration	M_nadph_c	5.271e-05
concentration	M_adp_c	3.443e-04
concentration	M_nad_c	2.004e-03
concentration	M_pi_c	8.463e-03
concentration	M_nadh_c	4.471e-06
concentration	M_coa_c	5.913e-03
concentration	M_co2_c	5.911e-05
concentration	M_amp_c	2.677e-04
concentration	M_nh4_c	1.033e-05
concentration	M_akg_c	2.893e-04
concentration	M_accoa_c	5.566e-04
concentration	M_pyr_c	1.039e-03
concentration	M_succ_c	4.264e-04
concentration	M_ac_c	9.997e-05
concentration	M_gln__L_c	2.111e-03
concentration	M_for_c	9.997e-05
concentration	M_oaa_c	3.542e-06
concentration	M_glx_c	2.156e-05
concentration	M_pep_c	6.167e-04
concentration	M_g3p_c	3.957e-05
concentration	M_acald_c	9.997e-05
concentration	M_dhap_c	8.226e-04
concentration	M_succoa_c	3.901e-04
concentration	M_fum_c	1.937e-03
concentration	M_mal__L_c	2.250e-03
concentration	M_r5p_c	9.447e-05
concentration	M_3pg_c	1.020e-03
concentration	M_cit_c	2.368e-03
concentration	M_ru5p__D_c	2.498e-04
concentration	M_g6p_c	4.868e-04
concentration	M_q8_c	1.684e-05
concentration	M_xu5p__D_c	2.140e-04
concentration	M_q8h2_c	5.935e-04
concentration	M_e4p_c	1.352e-05
concentration	M_13dpg_c	2.137e-05
concentration	M_s7p_c	7.455e-04
concentration	M_2pg_c	1.322e-04
concentration	M_actp_c	1.442e-03
concentration	M_lac__D_c	5.148e-04
concentration	M_etoh_c	9.997e-05
concentration	M_6pgc_c	9.279e-05
concentration	M_fdp_c	6.750e-04
concentration	M_6pgl_c	2.541e-05
concentration	M_acon_C_c	2.489e-05
concentration	M_glu__L_c	2.172e-02
concentration	M_icit_c	1.084e-05
concentration	M_f6p_c	2.190e-04

!!SBtab TableID='Predicted Gibbs energies' TableType='Quantity' TableName='Predicted Gibbs energies' SBtabVersion='1.0' Unit='kJ/mol'
!QuantityType	!Reaction	!Value
reaction gibbs energy	R_PFK	-1.759e+01
reaction gibbs energy	R_PFL	0.000e+00
reaction gibbs energy	R_PGI	0.000e+00
reaction gibbs energy	R_PGK	-5.754e+00
reaction gibbs energy	R_PGL	-2.082e+01
reaction gibbs energy	R_ACALD	0.000e+00
reaction gibbs energy	R_PGM	-1.384e+00
reaction gibbs energy	R_ALCD2x	0.000e+00
reaction gibbs energy	R_ACKr	0.000e+00
reaction gibbs energy	R_PPC	0.000e+00
reaction gibbs energy	R_ACONTa	-2.539e+00
reaction gibbs energy	R_ACONTb	-3.614e+00
reaction gibbs energy	R_ATPM	0.000e+00
reaction gibbs energy	R_PPCK	-3.497e+00
reaction gibbs energy	R_PPS	0.000e+00
reaction gibbs energy	R_ADK1	0.000e+00
reaction gibbs energy	R_AKGDH	0.000e+00
reaction gibbs energy	R_PTAr	0.000e+00
reaction gibbs energy	R_PYK	0.000e+00
reaction gibbs energy	R_RPE	-3.900e+00
reaction gibbs energy	R_CS	-1.551e+01
reaction gibbs energy	R_RPI	-4.564e+00
reaction gibbs energy	R_ENO	-1.384e+00
reaction gibbs energy	R_SUCDi	-1.177e+01
reaction gibbs energy	R_SUCOAS	0.000e+00
reaction gibbs energy	R_TALA	-6.764e+00
reaction gibbs energy	R_TKT1	-3.058e+00
reaction gibbs energy	R_TKT2	0.000e+00
reaction gibbs energy	R_TPI	-2.258e+00
reaction gibbs energy	R_FBA	-2.373e+00
reaction gibbs energy	R_FBP	0.000e+00
reaction gibbs energy	R_FRD7	0.000e+00
reaction gibbs energy	R_FUM	-3.052e+00
reaction gibbs energy	R_G6PDH2r	-7.148e+00
reaction gibbs energy	R_GAPD	-1.769e+00
reaction gibbs energy	R_GLNS	-7.725e+00
reaction gibbs energy	R_GLUDy	0.000e+00
reaction gibbs energy	R_GLUN	0.000e+00
reaction gibbs energy	R_GLUSy	-3.844e+01
reaction gibbs energy	R_GND	-5.353e+00
reaction gibbs energy	R_ICDHyr	-4.638e+00
reaction gibbs energy	R_ICL	-8.443e+00
reaction gibbs energy	R_LDH_D	-8.851e+00
reaction gibbs energy	R_MALS	-1.837e+01
reaction gibbs energy	R_MDH	-2.969e+00
reaction gibbs energy	R_ME1	0.000e+00
reaction gibbs energy	R_ME2	-7.545e+00
reaction gibbs energy	R_NADTRHD	0.000e+00
reaction gibbs energy	R_PDH	-6.344e+01

