!!!SBtab DocumentName='report' SBtabVersion='1.0' Date='2022-6-9'
!!SBtab TableID='Predicted concentrations' TableType='Quantity' TableName='Predicted concentrations' SBtabVersion='1.0' Unit='M'
!QuantityType	!Compound	!Value
concentration	M_h2o_c	1.000e+00
concentration	M_atp_c	2.427e-03
concentration	M_nadp_c	6.689e-06
concentration	M_nadph_c	5.151e-05
concentration	M_adp_c	2.609e-04
concentration	M_nad_c	1.560e-03
concentration	M_pi_c	2.839e-03
concentration	M_nadh_c	2.357e-05
concentration	M_coa_c	1.718e-04
concentration	M_co2_c	1.187e-04
concentration	M_amp_c	2.677e-04
concentration	M_nh4_c	7.933e-06
concentration	M_akg_c	2.701e-04
concentration	M_accoa_c	6.597e-04
concentration	M_pyr_c	1.058e-03
concentration	M_succ_c	3.346e-04
concentration	M_ac_c	1.000e-04
concentration	M_gln__L_c	2.110e-03
concentration	M_for_c	1.000e-04
concentration	M_oaa_c	1.885e-06
concentration	M_glx_c	1.000e-04
concentration	M_pep_c	6.167e-04
concentration	M_g3p_c	9.930e-05
concentration	M_acald_c	1.000e-04
concentration	M_dhap_c	5.183e-04
concentration	M_succoa_c	7.938e-04
concentration	M_fum_c	1.883e-03
concentration	M_mal__L_c	3.632e-03
concentration	M_r5p_c	1.078e-04
concentration	M_3pg_c	2.056e-03
concentration	M_cit_c	2.038e-03
concentration	M_ru5p__D_c	2.241e-04
concentration	M_g6p_c	4.041e-04
concentration	M_q8_c	1.814e-05
concentration	M_xu5p__D_c	2.426e-04
concentration	M_q8h2_c	5.514e-04
concentration	M_e4p_c	1.356e-05
concentration	M_13dpg_c	1.826e-05
concentration	M_s7p_c	6.876e-04
concentration	M_2pg_c	1.947e-04
concentration	M_actp_c	1.442e-03
concentration	M_lac__D_c	9.923e-04
concentration	M_etoh_c	1.000e-04
concentration	M_6pgc_c	9.697e-05
concentration	M_fdp_c	1.598e-04
concentration	M_6pgl_c	1.513e-05
concentration	M_acon_C_c	2.980e-05
concentration	M_glu__L_c	2.208e-02
concentration	M_icit_c	1.689e-05
concentration	M_f6p_c	2.830e-04

!!SBtab TableID='Predicted Gibbs energies' TableType='Quantity' TableName='Predicted Gibbs energies' SBtabVersion='1.0' Unit='kJ/mol'
!QuantityType	!Reaction	!Value
reaction gibbs energy	R_PFK	0.000e+00
reaction gibbs energy	R_PFL	0.000e+00
reaction gibbs energy	R_PGI	-1.610e+00
reaction gibbs energy	R_PGK	-1.870e-02
reaction gibbs energy	R_PGL	-1.936e+01
reaction gibbs energy	R_ACALD	0.000e+00
reaction gibbs energy	R_PGM	-1.870e-02
reaction gibbs energy	R_ALCD2x	0.000e+00
reaction gibbs energy	R_ACKr	0.000e+00
reaction gibbs energy	R_PPC	0.000e+00
reaction gibbs energy	R_ACONTa	-1.726e+00
reaction gibbs energy	R_ACONTb	-2.948e+00
reaction gibbs energy	R_ATPM	0.000e+00
reaction gibbs energy	R_PPCK	-1.604e+00
reaction gibbs energy	R_PPS	0.000e+00
reaction gibbs energy	R_ADK1	0.000e+00
reaction gibbs energy	R_AKGDH	-3.640e+01
reaction gibbs energy	R_PTAr	0.000e+00
reaction gibbs energy	R_PYK	0.000e+00
reaction gibbs energy	R_RPE	-3.274e+00
reaction gibbs energy	R_CS	-2.349e+01
reaction gibbs energy	R_RPI	-3.957e+00
reaction gibbs energy	R_ENO	-1.870e-02
reaction gibbs energy	R_SUCDi	-1.137e+01
reaction gibbs energy	R_SUCOAS	-1.838e+00
reaction gibbs energy	R_TALA	-8.172e+00
reaction gibbs energy	R_TKT1	-1.560e+00
reaction gibbs energy	R_TKT2	0.000e+00
reaction gibbs energy	R_TPI	-1.144e+00
reaction gibbs energy	R_FBA	-2.310e+00
reaction gibbs energy	R_FBP	-2.563e+01
reaction gibbs energy	R_FRD7	0.000e+00
reaction gibbs energy	R_FUM	-1.795e+00
reaction gibbs energy	R_G6PDH2r	-8.063e+00
reaction gibbs energy	R_GAPD	-1.572e+00
reaction gibbs energy	R_GLNS	-1.109e+01
reaction gibbs energy	R_GLUDy	0.000e+00
reaction gibbs energy	R_GLUN	0.000e+00
reaction gibbs energy	R_GLUSy	-3.810e+01
reaction gibbs energy	R_GND	-4.076e+00
reaction gibbs energy	R_ICDHyr	-4.251e+00
reaction gibbs energy	R_ICL	0.000e+00
reaction gibbs energy	R_LDH_D	-1.201e+01
reaction gibbs energy	R_MALS	0.000e+00
reaction gibbs energy	R_MDH	-9.779e-01
reaction gibbs energy	R_ME1	-2.266e+01
reaction gibbs energy	R_ME2	0.000e+00
reaction gibbs energy	R_NADTRHD	0.000e+00
reaction gibbs energy	R_PDH	-4.758e+01

