!!!SBtab DocumentName='report' SBtabVersion='1.0' Date='2022-6-9'
!!SBtab TableID='Predicted concentrations' TableType='Quantity' TableName='Predicted concentrations' SBtabVersion='1.0' Unit='M'
!QuantityType	!Compound	!Value
concentration	M_h2o_c	1.000e+00
concentration	M_atp_c	2.225e-03
concentration	M_nadp_c	6.849e-06
concentration	M_nadph_c	4.700e-05
concentration	M_adp_c	2.696e-04
concentration	M_nad_c	2.097e-03
concentration	M_pi_c	1.000e-02
concentration	M_nadh_c	4.255e-06
concentration	M_coa_c	8.830e-05
concentration	M_co2_c	6.347e-06
concentration	M_amp_c	3.451e-04
concentration	M_nh4_c	2.744e-05
concentration	M_akg_c	2.540e-04
concentration	M_accoa_c	1.740e-03
concentration	M_pyr_c	8.226e-04
concentration	M_succ_c	4.372e-04
concentration	M_ac_c	2.396e-04
concentration	M_gln__L_c	2.072e-03
concentration	M_for_c	1.000e-04
concentration	M_oaa_c	3.971e-05
concentration	M_glx_c	1.000e-04
concentration	M_pep_c	2.628e-04
concentration	M_g3p_c	2.551e-04
concentration	M_acald_c	1.000e-04
concentration	M_dhap_c	3.120e-04
concentration	M_succoa_c	3.901e-04
concentration	M_fum_c	1.052e-03
concentration	M_mal__L_c	2.312e-03
concentration	M_r5p_c	1.692e-04
concentration	M_3pg_c	1.104e-03
concentration	M_cit_c	3.603e-03
concentration	M_ru5p__D_c	4.803e-04
concentration	M_g6p_c	2.608e-04
concentration	M_q8_c	1.000e-04
concentration	M_xu5p__D_c	4.159e-04
concentration	M_q8h2_c	1.000e-04
concentration	M_e4p_c	1.859e-05
concentration	M_13dpg_c	3.540e-05
concentration	M_s7p_c	4.283e-04
concentration	M_2pg_c	1.000e-04
concentration	M_actp_c	1.020e-03
concentration	M_lac__D_c	1.000e-04
concentration	M_etoh_c	1.000e-04
concentration	M_6pgc_c	9.451e-05
concentration	M_fdp_c	8.521e-05
concentration	M_6pgl_c	9.347e-06
concentration	M_acon_C_c	1.380e-05
concentration	M_glu__L_c	2.263e-02
concentration	M_icit_c	3.469e-06
concentration	M_f6p_c	4.151e-04

!!SBtab TableID='Predicted Gibbs energies' TableType='Quantity' TableName='Predicted Gibbs energies' SBtabVersion='1.0' Unit='kJ/mol'
!QuantityType	!Reaction	!Value
reaction gibbs energy	R_PFK	0.000e+00
reaction gibbs energy	R_PFL	0.000e+00
reaction gibbs energy	R_PGI	-5.551e+00
reaction gibbs energy	R_PGK	-5.767e+00
reaction gibbs energy	R_PGL	-1.695e+01
reaction gibbs energy	R_ACALD	0.000e+00
reaction gibbs energy	R_PGM	0.000e+00
reaction gibbs energy	R_ALCD2x	0.000e+00
reaction gibbs energy	R_ACKr	-1.126e+01
reaction gibbs energy	R_PPC	-2.653e+01
reaction gibbs energy	R_ACONTa	-5.551e+00
reaction gibbs energy	R_ACONTb	-5.551e+00
reaction gibbs energy	R_ATPM	0.000e+00
reaction gibbs energy	R_PPCK	0.000e+00
reaction gibbs energy	R_PPS	-2.081e+01
reaction gibbs energy	R_ADK1	-5.669e+00
reaction gibbs energy	R_AKGDH	0.000e+00
reaction gibbs energy	R_PTAr	-5.551e+00
reaction gibbs energy	R_PYK	0.000e+00
reaction gibbs energy	R_RPE	-5.551e+00
reaction gibbs energy	R_CS	-3.370e+01
reaction gibbs energy	R_RPI	-5.551e+00
reaction gibbs energy	R_ENO	0.000e+00
reaction gibbs energy	R_SUCDi	0.000e+00
reaction gibbs energy	R_SUCOAS	0.000e+00
reaction gibbs energy	R_TALA	-5.891e+00
reaction gibbs energy	R_TKT1	-5.551e+00
reaction gibbs energy	R_TKT2	-5.551e+00
reaction gibbs energy	R_TPI	-5.551e+00
reaction gibbs energy	R_FBA	-5.615e+00
reaction gibbs energy	R_FBP	-1.972e+01
reaction gibbs energy	R_FRD7	0.000e+00
reaction gibbs energy	R_FUM	0.000e+00
reaction gibbs energy	R_G6PDH2r	-8.382e+00
reaction gibbs energy	R_GAPD	-5.778e+00
reaction gibbs energy	R_GLNS	-1.080e+01
reaction gibbs energy	R_GLUDy	0.000e+00
reaction gibbs energy	R_GLUN	0.000e+00
reaction gibbs energy	R_GLUSy	-3.723e+01
reaction gibbs energy	R_GND	-8.611e+00
reaction gibbs energy	R_ICDHyr	-7.815e+00
reaction gibbs energy	R_ICL	0.000e+00
reaction gibbs energy	R_LDH_D	0.000e+00
reaction gibbs energy	R_MALS	0.000e+00
reaction gibbs energy	R_MDH	0.000e+00
reaction gibbs energy	R_ME1	0.000e+00
reaction gibbs energy	R_ME2	0.000e+00
reaction gibbs energy	R_NADTRHD	0.000e+00
reaction gibbs energy	R_PDH	-5.440e+01

