!!!SBtab DocumentName='report' SBtabVersion='1.0' Date='2022-6-9'
!!SBtab TableID='Predicted concentrations' TableType='Quantity' TableName='Predicted concentrations' SBtabVersion='1.0' Unit='M'
!QuantityType	!Compound	!Value
concentration	M_h2o_c	1.000e+00
concentration	M_atp_c	2.427e-03
concentration	M_nadp_c	6.616e-06
concentration	M_nadph_c	5.081e-05
concentration	M_adp_c	2.609e-04
concentration	M_nad_c	1.541e-03
concentration	M_pi_c	7.044e-03
concentration	M_nadh_c	4.133e-05
concentration	M_coa_c	1.256e-04
concentration	M_co2_c	1.552e-04
concentration	M_amp_c	2.677e-04
concentration	M_nh4_c	1.203e-05
concentration	M_akg_c	2.658e-04
concentration	M_accoa_c	1.255e-03
concentration	M_pyr_c	8.047e-04
concentration	M_succ_c	3.758e-04
concentration	M_ac_c	3.539e-04
concentration	M_gln__L_c	2.097e-03
concentration	M_for_c	1.000e-04
concentration	M_oaa_c	1.514e-06
concentration	M_glx_c	1.000e-04
concentration	M_pep_c	6.167e-04
concentration	M_g3p_c	8.951e-05
concentration	M_acald_c	1.000e-04
concentration	M_dhap_c	4.862e-04
concentration	M_succoa_c	6.701e-04
concentration	M_fum_c	2.100e-03
concentration	M_mal__L_c	4.711e-03
concentration	M_r5p_c	1.071e-04
concentration	M_3pg_c	2.056e-03
concentration	M_cit_c	2.013e-03
concentration	M_ru5p__D_c	2.302e-04
concentration	M_g6p_c	3.989e-04
concentration	M_q8_c	1.954e-05
concentration	M_xu5p__D_c	2.484e-04
concentration	M_q8h2_c	5.117e-04
concentration	M_e4p_c	1.358e-05
concentration	M_13dpg_c	1.826e-05
concentration	M_s7p_c	6.917e-04
concentration	M_2pg_c	1.947e-04
concentration	M_actp_c	1.286e-03
concentration	M_lac__D_c	8.834e-04
concentration	M_etoh_c	1.000e-04
concentration	M_6pgc_c	1.034e-04
concentration	M_fdp_c	1.443e-04
concentration	M_6pgl_c	1.812e-05
concentration	M_acon_C_c	2.907e-05
concentration	M_glu__L_c	2.165e-02
concentration	M_icit_c	1.682e-05
concentration	M_f6p_c	2.855e-04

!!SBtab TableID='Predicted Gibbs energies' TableType='Quantity' TableName='Predicted Gibbs energies' SBtabVersion='1.0' Unit='kJ/mol'
!QuantityType	!Reaction	!Value
reaction gibbs energy	R_PFK	0.000e+00
reaction gibbs energy	R_PFL	0.000e+00
reaction gibbs energy	R_PGI	-1.663e+00
reaction gibbs energy	R_PGK	-1.870e-02
reaction gibbs energy	R_PGL	-1.965e+01
reaction gibbs energy	R_ACALD	0.000e+00
reaction gibbs energy	R_PGM	-1.870e-02
reaction gibbs energy	R_ALCD2x	0.000e+00
reaction gibbs energy	R_ACKr	-1.173e+01
reaction gibbs energy	R_PPC	-4.609e+01
reaction gibbs energy	R_ACONTa	-1.757e+00
reaction gibbs energy	R_ACONTb	-2.898e+00
reaction gibbs energy	R_ATPM	0.000e+00
reaction gibbs energy	R_PPCK	0.000e+00
reaction gibbs energy	R_PPS	-2.026e+01
reaction gibbs energy	R_ADK1	-5.471e+00
reaction gibbs energy	R_AKGDH	-3.392e+01
reaction gibbs energy	R_PTAr	-8.783e-01
reaction gibbs energy	R_PYK	0.000e+00
reaction gibbs energy	R_RPE	-3.282e+00
reaction gibbs energy	R_CS	-2.535e+01
reaction gibbs energy	R_RPI	-4.041e+00
reaction gibbs energy	R_ENO	-1.870e-02
reaction gibbs energy	R_SUCDi	-1.175e+01
reaction gibbs energy	R_SUCOAS	-4.158e+00
reaction gibbs energy	R_TALA	-7.906e+00
reaction gibbs energy	R_TKT1	-1.845e+00
reaction gibbs energy	R_TKT2	0.000e+00
reaction gibbs energy	R_TPI	-1.045e+00
reaction gibbs energy	R_FBA	-2.147e+00
reaction gibbs energy	R_FBP	-2.311e+01
reaction gibbs energy	R_FRD7	0.000e+00
reaction gibbs energy	R_FUM	-1.421e+00
reaction gibbs energy	R_G6PDH2r	-7.592e+00
reaction gibbs energy	R_GAPD	-9.991e-01
reaction gibbs energy	R_GLNS	-9.841e+00
reaction gibbs energy	R_GLUDy	0.000e+00
reaction gibbs energy	R_GLUN	0.000e+00
reaction gibbs energy	R_GLUSy	-3.814e+01
reaction gibbs energy	R_GND	-3.512e+00
reaction gibbs energy	R_ICDHyr	-3.624e+00
reaction gibbs energy	R_ICL	0.000e+00
reaction gibbs energy	R_LDH_D	-1.304e+01
reaction gibbs energy	R_MALS	0.000e+00
reaction gibbs energy	R_MDH	-7.446e-01
reaction gibbs energy	R_ME1	0.000e+00
reaction gibbs energy	R_ME2	0.000e+00
reaction gibbs energy	R_NADTRHD	-1.411e+01
reaction gibbs energy	R_PDH	-4.245e+01

