!!!SBtab DocumentName='report' SBtabVersion='1.0' Date='2022-6-9'
!!SBtab TableID='Predicted concentrations' TableType='Quantity' TableName='Predicted concentrations' SBtabVersion='1.0' Unit='M'
!QuantityType	!Compound	!Value
concentration	M_h2o_c	1.000e+00
concentration	M_atp_c	2.427e-03
concentration	M_nadp_c	6.650e-06
concentration	M_nadph_c	5.233e-05
concentration	M_adp_c	2.609e-04
concentration	M_nad_c	1.593e-03
concentration	M_pi_c	8.090e-03
concentration	M_nadh_c	1.082e-05
concentration	M_coa_c	7.118e-03
concentration	M_co2_c	5.377e-05
concentration	M_amp_c	2.699e-04
concentration	M_nh4_c	1.037e-05
concentration	M_akg_c	3.007e-04
concentration	M_accoa_c	5.290e-04
concentration	M_pyr_c	1.262e-03
concentration	M_succ_c	4.023e-04
concentration	M_ac_c	1.000e-02
concentration	M_gln__L_c	2.093e-03
concentration	M_for_c	9.998e-05
concentration	M_oaa_c	3.160e-04
concentration	M_glx_c	9.998e-05
concentration	M_pep_c	6.167e-04
concentration	M_g3p_c	1.623e-04
concentration	M_acald_c	9.998e-05
concentration	M_dhap_c	5.662e-04
concentration	M_succoa_c	3.900e-04
concentration	M_fum_c	1.518e-03
concentration	M_mal__L_c	1.555e-03
concentration	M_r5p_c	1.322e-04
concentration	M_3pg_c	1.020e-03
concentration	M_cit_c	2.240e-03
concentration	M_ru5p__D_c	2.589e-04
concentration	M_g6p_c	3.873e-04
concentration	M_q8_c	2.170e-05
concentration	M_xu5p__D_c	2.949e-04
concentration	M_q8h2_c	4.606e-04
concentration	M_e4p_c	1.367e-05
concentration	M_13dpg_c	2.688e-05
concentration	M_s7p_c	5.959e-04
concentration	M_2pg_c	1.399e-04
concentration	M_actp_c	1.020e-03
concentration	M_lac__D_c	9.998e-05
concentration	M_etoh_c	9.998e-05
concentration	M_6pgc_c	9.537e-05
concentration	M_fdp_c	1.675e-04
concentration	M_6pgl_c	2.126e-05
concentration	M_acon_C_c	2.836e-05
concentration	M_glu__L_c	2.214e-02
concentration	M_icit_c	1.324e-05
concentration	M_f6p_c	2.929e-04

!!SBtab TableID='Predicted Gibbs energies' TableType='Quantity' TableName='Predicted Gibbs energies' SBtabVersion='1.0' Unit='kJ/mol'
!QuantityType	!Reaction	!Value
reaction gibbs energy	R_PFK	0.000e+00
reaction gibbs energy	R_PFL	0.000e+00
reaction gibbs energy	R_PGI	-1.831e+00
reaction gibbs energy	R_PGK	-4.985e+00
reaction gibbs energy	R_PGL	-2.015e+01
reaction gibbs energy	R_ACALD	0.000e+00
reaction gibbs energy	R_PGM	-5.939e-01
reaction gibbs energy	R_ALCD2x	0.000e+00
reaction gibbs energy	R_ACKr	-5.939e-01
reaction gibbs energy	R_PPC	-2.928e+01
reaction gibbs energy	R_ACONTa	-2.121e+00
reaction gibbs energy	R_ACONTb	-3.396e+00
reaction gibbs energy	R_ATPM	0.000e+00
reaction gibbs energy	R_PPCK	0.000e+00
reaction gibbs energy	R_PPS	-2.097e+01
reaction gibbs energy	R_ADK1	-5.519e+00
reaction gibbs energy	R_AKGDH	0.000e+00
reaction gibbs energy	R_PTAr	-7.352e+00
reaction gibbs energy	R_PYK	0.000e+00
reaction gibbs energy	R_RPE	-3.122e+00
reaction gibbs energy	R_CS	-2.591e+01
reaction gibbs energy	R_RPI	-3.802e+00
reaction gibbs energy	R_ENO	-5.939e-01
reaction gibbs energy	R_SUCDi	-1.370e+01
reaction gibbs energy	R_SUCOAS	0.000e+00
reaction gibbs energy	R_TALA	-8.912e+00
reaction gibbs energy	R_TKT1	-1.653e+00
reaction gibbs energy	R_TKT2	-4.284e+00
reaction gibbs energy	R_TPI	-2.276e+00
reaction gibbs energy	R_FBA	-3.759e+00
reaction gibbs energy	R_FBP	-2.309e+01
reaction gibbs energy	R_FRD7	0.000e+00
reaction gibbs energy	R_FUM	-3.364e+00
reaction gibbs energy	R_G6PDH2r	-7.110e+00
reaction gibbs energy	R_GAPD	-1.814e+00
reaction gibbs energy	R_GLNS	-9.186e+00
reaction gibbs energy	R_GLUDy	0.000e+00
reaction gibbs energy	R_GLUN	0.000e+00
reaction gibbs energy	R_GLUSy	-3.825e+01
reaction gibbs energy	R_GND	-5.948e+00
reaction gibbs energy	R_ICDHyr	-5.691e+00
reaction gibbs energy	R_ICL	0.000e+00
reaction gibbs energy	R_LDH_D	0.000e+00
reaction gibbs energy	R_MALS	0.000e+00
reaction gibbs energy	R_MDH	0.000e+00
reaction gibbs energy	R_ME1	0.000e+00
reaction gibbs energy	R_ME2	-6.870e+00
reaction gibbs energy	R_NADTRHD	-1.758e+01
reaction gibbs energy	R_PDH	0.000e+00

