!!!SBtab DocumentName='report' SBtabVersion='1.0' Date='2022-6-9'
!!SBtab TableID='Predicted concentrations' TableType='Quantity' TableName='Predicted concentrations' SBtabVersion='1.0' Unit='M'
!QuantityType	!Compound	!Value
concentration	M_h2o_c	1.000e+00
concentration	M_atp_c	2.427e-03
concentration	M_nadp_c	6.661e-06
concentration	M_nadph_c	5.322e-05
concentration	M_adp_c	2.609e-04
concentration	M_nad_c	2.039e-03
concentration	M_pi_c	7.649e-03
concentration	M_nadh_c	4.363e-06
concentration	M_coa_c	1.925e-02
concentration	M_co2_c	3.179e-05
concentration	M_amp_c	2.677e-04
concentration	M_nh4_c	2.022e-05
concentration	M_akg_c	2.932e-04
concentration	M_accoa_c	4.652e-04
concentration	M_pyr_c	1.581e-03
concentration	M_succ_c	4.308e-04
concentration	M_ac_c	1.000e-02
concentration	M_gln__L_c	2.080e-03
concentration	M_for_c	1.000e-04
concentration	M_oaa_c	3.864e-06
concentration	M_glx_c	1.856e-05
concentration	M_pep_c	1.562e-04
concentration	M_g3p_c	3.985e-05
concentration	M_acald_c	1.000e-04
concentration	M_dhap_c	8.433e-04
concentration	M_succoa_c	3.901e-04
concentration	M_fum_c	1.951e-03
concentration	M_mal__L_c	2.393e-03
concentration	M_r5p_c	9.762e-05
concentration	M_3pg_c	1.581e-03
concentration	M_cit_c	2.270e-03
concentration	M_ru5p__D_c	2.632e-04
concentration	M_g6p_c	3.505e-04
concentration	M_q8_c	1.963e-05
concentration	M_xu5p__D_c	2.163e-04
concentration	M_q8h2_c	5.094e-04
concentration	M_e4p_c	1.345e-05
concentration	M_13dpg_c	2.124e-05
concentration	M_s7p_c	7.533e-04
concentration	M_2pg_c	9.400e-05
concentration	M_actp_c	1.020e-03
concentration	M_lac__D_c	5.479e-04
concentration	M_etoh_c	1.000e-04
concentration	M_6pgc_c	9.222e-05
concentration	M_fdp_c	7.038e-04
concentration	M_6pgl_c	1.318e-05
concentration	M_acon_C_c	2.476e-05
concentration	M_glu__L_c	2.241e-02
concentration	M_icit_c	9.576e-06
concentration	M_f6p_c	3.005e-04

!!SBtab TableID='Predicted Gibbs energies' TableType='Quantity' TableName='Predicted Gibbs energies' SBtabVersion='1.0' Unit='kJ/mol'
!QuantityType	!Reaction	!Value
reaction gibbs energy	R_PFK	-1.922e+01
reaction gibbs energy	R_PFL	0.000e+00
reaction gibbs energy	R_PGI	-2.184e+00
reaction gibbs energy	R_PGK	-3.260e+00
reaction gibbs energy	R_PGL	-1.890e+01
reaction gibbs energy	R_ACALD	0.000e+00
reaction gibbs energy	R_PGM	-2.592e+00
reaction gibbs energy	R_ALCD2x	0.000e+00
reaction gibbs energy	R_ACKr	-1.274e+00
reaction gibbs energy	R_PPC	-3.472e+01
reaction gibbs energy	R_ACONTa	-2.494e+00
reaction gibbs energy	R_ACONTb	-3.843e+00
reaction gibbs energy	R_ATPM	0.000e+00
reaction gibbs energy	R_PPCK	0.000e+00
reaction gibbs energy	R_PPS	0.000e+00
reaction gibbs energy	R_ADK1	0.000e+00
reaction gibbs energy	R_AKGDH	0.000e+00
reaction gibbs energy	R_PTAr	-9.718e+00
reaction gibbs energy	R_PYK	-1.535e+01
reaction gibbs energy	R_RPE	-3.856e+00
reaction gibbs energy	R_CS	-1.204e+01
reaction gibbs energy	R_RPI	-4.578e+00
reaction gibbs energy	R_ENO	-2.605e+00
reaction gibbs energy	R_SUCDi	-1.268e+01
reaction gibbs energy	R_SUCOAS	0.000e+00
reaction gibbs energy	R_TALA	-5.945e+00
reaction gibbs energy	R_TKT1	-2.940e+00
reaction gibbs energy	R_TKT2	0.000e+00
reaction gibbs energy	R_TPI	-2.005e+00
reaction gibbs energy	R_FBA	-2.112e+00
reaction gibbs energy	R_FBP	0.000e+00
reaction gibbs energy	R_FRD7	0.000e+00
reaction gibbs energy	R_FUM	-2.921e+00
reaction gibbs energy	R_G6PDH2r	-8.070e+00
reaction gibbs energy	R_GAPD	-1.619e+00
reaction gibbs energy	R_GLNS	-1.098e+01
reaction gibbs energy	R_GLUDy	0.000e+00
reaction gibbs energy	R_GLUN	0.000e+00
reaction gibbs energy	R_GLUSy	-3.804e+01
reaction gibbs energy	R_GND	-7.512e+00
reaction gibbs energy	R_ICDHyr	-6.625e+00
reaction gibbs energy	R_ICL	-8.366e+00
reaction gibbs energy	R_LDH_D	-9.631e+00
reaction gibbs energy	R_MALS	-1.622e+01
reaction gibbs energy	R_MDH	-3.070e+00
reaction gibbs energy	R_ME1	0.000e+00
reaction gibbs energy	R_ME2	-9.220e+00
reaction gibbs energy	R_NADTRHD	0.000e+00
reaction gibbs energy	R_PDH	0.000e+00

