!!!SBtab DocumentName='report' SBtabVersion='1.0' Date='2022-6-9'
!!SBtab TableID='Predicted concentrations' TableType='Quantity' TableName='Predicted concentrations' SBtabVersion='1.0' Unit='M'
!QuantityType	!Compound	!Value
concentration	M_h2o_c	1.000e+00
concentration	M_atp_c	2.427e-03
concentration	M_nadp_c	6.699e-06
concentration	M_nadph_c	5.178e-05
concentration	M_adp_c	2.609e-04
concentration	M_nad_c	1.927e-03
concentration	M_pi_c	8.584e-03
concentration	M_nadh_c	4.050e-06
concentration	M_coa_c	6.918e-04
concentration	M_co2_c	5.845e-05
concentration	M_amp_c	2.677e-04
concentration	M_nh4_c	1.000e-04
concentration	M_akg_c	2.855e-04
concentration	M_accoa_c	3.537e-04
concentration	M_pyr_c	1.217e-03
concentration	M_succ_c	2.975e-04
concentration	M_ac_c	1.000e-02
concentration	M_gln__L_c	2.104e-03
concentration	M_for_c	1.000e-04
concentration	M_oaa_c	1.013e-04
concentration	M_glx_c	1.000e-04
concentration	M_pep_c	1.674e-04
concentration	M_g3p_c	3.669e-05
concentration	M_acald_c	1.000e-04
concentration	M_dhap_c	8.051e-04
concentration	M_succoa_c	1.041e-03
concentration	M_fum_c	1.214e-03
concentration	M_mal__L_c	2.312e-03
concentration	M_r5p_c	8.904e-05
concentration	M_3pg_c	1.577e-03
concentration	M_cit_c	2.354e-03
concentration	M_ru5p__D_c	2.387e-04
concentration	M_g6p_c	4.825e-04
concentration	M_q8_c	1.782e-05
concentration	M_xu5p__D_c	1.917e-04
concentration	M_q8h2_c	5.611e-04
concentration	M_e4p_c	1.343e-05
concentration	M_13dpg_c	2.219e-05
concentration	M_s7p_c	7.879e-04
concentration	M_2pg_c	9.726e-05
concentration	M_actp_c	1.020e-03
concentration	M_lac__D_c	5.067e-04
concentration	M_etoh_c	1.000e-04
concentration	M_6pgc_c	9.352e-05
concentration	M_fdp_c	6.748e-04
concentration	M_6pgl_c	1.652e-05
concentration	M_acon_C_c	2.652e-05
concentration	M_glu__L_c	2.173e-02
concentration	M_icit_c	1.139e-05
concentration	M_f6p_c	2.309e-04

!!SBtab TableID='Predicted Gibbs energies' TableType='Quantity' TableName='Predicted Gibbs energies' SBtabVersion='1.0' Unit='kJ/mol'
!QuantityType	!Reaction	!Value
reaction gibbs energy	R_PFK	-1.867e+01
reaction gibbs energy	R_PFL	0.000e+00
reaction gibbs energy	R_PGI	0.000e+00
reaction gibbs energy	R_PGK	-3.374e+00
reaction gibbs energy	R_PGL	-1.942e+01
reaction gibbs energy	R_ACALD	0.000e+00
reaction gibbs energy	R_PGM	-2.502e+00
reaction gibbs energy	R_ALCD2x	0.000e+00
reaction gibbs energy	R_ACKr	-1.274e+00
reaction gibbs energy	R_PPC	-2.802e+01
reaction gibbs energy	R_ACONTa	-2.414e+00
reaction gibbs energy	R_ACONTb	-3.584e+00
reaction gibbs energy	R_ATPM	0.000e+00
reaction gibbs energy	R_PPCK	0.000e+00
reaction gibbs energy	R_PPS	0.000e+00
reaction gibbs energy	R_ADK1	0.000e+00
reaction gibbs energy	R_AKGDH	-4.638e+01
reaction gibbs energy	R_PTAr	-1.871e+00
reaction gibbs energy	R_PYK	0.000e+00
reaction gibbs energy	R_RPE	-3.914e+00
reaction gibbs energy	R_CS	-2.761e+01
reaction gibbs energy	R_RPI	-4.564e+00
reaction gibbs energy	R_ENO	-2.518e+00
reaction gibbs energy	R_SUCDi	-1.246e+01
reaction gibbs energy	R_SUCOAS	-2.177e+00
reaction gibbs energy	R_TALA	-6.510e+00
reaction gibbs energy	R_TKT1	-2.506e+00
reaction gibbs energy	R_TKT2	-7.353e+00
reaction gibbs energy	R_TPI	-2.095e+00
reaction gibbs energy	R_FBA	-2.327e+00
reaction gibbs energy	R_FBP	-2.703e+01
reaction gibbs energy	R_FRD7	0.000e+00
reaction gibbs energy	R_FUM	0.000e+00
reaction gibbs energy	R_G6PDH2r	-8.384e+00
reaction gibbs energy	R_GAPD	-1.637e+00
reaction gibbs energy	R_GLNS	0.000e+00
reaction gibbs energy	R_GLUDy	0.000e+00
reaction gibbs energy	R_GLUN	0.000e+00
reaction gibbs energy	R_GLUSy	0.000e+00
reaction gibbs energy	R_GND	-6.362e+00
reaction gibbs energy	R_ICDHyr	-5.693e+00
reaction gibbs energy	R_ICL	0.000e+00
reaction gibbs energy	R_LDH_D	-9.132e+00
reaction gibbs energy	R_MALS	0.000e+00
reaction gibbs energy	R_MDH	0.000e+00
reaction gibbs energy	R_ME1	0.000e+00
reaction gibbs energy	R_ME2	0.000e+00
reaction gibbs energy	R_NADTRHD	-2.044e+01
reaction gibbs energy	R_PDH	0.000e+00

