!!!SBtab DocumentName='report' SBtabVersion='1.0' Date='2022-6-9'
!!SBtab TableID='Predicted concentrations' TableType='Quantity' TableName='Predicted concentrations' SBtabVersion='1.0' Unit='M'
!QuantityType	!Compound	!Value
concentration	M_h2o_c	1.000e+00
concentration	M_atp_c	1.899e-03
concentration	M_nadp_c	6.870e-06
concentration	M_nadph_c	4.990e-05
concentration	M_adp_c	3.349e-04
concentration	M_nad_c	1.912e-03
concentration	M_pi_c	9.098e-03
concentration	M_nadh_c	4.786e-06
concentration	M_coa_c	1.187e-04
concentration	M_co2_c	6.622e-05
concentration	M_amp_c	2.744e-04
concentration	M_nh4_c	1.527e-05
concentration	M_akg_c	2.778e-04
concentration	M_accoa_c	1.370e-03
concentration	M_pyr_c	9.039e-04
concentration	M_succ_c	4.286e-04
concentration	M_ac_c	6.660e-04
concentration	M_gln__L_c	2.095e-03
concentration	M_for_c	1.000e-04
concentration	M_oaa_c	9.384e-05
concentration	M_glx_c	1.529e-05
concentration	M_pep_c	6.167e-04
concentration	M_g3p_c	4.291e-05
concentration	M_acald_c	1.000e-04
concentration	M_dhap_c	8.219e-04
concentration	M_succoa_c	3.901e-04
concentration	M_fum_c	1.232e-03
concentration	M_mal__L_c	2.715e-03
concentration	M_r5p_c	9.818e-05
concentration	M_3pg_c	1.020e-03
concentration	M_cit_c	2.406e-03
concentration	M_ru5p__D_c	2.655e-04
concentration	M_g6p_c	4.970e-04
concentration	M_q8_c	2.123e-05
concentration	M_xu5p__D_c	2.212e-04
concentration	M_q8h2_c	4.711e-04
concentration	M_e4p_c	1.350e-05
concentration	M_13dpg_c	2.168e-05
concentration	M_s7p_c	7.286e-04
concentration	M_2pg_c	1.322e-04
concentration	M_actp_c	1.223e-03
concentration	M_lac__D_c	3.538e-04
concentration	M_etoh_c	1.000e-04
concentration	M_6pgc_c	9.837e-05
concentration	M_fdp_c	6.938e-04
concentration	M_6pgl_c	2.276e-05
concentration	M_acon_C_c	2.484e-05
concentration	M_glu__L_c	2.212e-02
concentration	M_icit_c	1.099e-05
concentration	M_f6p_c	2.157e-04

!!SBtab TableID='Predicted Gibbs energies' TableType='Quantity' TableName='Predicted Gibbs energies' SBtabVersion='1.0' Unit='kJ/mol'
!QuantityType	!Reaction	!Value
reaction gibbs energy	R_PFK	-1.755e+01
reaction gibbs energy	R_PFL	0.000e+00
reaction gibbs energy	R_PGI	0.000e+00
reaction gibbs energy	R_PGK	-5.718e+00
reaction gibbs energy	R_PGL	-2.040e+01
reaction gibbs energy	R_ACALD	0.000e+00
reaction gibbs energy	R_PGM	-1.384e+00
reaction gibbs energy	R_ALCD2x	0.000e+00
reaction gibbs energy	R_ACKr	-1.128e+01
reaction gibbs energy	R_PPC	-3.323e+01
reaction gibbs energy	R_ACONTa	-2.584e+00
reaction gibbs energy	R_ACONTb	-3.576e+00
reaction gibbs energy	R_ATPM	0.000e+00
reaction gibbs energy	R_PPCK	0.000e+00
reaction gibbs energy	R_PPS	-1.922e+01
reaction gibbs energy	R_ADK1	-3.686e+00
reaction gibbs energy	R_AKGDH	0.000e+00
reaction gibbs energy	R_PTAr	-1.991e+00
reaction gibbs energy	R_PYK	0.000e+00
reaction gibbs energy	R_RPE	-3.969e+00
reaction gibbs energy	R_CS	-3.550e+01
reaction gibbs energy	R_RPI	-4.620e+00
reaction gibbs energy	R_ENO	-1.384e+00
reaction gibbs energy	R_SUCDi	-1.405e+01
reaction gibbs energy	R_SUCOAS	0.000e+00
reaction gibbs energy	R_TALA	-6.950e+00
reaction gibbs energy	R_TKT1	-3.092e+00
reaction gibbs energy	R_TKT2	0.000e+00
reaction gibbs energy	R_TPI	-2.055e+00
reaction gibbs energy	R_FBA	-2.242e+00
reaction gibbs energy	R_FBP	0.000e+00
reaction gibbs energy	R_FRD7	0.000e+00
reaction gibbs energy	R_FUM	0.000e+00
reaction gibbs energy	R_G6PDH2r	-7.707e+00
reaction gibbs energy	R_GAPD	-1.829e+00
reaction gibbs energy	R_GLNS	-8.648e+00
reaction gibbs energy	R_GLUDy	0.000e+00
reaction gibbs energy	R_GLUN	0.000e+00
reaction gibbs energy	R_GLUSy	-3.800e+01
reaction gibbs energy	R_GND	-5.299e+00
reaction gibbs energy	R_ICDHyr	-4.724e+00
reaction gibbs energy	R_ICL	-9.314e+00
reaction gibbs energy	R_LDH_D	-9.719e+00
reaction gibbs energy	R_MALS	-2.897e+01
reaction gibbs energy	R_MDH	0.000e+00
reaction gibbs energy	R_ME1	0.000e+00
reaction gibbs energy	R_ME2	-8.309e+00
reaction gibbs energy	R_NADTRHD	0.000e+00
reaction gibbs energy	R_PDH	-5.061e+01

