!!!SBtab DocumentName='report' SBtabVersion='1.0' Date='2022-6-9'
!!SBtab TableID='Predicted concentrations' TableType='Quantity' TableName='Predicted concentrations' SBtabVersion='1.0' Unit='M'
!QuantityType	!Compound	!Value
concentration	M_h2o_c	1.000e+00
concentration	M_atp_c	1.485e-03
concentration	M_nadp_c	6.686e-06
concentration	M_nadph_c	5.095e-05
concentration	M_adp_c	4.529e-04
concentration	M_nad_c	2.288e-03
concentration	M_pi_c	1.000e-02
concentration	M_nadh_c	3.822e-06
concentration	M_coa_c	8.830e-05
concentration	M_co2_c	3.377e-05
concentration	M_amp_c	2.677e-04
concentration	M_nh4_c	4.264e-05
concentration	M_akg_c	2.549e-04
concentration	M_accoa_c	1.740e-03
concentration	M_pyr_c	1.245e-03
concentration	M_succ_c	4.127e-04
concentration	M_ac_c	5.660e-04
concentration	M_gln__L_c	2.067e-03
concentration	M_for_c	1.000e-04
concentration	M_oaa_c	3.444e-05
concentration	M_glx_c	1.000e-04
concentration	M_pep_c	1.096e-04
concentration	M_g3p_c	4.094e-05
concentration	M_acald_c	1.000e-04
concentration	M_dhap_c	9.870e-04
concentration	M_succoa_c	3.901e-04
concentration	M_fum_c	2.246e-03
concentration	M_mal__L_c	1.049e-03
concentration	M_r5p_c	1.149e-04
concentration	M_3pg_c	2.230e-03
concentration	M_cit_c	3.276e-03
concentration	M_ru5p__D_c	3.877e-04
concentration	M_g6p_c	9.448e-04
concentration	M_q8_c	2.203e-05
concentration	M_xu5p__D_c	2.369e-04
concentration	M_q8h2_c	4.541e-04
concentration	M_e4p_c	1.324e-05
concentration	M_13dpg_c	1.826e-05
concentration	M_s7p_c	5.613e-04
concentration	M_2pg_c	9.769e-05
concentration	M_actp_c	1.020e-03
concentration	M_lac__D_c	2.760e-04
concentration	M_etoh_c	1.000e-04
concentration	M_6pgc_c	9.419e-05
concentration	M_fdp_c	9.508e-04
concentration	M_6pgl_c	2.585e-05
concentration	M_acon_C_c	1.617e-05
concentration	M_glu__L_c	2.262e-02
concentration	M_icit_c	4.523e-06
concentration	M_f6p_c	1.267e-04

!!SBtab TableID='Predicted Gibbs energies' TableType='Quantity' TableName='Predicted Gibbs energies' SBtabVersion='1.0' Unit='kJ/mol'
!QuantityType	!Reaction	!Value
reaction gibbs energy	R_PFK	-1.274e+01
reaction gibbs energy	R_PFL	0.000e+00
reaction gibbs energy	R_PGI	-4.153e+00
reaction gibbs energy	R_PGK	-4.153e+00
reaction gibbs energy	R_PGL	-2.072e+01
reaction gibbs energy	R_ACALD	0.000e+00
reaction gibbs energy	R_PGM	-4.153e+00
reaction gibbs energy	R_ALCD2x	0.000e+00
reaction gibbs energy	R_ACKr	-1.234e+01
reaction gibbs energy	R_PPC	-2.541e+01
reaction gibbs energy	R_ACONTa	-4.396e+00
reaction gibbs energy	R_ACONTb	-4.669e+00
reaction gibbs energy	R_ATPM	0.000e+00
reaction gibbs energy	R_PPCK	0.000e+00
reaction gibbs energy	R_PPS	0.000e+00
reaction gibbs energy	R_ADK1	0.000e+00
reaction gibbs energy	R_AKGDH	0.000e+00
reaction gibbs energy	R_PTAr	-4.153e+00
reaction gibbs energy	R_PYK	-1.724e+01
reaction gibbs energy	R_RPE	-5.095e+00
reaction gibbs energy	R_CS	-3.322e+01
reaction gibbs energy	R_RPI	-5.217e+00
reaction gibbs energy	R_ENO	-4.153e+00
reaction gibbs energy	R_SUCDi	-1.286e+01
reaction gibbs energy	R_SUCOAS	0.000e+00
reaction gibbs energy	R_TALA	-7.776e+00
reaction gibbs energy	R_TKT1	-4.862e+00
reaction gibbs energy	R_TKT2	-9.687e+00
reaction gibbs energy	R_TPI	-4.153e+00
reaction gibbs energy	R_FBA	-4.153e+00
reaction gibbs energy	R_FBP	0.000e+00
reaction gibbs energy	R_FRD7	0.000e+00
reaction gibbs energy	R_FUM	-5.323e+00
reaction gibbs energy	R_G6PDH2r	-9.357e+00
reaction gibbs energy	R_GAPD	-4.153e+00
reaction gibbs energy	R_GLNS	-9.577e+00
reaction gibbs energy	R_GLUDy	0.000e+00
reaction gibbs energy	R_GLUN	0.000e+00
reaction gibbs energy	R_GLUSy	-3.741e+01
reaction gibbs energy	R_GND	-8.603e+00
reaction gibbs energy	R_ICDHyr	-6.541e+00
reaction gibbs energy	R_ICL	0.000e+00
reaction gibbs energy	R_LDH_D	-1.012e+01
reaction gibbs energy	R_MALS	0.000e+00
reaction gibbs energy	R_MDH	0.000e+00
reaction gibbs energy	R_ME1	0.000e+00
reaction gibbs energy	R_ME2	-9.470e+00
reaction gibbs energy	R_NADTRHD	0.000e+00
reaction gibbs energy	R_PDH	-5.029e+01

