!!!SBtab DocumentName='report' SBtabVersion='1.0' Date='2022-6-9'
!!SBtab TableID='Predicted concentrations' TableType='Quantity' TableName='Predicted concentrations' SBtabVersion='1.0' Unit='M'
!QuantityType	!Compound	!Value
concentration	M_h2o_c	1.000e+00
concentration	M_atp_c	2.427e-03
concentration	M_nadp_c	6.361e-06
concentration	M_nadph_c	5.269e-05
concentration	M_adp_c	2.609e-04
concentration	M_nad_c	1.641e-03
concentration	M_pi_c	6.551e-03
concentration	M_nadh_c	4.713e-05
concentration	M_coa_c	1.294e-04
concentration	M_co2_c	3.184e-04
concentration	M_amp_c	2.652e-04
concentration	M_nh4_c	2.473e-06
concentration	M_akg_c	2.520e-04
concentration	M_accoa_c	1.297e-03
concentration	M_pyr_c	1.214e-03
concentration	M_succ_c	4.046e-04
concentration	M_ac_c	6.247e-04
concentration	M_gln__L_c	2.100e-03
concentration	M_for_c	1.000e-04
concentration	M_oaa_c	1.405e-06
concentration	M_glx_c	1.000e-04
concentration	M_pep_c	6.167e-04
concentration	M_g3p_c	8.869e-05
concentration	M_acald_c	1.000e-04
concentration	M_dhap_c	4.765e-04
concentration	M_succoa_c	3.901e-04
concentration	M_fum_c	2.133e-03
concentration	M_mal__L_c	4.692e-03
concentration	M_r5p_c	1.060e-04
concentration	M_3pg_c	2.056e-03
concentration	M_cit_c	2.045e-03
concentration	M_ru5p__D_c	2.001e-04
concentration	M_g6p_c	4.022e-04
concentration	M_q8_c	1.635e-05
concentration	M_xu5p__D_c	2.407e-04
concentration	M_q8h2_c	6.117e-04
concentration	M_e4p_c	1.353e-05
concentration	M_13dpg_c	1.826e-05
concentration	M_s7p_c	6.928e-04
concentration	M_2pg_c	1.947e-04
concentration	M_actp_c	1.292e-03
concentration	M_lac__D_c	1.000e-04
concentration	M_etoh_c	1.000e-04
concentration	M_6pgc_c	1.152e-04
concentration	M_fdp_c	1.405e-04
concentration	M_6pgl_c	1.718e-05
concentration	M_acon_C_c	3.003e-05
concentration	M_glu__L_c	2.292e-02
concentration	M_icit_c	2.105e-05
concentration	M_f6p_c	2.863e-04

!!SBtab TableID='Predicted Gibbs energies' TableType='Quantity' TableName='Predicted Gibbs energies' SBtabVersion='1.0' Unit='kJ/mol'
!QuantityType	!Reaction	!Value
reaction gibbs energy	R_PFK	0.000e+00
reaction gibbs energy	R_PFL	0.000e+00
reaction gibbs energy	R_PGI	-1.651e+00
reaction gibbs energy	R_PGK	-1.870e-02
reaction gibbs energy	R_PGL	-1.925e+01
reaction gibbs energy	R_ACALD	0.000e+00
reaction gibbs energy	R_PGM	-1.870e-02
reaction gibbs energy	R_ALCD2x	0.000e+00
reaction gibbs energy	R_ACKr	-1.034e+01
reaction gibbs energy	R_PPC	0.000e+00
reaction gibbs energy	R_ACONTa	-1.716e+00
reaction gibbs energy	R_ACONTb	-2.423e+00
reaction gibbs energy	R_ATPM	0.000e+00
reaction gibbs energy	R_PPCK	0.000e+00
reaction gibbs energy	R_PPS	-2.148e+01
reaction gibbs energy	R_ADK1	-5.448e+00
reaction gibbs energy	R_AKGDH	0.000e+00
reaction gibbs energy	R_PTAr	-6.934e-01
reaction gibbs energy	R_PYK	0.000e+00
reaction gibbs energy	R_RPE	-3.013e+00
reaction gibbs energy	R_CS	-2.513e+01
reaction gibbs energy	R_RPI	-3.718e+00
reaction gibbs energy	R_ENO	-1.870e-02
reaction gibbs energy	R_SUCDi	-1.101e+01
reaction gibbs energy	R_SUCOAS	0.000e+00
reaction gibbs energy	R_TALA	-7.889e+00
reaction gibbs energy	R_TKT1	-1.760e+00
reaction gibbs energy	R_TKT2	0.000e+00
reaction gibbs energy	R_TPI	-1.073e+00
reaction gibbs energy	R_FBA	-2.141e+00
reaction gibbs energy	R_FBP	-2.321e+01
reaction gibbs energy	R_FRD7	0.000e+00
reaction gibbs energy	R_FUM	-1.471e+00
reaction gibbs energy	R_G6PDH2r	-7.555e+00
reaction gibbs energy	R_GAPD	-1.372e+00
reaction gibbs energy	R_GLNS	-6.239e+00
reaction gibbs energy	R_GLUDy	0.000e+00
reaction gibbs energy	R_GLUN	0.000e+00
reaction gibbs energy	R_GLUSy	-3.791e+01
reaction gibbs energy	R_GND	-2.159e+00
reaction gibbs energy	R_ICDHyr	-2.343e+00
reaction gibbs energy	R_ICL	0.000e+00
reaction gibbs energy	R_LDH_D	0.000e+00
reaction gibbs energy	R_MALS	0.000e+00
reaction gibbs energy	R_MDH	-7.484e-01
reaction gibbs energy	R_ME1	-1.892e+01
reaction gibbs energy	R_ME2	-4.794e+00
reaction gibbs energy	R_NADTRHD	0.000e+00
reaction gibbs energy	R_PDH	-4.151e+01

