!!!SBtab DocumentName='report' SBtabVersion='1.0' Date='2022-6-9'
!!SBtab TableID='Predicted concentrations' TableType='Quantity' TableName='Predicted concentrations' SBtabVersion='1.0' Unit='M'
!QuantityType	!Compound	!Value
concentration	M_h2o_c	1.000e+00
concentration	M_atp_c	1.921e-03
concentration	M_nadp_c	6.753e-06
concentration	M_nadph_c	4.954e-05
concentration	M_adp_c	3.298e-04
concentration	M_nad_c	1.648e-03
concentration	M_pi_c	8.278e-03
concentration	M_nadh_c	9.165e-06
concentration	M_coa_c	1.105e-04
concentration	M_co2_c	9.750e-05
concentration	M_amp_c	2.749e-04
concentration	M_nh4_c	9.157e-06
concentration	M_akg_c	2.640e-04
concentration	M_accoa_c	1.383e-03
concentration	M_pyr_c	7.924e-04
concentration	M_succ_c	4.063e-04
concentration	M_ac_c	4.768e-04
concentration	M_gln__L_c	2.101e-03
concentration	M_for_c	1.000e-04
concentration	M_oaa_c	1.746e-06
concentration	M_glx_c	1.000e-04
concentration	M_pep_c	6.167e-04
concentration	M_g3p_c	1.483e-04
concentration	M_acald_c	1.000e-04
concentration	M_dhap_c	4.858e-04
concentration	M_succoa_c	3.901e-04
concentration	M_fum_c	2.026e-03
concentration	M_mal__L_c	2.531e-03
concentration	M_r5p_c	1.376e-04
concentration	M_3pg_c	1.020e-03
concentration	M_cit_c	2.404e-03
concentration	M_ru5p__D_c	2.818e-04
concentration	M_g6p_c	3.456e-04
concentration	M_q8_c	1.881e-05
concentration	M_xu5p__D_c	3.053e-04
concentration	M_q8h2_c	5.316e-04
concentration	M_e4p_c	1.378e-05
concentration	M_13dpg_c	3.132e-05
concentration	M_s7p_c	5.728e-04
concentration	M_2pg_c	1.322e-04
concentration	M_actp_c	1.221e-03
concentration	M_lac__D_c	6.466e-04
concentration	M_etoh_c	1.000e-04
concentration	M_6pgc_c	1.088e-04
concentration	M_fdp_c	1.513e-04
concentration	M_6pgl_c	2.142e-05
concentration	M_acon_C_c	2.571e-05
concentration	M_glu__L_c	2.216e-02
concentration	M_icit_c	1.267e-05
concentration	M_f6p_c	3.138e-04

!!SBtab TableID='Predicted Gibbs energies' TableType='Quantity' TableName='Predicted Gibbs energies' SBtabVersion='1.0' Unit='kJ/mol'
!QuantityType	!Reaction	!Value
reaction gibbs energy	R_PFK	0.000e+00
reaction gibbs energy	R_PFL	0.000e+00
reaction gibbs energy	R_PGI	-2.262e+00
reaction gibbs energy	R_PGK	0.000e+00
reaction gibbs energy	R_PGL	-2.000e+01
reaction gibbs energy	R_ACALD	0.000e+00
reaction gibbs energy	R_PGM	-1.384e+00
reaction gibbs energy	R_ALCD2x	0.000e+00
reaction gibbs energy	R_ACKr	-1.204e+01
reaction gibbs energy	R_PPC	0.000e+00
reaction gibbs energy	R_ACONTa	-2.496e+00
reaction gibbs energy	R_ACONTb	-3.308e+00
reaction gibbs energy	R_ATPM	0.000e+00
reaction gibbs energy	R_PPCK	0.000e+00
reaction gibbs energy	R_PPS	-1.915e+01
reaction gibbs energy	R_ADK1	-3.796e+00
reaction gibbs energy	R_AKGDH	0.000e+00
reaction gibbs energy	R_PTAr	-1.962e+00
reaction gibbs energy	R_PYK	0.000e+00
reaction gibbs energy	R_RPE	-3.318e+00
reaction gibbs energy	R_CS	-2.584e+01
reaction gibbs energy	R_RPI	-3.931e+00
reaction gibbs energy	R_ENO	-1.384e+00
reaction gibbs energy	R_SUCDi	-1.209e+01
reaction gibbs energy	R_SUCOAS	0.000e+00
reaction gibbs energy	R_TALA	-8.448e+00
reaction gibbs energy	R_TKT1	-2.249e+00
reaction gibbs energy	R_TKT2	-4.532e+00
reaction gibbs energy	R_TPI	-2.321e+00
reaction gibbs energy	R_FBA	-3.302e+00
reaction gibbs energy	R_FBP	-2.262e+01
reaction gibbs energy	R_FRD7	0.000e+00
reaction gibbs energy	R_FUM	-2.872e+00
reaction gibbs energy	R_G6PDH2r	-6.932e+00
reaction gibbs energy	R_GAPD	0.000e+00
reaction gibbs energy	R_GLNS	-7.681e+00
reaction gibbs energy	R_GLUDy	0.000e+00
reaction gibbs energy	R_GLUN	0.000e+00
reaction gibbs energy	R_GLUSy	-3.789e+01
reaction gibbs energy	R_GND	-4.417e+00
reaction gibbs energy	R_ICDHyr	-4.220e+00
reaction gibbs energy	R_ICL	0.000e+00
reaction gibbs energy	R_LDH_D	-9.877e+00
reaction gibbs energy	R_MALS	0.000e+00
reaction gibbs energy	R_MDH	-2.749e+00
reaction gibbs energy	R_ME1	0.000e+00
reaction gibbs energy	R_ME2	0.000e+00
reaction gibbs energy	R_NADTRHD	0.000e+00
reaction gibbs energy	R_PDH	-4.714e+01

