!!!SBtab DocumentName='report' SBtabVersion='1.0' Date='2022-6-9'
!!SBtab TableID='Predicted concentrations' TableType='Quantity' TableName='Predicted concentrations' SBtabVersion='1.0' Unit='M'
!QuantityType	!Compound	!Value
concentration	M_h2o_c	1.000e+00
concentration	M_atp_c	2.427e-03
concentration	M_nadp_c	6.673e-06
concentration	M_nadph_c	5.157e-05
concentration	M_adp_c	2.609e-04
concentration	M_nad_c	1.644e-03
concentration	M_pi_c	2.806e-03
concentration	M_nadh_c	1.266e-05
concentration	M_coa_c	9.450e-03
concentration	M_co2_c	8.053e-05
concentration	M_amp_c	2.677e-04
concentration	M_nh4_c	1.000e-04
concentration	M_akg_c	3.180e-04
concentration	M_accoa_c	5.181e-04
concentration	M_pyr_c	1.132e-03
concentration	M_succ_c	4.211e-04
concentration	M_ac_c	1.000e-02
concentration	M_gln__L_c	2.104e-03
concentration	M_for_c	1.000e-04
concentration	M_oaa_c	1.383e-06
concentration	M_glx_c	3.502e-05
concentration	M_pep_c	2.582e-04
concentration	M_g3p_c	1.290e-04
concentration	M_acald_c	1.000e-04
concentration	M_dhap_c	5.018e-04
concentration	M_succoa_c	3.901e-04
concentration	M_fum_c	2.039e-03
concentration	M_mal__L_c	2.668e-03
concentration	M_r5p_c	1.314e-04
concentration	M_3pg_c	1.508e-03
concentration	M_cit_c	2.413e-03
concentration	M_ru5p__D_c	2.686e-04
concentration	M_g6p_c	3.618e-04
concentration	M_q8_c	1.581e-05
concentration	M_xu5p__D_c	2.890e-04
concentration	M_q8h2_c	6.327e-04
concentration	M_e4p_c	1.369e-05
concentration	M_13dpg_c	3.132e-05
concentration	M_s7p_c	5.872e-04
concentration	M_2pg_c	1.000e-04
concentration	M_actp_c	1.020e-03
concentration	M_lac__D_c	5.646e-04
concentration	M_etoh_c	1.000e-04
concentration	M_6pgc_c	1.011e-04
concentration	M_fdp_c	1.551e-04
concentration	M_6pgl_c	1.794e-05
concentration	M_acon_C_c	2.646e-05
concentration	M_glu__L_c	2.173e-02
concentration	M_icit_c	1.064e-05
concentration	M_f6p_c	3.079e-04

!!SBtab TableID='Predicted Gibbs energies' TableType='Quantity' TableName='Predicted Gibbs energies' SBtabVersion='1.0' Unit='kJ/mol'
!QuantityType	!Reaction	!Value
reaction gibbs energy	R_PFK	0.000e+00
reaction gibbs energy	R_PFL	0.000e+00
reaction gibbs energy	R_PGI	-2.167e+00
reaction gibbs energy	R_PGK	0.000e+00
reaction gibbs energy	R_PGL	-1.943e+01
reaction gibbs energy	R_ACALD	0.000e+00
reaction gibbs energy	R_PGM	0.000e+00
reaction gibbs energy	R_ALCD2x	0.000e+00
reaction gibbs energy	R_ACKr	-1.274e+00
reaction gibbs energy	R_PPC	0.000e+00
reaction gibbs energy	R_ACONTa	-2.481e+00
reaction gibbs energy	R_ACONTb	-3.747e+00
reaction gibbs energy	R_ATPM	0.000e+00
reaction gibbs energy	R_PPCK	-5.177e+00
reaction gibbs energy	R_PPS	0.000e+00
reaction gibbs energy	R_ADK1	0.000e+00
reaction gibbs energy	R_AKGDH	0.000e+00
reaction gibbs energy	R_PTAr	-1.017e+01
reaction gibbs energy	R_PYK	0.000e+00
reaction gibbs energy	R_RPE	-3.190e+00
reaction gibbs energy	R_CS	-1.138e+01
reaction gibbs energy	R_RPI	-3.893e+00
reaction gibbs energy	R_ENO	0.000e+00
reaction gibbs energy	R_SUCDi	-1.144e+01
reaction gibbs energy	R_SUCOAS	0.000e+00
reaction gibbs energy	R_TALA	-8.135e+00
reaction gibbs energy	R_TKT1	-2.099e+00
reaction gibbs energy	R_TKT2	-4.589e+00
reaction gibbs energy	R_TPI	-2.192e+00
reaction gibbs energy	R_FBA	-3.260e+00
reaction gibbs energy	R_FBP	-2.545e+01
reaction gibbs energy	R_FRD7	0.000e+00
reaction gibbs energy	R_FUM	-2.762e+00
reaction gibbs energy	R_G6PDH2r	-7.468e+00
reaction gibbs energy	R_GAPD	0.000e+00
reaction gibbs energy	R_GLNS	0.000e+00
reaction gibbs energy	R_GLUDy	0.000e+00
reaction gibbs energy	R_GLUN	0.000e+00
reaction gibbs energy	R_GLUSy	0.000e+00
reaction gibbs energy	R_GND	-5.469e+00
reaction gibbs energy	R_ICDHyr	0.000e+00
reaction gibbs energy	R_ICL	-7.110e+00
reaction gibbs energy	R_LDH_D	-1.190e+01
reaction gibbs energy	R_MALS	-1.956e+01
reaction gibbs energy	R_MDH	-2.711e+00
reaction gibbs energy	R_ME1	0.000e+00
reaction gibbs energy	R_ME2	0.000e+00
reaction gibbs energy	R_NADTRHD	-1.722e+01
reaction gibbs energy	R_PDH	0.000e+00

