!!!SBtab DocumentName='report' SBtabVersion='1.0' Date='2022-6-9'
!!SBtab TableID='Predicted concentrations' TableType='Quantity' TableName='Predicted concentrations' SBtabVersion='1.0' Unit='M'
!QuantityType	!Compound	!Value
concentration	M_h2o_c	1.000e+00
concentration	M_atp_c	2.427e-03
concentration	M_nadp_c	6.659e-06
concentration	M_nadph_c	5.023e-05
concentration	M_adp_c	2.609e-04
concentration	M_nad_c	1.548e-03
concentration	M_pi_c	2.499e-03
concentration	M_nadh_c	2.875e-05
concentration	M_coa_c	1.144e-03
concentration	M_co2_c	2.306e-04
concentration	M_amp_c	2.680e-04
concentration	M_nh4_c	1.032e-05
concentration	M_akg_c	2.914e-04
concentration	M_accoa_c	6.927e-04
concentration	M_pyr_c	9.137e-04
concentration	M_succ_c	4.046e-04
concentration	M_ac_c	1.000e-04
concentration	M_gln__L_c	2.122e-03
concentration	M_for_c	1.000e-04
concentration	M_oaa_c	1.550e-06
concentration	M_glx_c	1.000e-04
concentration	M_pep_c	6.167e-04
concentration	M_g3p_c	1.075e-04
concentration	M_acald_c	1.000e-04
concentration	M_dhap_c	5.214e-04
concentration	M_succoa_c	3.901e-04
concentration	M_fum_c	1.900e-03
concentration	M_mal__L_c	3.728e-03
concentration	M_r5p_c	1.124e-04
concentration	M_3pg_c	2.056e-03
concentration	M_cit_c	2.007e-03
concentration	M_ru5p__D_c	2.121e-04
concentration	M_g6p_c	4.050e-04
concentration	M_q8_c	2.103e-05
concentration	M_xu5p__D_c	2.481e-04
concentration	M_q8h2_c	4.754e-04
concentration	M_e4p_c	1.360e-05
concentration	M_13dpg_c	1.826e-05
concentration	M_s7p_c	6.634e-04
concentration	M_2pg_c	1.947e-04
concentration	M_actp_c	1.442e-03
concentration	M_lac__D_c	1.000e-04
concentration	M_etoh_c	1.000e-04
concentration	M_6pgc_c	1.054e-04
concentration	M_fdp_c	1.570e-04
concentration	M_6pgl_c	3.350e-05
concentration	M_acon_C_c	3.001e-05
concentration	M_glu__L_c	2.078e-02
concentration	M_icit_c	2.004e-05
concentration	M_f6p_c	2.906e-04

!!SBtab TableID='Predicted Gibbs energies' TableType='Quantity' TableName='Predicted Gibbs energies' SBtabVersion='1.0' Unit='kJ/mol'
!QuantityType	!Reaction	!Value
reaction gibbs energy	R_PFK	0.000e+00
reaction gibbs energy	R_PFL	0.000e+00
reaction gibbs energy	R_PGI	-1.670e+00
reaction gibbs energy	R_PGK	-1.870e-02
reaction gibbs energy	R_PGL	-2.112e+01
reaction gibbs energy	R_ACALD	0.000e+00
reaction gibbs energy	R_PGM	-1.870e-02
reaction gibbs energy	R_ALCD2x	0.000e+00
reaction gibbs energy	R_ACKr	0.000e+00
reaction gibbs energy	R_PPC	0.000e+00
reaction gibbs energy	R_ACONTa	-1.671e+00
reaction gibbs energy	R_ACONTb	-2.542e+00
reaction gibbs energy	R_ATPM	0.000e+00
reaction gibbs energy	R_PPCK	0.000e+00
reaction gibbs energy	R_PPS	-2.314e+01
reaction gibbs energy	R_ADK1	-5.473e+00
reaction gibbs energy	R_AKGDH	0.000e+00
reaction gibbs energy	R_PTAr	0.000e+00
reaction gibbs energy	R_PYK	0.000e+00
reaction gibbs energy	R_RPE	-3.083e+00
reaction gibbs energy	R_CS	-1.846e+01
reaction gibbs energy	R_RPI	-3.717e+00
reaction gibbs energy	R_ENO	-1.870e-02
reaction gibbs energy	R_SUCDi	-1.255e+01
reaction gibbs energy	R_SUCOAS	0.000e+00
reaction gibbs energy	R_TALA	-8.207e+00
reaction gibbs energy	R_TKT1	-1.612e+00
reaction gibbs energy	R_TKT2	-4.917e+00
reaction gibbs energy	R_TPI	-1.325e+00
reaction gibbs energy	R_FBA	-2.565e+00
reaction gibbs energy	R_FBP	-2.584e+01
reaction gibbs energy	R_FRD7	0.000e+00
reaction gibbs energy	R_FUM	-1.753e+00
reaction gibbs energy	R_G6PDH2r	-6.150e+00
reaction gibbs energy	R_GAPD	-2.205e+00
reaction gibbs energy	R_GLNS	-1.190e+01
reaction gibbs energy	R_GLUDy	0.000e+00
reaction gibbs energy	R_GLUN	0.000e+00
reaction gibbs energy	R_GLUSy	-3.855e+01
reaction gibbs energy	R_GND	-2.824e+00
reaction gibbs energy	R_ICDHyr	-2.893e+00
reaction gibbs energy	R_ICL	0.000e+00
reaction gibbs energy	R_LDH_D	0.000e+00
reaction gibbs energy	R_MALS	0.000e+00
reaction gibbs energy	R_MDH	-1.015e+00
reaction gibbs energy	R_ME1	0.000e+00
reaction gibbs energy	R_ME2	-5.960e+00
reaction gibbs energy	R_NADTRHD	-1.497e+01
reaction gibbs energy	R_PDH	-4.964e+01

