!!!SBtab DocumentName='report' SBtabVersion='1.0' Date='2022-6-9'
!!SBtab TableID='Predicted concentrations' TableType='Quantity' TableName='Predicted concentrations' SBtabVersion='1.0' Unit='M'
!QuantityType	!Compound	!Value
concentration	M_h2o_c	1.000e+00
concentration	M_atp_c	2.427e-03
concentration	M_nadp_c	6.552e-06
concentration	M_nadph_c	5.147e-05
concentration	M_adp_c	2.609e-04
concentration	M_nad_c	1.963e-03
concentration	M_pi_c	8.781e-03
concentration	M_nadh_c	4.342e-06
concentration	M_coa_c	7.859e-03
concentration	M_co2_c	1.309e-04
concentration	M_amp_c	2.677e-04
concentration	M_nh4_c	3.493e-06
concentration	M_akg_c	2.750e-04
concentration	M_accoa_c	5.666e-04
concentration	M_pyr_c	1.514e-03
concentration	M_succ_c	4.061e-04
concentration	M_ac_c	1.000e-02
concentration	M_gln__L_c	2.156e-03
concentration	M_for_c	1.000e-04
concentration	M_oaa_c	2.390e-06
concentration	M_glx_c	1.000e-04
concentration	M_pep_c	1.678e-04
concentration	M_g3p_c	3.613e-05
concentration	M_acald_c	1.000e-04
concentration	M_dhap_c	8.123e-04
concentration	M_succoa_c	3.901e-04
concentration	M_fum_c	1.670e-03
concentration	M_mal__L_c	1.637e-03
concentration	M_r5p_c	9.755e-05
concentration	M_3pg_c	1.600e-03
concentration	M_cit_c	2.305e-03
concentration	M_ru5p__D_c	2.495e-04
concentration	M_g6p_c	3.570e-04
concentration	M_q8_c	2.260e-05
concentration	M_xu5p__D_c	2.041e-04
concentration	M_q8h2_c	4.424e-04
concentration	M_e4p_c	1.341e-05
concentration	M_13dpg_c	2.198e-05
concentration	M_s7p_c	7.496e-04
concentration	M_2pg_c	9.769e-05
concentration	M_actp_c	1.020e-03
concentration	M_lac__D_c	6.853e-04
concentration	M_etoh_c	1.000e-04
concentration	M_6pgc_c	1.051e-04
concentration	M_fdp_c	6.704e-04
concentration	M_6pgl_c	1.448e-05
concentration	M_acon_C_c	2.588e-05
concentration	M_glu__L_c	2.133e-02
concentration	M_icit_c	1.303e-05
concentration	M_f6p_c	3.016e-04

!!SBtab TableID='Predicted Gibbs energies' TableType='Quantity' TableName='Predicted Gibbs energies' SBtabVersion='1.0' Unit='kJ/mol'
!QuantityType	!Reaction	!Value
reaction gibbs energy	R_PFK	-1.935e+01
reaction gibbs energy	R_PFL	0.000e+00
reaction gibbs energy	R_PGI	-2.148e+00
reaction gibbs energy	R_PGK	-3.316e+00
reaction gibbs energy	R_PGL	-1.881e+01
reaction gibbs energy	R_ACALD	0.000e+00
reaction gibbs energy	R_PGM	-2.527e+00
reaction gibbs energy	R_ALCD2x	0.000e+00
reaction gibbs energy	R_ACKr	-1.274e+00
reaction gibbs energy	R_PPC	0.000e+00
reaction gibbs energy	R_ACONTa	-2.423e+00
reaction gibbs energy	R_ACONTb	-3.190e+00
reaction gibbs energy	R_ATPM	0.000e+00
reaction gibbs energy	R_PPCK	0.000e+00
reaction gibbs energy	R_PPS	0.000e+00
reaction gibbs energy	R_ADK1	0.000e+00
reaction gibbs energy	R_AKGDH	0.000e+00
reaction gibbs energy	R_PTAr	-6.668e+00
reaction gibbs energy	R_PYK	0.000e+00
reaction gibbs energy	R_RPE	-3.868e+00
reaction gibbs energy	R_CS	-1.352e+01
reaction gibbs energy	R_RPI	-4.447e+00
reaction gibbs energy	R_ENO	-2.523e+00
reaction gibbs energy	R_SUCDi	-1.361e+01
reaction gibbs energy	R_SUCOAS	0.000e+00
reaction gibbs energy	R_TALA	-5.689e+00
reaction gibbs energy	R_TKT1	-3.049e+00
reaction gibbs energy	R_TKT2	-6.881e+00
reaction gibbs energy	R_TPI	-2.155e+00
reaction gibbs energy	R_FBA	-2.327e+00
reaction gibbs energy	R_FBP	0.000e+00
reaction gibbs energy	R_FRD7	0.000e+00
reaction gibbs energy	R_FUM	-3.478e+00
reaction gibbs energy	R_G6PDH2r	-7.925e+00
reaction gibbs energy	R_GAPD	-1.551e+00
reaction gibbs energy	R_GLNS	-6.080e+00
reaction gibbs energy	R_GLUDy	0.000e+00
reaction gibbs energy	R_GLUN	0.000e+00
reaction gibbs energy	R_GLUSy	-3.817e+01
reaction gibbs energy	R_GND	-4.504e+00
reaction gibbs energy	R_ICDHyr	-4.083e+00
reaction gibbs energy	R_ICL	0.000e+00
reaction gibbs energy	R_LDH_D	-9.052e+00
reaction gibbs energy	R_MALS	0.000e+00
reaction gibbs energy	R_MDH	-3.238e+00
reaction gibbs energy	R_ME1	-2.527e+01
reaction gibbs energy	R_ME2	0.000e+00
reaction gibbs energy	R_NADTRHD	-2.035e+01
reaction gibbs energy	R_PDH	0.000e+00

