!!!SBtab DocumentName='report' SBtabVersion='1.0' Date='2022-6-9'
!!SBtab TableID='Predicted concentrations' TableType='Quantity' TableName='Predicted concentrations' SBtabVersion='1.0' Unit='M'
!QuantityType	!Compound	!Value
concentration	M_h2o_c	1.000e+00
concentration	M_atp_c	2.427e-03
concentration	M_nadp_c	6.667e-06
concentration	M_nadph_c	5.063e-05
concentration	M_adp_c	2.609e-04
concentration	M_nad_c	1.796e-03
concentration	M_pi_c	6.016e-03
concentration	M_nadh_c	5.680e-06
concentration	M_coa_c	1.073e-02
concentration	M_co2_c	6.901e-05
concentration	M_amp_c	2.716e-04
concentration	M_nh4_c	6.305e-06
concentration	M_akg_c	2.986e-04
concentration	M_accoa_c	5.276e-04
concentration	M_pyr_c	9.167e-04
concentration	M_succ_c	4.049e-04
concentration	M_ac_c	1.000e-02
concentration	M_gln__L_c	2.120e-03
concentration	M_for_c	1.000e-04
concentration	M_oaa_c	2.402e-06
concentration	M_glx_c	1.000e-04
concentration	M_pep_c	3.034e-04
concentration	M_g3p_c	1.523e-04
concentration	M_acald_c	1.000e-04
concentration	M_dhap_c	5.332e-04
concentration	M_succoa_c	3.901e-04
concentration	M_fum_c	1.831e-03
concentration	M_mal__L_c	2.254e-03
concentration	M_r5p_c	1.395e-04
concentration	M_3pg_c	1.492e-03
concentration	M_cit_c	2.323e-03
concentration	M_ru5p__D_c	2.844e-04
concentration	M_g6p_c	3.624e-04
concentration	M_q8_c	2.262e-05
concentration	M_xu5p__D_c	3.098e-04
concentration	M_q8h2_c	4.420e-04
concentration	M_e4p_c	1.373e-05
concentration	M_13dpg_c	2.749e-05
concentration	M_s7p_c	5.707e-04
concentration	M_2pg_c	1.000e-04
concentration	M_actp_c	1.020e-03
concentration	M_lac__D_c	5.167e-04
concentration	M_etoh_c	1.000e-04
concentration	M_6pgc_c	9.668e-05
concentration	M_fdp_c	1.612e-04
concentration	M_6pgl_c	1.945e-05
concentration	M_acon_C_c	2.625e-05
concentration	M_glu__L_c	2.162e-02
concentration	M_icit_c	1.206e-05
concentration	M_f6p_c	3.061e-04

!!SBtab TableID='Predicted Gibbs energies' TableType='Quantity' TableName='Predicted Gibbs energies' SBtabVersion='1.0' Unit='kJ/mol'
!QuantityType	!Reaction	!Value
reaction gibbs energy	R_PFK	0.000e+00
reaction gibbs energy	R_PFL	0.000e+00
reaction gibbs energy	R_PGI	-2.147e+00
reaction gibbs energy	R_PGK	-4.043e+00
reaction gibbs energy	R_PGL	-1.975e+01
reaction gibbs energy	R_ACALD	0.000e+00
reaction gibbs energy	R_PGM	0.000e+00
reaction gibbs energy	R_ALCD2x	0.000e+00
reaction gibbs energy	R_ACKr	-1.274e+00
reaction gibbs energy	R_PPC	0.000e+00
reaction gibbs energy	R_ACONTa	-2.407e+00
reaction gibbs energy	R_ACONTb	-3.415e+00
reaction gibbs energy	R_ATPM	0.000e+00
reaction gibbs energy	R_PPCK	0.000e+00
reaction gibbs energy	R_PPS	-2.271e+01
reaction gibbs energy	R_ADK1	-5.532e+00
reaction gibbs energy	R_AKGDH	0.000e+00
reaction gibbs energy	R_PTAr	-8.554e+00
reaction gibbs energy	R_PYK	0.000e+00
reaction gibbs energy	R_RPE	-3.159e+00
reaction gibbs energy	R_CS	-1.257e+01
reaction gibbs energy	R_RPI	-3.886e+00
reaction gibbs energy	R_ENO	0.000e+00
reaction gibbs energy	R_SUCDi	-1.338e+01
reaction gibbs energy	R_SUCOAS	0.000e+00
reaction gibbs energy	R_TALA	-8.482e+00
reaction gibbs energy	R_TKT1	-2.080e+00
reaction gibbs energy	R_TKT2	-4.373e+00
reaction gibbs energy	R_TPI	-2.452e+00
reaction gibbs energy	R_FBA	-3.726e+00
reaction gibbs energy	R_FBP	-2.367e+01
reaction gibbs energy	R_FRD7	0.000e+00
reaction gibbs energy	R_FUM	-2.914e+00
reaction gibbs energy	R_G6PDH2r	-7.314e+00
reaction gibbs energy	R_GAPD	-2.738e+00
reaction gibbs energy	R_GLNS	-8.555e+00
reaction gibbs energy	R_GLUDy	0.000e+00
reaction gibbs energy	R_GLUN	0.000e+00
reaction gibbs energy	R_GLUSy	-3.818e+01
reaction gibbs energy	R_GND	-5.642e+00
reaction gibbs energy	R_ICDHyr	-5.357e+00
reaction gibbs energy	R_ICL	0.000e+00
reaction gibbs energy	R_LDH_D	-9.395e+00
reaction gibbs energy	R_MALS	0.000e+00
reaction gibbs energy	R_MDH	-3.130e+00
reaction gibbs energy	R_ME1	0.000e+00
reaction gibbs energy	R_ME2	0.000e+00
reaction gibbs energy	R_NADTRHD	-1.938e+01
reaction gibbs energy	R_PDH	0.000e+00

