!!!SBtab DocumentName='report' SBtabVersion='1.0' Date='2022-6-9'
!!SBtab TableID='Predicted concentrations' TableType='Quantity' TableName='Predicted concentrations' SBtabVersion='1.0' Unit='M'
!QuantityType	!Compound	!Value
concentration	M_h2o_c	1.000e+00
concentration	M_atp_c	1.485e-03
concentration	M_nadp_c	6.771e-06
concentration	M_nadph_c	4.679e-05
concentration	M_adp_c	3.070e-04
concentration	M_nad_c	2.288e-03
concentration	M_pi_c	1.000e-02
concentration	M_nadh_c	3.822e-06
concentration	M_coa_c	3.618e-03
concentration	M_co2_c	5.251e-05
concentration	M_amp_c	3.609e-04
concentration	M_nh4_c	2.842e-05
concentration	M_akg_c	2.477e-04
concentration	M_accoa_c	5.949e-04
concentration	M_pyr_c	1.011e-03
concentration	M_succ_c	4.018e-04
concentration	M_ac_c	1.000e-04
concentration	M_gln__L_c	2.112e-03
concentration	M_for_c	1.000e-04
concentration	M_oaa_c	1.391e-06
concentration	M_glx_c	7.114e-06
concentration	M_pep_c	1.096e-04
concentration	M_g3p_c	5.039e-05
concentration	M_acald_c	1.000e-04
concentration	M_dhap_c	9.822e-04
concentration	M_succoa_c	3.901e-04
concentration	M_fum_c	2.659e-03
concentration	M_mal__L_c	1.446e-03
concentration	M_r5p_c	1.391e-04
concentration	M_3pg_c	2.113e-03
concentration	M_cit_c	3.315e-03
concentration	M_ru5p__D_c	4.291e-04
concentration	M_g6p_c	2.608e-04
concentration	M_q8_c	2.233e-05
concentration	M_xu5p__D_c	2.662e-04
concentration	M_q8h2_c	4.479e-04
concentration	M_e4p_c	1.256e-05
concentration	M_13dpg_c	1.826e-05
concentration	M_s7p_c	5.551e-04
concentration	M_2pg_c	9.627e-05
concentration	M_actp_c	1.442e-03
concentration	M_lac__D_c	1.000e-04
concentration	M_etoh_c	1.000e-04
concentration	M_6pgc_c	1.022e-04
concentration	M_fdp_c	9.508e-04
concentration	M_6pgl_c	7.854e-06
concentration	M_acon_C_c	1.582e-05
concentration	M_glu__L_c	2.119e-02
concentration	M_icit_c	4.362e-06
concentration	M_f6p_c	4.151e-04

!!SBtab TableID='Predicted Gibbs energies' TableType='Quantity' TableName='Predicted Gibbs energies' SBtabVersion='1.0' Unit='kJ/mol'
!QuantityType	!Reaction	!Value
reaction gibbs energy	R_PFK	-1.670e+01
reaction gibbs energy	R_PFL	0.000e+00
reaction gibbs energy	R_PGI	-4.271e+00
reaction gibbs energy	R_PGK	-4.271e+00
reaction gibbs energy	R_PGL	-1.734e+01
reaction gibbs energy	R_ACALD	0.000e+00
reaction gibbs energy	R_PGM	-4.271e+00
reaction gibbs energy	R_ALCD2x	0.000e+00
reaction gibbs energy	R_ACKr	0.000e+00
reaction gibbs energy	R_PPC	0.000e+00
reaction gibbs energy	R_ACONTa	-4.478e+00
reaction gibbs energy	R_ACONTb	-4.710e+00
reaction gibbs energy	R_ATPM	0.000e+00
reaction gibbs energy	R_PPCK	0.000e+00
reaction gibbs energy	R_PPS	-2.240e+01
reaction gibbs energy	R_ADK1	-4.271e+00
reaction gibbs energy	R_AKGDH	0.000e+00
reaction gibbs energy	R_PTAr	0.000e+00
reaction gibbs energy	R_PYK	0.000e+00
reaction gibbs energy	R_RPE	-4.737e+00
reaction gibbs energy	R_CS	-1.328e+01
reaction gibbs energy	R_RPI	-4.983e+00
reaction gibbs energy	R_ENO	-4.271e+00
reaction gibbs energy	R_SUCDi	-1.275e+01
reaction gibbs energy	R_SUCOAS	0.000e+00
reaction gibbs energy	R_TALA	-5.254e+00
reaction gibbs energy	R_TKT1	-4.736e+00
reaction gibbs energy	R_TKT2	-5.991e+00
reaction gibbs energy	R_TPI	-4.271e+00
reaction gibbs energy	R_FBA	-4.271e+00
reaction gibbs energy	R_FBP	0.000e+00
reaction gibbs energy	R_FRD7	0.000e+00
reaction gibbs energy	R_FUM	-4.949e+00
reaction gibbs energy	R_G6PDH2r	-9.271e+00
reaction gibbs energy	R_GAPD	-4.271e+00
reaction gibbs energy	R_GLNS	-9.316e+00
reaction gibbs energy	R_GLUDy	0.000e+00
reaction gibbs energy	R_GLUN	0.000e+00
reaction gibbs energy	R_GLUSy	-3.736e+01
reaction gibbs energy	R_GND	-7.487e+00
reaction gibbs energy	R_ICDHyr	-5.710e+00
reaction gibbs energy	R_ICL	-8.762e+00
reaction gibbs energy	R_LDH_D	0.000e+00
reaction gibbs energy	R_MALS	-2.140e+01
reaction gibbs energy	R_MDH	-4.995e+00
reaction gibbs energy	R_ME1	-3.078e+01
reaction gibbs energy	R_ME2	0.000e+00
reaction gibbs energy	R_NADTRHD	0.000e+00
reaction gibbs energy	R_PDH	-6.079e+01

