!!!SBtab DocumentName='report' SBtabVersion='1.0' Date='2022-6-9'
!!SBtab TableID='Predicted concentrations' TableType='Quantity' TableName='Predicted concentrations' SBtabVersion='1.0' Unit='M'
!QuantityType	!Compound	!Value
concentration	M_h2o_c	1.000e+00
concentration	M_atp_c	1.485e-03
concentration	M_nadp_c	6.797e-06
concentration	M_nadph_c	4.848e-05
concentration	M_adp_c	2.635e-04
concentration	M_nad_c	2.288e-03
concentration	M_pi_c	1.000e-02
concentration	M_nadh_c	3.822e-06
concentration	M_coa_c	1.673e-04
concentration	M_co2_c	2.082e-05
concentration	M_amp_c	3.609e-04
concentration	M_nh4_c	3.695e-05
concentration	M_akg_c	2.323e-04
concentration	M_accoa_c	6.655e-04
concentration	M_pyr_c	8.637e-04
concentration	M_succ_c	3.269e-04
concentration	M_ac_c	9.999e-05
concentration	M_gln__L_c	2.071e-03
concentration	M_for_c	9.999e-05
concentration	M_oaa_c	1.172e-06
concentration	M_glx_c	9.999e-05
concentration	M_pep_c	2.515e-04
concentration	M_g3p_c	5.190e-05
concentration	M_acald_c	9.999e-05
concentration	M_dhap_c	9.759e-04
concentration	M_succoa_c	8.771e-04
concentration	M_fum_c	3.055e-03
concentration	M_mal__L_c	1.423e-03
concentration	M_r5p_c	1.369e-04
concentration	M_3pg_c	1.020e-03
concentration	M_cit_c	3.603e-03
concentration	M_ru5p__D_c	4.594e-04
concentration	M_g6p_c	4.931e-04
concentration	M_q8_c	2.624e-05
concentration	M_xu5p__D_c	2.544e-04
concentration	M_q8h2_c	3.810e-04
concentration	M_e4p_c	1.292e-05
concentration	M_13dpg_c	1.826e-05
concentration	M_s7p_c	4.642e-04
concentration	M_2pg_c	9.999e-05
concentration	M_actp_c	1.443e-03
concentration	M_lac__D_c	9.999e-05
concentration	M_etoh_c	9.999e-05
concentration	M_6pgc_c	9.587e-05
concentration	M_fdp_c	9.508e-04
concentration	M_6pgl_c	1.123e-05
concentration	M_acon_C_c	1.401e-05
concentration	M_glu__L_c	2.260e-02
concentration	M_icit_c	3.469e-06
concentration	M_f6p_c	1.914e-04

!!SBtab TableID='Predicted Gibbs energies' TableType='Quantity' TableName='Predicted Gibbs energies' SBtabVersion='1.0' Unit='kJ/mol'
!QuantityType	!Reaction	!Value
reaction gibbs energy	R_PFK	-1.521e+01
reaction gibbs energy	R_PFL	0.000e+00
reaction gibbs energy	R_PGI	0.000e+00
reaction gibbs energy	R_PGK	-5.007e+00
reaction gibbs energy	R_PGL	-1.861e+01
reaction gibbs energy	R_ACALD	0.000e+00
reaction gibbs energy	R_PGM	0.000e+00
reaction gibbs energy	R_ALCD2x	0.000e+00
reaction gibbs energy	R_ACKr	0.000e+00
reaction gibbs energy	R_PPC	-3.516e+01
reaction gibbs energy	R_ACONTa	-5.007e+00
reaction gibbs energy	R_ACONTb	-5.007e+00
reaction gibbs energy	R_ATPM	0.000e+00
reaction gibbs energy	R_PPCK	0.000e+00
reaction gibbs energy	R_PPS	-1.991e+01
reaction gibbs energy	R_ADK1	-5.007e+00
reaction gibbs energy	R_AKGDH	-4.727e+01
reaction gibbs energy	R_PTAr	0.000e+00
reaction gibbs energy	R_PYK	0.000e+00
reaction gibbs energy	R_RPE	-5.212e+00
reaction gibbs energy	R_CS	-2.065e+01
reaction gibbs energy	R_RPI	-5.232e+00
reaction gibbs energy	R_ENO	0.000e+00
reaction gibbs energy	R_SUCDi	-1.293e+01
reaction gibbs energy	R_SUCOAS	-6.655e+00
reaction gibbs energy	R_TALA	-6.854e+00
reaction gibbs energy	R_TKT1	-5.196e+00
reaction gibbs energy	R_TKT2	0.000e+00
reaction gibbs energy	R_TPI	-5.007e+00
reaction gibbs energy	R_FBA	-5.007e+00
reaction gibbs energy	R_FBP	0.000e+00
reaction gibbs energy	R_FRD7	0.000e+00
reaction gibbs energy	R_FUM	-5.330e+00
reaction gibbs energy	R_G6PDH2r	-9.886e+00
reaction gibbs energy	R_GAPD	-5.007e+00
reaction gibbs energy	R_GLNS	-1.059e+01
reaction gibbs energy	R_GLUDy	0.000e+00
reaction gibbs energy	R_GLUN	0.000e+00
reaction gibbs energy	R_GLUSy	-3.701e+01
reaction gibbs energy	R_GND	-9.225e+00
reaction gibbs energy	R_ICDHyr	-7.288e+00
reaction gibbs energy	R_ICL	0.000e+00
reaction gibbs energy	R_LDH_D	0.000e+00
reaction gibbs energy	R_MALS	0.000e+00
reaction gibbs energy	R_MDH	-5.367e+00
reaction gibbs energy	R_ME1	0.000e+00
reaction gibbs energy	R_ME2	0.000e+00
reaction gibbs energy	R_NADTRHD	0.000e+00
reaction gibbs energy	R_PDH	-5.544e+01

