!!!SBtab DocumentName='report' SBtabVersion='1.0' Date='2022-6-9'
!!SBtab TableID='Predicted concentrations' TableType='Quantity' TableName='Predicted concentrations' SBtabVersion='1.0' Unit='M'
!QuantityType	!Compound	!Value
concentration	M_h2o_c	1.000e+00
concentration	M_atp_c	1.782e-03
concentration	M_nadp_c	6.955e-06
concentration	M_nadph_c	4.466e-05
concentration	M_adp_c	3.718e-04
concentration	M_nad_c	2.251e-03
concentration	M_pi_c	1.000e-02
concentration	M_nadh_c	3.883e-06
concentration	M_coa_c	8.830e-05
concentration	M_co2_c	6.991e-06
concentration	M_amp_c	2.677e-04
concentration	M_nh4_c	3.201e-05
concentration	M_akg_c	2.521e-04
concentration	M_accoa_c	1.740e-03
concentration	M_pyr_c	9.348e-04
concentration	M_succ_c	4.142e-04
concentration	M_ac_c	2.961e-04
concentration	M_gln__L_c	2.066e-03
concentration	M_for_c	9.999e-05
concentration	M_oaa_c	1.016e-06
concentration	M_glx_c	9.999e-05
concentration	M_pep_c	2.349e-04
concentration	M_g3p_c	2.551e-04
concentration	M_acald_c	9.999e-05
concentration	M_dhap_c	3.120e-04
concentration	M_succoa_c	3.901e-04
concentration	M_fum_c	3.421e-03
concentration	M_mal__L_c	1.436e-03
concentration	M_r5p_c	1.692e-04
concentration	M_3pg_c	1.303e-03
concentration	M_cit_c	3.603e-03
concentration	M_ru5p__D_c	4.803e-04
concentration	M_g6p_c	2.608e-04
concentration	M_q8_c	2.645e-05
concentration	M_xu5p__D_c	4.159e-04
concentration	M_q8h2_c	3.780e-04
concentration	M_e4p_c	1.859e-05
concentration	M_13dpg_c	3.171e-05
concentration	M_s7p_c	4.283e-04
concentration	M_2pg_c	9.999e-05
concentration	M_actp_c	1.020e-03
concentration	M_lac__D_c	2.062e-04
concentration	M_etoh_c	9.999e-05
concentration	M_6pgc_c	9.347e-05
concentration	M_fdp_c	8.518e-05
concentration	M_6pgl_c	8.938e-06
concentration	M_acon_C_c	1.380e-05
concentration	M_glu__L_c	2.255e-02
concentration	M_icit_c	3.469e-06
concentration	M_f6p_c	4.151e-04

!!SBtab TableID='Predicted Gibbs energies' TableType='Quantity' TableName='Predicted Gibbs energies' SBtabVersion='1.0' Unit='kJ/mol'
!QuantityType	!Reaction	!Value
reaction gibbs energy	R_PFK	0.000e+00
reaction gibbs energy	R_PFL	0.000e+00
reaction gibbs energy	R_PGI	-5.551e+00
reaction gibbs energy	R_PGK	-6.430e+00
reaction gibbs energy	R_PGL	-1.686e+01
reaction gibbs energy	R_ACALD	0.000e+00
reaction gibbs energy	R_PGM	0.000e+00
reaction gibbs energy	R_ALCD2x	0.000e+00
reaction gibbs energy	R_ACKr	-1.208e+01
reaction gibbs energy	R_PPC	0.000e+00
reaction gibbs energy	R_ACONTa	-5.551e+00
reaction gibbs energy	R_ACONTb	-5.551e+00
reaction gibbs energy	R_ATPM	0.000e+00
reaction gibbs energy	R_PPCK	-8.185e+00
reaction gibbs energy	R_PPS	0.000e+00
reaction gibbs energy	R_ADK1	0.000e+00
reaction gibbs energy	R_AKGDH	0.000e+00
reaction gibbs energy	R_PTAr	-5.551e+00
reaction gibbs energy	R_PYK	0.000e+00
reaction gibbs energy	R_RPE	-5.551e+00
reaction gibbs energy	R_CS	-2.462e+01
reaction gibbs energy	R_RPI	-5.551e+00
reaction gibbs energy	R_ENO	0.000e+00
reaction gibbs energy	R_SUCDi	-1.262e+01
reaction gibbs energy	R_SUCOAS	0.000e+00
reaction gibbs energy	R_TALA	-5.891e+00
reaction gibbs energy	R_TKT1	-5.551e+00
reaction gibbs energy	R_TKT2	-5.551e+00
reaction gibbs energy	R_TPI	-5.551e+00
reaction gibbs energy	R_FBA	-5.616e+00
reaction gibbs energy	R_FBP	-1.972e+01
reaction gibbs energy	R_FRD7	0.000e+00
reaction gibbs energy	R_FUM	-5.591e+00
reaction gibbs energy	R_G6PDH2r	-8.658e+00
reaction gibbs energy	R_GAPD	-6.451e+00
reaction gibbs energy	R_GLNS	-9.837e+00
reaction gibbs energy	R_GLUDy	0.000e+00
reaction gibbs energy	R_GLUN	0.000e+00
reaction gibbs energy	R_GLUSy	-3.705e+01
reaction gibbs energy	R_GND	-8.509e+00
reaction gibbs energy	R_ICDHyr	-7.759e+00
reaction gibbs energy	R_ICL	0.000e+00
reaction gibbs energy	R_LDH_D	-1.022e+01
reaction gibbs energy	R_MALS	0.000e+00
reaction gibbs energy	R_MDH	-5.590e+00
reaction gibbs energy	R_ME1	0.000e+00
reaction gibbs energy	R_ME2	0.000e+00
reaction gibbs energy	R_NADTRHD	-2.031e+01
reaction gibbs energy	R_PDH	-5.488e+01

