!!!SBtab DocumentName='report' SBtabVersion='1.0' Date='2022-6-9'
!!SBtab TableID='Predicted concentrations' TableType='Quantity' TableName='Predicted concentrations' SBtabVersion='1.0' Unit='M'
!QuantityType	!Compound	!Value
concentration	M_h2o_c	1.000e+00
concentration	M_atp_c	2.427e-03
concentration	M_nadp_c	6.707e-06
concentration	M_nadph_c	5.252e-05
concentration	M_adp_c	2.609e-04
concentration	M_nad_c	1.576e-03
concentration	M_pi_c	1.906e-03
concentration	M_nadh_c	1.869e-05
concentration	M_coa_c	2.359e-03
concentration	M_co2_c	7.514e-05
concentration	M_amp_c	2.718e-04
concentration	M_nh4_c	1.000e-04
concentration	M_akg_c	3.180e-04
concentration	M_accoa_c	6.285e-04
concentration	M_pyr_c	1.324e-03
concentration	M_succ_c	4.049e-04
concentration	M_ac_c	1.000e-04
concentration	M_gln__L_c	2.104e-03
concentration	M_for_c	1.000e-04
concentration	M_oaa_c	2.164e-06
concentration	M_glx_c	1.000e-04
concentration	M_pep_c	6.167e-04
concentration	M_g3p_c	1.010e-04
concentration	M_acald_c	1.000e-04
concentration	M_dhap_c	5.197e-04
concentration	M_succoa_c	3.901e-04
concentration	M_fum_c	1.807e-03
concentration	M_mal__L_c	3.575e-03
concentration	M_r5p_c	1.081e-04
concentration	M_3pg_c	2.056e-03
concentration	M_cit_c	6.509e-04
concentration	M_ru5p__D_c	2.178e-04
concentration	M_g6p_c	4.054e-04
concentration	M_q8_c	2.084e-05
concentration	M_xu5p__D_c	2.347e-04
concentration	M_q8h2_c	4.799e-04
concentration	M_e4p_c	1.360e-05
concentration	M_13dpg_c	1.826e-05
concentration	M_s7p_c	6.841e-04
concentration	M_2pg_c	1.947e-04
concentration	M_actp_c	1.442e-03
concentration	M_lac__D_c	1.000e-04
concentration	M_etoh_c	1.000e-04
concentration	M_6pgc_c	9.578e-05
concentration	M_fdp_c	1.570e-04
concentration	M_6pgl_c	1.758e-05
concentration	M_acon_C_c	4.442e-05
concentration	M_glu__L_c	2.173e-02
concentration	M_icit_c	2.533e-05
concentration	M_f6p_c	2.927e-04

!!SBtab TableID='Predicted Gibbs energies' TableType='Quantity' TableName='Predicted Gibbs energies' SBtabVersion='1.0' Unit='kJ/mol'
!QuantityType	!Reaction	!Value
reaction gibbs energy	R_PFK	0.000e+00
reaction gibbs energy	R_PFL	0.000e+00
reaction gibbs energy	R_PGI	-1.686e+00
reaction gibbs energy	R_PGK	-1.870e-02
reaction gibbs energy	R_PGL	-1.976e+01
reaction gibbs energy	R_ACALD	0.000e+00
reaction gibbs energy	R_PGM	-1.870e-02
reaction gibbs energy	R_ALCD2x	0.000e+00
reaction gibbs energy	R_ACKr	0.000e+00
reaction gibbs energy	R_PPC	0.000e+00
reaction gibbs energy	R_ACONTa	0.000e+00
reaction gibbs energy	R_ACONTb	0.000e+00
reaction gibbs energy	R_ATPM	0.000e+00
reaction gibbs energy	R_PPCK	-3.080e+00
reaction gibbs energy	R_PPS	-2.470e+01
reaction gibbs energy	R_ADK1	-5.508e+00
reaction gibbs energy	R_AKGDH	0.000e+00
reaction gibbs energy	R_PTAr	0.000e+00
reaction gibbs energy	R_PYK	-1.952e+01
reaction gibbs energy	R_RPE	-3.287e+00
reaction gibbs energy	R_CS	0.000e+00
reaction gibbs energy	R_RPI	-3.879e+00
reaction gibbs energy	R_ENO	-1.870e-02
reaction gibbs energy	R_SUCDi	-1.263e+01
reaction gibbs energy	R_SUCOAS	0.000e+00
reaction gibbs energy	R_TALA	-8.111e+00
reaction gibbs energy	R_TKT1	-1.455e+00
reaction gibbs energy	R_TKT2	-4.914e+00
reaction gibbs energy	R_TPI	-1.179e+00
reaction gibbs energy	R_FBA	-2.404e+00
reaction gibbs energy	R_FBP	-2.649e+01
reaction gibbs energy	R_FRD7	0.000e+00
reaction gibbs energy	R_FUM	-1.733e+00
reaction gibbs energy	R_G6PDH2r	-7.656e+00
reaction gibbs energy	R_GAPD	-1.918e+00
reaction gibbs energy	R_GLNS	0.000e+00
reaction gibbs energy	R_GLUDy	0.000e+00
reaction gibbs energy	R_GLUN	0.000e+00
reaction gibbs energy	R_GLUSy	0.000e+00
reaction gibbs energy	R_GND	-5.207e+00
reaction gibbs energy	R_ICDHyr	0.000e+00
reaction gibbs energy	R_ICL	0.000e+00
reaction gibbs energy	R_LDH_D	0.000e+00
reaction gibbs energy	R_MALS	0.000e+00
reaction gibbs energy	R_MDH	-1.196e+00
reaction gibbs energy	R_ME1	0.000e+00
reaction gibbs energy	R_ME2	0.000e+00
reaction gibbs energy	R_NADTRHD	-1.618e+01
reaction gibbs energy	R_PDH	0.000e+00

