!!!SBtab DocumentName='report' SBtabVersion='1.0' Date='2022-6-9'
!!SBtab TableID='Predicted concentrations' TableType='Quantity' TableName='Predicted concentrations' SBtabVersion='1.0' Unit='M'
!QuantityType	!Compound	!Value
concentration	M_h2o_c	1.000e+00
concentration	M_atp_c	1.875e-03
concentration	M_nadp_c	6.749e-06
concentration	M_nadph_c	4.905e-05
concentration	M_adp_c	3.390e-04
concentration	M_nad_c	1.960e-03
concentration	M_pi_c	8.714e-03
concentration	M_nadh_c	4.679e-06
concentration	M_coa_c	2.773e-04
concentration	M_co2_c	7.542e-05
concentration	M_amp_c	2.784e-04
concentration	M_nh4_c	1.731e-05
concentration	M_akg_c	2.613e-04
concentration	M_accoa_c	6.351e-04
concentration	M_pyr_c	8.981e-04
concentration	M_succ_c	3.662e-04
concentration	M_ac_c	1.000e-04
concentration	M_gln__L_c	2.095e-03
concentration	M_for_c	1.000e-04
concentration	M_oaa_c	7.716e-05
concentration	M_glx_c	1.000e-04
concentration	M_pep_c	6.167e-04
concentration	M_g3p_c	4.081e-05
concentration	M_acald_c	1.000e-04
concentration	M_dhap_c	8.223e-04
concentration	M_succoa_c	6.721e-04
concentration	M_fum_c	1.216e-03
concentration	M_mal__L_c	2.312e-03
concentration	M_r5p_c	9.468e-05
concentration	M_3pg_c	1.020e-03
concentration	M_cit_c	2.403e-03
concentration	M_ru5p__D_c	2.464e-04
concentration	M_g6p_c	4.843e-04
concentration	M_q8_c	1.758e-05
concentration	M_xu5p__D_c	2.131e-04
concentration	M_q8h2_c	5.689e-04
concentration	M_e4p_c	1.350e-05
concentration	M_13dpg_c	2.117e-05
concentration	M_s7p_c	7.445e-04
concentration	M_2pg_c	1.322e-04
concentration	M_actp_c	1.442e-03
concentration	M_lac__D_c	1.000e-04
concentration	M_etoh_c	1.000e-04
concentration	M_6pgc_c	1.013e-04
concentration	M_fdp_c	6.793e-04
concentration	M_6pgl_c	1.753e-05
concentration	M_acon_C_c	2.571e-05
concentration	M_glu__L_c	2.202e-02
concentration	M_icit_c	1.188e-05
concentration	M_f6p_c	2.179e-04

!!SBtab TableID='Predicted Gibbs energies' TableType='Quantity' TableName='Predicted Gibbs energies' SBtabVersion='1.0' Unit='kJ/mol'
!QuantityType	!Reaction	!Value
reaction gibbs energy	R_PFK	-1.757e+01
reaction gibbs energy	R_PFL	0.000e+00
reaction gibbs energy	R_PGI	0.000e+00
reaction gibbs energy	R_PGK	-5.720e+00
reaction gibbs energy	R_PGL	-1.968e+01
reaction gibbs energy	R_ACALD	0.000e+00
reaction gibbs energy	R_PGM	-1.384e+00
reaction gibbs energy	R_ALCD2x	0.000e+00
reaction gibbs energy	R_ACKr	0.000e+00
reaction gibbs energy	R_PPC	-3.415e+01
reaction gibbs energy	R_ACONTa	-2.495e+00
reaction gibbs energy	R_ACONTb	-3.468e+00
reaction gibbs energy	R_ATPM	0.000e+00
reaction gibbs energy	R_PPCK	0.000e+00
reaction gibbs energy	R_PPS	-1.924e+01
reaction gibbs energy	R_ADK1	-3.630e+00
reaction gibbs energy	R_AKGDH	-4.375e+01
reaction gibbs energy	R_PTAr	0.000e+00
reaction gibbs energy	R_PYK	0.000e+00
reaction gibbs energy	R_RPE	-3.876e+00
reaction gibbs energy	R_CS	-3.102e+01
reaction gibbs energy	R_RPI	-4.525e+00
reaction gibbs energy	R_ENO	-1.384e+00
reaction gibbs energy	R_SUCDi	-1.276e+01
reaction gibbs energy	R_SUCOAS	-4.075e+00
reaction gibbs energy	R_TALA	-6.855e+00
reaction gibbs energy	R_TKT1	-2.980e+00
reaction gibbs energy	R_TKT2	0.000e+00
reaction gibbs energy	R_TPI	-2.180e+00
reaction gibbs energy	R_FBA	-2.312e+00
reaction gibbs energy	R_FBP	0.000e+00
reaction gibbs energy	R_FRD7	0.000e+00
reaction gibbs energy	R_FUM	0.000e+00
reaction gibbs energy	R_G6PDH2r	-8.289e+00
reaction gibbs energy	R_GAPD	-1.774e+00
reaction gibbs energy	R_GLNS	-8.995e+00
reaction gibbs energy	R_GLUDy	0.000e+00
reaction gibbs energy	R_GLUN	0.000e+00
reaction gibbs energy	R_GLUSy	-3.787e+01
reaction gibbs energy	R_GND	-5.234e+00
reaction gibbs energy	R_ICDHyr	-4.744e+00
reaction gibbs energy	R_ICL	0.000e+00
reaction gibbs energy	R_LDH_D	0.000e+00
reaction gibbs energy	R_MALS	0.000e+00
reaction gibbs energy	R_MDH	0.000e+00
reaction gibbs energy	R_ME1	0.000e+00
reaction gibbs energy	R_ME2	0.000e+00
reaction gibbs energy	R_NADTRHD	-1.998e+01
reaction gibbs energy	R_PDH	-5.439e+01

