!!!SBtab DocumentName='report' SBtabVersion='1.0' Date='2022-6-9'
!!SBtab TableID='Predicted concentrations' TableType='Quantity' TableName='Predicted concentrations' SBtabVersion='1.0' Unit='M'
!QuantityType	!Compound	!Value
concentration	M_h2o_c	1.000e+00
concentration	M_atp_c	2.245e-03
concentration	M_nadp_c	6.934e-06
concentration	M_nadph_c	4.456e-05
concentration	M_adp_c	2.691e-04
concentration	M_nad_c	2.272e-03
concentration	M_pi_c	9.062e-03
concentration	M_nadh_c	3.848e-06
concentration	M_coa_c	7.857e-04
concentration	M_co2_c	9.814e-06
concentration	M_amp_c	3.449e-04
concentration	M_nh4_c	2.204e-05
concentration	M_akg_c	2.239e-04
concentration	M_accoa_c	7.190e-04
concentration	M_pyr_c	1.038e-03
concentration	M_succ_c	4.170e-04
concentration	M_ac_c	1.000e-04
concentration	M_gln__L_c	2.072e-03
concentration	M_for_c	1.000e-04
concentration	M_oaa_c	1.007e-06
concentration	M_glx_c	1.000e-04
concentration	M_pep_c	3.011e-04
concentration	M_g3p_c	2.600e-04
concentration	M_acald_c	1.000e-04
concentration	M_dhap_c	3.120e-04
concentration	M_succoa_c	3.901e-04
concentration	M_fum_c	3.452e-03
concentration	M_mal__L_c	1.416e-03
concentration	M_r5p_c	1.660e-04
concentration	M_3pg_c	1.112e-03
concentration	M_cit_c	3.603e-03
concentration	M_ru5p__D_c	4.803e-04
concentration	M_g6p_c	2.608e-04
concentration	M_q8_c	2.812e-05
concentration	M_xu5p__D_c	4.198e-04
concentration	M_q8h2_c	3.557e-04
concentration	M_e4p_c	1.859e-05
concentration	M_13dpg_c	3.756e-05
concentration	M_s7p_c	4.283e-04
concentration	M_2pg_c	1.000e-04
concentration	M_actp_c	1.442e-03
concentration	M_lac__D_c	1.000e-04
concentration	M_etoh_c	1.000e-04
concentration	M_6pgc_c	1.120e-04
concentration	M_fdp_c	8.512e-05
concentration	M_6pgl_c	8.617e-06
concentration	M_acon_C_c	1.380e-05
concentration	M_glu__L_c	2.260e-02
concentration	M_icit_c	3.469e-06
concentration	M_f6p_c	4.151e-04

!!SBtab TableID='Predicted Gibbs energies' TableType='Quantity' TableName='Predicted Gibbs energies' SBtabVersion='1.0' Unit='kJ/mol'
!QuantityType	!Reaction	!Value
reaction gibbs energy	R_PFK	0.000e+00
reaction gibbs energy	R_PFL	0.000e+00
reaction gibbs energy	R_PGI	-5.628e+00
reaction gibbs energy	R_PGK	-5.873e+00
reaction gibbs energy	R_PGL	-1.627e+01
reaction gibbs energy	R_ACALD	0.000e+00
reaction gibbs energy	R_PGM	0.000e+00
reaction gibbs energy	R_ALCD2x	0.000e+00
reaction gibbs energy	R_ACKr	0.000e+00
reaction gibbs energy	R_PPC	0.000e+00
reaction gibbs energy	R_ACONTa	-5.628e+00
reaction gibbs energy	R_ACONTb	-5.628e+00
reaction gibbs energy	R_ATPM	0.000e+00
reaction gibbs energy	R_PPCK	0.000e+00
reaction gibbs energy	R_PPS	-2.126e+01
reaction gibbs energy	R_ADK1	-5.732e+00
reaction gibbs energy	R_AKGDH	0.000e+00
reaction gibbs energy	R_PTAr	0.000e+00
reaction gibbs energy	R_PYK	0.000e+00
reaction gibbs energy	R_RPE	-5.628e+00
reaction gibbs energy	R_CS	-1.676e+01
reaction gibbs energy	R_RPI	-5.628e+00
reaction gibbs energy	R_ENO	0.000e+00
reaction gibbs energy	R_SUCDi	-1.271e+01
reaction gibbs energy	R_SUCOAS	0.000e+00
reaction gibbs energy	R_TALA	-5.870e+00
reaction gibbs energy	R_TKT1	-5.628e+00
reaction gibbs energy	R_TKT2	-5.628e+00
reaction gibbs energy	R_TPI	-5.628e+00
reaction gibbs energy	R_FBA	-5.688e+00
reaction gibbs energy	R_FBP	-1.993e+01
reaction gibbs energy	R_FRD7	0.000e+00
reaction gibbs energy	R_FUM	-5.646e+00
reaction gibbs energy	R_G6PDH2r	-8.734e+00
reaction gibbs energy	R_GAPD	-5.882e+00
reaction gibbs energy	R_GLNS	-1.051e+01
reaction gibbs energy	R_GLUDy	0.000e+00
reaction gibbs energy	R_GLUN	0.000e+00
reaction gibbs energy	R_GLUSy	-3.671e+01
reaction gibbs energy	R_GND	-7.974e+00
reaction gibbs energy	R_ICDHyr	-7.083e+00
reaction gibbs energy	R_ICL	0.000e+00
reaction gibbs energy	R_LDH_D	0.000e+00
reaction gibbs energy	R_MALS	0.000e+00
reaction gibbs energy	R_MDH	-5.645e+00
reaction gibbs energy	R_ME1	-3.197e+01
reaction gibbs energy	R_ME2	0.000e+00
reaction gibbs energy	R_NADTRHD	0.000e+00
reaction gibbs energy	R_PDH	-6.242e+01

