!!!SBtab DocumentName='report' SBtabVersion='1.0' Date='2022-6-9'
!!SBtab TableID='Predicted concentrations' TableType='Quantity' TableName='Predicted concentrations' SBtabVersion='1.0' Unit='M'
!QuantityType	!Compound	!Value
concentration	M_h2o_c	1.000e+00
concentration	M_atp_c	1.485e-03
concentration	M_nadp_c	6.837e-06
concentration	M_nadph_c	4.740e-05
concentration	M_adp_c	4.529e-04
concentration	M_nad_c	2.288e-03
concentration	M_pi_c	1.000e-02
concentration	M_nadh_c	3.822e-06
concentration	M_coa_c	8.830e-05
concentration	M_co2_c	3.349e-05
concentration	M_amp_c	2.677e-04
concentration	M_nh4_c	4.077e-05
concentration	M_akg_c	2.483e-04
concentration	M_accoa_c	1.740e-03
concentration	M_pyr_c	1.351e-03
concentration	M_succ_c	4.080e-04
concentration	M_ac_c	5.509e-04
concentration	M_gln__L_c	2.064e-03
concentration	M_for_c	9.999e-05
concentration	M_oaa_c	4.547e-05
concentration	M_glx_c	5.558e-06
concentration	M_pep_c	1.096e-04
concentration	M_g3p_c	4.591e-05
concentration	M_acald_c	9.999e-05
concentration	M_dhap_c	9.828e-04
concentration	M_succoa_c	3.901e-04
concentration	M_fum_c	1.209e-03
concentration	M_mal__L_c	2.225e-03
concentration	M_r5p_c	1.402e-04
concentration	M_3pg_c	2.230e-03
concentration	M_cit_c	3.379e-03
concentration	M_ru5p__D_c	4.366e-04
concentration	M_g6p_c	2.608e-04
concentration	M_q8_c	2.016e-05
concentration	M_xu5p__D_c	2.577e-04
concentration	M_q8h2_c	4.960e-04
concentration	M_e4p_c	1.206e-05
concentration	M_13dpg_c	1.826e-05
concentration	M_s7p_c	5.647e-04
concentration	M_2pg_c	9.960e-05
concentration	M_actp_c	1.020e-03
concentration	M_lac__D_c	9.999e-05
concentration	M_etoh_c	9.999e-05
concentration	M_6pgc_c	9.466e-05
concentration	M_fdp_c	9.508e-04
concentration	M_6pgl_c	1.133e-05
concentration	M_acon_C_c	1.543e-05
concentration	M_glu__L_c	2.259e-02
concentration	M_icit_c	4.108e-06
concentration	M_f6p_c	4.151e-04

!!SBtab TableID='Predicted Gibbs energies' TableType='Quantity' TableName='Predicted Gibbs energies' SBtabVersion='1.0' Unit='kJ/mol'
!QuantityType	!Reaction	!Value
reaction gibbs energy	R_PFK	-1.579e+01
reaction gibbs energy	R_PFL	0.000e+00
reaction gibbs energy	R_PGI	-4.427e+00
reaction gibbs energy	R_PGK	-4.427e+00
reaction gibbs energy	R_PGL	-1.841e+01
reaction gibbs energy	R_ACALD	0.000e+00
reaction gibbs energy	R_PGM	-4.427e+00
reaction gibbs energy	R_ALCD2x	0.000e+00
reaction gibbs energy	R_ACKr	-1.220e+01
reaction gibbs energy	R_PPC	-2.466e+01
reaction gibbs energy	R_ACONTa	-4.592e+00
reaction gibbs energy	R_ACONTb	-4.793e+00
reaction gibbs energy	R_ATPM	0.000e+00
reaction gibbs energy	R_PPCK	0.000e+00
reaction gibbs energy	R_PPS	0.000e+00
reaction gibbs energy	R_ADK1	0.000e+00
reaction gibbs energy	R_AKGDH	0.000e+00
reaction gibbs energy	R_PTAr	-4.427e+00
reaction gibbs energy	R_PYK	0.000e+00
reaction gibbs energy	R_RPE	-4.809e+00
reaction gibbs energy	R_CS	-3.380e+01
reaction gibbs energy	R_RPI	-5.001e+00
reaction gibbs energy	R_ENO	-4.427e+00
reaction gibbs energy	R_SUCDi	-1.419e+01
reaction gibbs energy	R_SUCOAS	0.000e+00
reaction gibbs energy	R_TALA	-5.134e+00
reaction gibbs energy	R_TKT1	-4.800e+00
reaction gibbs energy	R_TKT2	-5.977e+00
reaction gibbs energy	R_TPI	-4.427e+00
reaction gibbs energy	R_FBA	-4.427e+00
reaction gibbs energy	R_FBP	0.000e+00
reaction gibbs energy	R_FRD7	0.000e+00
reaction gibbs energy	R_FUM	0.000e+00
reaction gibbs energy	R_G6PDH2r	-8.326e+00
reaction gibbs energy	R_GAPD	-4.427e+00
reaction gibbs energy	R_GLNS	-9.450e+00
reaction gibbs energy	R_GLUDy	0.000e+00
reaction gibbs energy	R_GLUN	0.000e+00
reaction gibbs energy	R_GLUSy	-3.698e+01
reaction gibbs energy	R_GND	-8.224e+00
reaction gibbs energy	R_ICDHyr	-6.566e+00
reaction gibbs energy	R_ICL	-9.193e+00
reaction gibbs energy	R_LDH_D	0.000e+00
reaction gibbs energy	R_MALS	-3.163e+01
reaction gibbs energy	R_MDH	0.000e+00
reaction gibbs energy	R_ME1	-3.212e+01
reaction gibbs energy	R_ME2	0.000e+00
reaction gibbs energy	R_NADTRHD	0.000e+00
reaction gibbs energy	R_PDH	-5.067e+01

