!!!SBtab DocumentName='report' SBtabVersion='1.0' Date='2022-6-9'
!!SBtab TableID='Predicted concentrations' TableType='Quantity' TableName='Predicted concentrations' SBtabVersion='1.0' Unit='M'
!QuantityType	!Compound	!Value
concentration	M_h2o_c	1.000e+00
concentration	M_atp_c	2.427e-03
concentration	M_nadp_c	6.685e-06
concentration	M_nadph_c	5.157e-05
concentration	M_adp_c	2.609e-04
concentration	M_nad_c	1.939e-03
concentration	M_pi_c	8.949e-03
concentration	M_nadh_c	4.651e-06
concentration	M_coa_c	1.896e-02
concentration	M_co2_c	7.014e-05
concentration	M_amp_c	2.723e-04
concentration	M_nh4_c	1.000e-04
concentration	M_akg_c	3.180e-04
concentration	M_accoa_c	4.548e-04
concentration	M_pyr_c	1.196e-03
concentration	M_succ_c	4.290e-04
concentration	M_ac_c	1.000e-02
concentration	M_gln__L_c	2.104e-03
concentration	M_for_c	1.000e-04
concentration	M_oaa_c	2.661e-04
concentration	M_glx_c	2.333e-05
concentration	M_pep_c	1.792e-04
concentration	M_g3p_c	3.927e-05
concentration	M_acald_c	1.000e-04
concentration	M_dhap_c	8.242e-04
concentration	M_succoa_c	3.901e-04
concentration	M_fum_c	1.610e-03
concentration	M_mal__L_c	1.591e-03
concentration	M_r5p_c	9.600e-05
concentration	M_3pg_c	1.599e-03
concentration	M_cit_c	2.342e-03
concentration	M_ru5p__D_c	2.429e-04
concentration	M_g6p_c	4.834e-04
concentration	M_q8_c	2.370e-05
concentration	M_xu5p__D_c	2.114e-04
concentration	M_q8h2_c	4.220e-04
concentration	M_e4p_c	1.348e-05
concentration	M_13dpg_c	2.165e-05
concentration	M_s7p_c	7.423e-04
concentration	M_2pg_c	1.023e-04
concentration	M_actp_c	1.020e-03
concentration	M_lac__D_c	4.441e-04
concentration	M_etoh_c	1.000e-04
concentration	M_6pgc_c	9.967e-05
concentration	M_fdp_c	6.907e-04
concentration	M_6pgl_c	1.859e-05
concentration	M_acon_C_c	2.565e-05
concentration	M_glu__L_c	2.173e-02
concentration	M_icit_c	1.116e-05
concentration	M_f6p_c	2.194e-04

!!SBtab TableID='Predicted Gibbs energies' TableType='Quantity' TableName='Predicted Gibbs energies' SBtabVersion='1.0' Unit='kJ/mol'
!QuantityType	!Reaction	!Value
reaction gibbs energy	R_PFK	-1.849e+01
reaction gibbs energy	R_PFL	0.000e+00
reaction gibbs energy	R_PGI	0.000e+00
reaction gibbs energy	R_PGK	-3.280e+00
reaction gibbs energy	R_PGL	-1.956e+01
reaction gibbs energy	R_ACALD	0.000e+00
reaction gibbs energy	R_PGM	-2.410e+00
reaction gibbs energy	R_ALCD2x	0.000e+00
reaction gibbs energy	R_ACKr	-1.274e+00
reaction gibbs energy	R_PPC	-2.615e+01
reaction gibbs energy	R_ACONTa	-2.485e+00
reaction gibbs energy	R_ACONTb	-3.552e+00
reaction gibbs energy	R_ATPM	0.000e+00
reaction gibbs energy	R_PPCK	0.000e+00
reaction gibbs energy	R_PPS	-2.368e+01
reaction gibbs energy	R_ADK1	-5.538e+00
reaction gibbs energy	R_AKGDH	0.000e+00
reaction gibbs energy	R_PTAr	-9.348e+00
reaction gibbs energy	R_PYK	0.000e+00
reaction gibbs energy	R_RPE	-3.715e+00
reaction gibbs energy	R_CS	-2.243e+01
reaction gibbs energy	R_RPI	-4.420e+00
reaction gibbs energy	R_ENO	-2.475e+00
reaction gibbs energy	R_SUCDi	-1.408e+01
reaction gibbs energy	R_SUCOAS	0.000e+00
reaction gibbs energy	R_TALA	-6.647e+00
reaction gibbs energy	R_TKT1	-2.914e+00
reaction gibbs energy	R_TKT2	-7.562e+00
reaction gibbs energy	R_TPI	-1.985e+00
reaction gibbs energy	R_FBA	-2.158e+00
reaction gibbs energy	R_FBP	0.000e+00
reaction gibbs energy	R_FRD7	0.000e+00
reaction gibbs energy	R_FUM	-3.457e+00
reaction gibbs energy	R_G6PDH2r	-8.102e+00
reaction gibbs energy	R_GAPD	-1.640e+00
reaction gibbs energy	R_GLNS	0.000e+00
reaction gibbs energy	R_GLUDy	0.000e+00
reaction gibbs energy	R_GLUN	0.000e+00
reaction gibbs energy	R_GLUSy	0.000e+00
reaction gibbs energy	R_GND	-6.030e+00
reaction gibbs energy	R_ICDHyr	0.000e+00
reaction gibbs energy	R_ICL	-8.188e+00
reaction gibbs energy	R_LDH_D	-9.745e+00
reaction gibbs energy	R_MALS	-1.778e+01
reaction gibbs energy	R_MDH	0.000e+00
reaction gibbs energy	R_ME1	-2.713e+01
reaction gibbs energy	R_ME2	0.000e+00
reaction gibbs energy	R_NADTRHD	-2.010e+01
reaction gibbs energy	R_PDH	0.000e+00

