!!!SBtab DocumentName='report' SBtabVersion='1.0' Date='2022-6-9'
!!SBtab TableID='Predicted concentrations' TableType='Quantity' TableName='Predicted concentrations' SBtabVersion='1.0' Unit='M'
!QuantityType	!Compound	!Value
concentration	M_h2o_c	1.000e+00
concentration	M_atp_c	2.427e-03
concentration	M_nadp_c	6.667e-06
concentration	M_nadph_c	5.080e-05
concentration	M_adp_c	2.609e-04
concentration	M_nad_c	1.588e-03
concentration	M_pi_c	1.738e-03
concentration	M_nadh_c	1.922e-05
concentration	M_coa_c	6.334e-03
concentration	M_co2_c	1.574e-04
concentration	M_amp_c	2.729e-04
concentration	M_nh4_c	7.008e-06
concentration	M_akg_c	2.820e-04
concentration	M_accoa_c	5.566e-04
concentration	M_pyr_c	8.141e-04
concentration	M_succ_c	4.338e-04
concentration	M_ac_c	1.000e-04
concentration	M_gln__L_c	2.121e-03
concentration	M_for_c	1.000e-04
concentration	M_oaa_c	1.849e-06
concentration	M_glx_c	2.723e-05
concentration	M_pep_c	6.167e-04
concentration	M_g3p_c	1.044e-04
concentration	M_acald_c	1.000e-04
concentration	M_dhap_c	5.249e-04
concentration	M_succoa_c	3.901e-04
concentration	M_fum_c	1.867e-03
concentration	M_mal__L_c	3.500e-03
concentration	M_r5p_c	1.086e-04
concentration	M_3pg_c	2.056e-03
concentration	M_cit_c	1.977e-03
concentration	M_ru5p__D_c	2.140e-04
concentration	M_g6p_c	4.040e-04
concentration	M_q8_c	1.718e-05
concentration	M_xu5p__D_c	2.449e-04
concentration	M_q8h2_c	5.820e-04
concentration	M_e4p_c	1.359e-05
concentration	M_13dpg_c	1.826e-05
concentration	M_s7p_c	6.846e-04
concentration	M_2pg_c	1.947e-04
concentration	M_actp_c	1.442e-03
concentration	M_lac__D_c	7.886e-04
concentration	M_etoh_c	1.000e-04
concentration	M_6pgc_c	9.741e-05
concentration	M_fdp_c	1.615e-04
concentration	M_6pgl_c	2.487e-05
concentration	M_acon_C_c	2.932e-05
concentration	M_glu__L_c	2.184e-02
concentration	M_icit_c	1.564e-05
concentration	M_f6p_c	2.889e-04

!!SBtab TableID='Predicted Gibbs energies' TableType='Quantity' TableName='Predicted Gibbs energies' SBtabVersion='1.0' Unit='kJ/mol'
!QuantityType	!Reaction	!Value
reaction gibbs energy	R_PFK	0.000e+00
reaction gibbs energy	R_PFL	0.000e+00
reaction gibbs energy	R_PGI	-1.662e+00
reaction gibbs energy	R_PGK	-1.870e-02
reaction gibbs energy	R_PGL	-2.058e+01
reaction gibbs energy	R_ACALD	0.000e+00
reaction gibbs energy	R_PGM	-1.870e-02
reaction gibbs energy	R_ALCD2x	0.000e+00
reaction gibbs energy	R_ACKr	0.000e+00
reaction gibbs energy	R_PPC	0.000e+00
reaction gibbs energy	R_ACONTa	-1.691e+00
reaction gibbs energy	R_ACONTb	-3.099e+00
reaction gibbs energy	R_ATPM	0.000e+00
reaction gibbs energy	R_PPCK	0.000e+00
reaction gibbs energy	R_PPS	-2.371e+01
reaction gibbs energy	R_ADK1	-5.518e+00
reaction gibbs energy	R_AKGDH	0.000e+00
reaction gibbs energy	R_PTAr	0.000e+00
reaction gibbs energy	R_PYK	0.000e+00
reaction gibbs energy	R_RPE	-3.137e+00
reaction gibbs energy	R_CS	-1.416e+01
reaction gibbs energy	R_RPI	-3.824e+00
reaction gibbs energy	R_ENO	-1.870e-02
reaction gibbs energy	R_SUCDi	-1.176e+01
reaction gibbs energy	R_SUCOAS	0.000e+00
reaction gibbs energy	R_TALA	-8.231e+00
reaction gibbs energy	R_TKT1	-1.487e+00
reaction gibbs energy	R_TKT2	-4.968e+00
reaction gibbs energy	R_TPI	-1.237e+00
reaction gibbs energy	R_FBA	-2.441e+00
reaction gibbs energy	R_FBP	-2.682e+01
reaction gibbs energy	R_FRD7	0.000e+00
reaction gibbs energy	R_FUM	-1.866e+00
reaction gibbs energy	R_G6PDH2r	-6.857e+00
reaction gibbs energy	R_GAPD	-2.115e+00
reaction gibbs energy	R_GLNS	-1.196e+01
reaction gibbs energy	R_GLUDy	0.000e+00
reaction gibbs energy	R_GLUN	0.000e+00
reaction gibbs energy	R_GLUSy	-3.825e+01
reaction gibbs energy	R_GND	-3.527e+00
reaction gibbs energy	R_ICDHyr	-3.280e+00
reaction gibbs energy	R_ICL	-8.698e+00
reaction gibbs energy	R_LDH_D	-1.138e+01
reaction gibbs energy	R_MALS	-1.773e+01
reaction gibbs energy	R_MDH	-1.483e+00
reaction gibbs energy	R_ME1	0.000e+00
reaction gibbs energy	R_ME2	0.000e+00
reaction gibbs energy	R_NADTRHD	0.000e+00
reaction gibbs energy	R_PDH	-5.614e+01

