!!!SBtab DocumentName='report' SBtabVersion='1.0' Date='2022-6-9'
!!SBtab TableID='Predicted concentrations' TableType='Quantity' TableName='Predicted concentrations' SBtabVersion='1.0' Unit='M'
!QuantityType	!Compound	!Value
concentration	M_h2o_c	1.000e+00
concentration	M_atp_c	1.882e-03
concentration	M_nadp_c	6.693e-06
concentration	M_nadph_c	4.917e-05
concentration	M_adp_c	3.399e-04
concentration	M_nad_c	1.972e-03
concentration	M_pi_c	8.603e-03
concentration	M_nadh_c	4.540e-06
concentration	M_coa_c	2.602e-04
concentration	M_co2_c	1.379e-04
concentration	M_amp_c	2.759e-04
concentration	M_nh4_c	8.757e-06
concentration	M_akg_c	2.486e-04
concentration	M_accoa_c	6.736e-04
concentration	M_pyr_c	8.530e-04
concentration	M_succ_c	3.651e-04
concentration	M_ac_c	1.000e-04
concentration	M_gln__L_c	2.106e-03
concentration	M_for_c	1.000e-04
concentration	M_oaa_c	2.162e-06
concentration	M_glx_c	1.000e-04
concentration	M_pep_c	6.167e-04
concentration	M_g3p_c	4.010e-05
concentration	M_acald_c	1.000e-04
concentration	M_dhap_c	8.263e-04
concentration	M_succoa_c	6.840e-04
concentration	M_fum_c	1.807e-03
concentration	M_mal__L_c	1.892e-03
concentration	M_r5p_c	9.558e-05
concentration	M_3pg_c	1.020e-03
concentration	M_cit_c	2.439e-03
concentration	M_ru5p__D_c	2.388e-04
concentration	M_g6p_c	4.853e-04
concentration	M_q8_c	1.809e-05
concentration	M_xu5p__D_c	2.128e-04
concentration	M_q8h2_c	5.529e-04
concentration	M_e4p_c	1.351e-05
concentration	M_13dpg_c	2.150e-05
concentration	M_s7p_c	7.361e-04
concentration	M_2pg_c	1.322e-04
concentration	M_actp_c	1.442e-03
concentration	M_lac__D_c	1.000e-04
concentration	M_etoh_c	1.000e-04
concentration	M_6pgc_c	1.107e-04
concentration	M_fdp_c	6.860e-04
concentration	M_6pgl_c	1.571e-05
concentration	M_acon_C_c	2.586e-05
concentration	M_glu__L_c	2.198e-02
concentration	M_icit_c	1.357e-05
concentration	M_f6p_c	2.193e-04

!!SBtab TableID='Predicted Gibbs energies' TableType='Quantity' TableName='Predicted Gibbs energies' SBtabVersion='1.0' Unit='kJ/mol'
!QuantityType	!Reaction	!Value
reaction gibbs energy	R_PFK	-1.757e+01
reaction gibbs energy	R_PFL	0.000e+00
reaction gibbs energy	R_PGI	0.000e+00
reaction gibbs energy	R_PGK	-5.755e+00
reaction gibbs energy	R_PGL	-1.919e+01
reaction gibbs energy	R_ACALD	0.000e+00
reaction gibbs energy	R_PGM	-1.384e+00
reaction gibbs energy	R_ALCD2x	0.000e+00
reaction gibbs energy	R_ACKr	0.000e+00
reaction gibbs energy	R_PPC	0.000e+00
reaction gibbs energy	R_ACONTa	-2.518e+00
reaction gibbs energy	R_ACONTb	-3.152e+00
reaction gibbs energy	R_ATPM	0.000e+00
reaction gibbs energy	R_PPCK	0.000e+00
reaction gibbs energy	R_PPS	-1.918e+01
reaction gibbs energy	R_ADK1	-3.605e+00
reaction gibbs energy	R_AKGDH	-4.202e+01
reaction gibbs energy	R_PTAr	0.000e+00
reaction gibbs energy	R_PYK	0.000e+00
reaction gibbs energy	R_RPE	-3.804e+00
reaction gibbs energy	R_CS	-2.243e+01
reaction gibbs energy	R_RPI	-4.424e+00
reaction gibbs energy	R_ENO	-1.384e+00
reaction gibbs energy	R_SUCDi	-1.191e+01
reaction gibbs energy	R_SUCOAS	-4.248e+00
reaction gibbs energy	R_TALA	-6.765e+00
reaction gibbs energy	R_TKT1	-3.071e+00
reaction gibbs energy	R_TKT2	0.000e+00
reaction gibbs energy	R_TPI	-2.236e+00
reaction gibbs energy	R_FBA	-2.368e+00
reaction gibbs energy	R_FBP	0.000e+00
reaction gibbs energy	R_FRD7	0.000e+00
reaction gibbs energy	R_FUM	-3.309e+00
reaction gibbs energy	R_G6PDH2r	-8.539e+00
reaction gibbs energy	R_GAPD	-1.751e+00
reaction gibbs energy	R_GLNS	-7.323e+00
reaction gibbs energy	R_GLUDy	0.000e+00
reaction gibbs energy	R_GLUN	0.000e+00
reaction gibbs energy	R_GLUSy	-3.779e+01
reaction gibbs energy	R_GND	-4.010e+00
reaction gibbs energy	R_ICDHyr	-3.678e+00
reaction gibbs energy	R_ICL	0.000e+00
reaction gibbs energy	R_LDH_D	0.000e+00
reaction gibbs energy	R_MALS	0.000e+00
reaction gibbs energy	R_MDH	-3.685e+00
reaction gibbs energy	R_ME1	0.000e+00
reaction gibbs energy	R_ME2	0.000e+00
reaction gibbs energy	R_NADTRHD	0.000e+00
reaction gibbs energy	R_PDH	-5.256e+01

