!!!SBtab DocumentName='report' SBtabVersion='1.0' Date='2022-6-9'
!!SBtab TableID='Predicted concentrations' TableType='Quantity' TableName='Predicted concentrations' SBtabVersion='1.0' Unit='M'
!QuantityType	!Compound	!Value
concentration	M_h2o_c	1.000e+00
concentration	M_atp_c	2.427e-03
concentration	M_nadp_c	6.797e-06
concentration	M_nadph_c	4.759e-05
concentration	M_adp_c	2.609e-04
concentration	M_nad_c	1.989e-03
concentration	M_pi_c	8.437e-03
concentration	M_nadh_c	4.517e-06
concentration	M_coa_c	3.615e-03
concentration	M_co2_c	1.831e-04
concentration	M_amp_c	2.677e-04
concentration	M_nh4_c	2.889e-05
concentration	M_akg_c	2.657e-04
concentration	M_accoa_c	6.107e-04
concentration	M_pyr_c	1.390e-03
concentration	M_succ_c	4.083e-04
concentration	M_ac_c	1.000e-02
concentration	M_gln__L_c	2.098e-03
concentration	M_for_c	1.000e-04
concentration	M_oaa_c	2.394e-06
concentration	M_glx_c	1.000e-04
concentration	M_pep_c	1.632e-04
concentration	M_g3p_c	3.908e-05
concentration	M_acald_c	1.000e-04
concentration	M_dhap_c	8.380e-04
concentration	M_succoa_c	3.901e-04
concentration	M_fum_c	1.740e-03
concentration	M_mal__L_c	1.702e-03
concentration	M_r5p_c	9.596e-05
concentration	M_3pg_c	1.582e-03
concentration	M_cit_c	2.342e-03
concentration	M_ru5p__D_c	2.412e-04
concentration	M_g6p_c	3.499e-04
concentration	M_q8_c	1.741e-05
concentration	M_xu5p__D_c	2.109e-04
concentration	M_q8h2_c	5.744e-04
concentration	M_e4p_c	1.340e-05
concentration	M_13dpg_c	2.136e-05
concentration	M_s7p_c	7.568e-04
concentration	M_2pg_c	9.610e-05
concentration	M_actp_c	1.020e-03
concentration	M_lac__D_c	4.758e-04
concentration	M_etoh_c	1.000e-04
concentration	M_6pgc_c	1.093e-04
concentration	M_fdp_c	6.977e-04
concentration	M_6pgl_c	1.871e-05
concentration	M_acon_C_c	2.665e-05
concentration	M_glu__L_c	2.190e-02
concentration	M_icit_c	1.365e-05
concentration	M_f6p_c	2.989e-04

!!SBtab TableID='Predicted Gibbs energies' TableType='Quantity' TableName='Predicted Gibbs energies' SBtabVersion='1.0' Unit='kJ/mol'
!QuantityType	!Reaction	!Value
reaction gibbs energy	R_PFK	-1.923e+01
reaction gibbs energy	R_PFL	0.000e+00
reaction gibbs energy	R_PGI	-2.176e+00
reaction gibbs energy	R_PGK	-3.272e+00
reaction gibbs energy	R_PGL	-1.935e+01
reaction gibbs energy	R_ACALD	0.000e+00
reaction gibbs energy	R_PGM	-2.539e+00
reaction gibbs energy	R_ALCD2x	0.000e+00
reaction gibbs energy	R_ACKr	-1.274e+00
reaction gibbs energy	R_PPC	0.000e+00
reaction gibbs energy	R_ACONTa	-2.390e+00
reaction gibbs energy	R_ACONTb	-3.147e+00
reaction gibbs energy	R_ATPM	0.000e+00
reaction gibbs energy	R_PPCK	0.000e+00
reaction gibbs energy	R_PPS	0.000e+00
reaction gibbs energy	R_ADK1	0.000e+00
reaction gibbs energy	R_AKGDH	0.000e+00
reaction gibbs energy	R_PTAr	-4.658e+00
reaction gibbs energy	R_PYK	-1.578e+01
reaction gibbs energy	R_RPE	-3.703e+00
reaction gibbs energy	R_CS	-1.560e+01
reaction gibbs energy	R_RPI	-4.404e+00
reaction gibbs energy	R_ENO	-2.551e+00
reaction gibbs energy	R_SUCDi	-1.223e+01
reaction gibbs energy	R_SUCOAS	0.000e+00
reaction gibbs energy	R_TALA	-5.931e+00
reaction gibbs energy	R_TKT1	-2.872e+00
reaction gibbs energy	R_TKT2	0.000e+00
reaction gibbs energy	R_TPI	-2.038e+00
reaction gibbs energy	R_FBA	-2.154e+00
reaction gibbs energy	R_FBP	0.000e+00
reaction gibbs energy	R_FRD7	0.000e+00
reaction gibbs energy	R_FUM	-3.482e+00
reaction gibbs energy	R_G6PDH2r	-7.525e+00
reaction gibbs energy	R_GAPD	-1.652e+00
reaction gibbs energy	R_GLNS	-1.155e+01
reaction gibbs energy	R_GLUDy	0.000e+00
reaction gibbs energy	R_GLUN	0.000e+00
reaction gibbs energy	R_GLUSy	-3.760e+01
reaction gibbs energy	R_GND	-4.137e+00
reaction gibbs energy	R_ICDHyr	-3.735e+00
reaction gibbs energy	R_ICL	0.000e+00
reaction gibbs energy	R_LDH_D	-9.811e+00
reaction gibbs energy	R_MALS	0.000e+00
reaction gibbs energy	R_MDH	-3.264e+00
reaction gibbs energy	R_ME1	-2.468e+01
reaction gibbs energy	R_ME2	0.000e+00
reaction gibbs energy	R_NADTRHD	-2.000e+01
reaction gibbs energy	R_PDH	-5.807e+01

