!!!SBtab DocumentName='report' SBtabVersion='1.0' Date='2022-6-9'
!!SBtab TableID='Predicted concentrations' TableType='Quantity' TableName='Predicted concentrations' SBtabVersion='1.0' Unit='M'
!QuantityType	!Compound	!Value
concentration	M_h2o_c	1.000e+00
concentration	M_atp_c	2.427e-03
concentration	M_nadp_c	6.697e-06
concentration	M_nadph_c	4.956e-05
concentration	M_adp_c	2.609e-04
concentration	M_nad_c	1.565e-03
concentration	M_pi_c	3.787e-03
concentration	M_nadh_c	3.463e-05
concentration	M_coa_c	2.481e-04
concentration	M_co2_c	2.361e-04
concentration	M_amp_c	2.709e-04
concentration	M_nh4_c	1.144e-05
concentration	M_akg_c	2.477e-04
concentration	M_accoa_c	5.210e-04
concentration	M_pyr_c	9.595e-04
concentration	M_succ_c	3.423e-04
concentration	M_ac_c	9.997e-05
concentration	M_gln__L_c	2.108e-03
concentration	M_for_c	9.997e-05
concentration	M_oaa_c	1.527e-06
concentration	M_glx_c	2.610e-05
concentration	M_pep_c	6.167e-04
concentration	M_g3p_c	1.010e-04
concentration	M_acald_c	9.997e-05
concentration	M_dhap_c	5.229e-04
concentration	M_succoa_c	8.670e-04
concentration	M_fum_c	2.025e-03
concentration	M_mal__L_c	4.364e-03
concentration	M_r5p_c	1.078e-04
concentration	M_3pg_c	2.056e-03
concentration	M_cit_c	2.000e-03
concentration	M_ru5p__D_c	2.068e-04
concentration	M_g6p_c	4.033e-04
concentration	M_q8_c	2.020e-05
concentration	M_xu5p__D_c	2.451e-04
concentration	M_q8h2_c	4.948e-04
concentration	M_e4p_c	1.359e-05
concentration	M_13dpg_c	1.826e-05
concentration	M_s7p_c	6.875e-04
concentration	M_2pg_c	1.947e-04
concentration	M_actp_c	1.442e-03
concentration	M_lac__D_c	9.997e-05
concentration	M_etoh_c	9.997e-05
concentration	M_6pgc_c	1.087e-04
concentration	M_fdp_c	1.732e-04
concentration	M_6pgl_c	1.873e-05
concentration	M_acon_C_c	2.950e-05
concentration	M_glu__L_c	2.206e-02
concentration	M_icit_c	1.666e-05
concentration	M_f6p_c	2.798e-04

!!SBtab TableID='Predicted Gibbs energies' TableType='Quantity' TableName='Predicted Gibbs energies' SBtabVersion='1.0' Unit='kJ/mol'
!QuantityType	!Reaction	!Value
reaction gibbs energy	R_PFK	-2.288e+01
reaction gibbs energy	R_PFL	0.000e+00
reaction gibbs energy	R_PGI	-1.587e+00
reaction gibbs energy	R_PGK	-1.870e-02
reaction gibbs energy	R_PGL	-1.961e+01
reaction gibbs energy	R_ACALD	0.000e+00
reaction gibbs energy	R_PGM	-1.870e-02
reaction gibbs energy	R_ALCD2x	0.000e+00
reaction gibbs energy	R_ACKr	0.000e+00
reaction gibbs energy	R_PPC	0.000e+00
reaction gibbs energy	R_ACONTa	-1.704e+00
reaction gibbs energy	R_ACONTb	-2.957e+00
reaction gibbs energy	R_ATPM	0.000e+00
reaction gibbs energy	R_PPCK	0.000e+00
reaction gibbs energy	R_PPS	-2.221e+01
reaction gibbs energy	R_ADK1	-5.500e+00
reaction gibbs energy	R_AKGDH	-3.423e+01
reaction gibbs energy	R_PTAr	0.000e+00
reaction gibbs energy	R_PYK	0.000e+00
reaction gibbs energy	R_RPE	-3.050e+00
reaction gibbs energy	R_CS	-2.152e+01
reaction gibbs energy	R_RPI	-3.758e+00
reaction gibbs energy	R_ENO	-1.870e-02
reaction gibbs energy	R_SUCDi	-1.178e+01
reaction gibbs energy	R_SUCOAS	-1.803e+00
reaction gibbs energy	R_TALA	-8.236e+00
reaction gibbs energy	R_TKT1	-1.542e+00
reaction gibbs energy	R_TKT2	0.000e+00
reaction gibbs energy	R_TPI	-1.165e+00
reaction gibbs energy	R_FBA	-2.175e+00
reaction gibbs energy	R_FBP	-2.515e+01
reaction gibbs energy	R_FRD7	0.000e+00
reaction gibbs energy	R_FUM	-1.521e+00
reaction gibbs energy	R_G6PDH2r	-7.628e+00
reaction gibbs energy	R_GAPD	-1.761e+00
reaction gibbs energy	R_GLNS	-1.129e+01
reaction gibbs energy	R_GLUDy	0.000e+00
reaction gibbs energy	R_GLUN	0.000e+00
reaction gibbs energy	R_GLUSy	-3.779e+01
reaction gibbs energy	R_GND	-2.954e+00
reaction gibbs energy	R_ICDHyr	-2.828e+00
reaction gibbs energy	R_ICL	-9.547e+00
reaction gibbs energy	R_LDH_D	0.000e+00
reaction gibbs energy	R_MALS	-2.494e+01
reaction gibbs energy	R_MDH	-1.009e+00
reaction gibbs energy	R_ME1	0.000e+00
reaction gibbs energy	R_ME2	0.000e+00
reaction gibbs energy	R_NADTRHD	0.000e+00
reaction gibbs energy	R_PDH	-4.618e+01

