!!!SBtab DocumentName='report' SBtabVersion='1.0' Date='2022-6-9'
!!SBtab TableID='Predicted concentrations' TableType='Quantity' TableName='Predicted concentrations' SBtabVersion='1.0' Unit='M'
!QuantityType	!Compound	!Value
concentration	M_h2o_c	1.000e+00
concentration	M_atp_c	2.427e-03
concentration	M_nadp_c	6.587e-06
concentration	M_nadph_c	5.260e-05
concentration	M_adp_c	2.609e-04
concentration	M_nad_c	2.022e-03
concentration	M_pi_c	8.246e-03
concentration	M_nadh_c	4.224e-06
concentration	M_coa_c	1.809e-02
concentration	M_co2_c	1.082e-04
concentration	M_amp_c	2.678e-04
concentration	M_nh4_c	3.442e-06
concentration	M_akg_c	2.842e-04
concentration	M_accoa_c	4.785e-04
concentration	M_pyr_c	1.773e-03
concentration	M_succ_c	4.305e-04
concentration	M_ac_c	1.000e-02
concentration	M_gln__L_c	2.128e-03
concentration	M_for_c	1.000e-04
concentration	M_oaa_c	2.797e-06
concentration	M_glx_c	2.258e-05
concentration	M_pep_c	1.653e-04
concentration	M_g3p_c	3.682e-05
concentration	M_acald_c	1.000e-04
concentration	M_dhap_c	8.184e-04
concentration	M_succoa_c	3.901e-04
concentration	M_fum_c	1.820e-03
concentration	M_mal__L_c	1.994e-03
concentration	M_r5p_c	9.460e-05
concentration	M_3pg_c	1.587e-03
concentration	M_cit_c	2.290e-03
concentration	M_ru5p__D_c	2.492e-04
concentration	M_g6p_c	8.092e-04
concentration	M_q8_c	1.854e-05
concentration	M_xu5p__D_c	2.122e-04
concentration	M_q8h2_c	5.393e-04
concentration	M_e4p_c	1.356e-05
concentration	M_13dpg_c	2.177e-05
concentration	M_s7p_c	7.357e-04
concentration	M_2pg_c	9.696e-05
concentration	M_actp_c	1.020e-03
concentration	M_lac__D_c	5.319e-04
concentration	M_etoh_c	1.000e-04
concentration	M_6pgc_c	1.026e-04
concentration	M_fdp_c	6.725e-04
concentration	M_6pgl_c	1.791e-05
concentration	M_acon_C_c	2.570e-05
concentration	M_glu__L_c	2.143e-02
concentration	M_icit_c	1.160e-05
concentration	M_f6p_c	1.481e-04

!!SBtab TableID='Predicted Gibbs energies' TableType='Quantity' TableName='Predicted Gibbs energies' SBtabVersion='1.0' Unit='kJ/mol'
!QuantityType	!Reaction	!Value
reaction gibbs energy	R_PFK	-1.758e+01
reaction gibbs energy	R_PFL	0.000e+00
reaction gibbs energy	R_PGI	-1.641e+00
reaction gibbs energy	R_PGK	-3.311e+00
reaction gibbs energy	R_PGL	-1.940e+01
reaction gibbs energy	R_ACALD	0.000e+00
reaction gibbs energy	R_PGM	-2.526e+00
reaction gibbs energy	R_ALCD2x	0.000e+00
reaction gibbs energy	R_ACKr	-1.274e+00
reaction gibbs energy	R_PPC	0.000e+00
reaction gibbs energy	R_ACONTa	-2.425e+00
reaction gibbs energy	R_ACONTb	-3.460e+00
reaction gibbs energy	R_ATPM	0.000e+00
reaction gibbs energy	R_PPCK	0.000e+00
reaction gibbs energy	R_PPS	0.000e+00
reaction gibbs energy	R_ADK1	0.000e+00
reaction gibbs energy	R_AKGDH	0.000e+00
reaction gibbs energy	R_PTAr	-9.308e+00
reaction gibbs energy	R_PYK	-1.521e+01
reaction gibbs energy	R_RPE	-3.768e+00
reaction gibbs energy	R_CS	-1.145e+01
reaction gibbs energy	R_RPI	-4.520e+00
reaction gibbs energy	R_ENO	-2.541e+00
reaction gibbs energy	R_SUCDi	-1.257e+01
reaction gibbs energy	R_SUCOAS	0.000e+00
reaction gibbs energy	R_TALA	-7.423e+00
reaction gibbs energy	R_TKT1	-3.070e+00
reaction gibbs energy	R_TKT2	0.000e+00
reaction gibbs energy	R_TPI	-2.127e+00
reaction gibbs energy	R_FBA	-2.270e+00
reaction gibbs energy	R_FBP	0.000e+00
reaction gibbs energy	R_FRD7	0.000e+00
reaction gibbs energy	R_FUM	-3.202e+00
reaction gibbs energy	R_G6PDH2r	-9.384e+00
reaction gibbs energy	R_GAPD	-1.607e+00
reaction gibbs energy	R_GLNS	-6.243e+00
reaction gibbs energy	R_GLUDy	0.000e+00
reaction gibbs energy	R_GLUN	0.000e+00
reaction gibbs energy	R_GLUSy	-3.824e+01
reaction gibbs energy	R_GND	-4.878e+00
reaction gibbs energy	R_ICDHyr	-4.144e+00
reaction gibbs energy	R_ICL	-8.357e+00
reaction gibbs energy	R_LDH_D	-9.931e+00
reaction gibbs energy	R_MALS	-1.739e+01
reaction gibbs energy	R_MDH	-3.478e+00
reaction gibbs energy	R_ME1	-2.598e+01
reaction gibbs energy	R_ME2	0.000e+00
reaction gibbs energy	R_NADTRHD	0.000e+00
reaction gibbs energy	R_PDH	0.000e+00

