!!!SBtab DocumentName='report' SBtabVersion='1.0' Date='2022-6-9'
!!SBtab TableID='Predicted concentrations' TableType='Quantity' TableName='Predicted concentrations' SBtabVersion='1.0' Unit='M'
!QuantityType	!Compound	!Value
concentration	M_h2o_c	1.000e+00
concentration	M_atp_c	2.427e-03
concentration	M_nadp_c	6.725e-06
concentration	M_nadph_c	5.075e-05
concentration	M_adp_c	2.609e-04
concentration	M_nad_c	1.968e-03
concentration	M_pi_c	8.897e-03
concentration	M_nadh_c	4.397e-06
concentration	M_coa_c	1.437e-02
concentration	M_co2_c	1.337e-05
concentration	M_amp_c	2.677e-04
concentration	M_nh4_c	1.000e-04
concentration	M_akg_c	3.180e-04
concentration	M_accoa_c	4.890e-04
concentration	M_pyr_c	1.216e-03
concentration	M_succ_c	4.310e-04
concentration	M_ac_c	1.000e-02
concentration	M_gln__L_c	2.104e-03
concentration	M_for_c	1.000e-04
concentration	M_oaa_c	4.401e-06
concentration	M_glx_c	2.310e-05
concentration	M_pep_c	1.599e-04
concentration	M_g3p_c	3.801e-05
concentration	M_acald_c	1.000e-04
concentration	M_dhap_c	8.276e-04
concentration	M_succoa_c	3.901e-04
concentration	M_fum_c	2.003e-03
concentration	M_mal__L_c	2.540e-03
concentration	M_r5p_c	5.604e-05
concentration	M_3pg_c	1.603e-03
concentration	M_cit_c	2.279e-03
concentration	M_ru5p__D_c	1.858e-04
concentration	M_g6p_c	8.113e-04
concentration	M_q8_c	1.733e-05
concentration	M_xu5p__D_c	1.652e-04
concentration	M_q8h2_c	5.772e-04
concentration	M_e4p_c	1.349e-05
concentration	M_13dpg_c	2.221e-05
concentration	M_s7p_c	1.145e-03
concentration	M_2pg_c	9.542e-05
concentration	M_actp_c	1.020e-03
concentration	M_lac__D_c	5.346e-04
concentration	M_etoh_c	1.000e-04
concentration	M_6pgc_c	7.900e-05
concentration	M_fdp_c	6.838e-04
concentration	M_6pgl_c	1.000e-04
concentration	M_acon_C_c	2.514e-05
concentration	M_glu__L_c	2.173e-02
concentration	M_icit_c	9.915e-06
concentration	M_f6p_c	1.472e-04

!!SBtab TableID='Predicted Gibbs energies' TableType='Quantity' TableName='Predicted Gibbs energies' SBtabVersion='1.0' Unit='kJ/mol'
!QuantityType	!Reaction	!Value
reaction gibbs energy	R_PFK	-1.753e+01
reaction gibbs energy	R_PFL	0.000e+00
reaction gibbs energy	R_PGI	-1.664e+00
reaction gibbs energy	R_PGK	-3.335e+00
reaction gibbs energy	R_PGL	0.000e+00
reaction gibbs energy	R_ACALD	0.000e+00
reaction gibbs energy	R_PGM	-2.590e+00
reaction gibbs energy	R_ALCD2x	0.000e+00
reaction gibbs energy	R_ACKr	-1.274e+00
reaction gibbs energy	R_PPC	-3.194e+01
reaction gibbs energy	R_ACONTa	-2.467e+00
reaction gibbs energy	R_ACONTb	-3.794e+00
reaction gibbs energy	R_ATPM	0.000e+00
reaction gibbs energy	R_PPCK	0.000e+00
reaction gibbs energy	R_PPS	0.000e+00
reaction gibbs energy	R_ADK1	0.000e+00
reaction gibbs energy	R_AKGDH	0.000e+00
reaction gibbs energy	R_PTAr	-8.496e+00
reaction gibbs energy	R_PYK	0.000e+00
reaction gibbs energy	R_RPE	0.000e+00
reaction gibbs energy	R_CS	-1.320e+01
reaction gibbs energy	R_RPI	0.000e+00
reaction gibbs energy	R_ENO	-2.583e+00
reaction gibbs energy	R_SUCDi	-1.199e+01
reaction gibbs energy	R_SUCOAS	0.000e+00
reaction gibbs energy	R_TALA	0.000e+00
reaction gibbs energy	R_TKT1	0.000e+00
reaction gibbs energy	R_TKT2	0.000e+00
reaction gibbs energy	R_TPI	-2.076e+00
reaction gibbs energy	R_FBA	-2.205e+00
reaction gibbs energy	R_FBP	0.000e+00
reaction gibbs energy	R_FRD7	0.000e+00
reaction gibbs energy	R_FUM	-2.840e+00
reaction gibbs energy	R_G6PDH2r	0.000e+00
reaction gibbs energy	R_GAPD	-1.659e+00
reaction gibbs energy	R_GLNS	0.000e+00
reaction gibbs energy	R_GLUDy	0.000e+00
reaction gibbs energy	R_GLUN	0.000e+00
reaction gibbs energy	R_GLUSy	0.000e+00
reaction gibbs energy	R_GND	0.000e+00
reaction gibbs energy	R_ICDHyr	0.000e+00
reaction gibbs energy	R_ICL	-7.910e+00
reaction gibbs energy	R_LDH_D	-9.148e+00
reaction gibbs energy	R_MALS	-1.747e+01
reaction gibbs energy	R_MDH	-2.787e+00
reaction gibbs energy	R_ME1	0.000e+00
reaction gibbs energy	R_ME2	-1.230e+01
reaction gibbs energy	R_NADTRHD	-2.023e+01
reaction gibbs energy	R_PDH	0.000e+00

