!!!SBtab DocumentName='report' SBtabVersion='1.0' Date='2022-6-9'
!!SBtab TableID='Predicted concentrations' TableType='Quantity' TableName='Predicted concentrations' SBtabVersion='1.0' Unit='M'
!QuantityType	!Compound	!Value
concentration	M_h2o_c	1.000e+00
concentration	M_atp_c	2.427e-03
concentration	M_nadp_c	6.642e-06
concentration	M_nadph_c	5.205e-05
concentration	M_adp_c	2.609e-04
concentration	M_nad_c	2.009e-03
concentration	M_pi_c	8.607e-03
concentration	M_nadh_c	4.357e-06
concentration	M_coa_c	2.011e-02
concentration	M_co2_c	8.130e-05
concentration	M_amp_c	2.677e-04
concentration	M_nh4_c	4.386e-06
concentration	M_akg_c	2.885e-04
concentration	M_accoa_c	4.656e-04
concentration	M_pyr_c	1.441e-03
concentration	M_succ_c	4.342e-04
concentration	M_ac_c	1.000e-02
concentration	M_gln__L_c	2.117e-03
concentration	M_for_c	9.999e-05
concentration	M_oaa_c	2.778e-06
concentration	M_glx_c	2.276e-05
concentration	M_pep_c	1.714e-04
concentration	M_g3p_c	3.717e-05
concentration	M_acald_c	9.999e-05
concentration	M_dhap_c	8.065e-04
concentration	M_succoa_c	3.901e-04
concentration	M_fum_c	1.913e-03
concentration	M_mal__L_c	2.340e-03
concentration	M_r5p_c	9.474e-05
concentration	M_3pg_c	1.585e-03
concentration	M_cit_c	2.273e-03
concentration	M_ru5p__D_c	2.464e-04
concentration	M_g6p_c	3.574e-04
concentration	M_q8_c	1.903e-05
concentration	M_xu5p__D_c	2.116e-04
concentration	M_q8h2_c	5.253e-04
concentration	M_e4p_c	1.349e-05
concentration	M_13dpg_c	2.183e-05
concentration	M_s7p_c	7.621e-04
concentration	M_2pg_c	9.841e-05
concentration	M_actp_c	1.020e-03
concentration	M_lac__D_c	5.721e-04
concentration	M_etoh_c	9.999e-05
concentration	M_6pgc_c	9.781e-05
concentration	M_fdp_c	6.666e-04
concentration	M_6pgl_c	1.500e-05
concentration	M_acon_C_c	2.556e-05
concentration	M_glu__L_c	2.166e-02
concentration	M_icit_c	1.096e-05
concentration	M_f6p_c	2.979e-04

!!SBtab TableID='Predicted Gibbs energies' TableType='Quantity' TableName='Predicted Gibbs energies' SBtabVersion='1.0' Unit='kJ/mol'
!QuantityType	!Reaction	!Value
reaction gibbs energy	R_PFK	-1.934e+01
reaction gibbs energy	R_PFL	0.000e+00
reaction gibbs energy	R_PGI	-2.115e+00
reaction gibbs energy	R_PGK	-3.321e+00
reaction gibbs energy	R_PGL	-1.907e+01
reaction gibbs energy	R_ACALD	0.000e+00
reaction gibbs energy	R_PGM	-2.485e+00
reaction gibbs energy	R_ALCD2x	0.000e+00
reaction gibbs energy	R_ACKr	-1.274e+00
reaction gibbs energy	R_PPC	0.000e+00
reaction gibbs energy	R_ACONTa	-2.420e+00
reaction gibbs energy	R_ACONTb	-3.586e+00
reaction gibbs energy	R_ATPM	0.000e+00
reaction gibbs energy	R_PPCK	-7.896e+00
reaction gibbs energy	R_PPS	0.000e+00
reaction gibbs energy	R_ADK1	0.000e+00
reaction gibbs energy	R_AKGDH	0.000e+00
reaction gibbs energy	R_PTAr	-9.532e+00
reaction gibbs energy	R_PYK	-1.581e+01
reaction gibbs energy	R_RPE	-3.748e+00
reaction gibbs energy	R_CS	-1.112e+01
reaction gibbs energy	R_RPI	-4.488e+00
reaction gibbs energy	R_ENO	-2.487e+00
reaction gibbs energy	R_SUCDi	-1.259e+01
reaction gibbs energy	R_SUCOAS	0.000e+00
reaction gibbs energy	R_TALA	-5.815e+00
reaction gibbs energy	R_TKT1	-2.956e+00
reaction gibbs energy	R_TKT2	0.000e+00
reaction gibbs energy	R_TPI	-2.068e+00
reaction gibbs energy	R_FBA	-2.261e+00
reaction gibbs energy	R_FBP	0.000e+00
reaction gibbs energy	R_FRD7	0.000e+00
reaction gibbs energy	R_FUM	-2.929e+00
reaction gibbs energy	R_G6PDH2r	-7.845e+00
reaction gibbs energy	R_GAPD	-1.638e+00
reaction gibbs energy	R_GLNS	-6.777e+00
reaction gibbs energy	R_GLUDy	0.000e+00
reaction gibbs energy	R_GLUN	0.000e+00
reaction gibbs energy	R_GLUSy	-3.816e+01
reaction gibbs energy	R_GND	-5.543e+00
reaction gibbs energy	R_ICDHyr	-4.721e+00
reaction gibbs energy	R_ICL	-8.176e+00
reaction gibbs energy	R_LDH_D	-9.328e+00
reaction gibbs energy	R_MALS	-1.668e+01
reaction gibbs energy	R_MDH	-3.799e+00
reaction gibbs energy	R_ME1	0.000e+00
reaction gibbs energy	R_ME2	0.000e+00
reaction gibbs energy	R_NADTRHD	0.000e+00
reaction gibbs energy	R_PDH	0.000e+00

