!!!SBtab DocumentName='report' SBtabVersion='1.0' Date='2022-6-9'
!!SBtab TableID='Predicted concentrations' TableType='Quantity' TableName='Predicted concentrations' SBtabVersion='1.0' Unit='M'
!QuantityType	!Compound	!Value
concentration	M_h2o_c	1.000e+00
concentration	M_atp_c	1.485e-03
concentration	M_nadp_c	6.857e-06
concentration	M_nadph_c	4.640e-05
concentration	M_adp_c	2.675e-04
concentration	M_nad_c	2.288e-03
concentration	M_pi_c	1.000e-02
concentration	M_nadh_c	3.822e-06
concentration	M_coa_c	3.879e-03
concentration	M_co2_c	2.434e-05
concentration	M_amp_c	3.609e-04
concentration	M_nh4_c	2.465e-05
concentration	M_akg_c	2.419e-04
concentration	M_accoa_c	5.922e-04
concentration	M_pyr_c	9.075e-04
concentration	M_succ_c	4.013e-04
concentration	M_ac_c	1.000e-04
concentration	M_gln__L_c	2.076e-03
concentration	M_for_c	1.000e-04
concentration	M_oaa_c	1.196e-06
concentration	M_glx_c	5.599e-06
concentration	M_pep_c	3.036e-04
concentration	M_g3p_c	4.957e-05
concentration	M_acald_c	1.000e-04
concentration	M_dhap_c	9.776e-04
concentration	M_succoa_c	3.901e-04
concentration	M_fum_c	2.996e-03
concentration	M_mal__L_c	1.425e-03
concentration	M_r5p_c	1.446e-04
concentration	M_3pg_c	1.020e-03
concentration	M_cit_c	3.562e-03
concentration	M_ru5p__D_c	4.636e-04
concentration	M_g6p_c	2.608e-04
concentration	M_q8_c	2.274e-05
concentration	M_xu5p__D_c	2.501e-04
concentration	M_q8h2_c	4.398e-04
concentration	M_e4p_c	1.082e-05
concentration	M_13dpg_c	1.826e-05
concentration	M_s7p_c	4.804e-04
concentration	M_2pg_c	1.000e-04
concentration	M_actp_c	1.442e-03
concentration	M_lac__D_c	2.138e-04
concentration	M_etoh_c	1.000e-04
concentration	M_6pgc_c	9.489e-05
concentration	M_fdp_c	9.508e-04
concentration	M_6pgl_c	9.514e-06
concentration	M_acon_C_c	1.416e-05
concentration	M_glu__L_c	2.226e-02
concentration	M_icit_c	3.547e-06
concentration	M_f6p_c	4.151e-04

!!SBtab TableID='Predicted Gibbs energies' TableType='Quantity' TableName='Predicted Gibbs energies' SBtabVersion='1.0' Unit='kJ/mol'
!QuantityType	!Reaction	!Value
reaction gibbs energy	R_PFK	-1.730e+01
reaction gibbs energy	R_PFL	0.000e+00
reaction gibbs energy	R_PGI	-4.910e+00
reaction gibbs energy	R_PGK	-4.910e+00
reaction gibbs energy	R_PGL	-1.812e+01
reaction gibbs energy	R_ACALD	0.000e+00
reaction gibbs energy	R_PGM	0.000e+00
reaction gibbs energy	R_ALCD2x	0.000e+00
reaction gibbs energy	R_ACKr	0.000e+00
reaction gibbs energy	R_PPC	0.000e+00
reaction gibbs energy	R_ACONTa	-4.939e+00
reaction gibbs energy	R_ACONTb	-4.963e+00
reaction gibbs energy	R_ATPM	0.000e+00
reaction gibbs energy	R_PPCK	0.000e+00
reaction gibbs energy	R_PPS	-1.953e+01
reaction gibbs energy	R_ADK1	-4.910e+00
reaction gibbs energy	R_AKGDH	0.000e+00
reaction gibbs energy	R_PTAr	0.000e+00
reaction gibbs energy	R_PYK	0.000e+00
reaction gibbs energy	R_RPE	-5.076e+00
reaction gibbs energy	R_CS	-1.267e+01
reaction gibbs energy	R_RPI	-5.095e+00
reaction gibbs energy	R_ENO	0.000e+00
reaction gibbs energy	R_SUCDi	-1.274e+01
reaction gibbs energy	R_SUCOAS	0.000e+00
reaction gibbs energy	R_TALA	-5.221e+00
reaction gibbs energy	R_TKT1	-5.068e+00
reaction gibbs energy	R_TKT2	0.000e+00
reaction gibbs energy	R_TPI	-4.910e+00
reaction gibbs energy	R_FBA	-4.910e+00
reaction gibbs energy	R_FBP	0.000e+00
reaction gibbs energy	R_FRD7	0.000e+00
reaction gibbs energy	R_FUM	-5.278e+00
reaction gibbs energy	R_G6PDH2r	-8.744e+00
reaction gibbs energy	R_GAPD	-4.910e+00
reaction gibbs energy	R_GLNS	-9.507e+00
reaction gibbs energy	R_GLUDy	0.000e+00
reaction gibbs energy	R_GLUN	0.000e+00
reaction gibbs energy	R_GLUSy	-3.705e+01
reaction gibbs energy	R_GND	-8.445e+00
reaction gibbs energy	R_ICDHyr	-6.691e+00
reaction gibbs energy	R_ICL	-8.955e+00
reaction gibbs energy	R_LDH_D	-9.974e+00
reaction gibbs energy	R_MALS	-1.996e+01
reaction gibbs energy	R_MDH	-5.317e+00
reaction gibbs energy	R_ME1	0.000e+00
reaction gibbs energy	R_ME2	-1.137e+01
reaction gibbs energy	R_NADTRHD	0.000e+00
reaction gibbs energy	R_PDH	-6.350e+01

