!!!SBtab DocumentName='report' SBtabVersion='1.0' Date='2022-6-9'
!!SBtab TableID='Predicted concentrations' TableType='Quantity' TableName='Predicted concentrations' SBtabVersion='1.0' Unit='M'
!QuantityType	!Compound	!Value
concentration	M_h2o_c	1.000e+00
concentration	M_atp_c	1.513e-03
concentration	M_nadp_c	6.856e-06
concentration	M_nadph_c	4.633e-05
concentration	M_adp_c	4.444e-04
concentration	M_nad_c	2.288e-03
concentration	M_pi_c	1.000e-02
concentration	M_nadh_c	3.822e-06
concentration	M_coa_c	1.880e-04
concentration	M_co2_c	1.865e-05
concentration	M_amp_c	2.677e-04
concentration	M_nh4_c	9.433e-05
concentration	M_akg_c	2.261e-04
concentration	M_accoa_c	6.843e-04
concentration	M_pyr_c	9.707e-04
concentration	M_succ_c	3.506e-04
concentration	M_ac_c	9.997e-05
concentration	M_gln__L_c	2.070e-03
concentration	M_for_c	9.997e-05
concentration	M_oaa_c	1.165e-06
concentration	M_glx_c	9.997e-05
concentration	M_pep_c	2.179e-04
concentration	M_g3p_c	4.195e-05
concentration	M_acald_c	9.997e-05
concentration	M_dhap_c	9.801e-04
concentration	M_succoa_c	8.158e-04
concentration	M_fum_c	3.058e-03
concentration	M_mal__L_c	1.417e-03
concentration	M_r5p_c	1.446e-04
concentration	M_3pg_c	1.039e-03
concentration	M_cit_c	3.603e-03
concentration	M_ru5p__D_c	4.708e-04
concentration	M_g6p_c	2.608e-04
concentration	M_q8_c	2.663e-05
concentration	M_xu5p__D_c	2.433e-04
concentration	M_q8h2_c	3.753e-04
concentration	M_e4p_c	1.019e-05
concentration	M_13dpg_c	1.826e-05
concentration	M_s7p_c	5.238e-04
concentration	M_2pg_c	9.997e-05
concentration	M_actp_c	1.443e-03
concentration	M_lac__D_c	1.950e-04
concentration	M_etoh_c	9.997e-05
concentration	M_6pgc_c	9.704e-05
concentration	M_fdp_c	9.508e-04
concentration	M_6pgl_c	7.774e-06
concentration	M_acon_C_c	1.403e-05
concentration	M_glu__L_c	2.228e-02
concentration	M_icit_c	3.469e-06
concentration	M_f6p_c	4.151e-04

!!SBtab TableID='Predicted Gibbs energies' TableType='Quantity' TableName='Predicted Gibbs energies' SBtabVersion='1.0' Unit='kJ/mol'
!QuantityType	!Reaction	!Value
reaction gibbs energy	R_PFK	-1.625e+01
reaction gibbs energy	R_PFL	0.000e+00
reaction gibbs energy	R_PGI	-5.019e+00
reaction gibbs energy	R_PGK	-5.068e+00
reaction gibbs energy	R_PGL	-1.753e+01
reaction gibbs energy	R_ACALD	0.000e+00
reaction gibbs energy	R_PGM	0.000e+00
reaction gibbs energy	R_ALCD2x	0.000e+00
reaction gibbs energy	R_ACKr	0.000e+00
reaction gibbs energy	R_PPC	0.000e+00
reaction gibbs energy	R_ACONTa	-5.019e+00
reaction gibbs energy	R_ACONTb	-5.019e+00
reaction gibbs energy	R_ATPM	0.000e+00
reaction gibbs energy	R_PPCK	-7.286e+00
reaction gibbs energy	R_PPS	0.000e+00
reaction gibbs energy	R_ADK1	0.000e+00
reaction gibbs energy	R_AKGDH	-4.779e+01
reaction gibbs energy	R_PTAr	0.000e+00
reaction gibbs energy	R_PYK	0.000e+00
reaction gibbs energy	R_RPE	-5.114e+00
reaction gibbs energy	R_CS	-2.046e+01
reaction gibbs energy	R_RPI	-5.119e+00
reaction gibbs energy	R_ENO	0.000e+00
reaction gibbs energy	R_SUCDi	-1.293e+01
reaction gibbs energy	R_SUCOAS	-7.299e+00
reaction gibbs energy	R_TALA	-5.127e+00
reaction gibbs energy	R_TKT1	-5.113e+00
reaction gibbs energy	R_TKT2	0.000e+00
reaction gibbs energy	R_TPI	-5.019e+00
reaction gibbs energy	R_FBA	-5.019e+00
reaction gibbs energy	R_FBP	0.000e+00
reaction gibbs energy	R_FRD7	0.000e+00
reaction gibbs energy	R_FUM	-5.341e+00
reaction gibbs energy	R_G6PDH2r	-9.190e+00
reaction gibbs energy	R_GAPD	-5.019e+00
reaction gibbs energy	R_GLNS	-1.162e+01
reaction gibbs energy	R_GLUDy	0.000e+00
reaction gibbs energy	R_GLUN	0.000e+00
reaction gibbs energy	R_GLUSy	-3.688e+01
reaction gibbs energy	R_GND	-8.794e+00
reaction gibbs energy	R_ICDHyr	-7.189e+00
reaction gibbs energy	R_ICL	0.000e+00
reaction gibbs energy	R_LDH_D	-1.037e+01
reaction gibbs energy	R_MALS	0.000e+00
reaction gibbs energy	R_MDH	-5.360e+00
reaction gibbs energy	R_ME1	0.000e+00
reaction gibbs energy	R_ME2	0.000e+00
reaction gibbs energy	R_NADTRHD	-2.076e+01
reaction gibbs energy	R_PDH	-5.657e+01

