!!!SBtab DocumentName='report' SBtabVersion='1.0' Date='2022-6-9'
!!SBtab TableID='Predicted concentrations' TableType='Quantity' TableName='Predicted concentrations' SBtabVersion='1.0' Unit='M'
!QuantityType	!Compound	!Value
concentration	M_h2o_c	1.000e+00
concentration	M_atp_c	2.427e-03
concentration	M_nadp_c	6.647e-06
concentration	M_nadph_c	5.094e-05
concentration	M_adp_c	2.609e-04
concentration	M_nad_c	1.584e-03
concentration	M_pi_c	1.970e-03
concentration	M_nadh_c	2.271e-05
concentration	M_coa_c	6.248e-03
concentration	M_co2_c	1.649e-04
concentration	M_amp_c	2.728e-04
concentration	M_nh4_c	6.914e-06
concentration	M_akg_c	2.813e-04
concentration	M_accoa_c	5.568e-04
concentration	M_pyr_c	8.745e-04
concentration	M_succ_c	4.336e-04
concentration	M_ac_c	1.000e-04
concentration	M_gln__L_c	2.121e-03
concentration	M_for_c	1.000e-04
concentration	M_oaa_c	1.741e-06
concentration	M_glx_c	2.845e-05
concentration	M_pep_c	6.167e-04
concentration	M_g3p_c	1.057e-04
concentration	M_acald_c	1.000e-04
concentration	M_dhap_c	5.271e-04
concentration	M_succoa_c	3.901e-04
concentration	M_fum_c	1.901e-03
concentration	M_mal__L_c	3.686e-03
concentration	M_r5p_c	1.091e-04
concentration	M_3pg_c	2.056e-03
concentration	M_cit_c	1.978e-03
concentration	M_ru5p__D_c	2.127e-04
concentration	M_g6p_c	4.038e-04
concentration	M_q8_c	1.657e-05
concentration	M_xu5p__D_c	2.457e-04
concentration	M_q8h2_c	6.036e-04
concentration	M_e4p_c	1.359e-05
concentration	M_13dpg_c	1.826e-05
concentration	M_s7p_c	6.825e-04
concentration	M_2pg_c	1.947e-04
concentration	M_actp_c	1.443e-03
concentration	M_lac__D_c	1.000e-04
concentration	M_etoh_c	1.000e-04
concentration	M_6pgc_c	9.917e-05
concentration	M_fdp_c	1.619e-04
concentration	M_6pgl_c	2.241e-05
concentration	M_acon_C_c	2.931e-05
concentration	M_glu__L_c	2.184e-02
concentration	M_icit_c	1.582e-05
concentration	M_f6p_c	2.893e-04

!!SBtab TableID='Predicted Gibbs energies' TableType='Quantity' TableName='Predicted Gibbs energies' SBtabVersion='1.0' Unit='kJ/mol'
!QuantityType	!Reaction	!Value
reaction gibbs energy	R_PFK	0.000e+00
reaction gibbs energy	R_PFL	0.000e+00
reaction gibbs energy	R_PGI	-1.666e+00
reaction gibbs energy	R_PGK	-1.870e-02
reaction gibbs energy	R_PGL	-2.028e+01
reaction gibbs energy	R_ACALD	0.000e+00
reaction gibbs energy	R_PGM	-1.870e-02
reaction gibbs energy	R_ALCD2x	0.000e+00
reaction gibbs energy	R_ACKr	0.000e+00
reaction gibbs energy	R_PPC	0.000e+00
reaction gibbs energy	R_ACONTa	-1.692e+00
reaction gibbs energy	R_ACONTb	-3.071e+00
reaction gibbs energy	R_ATPM	0.000e+00
reaction gibbs energy	R_PPCK	0.000e+00
reaction gibbs energy	R_PPS	-2.358e+01
reaction gibbs energy	R_ADK1	-5.517e+00
reaction gibbs energy	R_AKGDH	0.000e+00
reaction gibbs energy	R_PTAr	0.000e+00
reaction gibbs energy	R_PYK	0.000e+00
reaction gibbs energy	R_RPE	-3.114e+00
reaction gibbs energy	R_CS	-1.404e+01
reaction gibbs energy	R_RPI	-3.799e+00
reaction gibbs energy	R_ENO	-1.870e-02
reaction gibbs energy	R_SUCDi	-1.154e+01
reaction gibbs energy	R_SUCOAS	0.000e+00
reaction gibbs energy	R_TALA	-8.250e+00
reaction gibbs energy	R_TKT1	-1.483e+00
reaction gibbs energy	R_TKT2	-4.941e+00
reaction gibbs energy	R_TPI	-1.258e+00
reaction gibbs energy	R_FBA	-2.475e+00
reaction gibbs energy	R_FBP	-2.652e+01
reaction gibbs energy	R_FRD7	0.000e+00
reaction gibbs energy	R_FUM	-1.782e+00
reaction gibbs energy	R_G6PDH2r	-7.099e+00
reaction gibbs energy	R_GAPD	-2.192e+00
reaction gibbs energy	R_GLNS	-1.162e+01
reaction gibbs energy	R_GLUDy	0.000e+00
reaction gibbs energy	R_GLUN	0.000e+00
reaction gibbs energy	R_GLUSy	-3.826e+01
reaction gibbs energy	R_GND	-3.458e+00
reaction gibbs energy	R_ICDHyr	-3.185e+00
reaction gibbs energy	R_ICL	-8.618e+00
reaction gibbs energy	R_LDH_D	0.000e+00
reaction gibbs energy	R_MALS	-1.774e+01
reaction gibbs energy	R_MDH	-1.341e+00
reaction gibbs energy	R_ME1	0.000e+00
reaction gibbs energy	R_ME2	0.000e+00
reaction gibbs energy	R_NADTRHD	0.000e+00
reaction gibbs energy	R_PDH	-5.575e+01

