!!!SBtab DocumentName='report' SBtabVersion='1.0' Date='2022-6-9'
!!SBtab TableID='Predicted concentrations' TableType='Quantity' TableName='Predicted concentrations' SBtabVersion='1.0' Unit='M'
!QuantityType	!Compound	!Value
concentration	M_h2o_c	1.000e+00
concentration	M_atp_c	2.427e-03
concentration	M_nadp_c	6.513e-06
concentration	M_nadph_c	5.396e-05
concentration	M_adp_c	2.609e-04
concentration	M_nad_c	1.582e-03
concentration	M_pi_c	5.865e-03
concentration	M_nadh_c	2.990e-05
concentration	M_coa_c	1.231e-04
concentration	M_co2_c	8.701e-05
concentration	M_amp_c	2.677e-04
concentration	M_nh4_c	5.033e-06
concentration	M_akg_c	3.318e-04
concentration	M_accoa_c	1.323e-03
concentration	M_pyr_c	9.828e-04
concentration	M_succ_c	4.035e-04
concentration	M_ac_c	4.361e-04
concentration	M_gln__L_c	2.185e-03
concentration	M_for_c	1.000e-04
concentration	M_oaa_c	1.689e-06
concentration	M_glx_c	1.000e-04
concentration	M_pep_c	6.167e-04
concentration	M_g3p_c	9.025e-05
concentration	M_acald_c	1.000e-04
concentration	M_dhap_c	4.952e-04
concentration	M_succoa_c	3.901e-04
concentration	M_fum_c	1.987e-03
concentration	M_mal__L_c	4.106e-03
concentration	M_r5p_c	1.070e-04
concentration	M_3pg_c	2.056e-03
concentration	M_cit_c	2.032e-03
concentration	M_ru5p__D_c	2.308e-04
concentration	M_g6p_c	4.063e-04
concentration	M_q8_c	1.634e-05
concentration	M_xu5p__D_c	2.435e-04
concentration	M_q8h2_c	6.120e-04
concentration	M_e4p_c	1.359e-05
concentration	M_13dpg_c	1.826e-05
concentration	M_s7p_c	6.955e-04
concentration	M_2pg_c	1.947e-04
concentration	M_actp_c	1.248e-03
concentration	M_lac__D_c	4.049e-04
concentration	M_etoh_c	1.000e-04
concentration	M_6pgc_c	8.831e-05
concentration	M_fdp_c	1.518e-04
concentration	M_6pgl_c	1.747e-05
concentration	M_acon_C_c	2.900e-05
concentration	M_glu__L_c	2.028e-02
concentration	M_icit_c	1.613e-05
concentration	M_f6p_c	2.861e-04

!!SBtab TableID='Predicted Gibbs energies' TableType='Quantity' TableName='Predicted Gibbs energies' SBtabVersion='1.0' Unit='kJ/mol'
!QuantityType	!Reaction	!Value
reaction gibbs energy	R_PFK	0.000e+00
reaction gibbs energy	R_PFL	0.000e+00
reaction gibbs energy	R_PGI	-1.624e+00
reaction gibbs energy	R_PGK	-1.870e-02
reaction gibbs energy	R_PGL	-1.995e+01
reaction gibbs energy	R_ACALD	0.000e+00
reaction gibbs energy	R_PGM	-1.870e-02
reaction gibbs energy	R_ALCD2x	0.000e+00
reaction gibbs energy	R_ACKr	-1.114e+01
reaction gibbs energy	R_PPC	0.000e+00
reaction gibbs energy	R_ACONTa	-1.786e+00
reaction gibbs energy	R_ACONTb	-2.995e+00
reaction gibbs energy	R_ATPM	0.000e+00
reaction gibbs energy	R_PPCK	-2.102e+00
reaction gibbs energy	R_PPS	0.000e+00
reaction gibbs energy	R_ADK1	0.000e+00
reaction gibbs energy	R_AKGDH	0.000e+00
reaction gibbs energy	R_PTAr	-6.781e-01
reaction gibbs energy	R_PYK	0.000e+00
reaction gibbs energy	R_RPE	-3.338e+00
reaction gibbs energy	R_CS	-2.577e+01
reaction gibbs energy	R_RPI	-4.048e+00
reaction gibbs energy	R_ENO	-1.870e-02
reaction gibbs energy	R_SUCDi	-1.118e+01
reaction gibbs energy	R_SUCOAS	0.000e+00
reaction gibbs energy	R_TALA	-7.931e+00
reaction gibbs energy	R_TKT1	-1.759e+00
reaction gibbs energy	R_TKT2	0.000e+00
reaction gibbs energy	R_TPI	-1.020e+00
reaction gibbs energy	R_FBA	-2.089e+00
reaction gibbs energy	R_FBP	-2.368e+01
reaction gibbs energy	R_FRD7	0.000e+00
reaction gibbs energy	R_FUM	-1.625e+00
reaction gibbs energy	R_G6PDH2r	-7.539e+00
reaction gibbs energy	R_GAPD	-5.651e-01
reaction gibbs energy	R_GLNS	-7.873e+00
reaction gibbs energy	R_GLUDy	0.000e+00
reaction gibbs energy	R_GLUN	0.000e+00
reaction gibbs energy	R_GLUSy	-3.930e+01
reaction gibbs energy	R_GND	-4.360e+00
reaction gibbs energy	R_ICDHyr	-4.216e+00
reaction gibbs energy	R_ICL	0.000e+00
reaction gibbs energy	R_LDH_D	-1.460e+01
reaction gibbs energy	R_MALS	0.000e+00
reaction gibbs energy	R_MDH	-9.994e-01
reaction gibbs energy	R_ME1	0.000e+00
reaction gibbs energy	R_ME2	0.000e+00
reaction gibbs energy	R_NADTRHD	0.000e+00
reaction gibbs energy	R_PDH	-4.506e+01

