!!!SBtab DocumentName='report' SBtabVersion='1.0' Date='2022-6-9'
!!SBtab TableID='Predicted concentrations' TableType='Quantity' TableName='Predicted concentrations' SBtabVersion='1.0' Unit='M'
!QuantityType	!Compound	!Value
concentration	M_h2o_c	1.000e+00
concentration	M_atp_c	1.485e-03
concentration	M_nadp_c	6.788e-06
concentration	M_nadph_c	4.796e-05
concentration	M_adp_c	4.529e-04
concentration	M_nad_c	2.288e-03
concentration	M_pi_c	1.000e-02
concentration	M_nadh_c	3.822e-06
concentration	M_coa_c	2.068e-04
concentration	M_co2_c	4.458e-05
concentration	M_amp_c	2.677e-04
concentration	M_nh4_c	6.344e-05
concentration	M_akg_c	2.240e-04
concentration	M_accoa_c	6.646e-04
concentration	M_pyr_c	1.242e-03
concentration	M_succ_c	3.639e-04
concentration	M_ac_c	1.000e-04
concentration	M_gln__L_c	2.067e-03
concentration	M_for_c	1.000e-04
concentration	M_oaa_c	1.325e-06
concentration	M_glx_c	1.000e-04
concentration	M_pep_c	1.096e-04
concentration	M_g3p_c	4.629e-05
concentration	M_acald_c	1.000e-04
concentration	M_dhap_c	9.824e-04
concentration	M_succoa_c	7.474e-04
concentration	M_fum_c	2.757e-03
concentration	M_mal__L_c	1.450e-03
concentration	M_r5p_c	1.331e-04
concentration	M_3pg_c	2.230e-03
concentration	M_cit_c	3.389e-03
concentration	M_ru5p__D_c	4.250e-04
concentration	M_g6p_c	4.848e-04
concentration	M_q8_c	2.306e-05
concentration	M_xu5p__D_c	2.460e-04
concentration	M_q8h2_c	4.338e-04
concentration	M_e4p_c	1.309e-05
concentration	M_13dpg_c	1.826e-05
concentration	M_s7p_c	5.166e-04
concentration	M_2pg_c	9.973e-05
concentration	M_actp_c	1.442e-03
concentration	M_lac__D_c	2.896e-04
concentration	M_etoh_c	1.000e-04
concentration	M_6pgc_c	1.029e-04
concentration	M_fdp_c	9.508e-04
concentration	M_6pgl_c	1.166e-05
concentration	M_acon_C_c	1.539e-05
concentration	M_glu__L_c	2.225e-02
concentration	M_icit_c	4.096e-06
concentration	M_f6p_c	1.982e-04

!!SBtab TableID='Predicted Gibbs energies' TableType='Quantity' TableName='Predicted Gibbs energies' SBtabVersion='1.0' Unit='kJ/mol'
!QuantityType	!Reaction	!Value
reaction gibbs energy	R_PFK	-1.385e+01
reaction gibbs energy	R_PFL	0.000e+00
reaction gibbs energy	R_PGI	0.000e+00
reaction gibbs energy	R_PGK	-4.449e+00
reaction gibbs energy	R_PGL	-1.832e+01
reaction gibbs energy	R_ACALD	0.000e+00
reaction gibbs energy	R_PGM	-4.449e+00
reaction gibbs energy	R_ALCD2x	0.000e+00
reaction gibbs energy	R_ACKr	0.000e+00
reaction gibbs energy	R_PPC	0.000e+00
reaction gibbs energy	R_ACONTa	-4.602e+00
reaction gibbs energy	R_ACONTb	-4.793e+00
reaction gibbs energy	R_ATPM	0.000e+00
reaction gibbs energy	R_PPCK	-8.431e+00
reaction gibbs energy	R_PPS	0.000e+00
reaction gibbs energy	R_ADK1	0.000e+00
reaction gibbs energy	R_AKGDH	-4.622e+01
reaction gibbs energy	R_PTAr	0.000e+00
reaction gibbs energy	R_PYK	-1.716e+01
reaction gibbs energy	R_RPE	-4.950e+00
reaction gibbs energy	R_CS	-2.047e+01
reaction gibbs energy	R_RPI	-5.068e+00
reaction gibbs energy	R_ENO	-4.449e+00
reaction gibbs energy	R_SUCDi	-1.249e+01
reaction gibbs energy	R_SUCOAS	-6.880e+00
reaction gibbs energy	R_TALA	-6.621e+00
reaction gibbs energy	R_TKT1	-4.871e+00
reaction gibbs energy	R_TKT2	0.000e+00
reaction gibbs energy	R_TPI	-4.449e+00
reaction gibbs energy	R_FBA	-4.449e+00
reaction gibbs energy	R_FBP	0.000e+00
reaction gibbs energy	R_FRD7	0.000e+00
reaction gibbs energy	R_FUM	-5.031e+00
reaction gibbs energy	R_G6PDH2r	-9.790e+00
reaction gibbs energy	R_GAPD	-4.449e+00
reaction gibbs energy	R_GLNS	-1.050e+01
reaction gibbs energy	R_GLUDy	0.000e+00
reaction gibbs energy	R_GLUN	0.000e+00
reaction gibbs energy	R_GLUSy	-3.684e+01
reaction gibbs energy	R_GND	-7.942e+00
reaction gibbs energy	R_ICDHyr	-6.173e+00
reaction gibbs energy	R_ICL	0.000e+00
reaction gibbs energy	R_LDH_D	-1.000e+01
reaction gibbs energy	R_MALS	0.000e+00
reaction gibbs energy	R_MDH	-5.121e+00
reaction gibbs energy	R_ME1	0.000e+00
reaction gibbs energy	R_ME2	-9.818e+00
reaction gibbs energy	R_NADTRHD	0.000e+00
reaction gibbs energy	R_PDH	-5.424e+01

