!!!SBtab DocumentName='report' SBtabVersion='1.0' Date='2022-6-9'
!!SBtab TableID='Predicted concentrations' TableType='Quantity' TableName='Predicted concentrations' SBtabVersion='1.0' Unit='M'
!QuantityType	!Compound	!Value
concentration	M_h2o_c	1.000e+00
concentration	M_atp_c	2.427e-03
concentration	M_nadp_c	6.687e-06
concentration	M_nadph_c	5.200e-05
concentration	M_adp_c	2.609e-04
concentration	M_nad_c	1.566e-03
concentration	M_pi_c	2.701e-03
concentration	M_nadh_c	2.622e-05
concentration	M_coa_c	1.656e-04
concentration	M_co2_c	1.022e-04
concentration	M_amp_c	2.678e-04
concentration	M_nh4_c	7.684e-06
concentration	M_akg_c	2.678e-04
concentration	M_accoa_c	6.546e-04
concentration	M_pyr_c	1.275e-03
concentration	M_succ_c	3.311e-04
concentration	M_ac_c	1.000e-04
concentration	M_gln__L_c	2.111e-03
concentration	M_for_c	1.000e-04
concentration	M_oaa_c	1.812e-06
concentration	M_glx_c	1.000e-04
concentration	M_pep_c	6.167e-04
concentration	M_g3p_c	1.011e-04
concentration	M_acald_c	1.000e-04
concentration	M_dhap_c	5.174e-04
concentration	M_succoa_c	8.093e-04
concentration	M_fum_c	1.961e-03
concentration	M_mal__L_c	3.938e-03
concentration	M_r5p_c	1.076e-04
concentration	M_3pg_c	2.056e-03
concentration	M_cit_c	2.004e-03
concentration	M_ru5p__D_c	2.279e-04
concentration	M_g6p_c	3.998e-04
concentration	M_q8_c	1.677e-05
concentration	M_xu5p__D_c	2.450e-04
concentration	M_q8h2_c	5.968e-04
concentration	M_e4p_c	1.353e-05
concentration	M_13dpg_c	1.826e-05
concentration	M_s7p_c	6.841e-04
concentration	M_2pg_c	1.947e-04
concentration	M_actp_c	1.443e-03
concentration	M_lac__D_c	1.000e-04
concentration	M_etoh_c	1.000e-04
concentration	M_6pgc_c	9.678e-05
concentration	M_fdp_c	1.577e-04
concentration	M_6pgl_c	1.440e-05
concentration	M_acon_C_c	2.964e-05
concentration	M_glu__L_c	2.211e-02
concentration	M_icit_c	1.602e-05
concentration	M_f6p_c	2.865e-04

!!SBtab TableID='Predicted Gibbs energies' TableType='Quantity' TableName='Predicted Gibbs energies' SBtabVersion='1.0' Unit='kJ/mol'
!QuantityType	!Reaction	!Value
reaction gibbs energy	R_PFK	0.000e+00
reaction gibbs energy	R_PFL	0.000e+00
reaction gibbs energy	R_PGI	-1.667e+00
reaction gibbs energy	R_PGK	-1.870e-02
reaction gibbs energy	R_PGL	-1.924e+01
reaction gibbs energy	R_ACALD	0.000e+00
reaction gibbs energy	R_PGM	-1.870e-02
reaction gibbs energy	R_ALCD2x	0.000e+00
reaction gibbs energy	R_ACKr	0.000e+00
reaction gibbs energy	R_PPC	0.000e+00
reaction gibbs energy	R_ACONTa	-1.698e+00
reaction gibbs energy	R_ACONTb	-3.067e+00
reaction gibbs energy	R_ATPM	0.000e+00
reaction gibbs energy	R_PPCK	-1.878e+00
reaction gibbs energy	R_PPS	0.000e+00
reaction gibbs energy	R_ADK1	0.000e+00
reaction gibbs energy	R_AKGDH	-3.636e+01
reaction gibbs energy	R_PTAr	0.000e+00
reaction gibbs energy	R_PYK	-1.962e+01
reaction gibbs energy	R_RPE	-3.292e+00
reaction gibbs energy	R_CS	-2.350e+01
reaction gibbs energy	R_RPI	-4.005e+00
reaction gibbs energy	R_ENO	-1.870e-02
reaction gibbs energy	R_SUCDi	-1.085e+01
reaction gibbs energy	R_SUCOAS	-1.880e+00
reaction gibbs energy	R_TALA	-8.180e+00
reaction gibbs energy	R_TKT1	-1.545e+00
reaction gibbs energy	R_TKT2	0.000e+00
reaction gibbs energy	R_TPI	-1.194e+00
reaction gibbs energy	R_FBA	-2.385e+00
reaction gibbs energy	R_FBP	-2.569e+01
reaction gibbs energy	R_FRD7	0.000e+00
reaction gibbs energy	R_FUM	-1.695e+00
reaction gibbs energy	R_G6PDH2r	-8.134e+00
reaction gibbs energy	R_GAPD	-1.905e+00
reaction gibbs energy	R_GLNS	-1.114e+01
reaction gibbs energy	R_GLUDy	0.000e+00
reaction gibbs energy	R_GLUN	0.000e+00
reaction gibbs energy	R_GLUSy	-3.810e+01
reaction gibbs energy	R_GND	-4.375e+00
reaction gibbs energy	R_ICDHyr	-4.488e+00
reaction gibbs energy	R_ICL	0.000e+00
reaction gibbs energy	R_LDH_D	0.000e+00
reaction gibbs energy	R_MALS	0.000e+00
reaction gibbs energy	R_MDH	-1.022e+00
reaction gibbs energy	R_ME1	0.000e+00
reaction gibbs energy	R_ME2	0.000e+00
reaction gibbs energy	R_NADTRHD	0.000e+00
reaction gibbs energy	R_PDH	-4.809e+01

