!!!SBtab DocumentName='report' SBtabVersion='1.0' Date='2022-6-9'
!!SBtab TableID='Predicted concentrations' TableType='Quantity' TableName='Predicted concentrations' SBtabVersion='1.0' Unit='M'
!QuantityType	!Compound	!Value
concentration	M_h2o_c	1.000e+00
concentration	M_atp_c	2.427e-03
concentration	M_nadp_c	6.705e-06
concentration	M_nadph_c	5.026e-05
concentration	M_adp_c	2.609e-04
concentration	M_nad_c	1.774e-03
concentration	M_pi_c	6.653e-03
concentration	M_nadh_c	5.312e-06
concentration	M_coa_c	1.992e-02
concentration	M_co2_c	1.844e-04
concentration	M_amp_c	2.677e-04
concentration	M_nh4_c	1.000e-04
concentration	M_akg_c	3.180e-04
concentration	M_accoa_c	4.750e-04
concentration	M_pyr_c	1.504e-03
concentration	M_succ_c	4.342e-04
concentration	M_ac_c	1.000e-02
concentration	M_gln__L_c	2.104e-03
concentration	M_for_c	1.000e-04
concentration	M_oaa_c	2.397e-06
concentration	M_glx_c	2.167e-05
concentration	M_pep_c	1.761e-04
concentration	M_g3p_c	9.031e-05
concentration	M_acald_c	1.000e-04
concentration	M_dhap_c	7.083e-04
concentration	M_succoa_c	3.901e-04
concentration	M_fum_c	1.831e-03
concentration	M_mal__L_c	2.133e-03
concentration	M_r5p_c	1.205e-04
concentration	M_3pg_c	1.596e-03
concentration	M_cit_c	2.268e-03
concentration	M_ru5p__D_c	2.481e-04
concentration	M_g6p_c	3.577e-04
concentration	M_q8_c	1.963e-05
concentration	M_xu5p__D_c	2.604e-04
concentration	M_q8h2_c	5.095e-04
concentration	M_e4p_c	1.355e-05
concentration	M_13dpg_c	2.523e-05
concentration	M_s7p_c	6.307e-04
concentration	M_2pg_c	1.000e-04
concentration	M_actp_c	1.020e-03
concentration	M_lac__D_c	6.412e-04
concentration	M_etoh_c	1.000e-04
concentration	M_6pgc_c	1.109e-04
concentration	M_fdp_c	2.844e-04
concentration	M_6pgl_c	1.351e-05
concentration	M_acon_C_c	2.522e-05
concentration	M_glu__L_c	2.173e-02
concentration	M_icit_c	1.012e-05
concentration	M_f6p_c	3.004e-04

!!SBtab TableID='Predicted Gibbs energies' TableType='Quantity' TableName='Predicted Gibbs energies' SBtabVersion='1.0' Unit='kJ/mol'
!QuantityType	!Reaction	!Value
reaction gibbs energy	R_PFK	-2.147e+01
reaction gibbs energy	R_PFL	0.000e+00
reaction gibbs energy	R_PGI	-2.133e+00
reaction gibbs energy	R_PGK	-3.663e+00
reaction gibbs energy	R_PGL	-1.850e+01
reaction gibbs energy	R_ACALD	0.000e+00
reaction gibbs energy	R_PGM	-2.462e+00
reaction gibbs energy	R_ALCD2x	0.000e+00
reaction gibbs energy	R_ACKr	-1.274e+00
reaction gibbs energy	R_PPC	0.000e+00
reaction gibbs energy	R_ACONTa	-2.447e+00
reaction gibbs energy	R_ACONTb	-3.752e+00
reaction gibbs energy	R_ATPM	0.000e+00
reaction gibbs energy	R_PPCK	0.000e+00
reaction gibbs energy	R_PPS	0.000e+00
reaction gibbs energy	R_ADK1	0.000e+00
reaction gibbs energy	R_AKGDH	0.000e+00
reaction gibbs energy	R_PTAr	-1.010e+01
reaction gibbs energy	R_PYK	0.000e+00
reaction gibbs energy	R_RPE	-3.251e+00
reaction gibbs energy	R_CS	-1.083e+01
reaction gibbs energy	R_RPI	-3.910e+00
reaction gibbs energy	R_ENO	-2.462e+00
reaction gibbs energy	R_SUCDi	-1.285e+01
reaction gibbs energy	R_SUCOAS	0.000e+00
reaction gibbs energy	R_TALA	-7.515e+00
reaction gibbs energy	R_TKT1	-2.334e+00
reaction gibbs energy	R_TKT2	-5.252e+00
reaction gibbs energy	R_TPI	0.000e+00
reaction gibbs energy	R_FBA	0.000e+00
reaction gibbs energy	R_FBP	-2.487e+01
reaction gibbs energy	R_FRD7	0.000e+00
reaction gibbs energy	R_FUM	-3.050e+00
reaction gibbs energy	R_G6PDH2r	-8.217e+00
reaction gibbs energy	R_GAPD	-2.041e+00
reaction gibbs energy	R_GLNS	0.000e+00
reaction gibbs energy	R_GLUDy	0.000e+00
reaction gibbs energy	R_GLUN	0.000e+00
reaction gibbs energy	R_GLUSy	0.000e+00
reaction gibbs energy	R_GND	-3.919e+00
reaction gibbs energy	R_ICDHyr	0.000e+00
reaction gibbs energy	R_ICL	-8.099e+00
reaction gibbs energy	R_LDH_D	-9.951e+00
reaction gibbs energy	R_MALS	-1.686e+01
reaction gibbs energy	R_MDH	-3.135e+00
reaction gibbs energy	R_ME1	-2.434e+01
reaction gibbs energy	R_ME2	0.000e+00
reaction gibbs energy	R_NADTRHD	-1.948e+01
reaction gibbs energy	R_PDH	0.000e+00

