!!!SBtab DocumentName='report' SBtabVersion='1.0' Date='2022-6-9'
!!SBtab TableID='Predicted concentrations' TableType='Quantity' TableName='Predicted concentrations' SBtabVersion='1.0' Unit='M'
!QuantityType	!Compound	!Value
concentration	M_h2o_c	1.000e+00
concentration	M_atp_c	2.427e-03
concentration	M_nadp_c	6.720e-06
concentration	M_nadph_c	5.159e-05
concentration	M_adp_c	2.609e-04
concentration	M_nad_c	1.608e-03
concentration	M_pi_c	4.133e-03
concentration	M_nadh_c	7.745e-06
concentration	M_coa_c	5.059e-03
concentration	M_co2_c	7.011e-05
concentration	M_amp_c	2.677e-04
concentration	M_nh4_c	5.470e-06
concentration	M_akg_c	2.942e-04
concentration	M_accoa_c	6.096e-04
concentration	M_pyr_c	1.486e-03
concentration	M_succ_c	3.919e-04
concentration	M_ac_c	1.000e-02
concentration	M_gln__L_c	2.107e-03
concentration	M_for_c	1.000e-04
concentration	M_oaa_c	2.372e-06
concentration	M_glx_c	1.000e-04
concentration	M_pep_c	6.167e-04
concentration	M_g3p_c	1.275e-04
concentration	M_acald_c	1.000e-04
concentration	M_dhap_c	5.221e-04
concentration	M_succoa_c	3.901e-04
concentration	M_fum_c	1.817e-03
concentration	M_mal__L_c	2.497e-03
concentration	M_r5p_c	1.256e-04
concentration	M_3pg_c	1.020e-03
concentration	M_cit_c	2.098e-03
concentration	M_ru5p__D_c	2.616e-04
concentration	M_g6p_c	3.817e-04
concentration	M_q8_c	1.503e-05
concentration	M_xu5p__D_c	2.784e-04
concentration	M_q8h2_c	6.656e-04
concentration	M_e4p_c	1.360e-05
concentration	M_13dpg_c	3.132e-05
concentration	M_s7p_c	6.147e-04
concentration	M_2pg_c	1.399e-04
concentration	M_actp_c	1.020e-03
concentration	M_lac__D_c	5.804e-04
concentration	M_etoh_c	1.000e-04
concentration	M_6pgc_c	9.608e-05
concentration	M_fdp_c	1.590e-04
concentration	M_6pgl_c	1.780e-05
concentration	M_acon_C_c	2.707e-05
concentration	M_glu__L_c	2.204e-02
concentration	M_icit_c	1.299e-05
concentration	M_f6p_c	2.929e-04

!!SBtab TableID='Predicted Gibbs energies' TableType='Quantity' TableName='Predicted Gibbs energies' SBtabVersion='1.0' Unit='kJ/mol'
!QuantityType	!Reaction	!Value
reaction gibbs energy	R_PFK	0.000e+00
reaction gibbs energy	R_PFL	0.000e+00
reaction gibbs energy	R_PGI	-1.868e+00
reaction gibbs energy	R_PGK	0.000e+00
reaction gibbs energy	R_PGL	-1.970e+01
reaction gibbs energy	R_ACALD	0.000e+00
reaction gibbs energy	R_PGM	-5.939e-01
reaction gibbs energy	R_ALCD2x	0.000e+00
reaction gibbs energy	R_ACKr	-5.939e-01
reaction gibbs energy	R_PPC	0.000e+00
reaction gibbs energy	R_ACONTa	-2.073e+00
reaction gibbs energy	R_ACONTb	-3.328e+00
reaction gibbs energy	R_ATPM	0.000e+00
reaction gibbs energy	R_PPCK	-3.947e+00
reaction gibbs energy	R_PPS	0.000e+00
reaction gibbs energy	R_ADK1	0.000e+00
reaction gibbs energy	R_AKGDH	0.000e+00
reaction gibbs energy	R_PTAr	-7.819e+00
reaction gibbs energy	R_PYK	-1.911e+01
reaction gibbs energy	R_RPE	-3.290e+00
reaction gibbs energy	R_CS	-1.516e+01
reaction gibbs energy	R_RPI	-3.954e+00
reaction gibbs energy	R_ENO	-5.939e-01
reaction gibbs energy	R_SUCDi	-1.136e+01
reaction gibbs energy	R_SUCOAS	0.000e+00
reaction gibbs energy	R_TALA	-8.404e+00
reaction gibbs energy	R_TKT1	-1.905e+00
reaction gibbs energy	R_TKT2	-4.725e+00
reaction gibbs energy	R_TPI	-1.879e+00
reaction gibbs energy	R_FBA	-3.089e+00
reaction gibbs energy	R_FBP	-2.463e+01
reaction gibbs energy	R_FRD7	0.000e+00
reaction gibbs energy	R_FUM	-2.637e+00
reaction gibbs energy	R_G6PDH2r	-7.576e+00
reaction gibbs energy	R_GAPD	0.000e+00
reaction gibbs energy	R_GLNS	-9.237e+00
reaction gibbs energy	R_GLUDy	0.000e+00
reaction gibbs energy	R_GLUN	0.000e+00
reaction gibbs energy	R_GLUSy	-3.818e+01
reaction gibbs energy	R_GND	-5.345e+00
reaction gibbs energy	R_ICDHyr	-5.102e+00
reaction gibbs energy	R_ICL	0.000e+00
reaction gibbs energy	R_LDH_D	-1.135e+01
reaction gibbs energy	R_MALS	0.000e+00
reaction gibbs energy	R_MDH	-2.352e+00
reaction gibbs energy	R_ME1	0.000e+00
reaction gibbs energy	R_ME2	0.000e+00
reaction gibbs energy	R_NADTRHD	0.000e+00
reaction gibbs energy	R_PDH	0.000e+00

