!!!SBtab DocumentName='report' SBtabVersion='1.0' Date='2022-6-9'
!!SBtab TableID='Predicted concentrations' TableType='Quantity' TableName='Predicted concentrations' SBtabVersion='1.0' Unit='M'
!QuantityType	!Compound	!Value
concentration	M_h2o_c	1.000e+00
concentration	M_atp_c	2.427e-03
concentration	M_nadp_c	6.607e-06
concentration	M_nadph_c	5.155e-05
concentration	M_adp_c	2.609e-04
concentration	M_nad_c	1.590e-03
concentration	M_pi_c	1.683e-03
concentration	M_nadh_c	1.855e-05
concentration	M_coa_c	5.949e-03
concentration	M_co2_c	1.785e-04
concentration	M_amp_c	2.725e-04
concentration	M_nh4_c	6.930e-06
concentration	M_akg_c	2.828e-04
concentration	M_accoa_c	5.564e-04
concentration	M_pyr_c	8.513e-04
concentration	M_succ_c	4.322e-04
concentration	M_ac_c	1.000e-04
concentration	M_gln__L_c	2.126e-03
concentration	M_for_c	1.000e-04
concentration	M_oaa_c	1.838e-06
concentration	M_glx_c	2.915e-05
concentration	M_pep_c	6.167e-04
concentration	M_g3p_c	1.050e-04
concentration	M_acald_c	1.000e-04
concentration	M_dhap_c	5.259e-04
concentration	M_succoa_c	3.901e-04
concentration	M_fum_c	1.830e-03
concentration	M_mal__L_c	3.334e-03
concentration	M_r5p_c	1.089e-04
concentration	M_3pg_c	2.056e-03
concentration	M_cit_c	1.979e-03
concentration	M_ru5p__D_c	2.121e-04
concentration	M_g6p_c	4.045e-04
concentration	M_q8_c	1.716e-05
concentration	M_xu5p__D_c	2.461e-04
concentration	M_q8h2_c	5.830e-04
concentration	M_e4p_c	1.363e-05
concentration	M_13dpg_c	1.826e-05
concentration	M_s7p_c	6.819e-04
concentration	M_2pg_c	1.947e-04
concentration	M_actp_c	1.443e-03
concentration	M_lac__D_c	7.590e-04
concentration	M_etoh_c	1.000e-04
concentration	M_6pgc_c	9.922e-05
concentration	M_fdp_c	1.619e-04
concentration	M_6pgl_c	2.387e-05
concentration	M_acon_C_c	2.948e-05
concentration	M_glu__L_c	2.171e-02
concentration	M_icit_c	1.650e-05
concentration	M_f6p_c	2.881e-04

!!SBtab TableID='Predicted Gibbs energies' TableType='Quantity' TableName='Predicted Gibbs energies' SBtabVersion='1.0' Unit='kJ/mol'
!QuantityType	!Reaction	!Value
reaction gibbs energy	R_PFK	0.000e+00
reaction gibbs energy	R_PFL	0.000e+00
reaction gibbs energy	R_PGI	-1.651e+00
reaction gibbs energy	R_PGK	-1.870e-02
reaction gibbs energy	R_PGL	-2.043e+01
reaction gibbs energy	R_ACALD	0.000e+00
reaction gibbs energy	R_PGM	-1.870e-02
reaction gibbs energy	R_ALCD2x	0.000e+00
reaction gibbs energy	R_ACKr	0.000e+00
reaction gibbs energy	R_PPC	0.000e+00
reaction gibbs energy	R_ACONTa	-1.681e+00
reaction gibbs energy	R_ACONTb	-2.980e+00
reaction gibbs energy	R_ATPM	0.000e+00
reaction gibbs energy	R_PPCK	0.000e+00
reaction gibbs energy	R_PPS	-2.390e+01
reaction gibbs energy	R_ADK1	-5.515e+00
reaction gibbs energy	R_AKGDH	0.000e+00
reaction gibbs energy	R_PTAr	0.000e+00
reaction gibbs energy	R_PYK	0.000e+00
reaction gibbs energy	R_RPE	-3.102e+00
reaction gibbs energy	R_CS	-1.429e+01
reaction gibbs energy	R_RPI	-3.795e+00
reaction gibbs energy	R_ENO	-1.870e-02
reaction gibbs energy	R_SUCDi	-1.180e+01
reaction gibbs energy	R_SUCOAS	0.000e+00
reaction gibbs energy	R_TALA	-8.235e+00
reaction gibbs energy	R_TKT1	-1.502e+00
reaction gibbs energy	R_TKT2	0.000e+00
reaction gibbs energy	R_TPI	-1.247e+00
reaction gibbs energy	R_FBA	-2.453e+00
reaction gibbs energy	R_FBP	-2.692e+01
reaction gibbs energy	R_FRD7	0.000e+00
reaction gibbs energy	R_FUM	-1.938e+00
reaction gibbs energy	R_G6PDH2r	-6.903e+00
reaction gibbs energy	R_GAPD	-2.088e+00
reaction gibbs energy	R_GLNS	-1.200e+01
reaction gibbs energy	R_GLUDy	0.000e+00
reaction gibbs energy	R_GLUN	0.000e+00
reaction gibbs energy	R_GLUSy	-3.835e+01
reaction gibbs energy	R_GND	-3.226e+00
reaction gibbs energy	R_ICDHyr	-3.036e+00
reaction gibbs energy	R_ICL	-8.671e+00
reaction gibbs energy	R_LDH_D	-1.149e+01
reaction gibbs energy	R_MALS	-1.817e+01
reaction gibbs energy	R_MDH	-1.470e+00
reaction gibbs energy	R_ME1	0.000e+00
reaction gibbs energy	R_ME2	-6.409e+00
reaction gibbs energy	R_NADTRHD	0.000e+00
reaction gibbs energy	R_PDH	-5.588e+01

