!!!SBtab DocumentName='report' SBtabVersion='1.0' Date='2022-6-9'
!!SBtab TableID='Predicted concentrations' TableType='Quantity' TableName='Predicted concentrations' SBtabVersion='1.0' Unit='M'
!QuantityType	!Compound	!Value
concentration	M_h2o_c	1.000e+00
concentration	M_atp_c	2.427e-03
concentration	M_nadp_c	6.628e-06
concentration	M_nadph_c	5.394e-05
concentration	M_adp_c	2.609e-04
concentration	M_nad_c	1.987e-03
concentration	M_pi_c	8.738e-03
concentration	M_nadh_c	4.504e-06
concentration	M_coa_c	1.225e-02
concentration	M_co2_c	3.807e-05
concentration	M_amp_c	2.742e-04
concentration	M_nh4_c	1.557e-05
concentration	M_akg_c	2.963e-04
concentration	M_accoa_c	5.079e-04
concentration	M_pyr_c	1.188e-03
concentration	M_succ_c	4.224e-04
concentration	M_ac_c	1.000e-02
concentration	M_gln__L_c	2.093e-03
concentration	M_for_c	9.999e-05
concentration	M_oaa_c	1.518e-04
concentration	M_glx_c	3.017e-05
concentration	M_pep_c	2.594e-04
concentration	M_g3p_c	3.798e-05
concentration	M_acald_c	9.999e-05
concentration	M_dhap_c	8.190e-04
concentration	M_succoa_c	3.901e-04
concentration	M_fum_c	1.674e-03
concentration	M_mal__L_c	1.602e-03
concentration	M_r5p_c	9.429e-05
concentration	M_3pg_c	1.452e-03
concentration	M_cit_c	2.353e-03
concentration	M_ru5p__D_c	2.526e-04
concentration	M_g6p_c	3.544e-04
concentration	M_q8_c	1.738e-05
concentration	M_xu5p__D_c	2.106e-04
concentration	M_q8h2_c	5.753e-04
concentration	M_e4p_c	1.345e-05
concentration	M_13dpg_c	2.148e-05
concentration	M_s7p_c	7.717e-04
concentration	M_2pg_c	9.999e-05
concentration	M_actp_c	1.020e-03
concentration	M_lac__D_c	9.999e-05
concentration	M_etoh_c	9.999e-05
concentration	M_6pgc_c	9.211e-05
concentration	M_fdp_c	6.712e-04
concentration	M_6pgl_c	1.467e-05
concentration	M_acon_C_c	2.602e-05
concentration	M_glu__L_c	2.224e-02
concentration	M_icit_c	1.028e-05
concentration	M_f6p_c	3.000e-04

!!SBtab TableID='Predicted Gibbs energies' TableType='Quantity' TableName='Predicted Gibbs energies' SBtabVersion='1.0' Unit='kJ/mol'
!QuantityType	!Reaction	!Value
reaction gibbs energy	R_PFK	-1.934e+01
reaction gibbs energy	R_PFL	0.000e+00
reaction gibbs energy	R_PGI	-2.153e+00
reaction gibbs energy	R_PGK	-3.499e+00
reaction gibbs energy	R_PGL	-1.917e+01
reaction gibbs energy	R_ACALD	0.000e+00
reaction gibbs energy	R_PGM	0.000e+00
reaction gibbs energy	R_ALCD2x	0.000e+00
reaction gibbs energy	R_ACKr	-1.274e+00
reaction gibbs energy	R_PPC	-2.700e+01
reaction gibbs energy	R_ACONTa	-2.461e+00
reaction gibbs energy	R_ACONTb	-3.788e+00
reaction gibbs energy	R_ATPM	0.000e+00
reaction gibbs energy	R_PPCK	0.000e+00
reaction gibbs energy	R_PPS	-2.279e+01
reaction gibbs energy	R_ADK1	-5.556e+00
reaction gibbs energy	R_AKGDH	0.000e+00
reaction gibbs energy	R_PTAr	-8.052e+00
reaction gibbs energy	R_PYK	0.000e+00
reaction gibbs energy	R_RPE	-3.821e+00
reaction gibbs energy	R_CS	-2.239e+01
reaction gibbs energy	R_RPI	-4.561e+00
reaction gibbs energy	R_ENO	0.000e+00
reaction gibbs energy	R_SUCDi	-1.241e+01
reaction gibbs energy	R_SUCOAS	0.000e+00
reaction gibbs energy	R_TALA	-5.891e+00
reaction gibbs energy	R_TKT1	-2.848e+00
reaction gibbs energy	R_TKT2	0.000e+00
reaction gibbs energy	R_TPI	-2.052e+00
reaction gibbs energy	R_FBA	-2.186e+00
reaction gibbs energy	R_FBP	0.000e+00
reaction gibbs energy	R_FRD7	0.000e+00
reaction gibbs energy	R_FUM	-3.536e+00
reaction gibbs energy	R_G6PDH2r	-7.786e+00
reaction gibbs energy	R_GAPD	-1.658e+00
reaction gibbs energy	R_GLNS	-9.972e+00
reaction gibbs energy	R_GLUDy	0.000e+00
reaction gibbs energy	R_GLUN	0.000e+00
reaction gibbs energy	R_GLUSy	-3.816e+01
reaction gibbs energy	R_GND	-7.119e+00
reaction gibbs energy	R_ICDHyr	-6.284e+00
reaction gibbs energy	R_ICL	-7.388e+00
reaction gibbs energy	R_LDH_D	0.000e+00
reaction gibbs energy	R_MALS	-1.976e+01
reaction gibbs energy	R_MDH	0.000e+00
reaction gibbs energy	R_ME1	0.000e+00
reaction gibbs energy	R_ME2	-8.441e+00
reaction gibbs energy	R_NADTRHD	0.000e+00
reaction gibbs energy	R_PDH	0.000e+00

