!!!SBtab DocumentName='report' SBtabVersion='1.0' Date='2022-6-9'
!!SBtab TableID='Predicted concentrations' TableType='Quantity' TableName='Predicted concentrations' SBtabVersion='1.0' Unit='M'
!QuantityType	!Compound	!Value
concentration	M_h2o_c	1.000e+00
concentration	M_atp_c	1.917e-03
concentration	M_nadp_c	6.759e-06
concentration	M_nadph_c	4.951e-05
concentration	M_adp_c	3.288e-04
concentration	M_nad_c	1.641e-03
concentration	M_pi_c	8.227e-03
concentration	M_nadh_c	1.010e-05
concentration	M_coa_c	1.115e-04
concentration	M_co2_c	9.501e-05
concentration	M_amp_c	2.773e-04
concentration	M_nh4_c	1.124e-05
concentration	M_akg_c	2.648e-04
concentration	M_accoa_c	1.388e-03
concentration	M_pyr_c	8.618e-04
concentration	M_succ_c	4.082e-04
concentration	M_ac_c	6.195e-04
concentration	M_gln__L_c	2.095e-03
concentration	M_for_c	9.999e-05
concentration	M_oaa_c	1.690e-06
concentration	M_glx_c	9.999e-05
concentration	M_pep_c	6.167e-04
concentration	M_g3p_c	1.467e-04
concentration	M_acald_c	9.999e-05
concentration	M_dhap_c	4.849e-04
concentration	M_succoa_c	3.901e-04
concentration	M_fum_c	2.062e-03
concentration	M_mal__L_c	2.635e-03
concentration	M_r5p_c	1.366e-04
concentration	M_3pg_c	1.020e-03
concentration	M_cit_c	2.408e-03
concentration	M_ru5p__D_c	2.765e-04
concentration	M_g6p_c	3.473e-04
concentration	M_q8_c	1.740e-05
concentration	M_xu5p__D_c	3.025e-04
concentration	M_q8h2_c	5.747e-04
concentration	M_e4p_c	1.378e-05
concentration	M_13dpg_c	3.132e-05
concentration	M_s7p_c	5.761e-04
concentration	M_2pg_c	1.322e-04
concentration	M_actp_c	1.212e-03
concentration	M_lac__D_c	9.999e-05
concentration	M_etoh_c	9.999e-05
concentration	M_6pgc_c	1.084e-04
concentration	M_fdp_c	1.503e-04
concentration	M_6pgl_c	1.752e-05
concentration	M_acon_C_c	2.584e-05
concentration	M_glu__L_c	2.229e-02
concentration	M_icit_c	1.261e-05
concentration	M_f6p_c	3.154e-04

!!SBtab TableID='Predicted Gibbs energies' TableType='Quantity' TableName='Predicted Gibbs energies' SBtabVersion='1.0' Unit='kJ/mol'
!QuantityType	!Reaction	!Value
reaction gibbs energy	R_PFK	0.000e+00
reaction gibbs energy	R_PFL	0.000e+00
reaction gibbs energy	R_PGI	-2.263e+00
reaction gibbs energy	R_PGK	0.000e+00
reaction gibbs energy	R_PGL	-1.951e+01
reaction gibbs energy	R_ACALD	0.000e+00
reaction gibbs energy	R_PGM	-1.384e+00
reaction gibbs energy	R_ALCD2x	0.000e+00
reaction gibbs energy	R_ACKr	-1.137e+01
reaction gibbs energy	R_PPC	0.000e+00
reaction gibbs energy	R_ACONTa	-2.488e+00
reaction gibbs energy	R_ACONTb	-3.331e+00
reaction gibbs energy	R_ATPM	0.000e+00
reaction gibbs energy	R_PPCK	0.000e+00
reaction gibbs energy	R_PPS	-1.935e+01
reaction gibbs energy	R_ADK1	-3.827e+00
reaction gibbs energy	R_AKGDH	0.000e+00
reaction gibbs energy	R_PTAr	-1.952e+00
reaction gibbs energy	R_PYK	0.000e+00
reaction gibbs energy	R_RPE	-3.294e+00
reaction gibbs energy	R_CS	-2.574e+01
reaction gibbs energy	R_RPI	-3.903e+00
reaction gibbs energy	R_ENO	-1.384e+00
reaction gibbs energy	R_SUCDi	-1.167e+01
reaction gibbs energy	R_SUCOAS	0.000e+00
reaction gibbs energy	R_TALA	-8.422e+00
reaction gibbs energy	R_TKT1	-2.222e+00
reaction gibbs energy	R_TKT2	-4.525e+00
reaction gibbs energy	R_TPI	-2.298e+00
reaction gibbs energy	R_FBA	-3.286e+00
reaction gibbs energy	R_FBP	-2.261e+01
reaction gibbs energy	R_FRD7	0.000e+00
reaction gibbs energy	R_FUM	-2.817e+00
reaction gibbs energy	R_G6PDH2r	-7.446e+00
reaction gibbs energy	R_GAPD	0.000e+00
reaction gibbs energy	R_GLNS	-8.228e+00
reaction gibbs energy	R_GLUDy	0.000e+00
reaction gibbs energy	R_GLUN	0.000e+00
reaction gibbs energy	R_GLUSy	-3.786e+01
reaction gibbs energy	R_GND	-4.524e+00
reaction gibbs energy	R_ICDHyr	-4.270e+00
reaction gibbs energy	R_ICL	0.000e+00
reaction gibbs energy	R_LDH_D	0.000e+00
reaction gibbs energy	R_MALS	0.000e+00
reaction gibbs energy	R_MDH	-2.680e+00
reaction gibbs energy	R_ME1	0.000e+00
reaction gibbs energy	R_ME2	0.000e+00
reaction gibbs energy	R_NADTRHD	0.000e+00
reaction gibbs energy	R_PDH	-4.718e+01

