!!!SBtab DocumentName='report' SBtabVersion='1.0' Date='2022-6-9'
!!SBtab TableID='Predicted concentrations' TableType='Quantity' TableName='Predicted concentrations' SBtabVersion='1.0' Unit='M'
!QuantityType	!Compound	!Value
concentration	M_h2o_c	1.000e+00
concentration	M_atp_c	2.427e-03
concentration	M_nadp_c	6.675e-06
concentration	M_nadph_c	5.090e-05
concentration	M_adp_c	2.609e-04
concentration	M_nad_c	1.529e-03
concentration	M_pi_c	7.596e-03
concentration	M_nadh_c	2.108e-04
concentration	M_coa_c	1.251e-04
concentration	M_co2_c	1.481e-04
concentration	M_amp_c	2.694e-04
concentration	M_nh4_c	1.127e-05
concentration	M_akg_c	2.600e-04
concentration	M_accoa_c	1.205e-03
concentration	M_pyr_c	9.388e-04
concentration	M_succ_c	3.805e-04
concentration	M_ac_c	6.092e-04
concentration	M_gln__L_c	2.119e-03
concentration	M_for_c	1.000e-04
concentration	M_oaa_c	1.085e-04
concentration	M_glx_c	1.000e-04
concentration	M_pep_c	6.167e-04
concentration	M_g3p_c	1.218e-04
concentration	M_acald_c	1.000e-04
concentration	M_dhap_c	5.543e-04
concentration	M_succoa_c	6.372e-04
concentration	M_fum_c	1.484e-03
concentration	M_mal__L_c	1.817e-03
concentration	M_r5p_c	1.147e-04
concentration	M_3pg_c	2.056e-03
concentration	M_cit_c	2.050e-03
concentration	M_ru5p__D_c	2.201e-04
concentration	M_g6p_c	4.034e-04
concentration	M_q8_c	1.868e-05
concentration	M_xu5p__D_c	2.585e-04
concentration	M_q8h2_c	5.353e-04
concentration	M_e4p_c	1.362e-05
concentration	M_13dpg_c	1.826e-05
concentration	M_s7p_c	6.660e-04
concentration	M_2pg_c	1.947e-04
concentration	M_actp_c	1.302e-03
concentration	M_lac__D_c	1.000e-04
concentration	M_etoh_c	1.000e-04
concentration	M_6pgc_c	1.013e-04
concentration	M_fdp_c	1.742e-04
concentration	M_6pgl_c	1.832e-05
concentration	M_acon_C_c	2.960e-05
concentration	M_glu__L_c	2.197e-02
concentration	M_icit_c	1.712e-05
concentration	M_f6p_c	2.785e-04

!!SBtab TableID='Predicted Gibbs energies' TableType='Quantity' TableName='Predicted Gibbs energies' SBtabVersion='1.0' Unit='kJ/mol'
!QuantityType	!Reaction	!Value
reaction gibbs energy	R_PFK	0.000e+00
reaction gibbs energy	R_PFL	0.000e+00
reaction gibbs energy	R_PGI	-1.574e+00
reaction gibbs energy	R_PGK	-1.870e-02
reaction gibbs energy	R_PGL	-1.973e+01
reaction gibbs energy	R_ACALD	0.000e+00
reaction gibbs energy	R_PGM	-1.870e-02
reaction gibbs energy	R_ALCD2x	0.000e+00
reaction gibbs energy	R_ACKr	-1.042e+01
reaction gibbs energy	R_PPC	-3.521e+01
reaction gibbs energy	R_ACONTa	-1.758e+00
reaction gibbs energy	R_ACONTb	-2.899e+00
reaction gibbs energy	R_ATPM	0.000e+00
reaction gibbs energy	R_PPCK	0.000e+00
reaction gibbs energy	R_PPS	-2.044e+01
reaction gibbs energy	R_ADK1	-5.487e+00
reaction gibbs energy	R_AKGDH	-3.004e+01
reaction gibbs energy	R_PTAr	-9.399e-01
reaction gibbs energy	R_PYK	0.000e+00
reaction gibbs energy	R_RPE	-3.073e+00
reaction gibbs energy	R_CS	-3.579e+01
reaction gibbs energy	R_RPI	-3.759e+00
reaction gibbs energy	R_ENO	-1.870e-02
reaction gibbs energy	R_SUCDi	-1.242e+01
reaction gibbs energy	R_SUCOAS	-4.198e+00
reaction gibbs energy	R_TALA	-8.627e+00
reaction gibbs energy	R_TKT1	-1.444e+00
reaction gibbs energy	R_TKT2	0.000e+00
reaction gibbs energy	R_TPI	-1.483e+00
reaction gibbs energy	R_FBA	-2.769e+00
reaction gibbs energy	R_FBP	-2.345e+01
reaction gibbs energy	R_FRD7	0.000e+00
reaction gibbs energy	R_FUM	-2.922e+00
reaction gibbs energy	R_G6PDH2r	-7.608e+00
reaction gibbs energy	R_GAPD	-4.107e+00
reaction gibbs energy	R_GLNS	-9.503e+00
reaction gibbs energy	R_GLUDy	0.000e+00
reaction gibbs energy	R_GLUN	0.000e+00
reaction gibbs energy	R_GLUSy	-3.802e+01
reaction gibbs energy	R_GND	-3.704e+00
reaction gibbs energy	R_ICDHyr	-3.855e+00
reaction gibbs energy	R_ICL	0.000e+00
reaction gibbs energy	R_LDH_D	0.000e+00
reaction gibbs energy	R_MALS	0.000e+00
reaction gibbs energy	R_MDH	0.000e+00
reaction gibbs energy	R_ME1	0.000e+00
reaction gibbs energy	R_ME2	-5.182e+00
reaction gibbs energy	R_NADTRHD	0.000e+00
reaction gibbs energy	R_PDH	-3.898e+01

