!!!SBtab DocumentName='report' SBtabVersion='1.0' Date='2022-6-9'
!!SBtab TableID='Predicted concentrations' TableType='Quantity' TableName='Predicted concentrations' SBtabVersion='1.0' Unit='M'
!QuantityType	!Compound	!Value
concentration	M_h2o_c	1.000e+00
concentration	M_atp_c	2.427e-03
concentration	M_nadp_c	6.663e-06
concentration	M_nadph_c	5.317e-05
concentration	M_adp_c	2.609e-04
concentration	M_nad_c	2.027e-03
concentration	M_pi_c	7.841e-03
concentration	M_nadh_c	4.388e-06
concentration	M_coa_c	1.843e-02
concentration	M_co2_c	1.947e-05
concentration	M_amp_c	2.677e-04
concentration	M_nh4_c	1.503e-05
concentration	M_akg_c	2.994e-04
concentration	M_accoa_c	4.607e-04
concentration	M_pyr_c	1.461e-03
concentration	M_succ_c	4.298e-04
concentration	M_ac_c	1.000e-02
concentration	M_gln__L_c	2.094e-03
concentration	M_for_c	9.998e-05
concentration	M_oaa_c	5.813e-06
concentration	M_glx_c	1.806e-05
concentration	M_pep_c	1.563e-04
concentration	M_g3p_c	3.949e-05
concentration	M_acald_c	9.998e-05
concentration	M_dhap_c	8.409e-04
concentration	M_succoa_c	3.901e-04
concentration	M_fum_c	1.235e-03
concentration	M_mal__L_c	4.152e-03
concentration	M_r5p_c	9.723e-05
concentration	M_3pg_c	1.584e-03
concentration	M_cit_c	2.275e-03
concentration	M_ru5p__D_c	2.632e-04
concentration	M_g6p_c	3.514e-04
concentration	M_q8_c	1.586e-05
concentration	M_xu5p__D_c	2.130e-04
concentration	M_q8h2_c	6.304e-04
concentration	M_e4p_c	1.345e-05
concentration	M_13dpg_c	2.131e-05
concentration	M_s7p_c	7.519e-04
concentration	M_2pg_c	9.422e-05
concentration	M_actp_c	1.020e-03
concentration	M_lac__D_c	5.964e-04
concentration	M_etoh_c	9.998e-05
concentration	M_6pgc_c	8.838e-05
concentration	M_fdp_c	7.013e-04
concentration	M_6pgl_c	1.547e-05
concentration	M_acon_C_c	2.487e-05
concentration	M_glu__L_c	2.220e-02
concentration	M_icit_c	9.221e-06
concentration	M_f6p_c	3.008e-04

!!SBtab TableID='Predicted Gibbs energies' TableType='Quantity' TableName='Predicted Gibbs energies' SBtabVersion='1.0' Unit='kJ/mol'
!QuantityType	!Reaction	!Value
reaction gibbs energy	R_PFK	-1.923e+01
reaction gibbs energy	R_PFL	0.000e+00
reaction gibbs energy	R_PGI	-2.181e+00
reaction gibbs energy	R_PGK	-3.263e+00
reaction gibbs energy	R_PGL	-1.940e+01
reaction gibbs energy	R_ACALD	0.000e+00
reaction gibbs energy	R_PGM	-2.592e+00
reaction gibbs energy	R_ALCD2x	0.000e+00
reaction gibbs energy	R_ACKr	-1.274e+00
reaction gibbs energy	R_PPC	-3.244e+01
reaction gibbs energy	R_ACONTa	-2.489e+00
reaction gibbs energy	R_ACONTb	-3.947e+00
reaction gibbs energy	R_ATPM	0.000e+00
reaction gibbs energy	R_PPCK	0.000e+00
reaction gibbs energy	R_PPS	0.000e+00
reaction gibbs energy	R_ADK1	0.000e+00
reaction gibbs energy	R_AKGDH	0.000e+00
reaction gibbs energy	R_PTAr	-9.573e+00
reaction gibbs energy	R_PYK	-1.555e+01
reaction gibbs energy	R_RPE	-3.896e+00
reaction gibbs energy	R_CS	-1.313e+01
reaction gibbs energy	R_RPI	-4.588e+00
reaction gibbs energy	R_ENO	-2.609e+00
reaction gibbs energy	R_SUCDi	-1.275e+01
reaction gibbs energy	R_SUCOAS	0.000e+00
reaction gibbs energy	R_TALA	-5.916e+00
reaction gibbs energy	R_TKT1	-2.919e+00
reaction gibbs energy	R_TKT2	-6.780e+00
reaction gibbs energy	R_TPI	-2.021e+00
reaction gibbs energy	R_FBA	-2.133e+00
reaction gibbs energy	R_FBP	0.000e+00
reaction gibbs energy	R_FRD7	0.000e+00
reaction gibbs energy	R_FUM	0.000e+00
reaction gibbs energy	R_G6PDH2r	-7.682e+00
reaction gibbs energy	R_GAPD	-1.621e+00
reaction gibbs energy	R_GLNS	-1.015e+01
reaction gibbs energy	R_GLUDy	0.000e+00
reaction gibbs energy	R_GLUN	0.000e+00
reaction gibbs energy	R_GLUSy	-3.815e+01
reaction gibbs energy	R_GND	-8.624e+00
reaction gibbs energy	R_ICDHyr	-7.697e+00
reaction gibbs energy	R_ICL	-8.347e+00
reaction gibbs energy	R_LDH_D	-9.254e+00
reaction gibbs energy	R_MALS	-1.487e+01
reaction gibbs energy	R_MDH	-3.394e+00
reaction gibbs energy	R_ME1	0.000e+00
reaction gibbs energy	R_ME2	0.000e+00
reaction gibbs energy	R_NADTRHD	0.000e+00
reaction gibbs energy	R_PDH	0.000e+00

