!!!SBtab DocumentName='report' SBtabVersion='1.0' Date='2022-6-9'
!!SBtab TableID='Predicted concentrations' TableType='Quantity' TableName='Predicted concentrations' SBtabVersion='1.0' Unit='M'
!QuantityType	!Compound	!Value
concentration	M_h2o_c	1.000e+00
concentration	M_atp_c	1.897e-03
concentration	M_nadp_c	6.609e-06
concentration	M_nadph_c	5.271e-05
concentration	M_adp_c	3.441e-04
concentration	M_nad_c	2.007e-03
concentration	M_pi_c	8.378e-03
concentration	M_nadh_c	4.479e-06
concentration	M_coa_c	1.310e-03
concentration	M_co2_c	5.132e-05
concentration	M_amp_c	2.677e-04
concentration	M_nh4_c	1.110e-05
concentration	M_akg_c	2.946e-04
concentration	M_accoa_c	6.527e-04
concentration	M_pyr_c	9.577e-04
concentration	M_succ_c	4.094e-04
concentration	M_ac_c	1.000e-04
concentration	M_gln__L_c	2.114e-03
concentration	M_for_c	1.000e-04
concentration	M_oaa_c	3.301e-06
concentration	M_glx_c	1.000e-04
concentration	M_pep_c	6.167e-04
concentration	M_g3p_c	3.963e-05
concentration	M_acald_c	1.000e-04
concentration	M_dhap_c	8.195e-04
concentration	M_succoa_c	3.901e-04
concentration	M_fum_c	1.898e-03
concentration	M_mal__L_c	2.172e-03
concentration	M_r5p_c	9.436e-05
concentration	M_3pg_c	1.020e-03
concentration	M_cit_c	2.381e-03
concentration	M_ru5p__D_c	2.493e-04
concentration	M_g6p_c	4.844e-04
concentration	M_q8_c	1.556e-05
concentration	M_xu5p__D_c	2.128e-04
concentration	M_q8h2_c	6.427e-04
concentration	M_e4p_c	1.353e-05
concentration	M_13dpg_c	2.131e-05
concentration	M_s7p_c	7.469e-04
concentration	M_2pg_c	1.322e-04
concentration	M_actp_c	1.443e-03
concentration	M_lac__D_c	5.047e-04
concentration	M_etoh_c	1.000e-04
concentration	M_6pgc_c	9.535e-05
concentration	M_fdp_c	6.737e-04
concentration	M_6pgl_c	1.803e-05
concentration	M_acon_C_c	2.524e-05
concentration	M_glu__L_c	2.182e-02
concentration	M_icit_c	1.134e-05
concentration	M_f6p_c	2.187e-04

!!SBtab TableID='Predicted Gibbs energies' TableType='Quantity' TableName='Predicted Gibbs energies' SBtabVersion='1.0' Unit='kJ/mol'
!QuantityType	!Reaction	!Value
reaction gibbs energy	R_PFK	-1.759e+01
reaction gibbs energy	R_PFL	0.000e+00
reaction gibbs energy	R_PGI	0.000e+00
reaction gibbs energy	R_PGK	-5.744e+00
reaction gibbs energy	R_PGL	-1.990e+01
reaction gibbs energy	R_ACALD	0.000e+00
reaction gibbs energy	R_PGM	-1.384e+00
reaction gibbs energy	R_ALCD2x	0.000e+00
reaction gibbs energy	R_ACKr	0.000e+00
reaction gibbs energy	R_PPC	0.000e+00
reaction gibbs energy	R_ACONTa	-2.517e+00
reaction gibbs energy	R_ACONTb	-3.537e+00
reaction gibbs energy	R_ATPM	0.000e+00
reaction gibbs energy	R_PPCK	-3.676e+00
reaction gibbs energy	R_PPS	0.000e+00
reaction gibbs energy	R_ADK1	0.000e+00
reaction gibbs energy	R_AKGDH	0.000e+00
reaction gibbs energy	R_PTAr	0.000e+00
reaction gibbs energy	R_PYK	0.000e+00
reaction gibbs energy	R_RPE	-3.909e+00
reaction gibbs energy	R_CS	-1.945e+01
reaction gibbs energy	R_RPI	-4.562e+00
reaction gibbs energy	R_ENO	-1.384e+00
reaction gibbs energy	R_SUCDi	-1.133e+01
reaction gibbs energy	R_SUCOAS	0.000e+00
reaction gibbs energy	R_TALA	-6.774e+00
reaction gibbs energy	R_TKT1	-3.034e+00
reaction gibbs energy	R_TKT2	0.000e+00
reaction gibbs energy	R_TPI	-2.245e+00
reaction gibbs energy	R_FBA	-2.373e+00
reaction gibbs energy	R_FBP	0.000e+00
reaction gibbs energy	R_FRD7	0.000e+00
reaction gibbs energy	R_FUM	-3.089e+00
reaction gibbs energy	R_G6PDH2r	-7.989e+00
reaction gibbs energy	R_GAPD	-1.755e+00
reaction gibbs energy	R_GLNS	-7.938e+00
reaction gibbs energy	R_GLUDy	0.000e+00
reaction gibbs energy	R_GLUN	0.000e+00
reaction gibbs energy	R_GLUSy	-3.847e+01
reaction gibbs energy	R_GND	-5.777e+00
reaction gibbs energy	R_ICDHyr	-5.057e+00
reaction gibbs energy	R_ICL	0.000e+00
reaction gibbs energy	R_LDH_D	-8.697e+00
reaction gibbs energy	R_MALS	0.000e+00
reaction gibbs energy	R_MDH	-3.056e+00
reaction gibbs energy	R_ME1	0.000e+00
reaction gibbs energy	R_ME2	0.000e+00
reaction gibbs energy	R_NADTRHD	0.000e+00
reaction gibbs energy	R_PDH	-5.945e+01

