!!!SBtab DocumentName='report' SBtabVersion='1.0' Date='2022-6-9'
!!SBtab TableID='Predicted concentrations' TableType='Quantity' TableName='Predicted concentrations' SBtabVersion='1.0' Unit='M'
!QuantityType	!Compound	!Value
concentration	M_h2o_c	1.000e+00
concentration	M_atp_c	2.427e-03
concentration	M_nadp_c	6.698e-06
concentration	M_nadph_c	5.008e-05
concentration	M_adp_c	2.609e-04
concentration	M_nad_c	1.945e-03
concentration	M_pi_c	9.022e-03
concentration	M_nadh_c	4.275e-06
concentration	M_coa_c	1.035e-02
concentration	M_co2_c	7.530e-05
concentration	M_amp_c	2.677e-04
concentration	M_nh4_c	1.285e-05
concentration	M_akg_c	2.932e-04
concentration	M_accoa_c	5.269e-04
concentration	M_pyr_c	1.518e-03
concentration	M_succ_c	4.056e-04
concentration	M_ac_c	1.000e-02
concentration	M_gln__L_c	2.094e-03
concentration	M_for_c	1.000e-04
concentration	M_oaa_c	1.709e-04
concentration	M_glx_c	1.000e-04
concentration	M_pep_c	1.624e-04
concentration	M_g3p_c	3.704e-05
concentration	M_acald_c	1.000e-04
concentration	M_dhap_c	8.209e-04
concentration	M_succoa_c	3.901e-04
concentration	M_fum_c	1.564e-03
concentration	M_mal__L_c	1.364e-03
concentration	M_r5p_c	9.769e-05
concentration	M_3pg_c	1.597e-03
concentration	M_cit_c	2.358e-03
concentration	M_ru5p__D_c	2.542e-04
concentration	M_g6p_c	3.528e-04
concentration	M_q8_c	2.566e-05
concentration	M_xu5p__D_c	2.061e-04
concentration	M_q8h2_c	3.897e-04
concentration	M_e4p_c	1.340e-05
concentration	M_13dpg_c	2.210e-05
concentration	M_s7p_c	7.513e-04
concentration	M_2pg_c	9.635e-05
concentration	M_actp_c	1.020e-03
concentration	M_lac__D_c	4.911e-04
concentration	M_etoh_c	1.000e-04
concentration	M_6pgc_c	9.930e-05
concentration	M_fdp_c	6.738e-04
concentration	M_6pgl_c	1.937e-05
concentration	M_acon_C_c	2.610e-05
concentration	M_glu__L_c	2.186e-02
concentration	M_icit_c	1.198e-05
concentration	M_f6p_c	2.988e-04

!!SBtab TableID='Predicted Gibbs energies' TableType='Quantity' TableName='Predicted Gibbs energies' SBtabVersion='1.0' Unit='kJ/mol'
!QuantityType	!Reaction	!Value
reaction gibbs energy	R_PFK	-1.932e+01
reaction gibbs energy	R_PFL	0.000e+00
reaction gibbs energy	R_PGI	-2.154e+00
reaction gibbs energy	R_PGK	-3.334e+00
reaction gibbs energy	R_PGL	-1.967e+01
reaction gibbs energy	R_ACALD	0.000e+00
reaction gibbs energy	R_PGM	-2.556e+00
reaction gibbs energy	R_ALCD2x	0.000e+00
reaction gibbs energy	R_ACKr	-1.274e+00
reaction gibbs energy	R_PPC	-2.716e+01
reaction gibbs energy	R_ACONTa	-2.458e+00
reaction gibbs energy	R_ACONTb	-3.419e+00
reaction gibbs energy	R_ATPM	0.000e+00
reaction gibbs energy	R_PPCK	0.000e+00
reaction gibbs energy	R_PPS	0.000e+00
reaction gibbs energy	R_ADK1	0.000e+00
reaction gibbs energy	R_AKGDH	0.000e+00
reaction gibbs energy	R_PTAr	-7.463e+00
reaction gibbs energy	R_PYK	0.000e+00
reaction gibbs energy	R_RPE	-3.891e+00
reaction gibbs energy	R_CS	-2.318e+01
reaction gibbs energy	R_RPI	-4.489e+00
reaction gibbs energy	R_ENO	-2.569e+00
reaction gibbs energy	R_SUCDi	-1.440e+01
reaction gibbs energy	R_SUCOAS	0.000e+00
reaction gibbs energy	R_TALA	-5.780e+00
reaction gibbs energy	R_TKT1	-3.010e+00
reaction gibbs energy	R_TKT2	-6.866e+00
reaction gibbs energy	R_TPI	-2.120e+00
reaction gibbs energy	R_FBA	-2.252e+00
reaction gibbs energy	R_FBP	0.000e+00
reaction gibbs energy	R_FRD7	0.000e+00
reaction gibbs energy	R_FUM	-3.767e+00
reaction gibbs energy	R_G6PDH2r	-7.298e+00
reaction gibbs energy	R_GAPD	-1.681e+00
reaction gibbs energy	R_GLNS	-9.374e+00
reaction gibbs energy	R_GLUDy	0.000e+00
reaction gibbs energy	R_GLUN	0.000e+00
reaction gibbs energy	R_GLUSy	-3.801e+01
reaction gibbs energy	R_GND	-5.810e+00
reaction gibbs energy	R_ICDHyr	-5.207e+00
reaction gibbs energy	R_ICL	0.000e+00
reaction gibbs energy	R_LDH_D	-9.869e+00
reaction gibbs energy	R_MALS	0.000e+00
reaction gibbs energy	R_MDH	0.000e+00
reaction gibbs energy	R_ME1	-2.620e+01
reaction gibbs energy	R_ME2	0.000e+00
reaction gibbs energy	R_NADTRHD	-2.024e+01
reaction gibbs energy	R_PDH	0.000e+00

