!!!SBtab DocumentName='report' SBtabVersion='1.0' Date='2022-6-9'
!!SBtab TableID='Predicted concentrations' TableType='Quantity' TableName='Predicted concentrations' SBtabVersion='1.0' Unit='M'
!QuantityType	!Compound	!Value
concentration	M_h2o_c	1.000e+00
concentration	M_atp_c	2.427e-03
concentration	M_nadp_c	6.348e-06
concentration	M_nadph_c	5.582e-05
concentration	M_adp_c	2.609e-04
concentration	M_nad_c	1.980e-03
concentration	M_pi_c	8.247e-03
concentration	M_nadh_c	4.279e-06
concentration	M_coa_c	7.858e-03
concentration	M_co2_c	7.244e-05
concentration	M_amp_c	2.677e-04
concentration	M_nh4_c	3.460e-06
concentration	M_akg_c	3.107e-04
concentration	M_accoa_c	5.880e-04
concentration	M_pyr_c	1.507e-03
concentration	M_succ_c	3.980e-04
concentration	M_ac_c	1.000e-02
concentration	M_gln__L_c	2.178e-03
concentration	M_for_c	1.000e-04
concentration	M_oaa_c	2.482e-06
concentration	M_glx_c	1.000e-04
concentration	M_pep_c	1.707e-04
concentration	M_g3p_c	3.621e-05
concentration	M_acald_c	1.000e-04
concentration	M_dhap_c	8.157e-04
concentration	M_succoa_c	3.901e-04
concentration	M_fum_c	1.733e-03
concentration	M_mal__L_c	1.848e-03
concentration	M_r5p_c	9.747e-05
concentration	M_3pg_c	1.603e-03
concentration	M_cit_c	2.295e-03
concentration	M_ru5p__D_c	2.512e-04
concentration	M_g6p_c	4.956e-04
concentration	M_q8_c	1.763e-05
concentration	M_xu5p__D_c	2.053e-04
concentration	M_q8h2_c	5.671e-04
concentration	M_e4p_c	1.341e-05
concentration	M_13dpg_c	2.175e-05
concentration	M_s7p_c	7.380e-04
concentration	M_2pg_c	9.890e-05
concentration	M_actp_c	1.020e-03
concentration	M_lac__D_c	5.323e-04
concentration	M_etoh_c	1.000e-04
concentration	M_6pgc_c	1.019e-04
concentration	M_fdp_c	6.666e-04
concentration	M_6pgl_c	1.542e-05
concentration	M_acon_C_c	2.590e-05
concentration	M_glu__L_c	2.053e-02
concentration	M_icit_c	1.240e-05
concentration	M_f6p_c	2.294e-04

!!SBtab TableID='Predicted Gibbs energies' TableType='Quantity' TableName='Predicted Gibbs energies' SBtabVersion='1.0' Unit='kJ/mol'
!QuantityType	!Reaction	!Value
reaction gibbs energy	R_PFK	-1.869e+01
reaction gibbs energy	R_PFL	0.000e+00
reaction gibbs energy	R_PGI	0.000e+00
reaction gibbs energy	R_PGK	-3.285e+00
reaction gibbs energy	R_PGL	-1.904e+01
reaction gibbs energy	R_ACALD	0.000e+00
reaction gibbs energy	R_PGM	-2.501e+00
reaction gibbs energy	R_ALCD2x	0.000e+00
reaction gibbs energy	R_ACKr	-1.274e+00
reaction gibbs energy	R_PPC	0.000e+00
reaction gibbs energy	R_ACONTa	-2.411e+00
reaction gibbs energy	R_ACONTb	-3.314e+00
reaction gibbs energy	R_ATPM	0.000e+00
reaction gibbs energy	R_PPCK	0.000e+00
reaction gibbs energy	R_PPS	0.000e+00
reaction gibbs energy	R_ADK1	0.000e+00
reaction gibbs energy	R_AKGDH	0.000e+00
reaction gibbs energy	R_PTAr	-6.732e+00
reaction gibbs energy	R_PYK	-1.569e+01
reaction gibbs energy	R_RPE	-3.871e+00
reaction gibbs energy	R_CS	-1.372e+01
reaction gibbs energy	R_RPI	-4.466e+00
reaction gibbs energy	R_ENO	-2.510e+00
reaction gibbs energy	R_SUCDi	-1.224e+01
reaction gibbs energy	R_SUCOAS	0.000e+00
reaction gibbs energy	R_TALA	-6.334e+00
reaction gibbs energy	R_TKT1	-3.095e+00
reaction gibbs energy	R_TKT2	-7.568e+00
reaction gibbs energy	R_TPI	-2.160e+00
reaction gibbs energy	R_FBA	-2.298e+00
reaction gibbs energy	R_FBP	0.000e+00
reaction gibbs energy	R_FRD7	0.000e+00
reaction gibbs energy	R_FUM	-3.269e+00
reaction gibbs energy	R_G6PDH2r	-8.302e+00
reaction gibbs energy	R_GAPD	-1.484e+00
reaction gibbs energy	R_GLNS	-6.092e+00
reaction gibbs energy	R_GLUDy	0.000e+00
reaction gibbs energy	R_GLUN	0.000e+00
reaction gibbs energy	R_GLUSy	-3.897e+01
reaction gibbs energy	R_GND	-5.598e+00
reaction gibbs energy	R_ICDHyr	-4.843e+00
reaction gibbs energy	R_ICL	0.000e+00
reaction gibbs energy	R_LDH_D	-9.610e+00
reaction gibbs energy	R_MALS	0.000e+00
reaction gibbs energy	R_MDH	-3.501e+00
reaction gibbs energy	R_ME1	0.000e+00
reaction gibbs energy	R_ME2	-6.420e+00
reaction gibbs energy	R_NADTRHD	-2.069e+01
reaction gibbs energy	R_PDH	0.000e+00

