!!!SBtab DocumentName='report' SBtabVersion='1.0' Date='2022-6-9'
!!SBtab TableID='Predicted concentrations' TableType='Quantity' TableName='Predicted concentrations' SBtabVersion='1.0' Unit='M'
!QuantityType	!Compound	!Value
concentration	M_h2o_c	1.000e+00
concentration	M_atp_c	1.904e-03
concentration	M_nadp_c	6.760e-06
concentration	M_nadph_c	4.984e-05
concentration	M_adp_c	3.329e-04
concentration	M_nad_c	1.920e-03
concentration	M_pi_c	9.086e-03
concentration	M_nadh_c	4.770e-06
concentration	M_coa_c	1.181e-04
concentration	M_co2_c	6.182e-05
concentration	M_amp_c	2.766e-04
concentration	M_nh4_c	1.701e-05
concentration	M_akg_c	2.825e-04
concentration	M_accoa_c	1.368e-03
concentration	M_pyr_c	8.705e-04
concentration	M_succ_c	4.106e-04
concentration	M_ac_c	7.765e-04
concentration	M_gln__L_c	2.089e-03
concentration	M_for_c	9.999e-05
concentration	M_oaa_c	9.850e-05
concentration	M_glx_c	9.999e-05
concentration	M_pep_c	6.167e-04
concentration	M_g3p_c	4.212e-05
concentration	M_acald_c	9.999e-05
concentration	M_dhap_c	8.206e-04
concentration	M_succoa_c	3.900e-04
concentration	M_fum_c	1.636e-03
concentration	M_mal__L_c	1.446e-03
concentration	M_r5p_c	9.725e-05
concentration	M_3pg_c	1.020e-03
concentration	M_cit_c	2.414e-03
concentration	M_ru5p__D_c	2.568e-04
concentration	M_g6p_c	4.889e-04
concentration	M_q8_c	2.326e-05
concentration	M_xu5p__D_c	2.173e-04
concentration	M_q8h2_c	4.297e-04
concentration	M_e4p_c	1.349e-05
concentration	M_13dpg_c	2.159e-05
concentration	M_s7p_c	7.334e-04
concentration	M_2pg_c	1.322e-04
concentration	M_actp_c	1.216e-03
concentration	M_lac__D_c	3.945e-04
concentration	M_etoh_c	9.999e-05
concentration	M_6pgc_c	9.620e-05
concentration	M_fdp_c	6.903e-04
concentration	M_6pgl_c	2.416e-05
concentration	M_acon_C_c	2.524e-05
concentration	M_glu__L_c	2.219e-02
concentration	M_icit_c	1.173e-05
concentration	M_f6p_c	2.158e-04

!!SBtab TableID='Predicted Gibbs energies' TableType='Quantity' TableName='Predicted Gibbs energies' SBtabVersion='1.0' Unit='kJ/mol'
!QuantityType	!Reaction	!Value
reaction gibbs energy	R_PFK	-1.759e+01
reaction gibbs energy	R_PFL	0.000e+00
reaction gibbs energy	R_PGI	0.000e+00
reaction gibbs energy	R_PGK	-5.685e+00
reaction gibbs energy	R_PGL	-2.061e+01
reaction gibbs energy	R_ACALD	0.000e+00
reaction gibbs energy	R_PGM	-1.384e+00
reaction gibbs energy	R_ALCD2x	0.000e+00
reaction gibbs energy	R_ACKr	-1.086e+01
reaction gibbs energy	R_PPC	-3.295e+01
reaction gibbs energy	R_ACONTa	-2.551e+00
reaction gibbs energy	R_ACONTb	-3.455e+00
reaction gibbs energy	R_ATPM	0.000e+00
reaction gibbs energy	R_PPCK	0.000e+00
reaction gibbs energy	R_PPS	-1.912e+01
reaction gibbs energy	R_ADK1	-3.743e+00
reaction gibbs energy	R_AKGDH	0.000e+00
reaction gibbs energy	R_PTAr	-2.010e+00
reaction gibbs energy	R_PYK	0.000e+00
reaction gibbs energy	R_RPE	-3.931e+00
reaction gibbs energy	R_CS	-3.563e+01
reaction gibbs energy	R_RPI	-4.560e+00
reaction gibbs energy	R_ENO	-1.384e+00
reaction gibbs energy	R_SUCDi	-1.370e+01
reaction gibbs energy	R_SUCOAS	0.000e+00
reaction gibbs energy	R_TALA	-6.921e+00
reaction gibbs energy	R_TKT1	-3.054e+00
reaction gibbs energy	R_TKT2	0.000e+00
reaction gibbs energy	R_TPI	-2.098e+00
reaction gibbs energy	R_FBA	-2.279e+00
reaction gibbs energy	R_FBP	0.000e+00
reaction gibbs energy	R_FRD7	0.000e+00
reaction gibbs energy	R_FUM	-3.730e+00
reaction gibbs energy	R_G6PDH2r	-7.482e+00
reaction gibbs energy	R_GAPD	-1.809e+00
reaction gibbs energy	R_GLNS	-8.956e+00
reaction gibbs energy	R_GLUDy	0.000e+00
reaction gibbs energy	R_GLUN	0.000e+00
reaction gibbs energy	R_GLUSy	-3.805e+01
reaction gibbs energy	R_GND	-5.460e+00
reaction gibbs energy	R_ICDHyr	-4.977e+00
reaction gibbs energy	R_ICL	0.000e+00
reaction gibbs energy	R_LDH_D	-9.337e+00
reaction gibbs energy	R_MALS	0.000e+00
reaction gibbs energy	R_MDH	0.000e+00
reaction gibbs energy	R_ME1	0.000e+00
reaction gibbs energy	R_ME2	-6.974e+00
reaction gibbs energy	R_NADTRHD	-1.992e+01
reaction gibbs energy	R_PDH	-5.070e+01

