!!!SBtab DocumentName='report' SBtabVersion='1.0' Date='2022-6-9'
!!SBtab TableID='Predicted concentrations' TableType='Quantity' TableName='Predicted concentrations' SBtabVersion='1.0' Unit='M'
!QuantityType	!Compound	!Value
concentration	M_h2o_c	1.000e+00
concentration	M_atp_c	2.427e-03
concentration	M_nadp_c	6.597e-06
concentration	M_nadph_c	5.103e-05
concentration	M_adp_c	2.609e-04
concentration	M_nad_c	1.553e-03
concentration	M_pi_c	2.128e-03
concentration	M_nadh_c	2.382e-05
concentration	M_coa_c	1.097e-03
concentration	M_co2_c	2.154e-04
concentration	M_amp_c	2.678e-04
concentration	M_nh4_c	7.318e-06
concentration	M_akg_c	3.048e-04
concentration	M_accoa_c	6.919e-04
concentration	M_pyr_c	8.144e-04
concentration	M_succ_c	4.064e-04
concentration	M_ac_c	1.000e-04
concentration	M_gln__L_c	2.141e-03
concentration	M_for_c	1.000e-04
concentration	M_oaa_c	1.626e-06
concentration	M_glx_c	1.000e-04
concentration	M_pep_c	6.167e-04
concentration	M_g3p_c	1.063e-04
concentration	M_acald_c	1.000e-04
concentration	M_dhap_c	5.181e-04
concentration	M_succoa_c	3.901e-04
concentration	M_fum_c	1.839e-03
concentration	M_mal__L_c	3.401e-03
concentration	M_r5p_c	1.118e-04
concentration	M_3pg_c	2.056e-03
concentration	M_cit_c	2.006e-03
concentration	M_ru5p__D_c	2.141e-04
concentration	M_g6p_c	4.038e-04
concentration	M_q8_c	2.170e-05
concentration	M_xu5p__D_c	2.511e-04
concentration	M_q8h2_c	4.609e-04
concentration	M_e4p_c	1.364e-05
concentration	M_13dpg_c	1.826e-05
concentration	M_s7p_c	6.678e-04
concentration	M_2pg_c	1.947e-04
concentration	M_actp_c	1.442e-03
concentration	M_lac__D_c	8.525e-04
concentration	M_etoh_c	1.000e-04
concentration	M_6pgc_c	1.040e-04
concentration	M_fdp_c	1.556e-04
concentration	M_6pgl_c	3.387e-05
concentration	M_acon_C_c	2.979e-05
concentration	M_glu__L_c	2.010e-02
concentration	M_icit_c	1.988e-05
concentration	M_f6p_c	2.887e-04

!!SBtab TableID='Predicted Gibbs energies' TableType='Quantity' TableName='Predicted Gibbs energies' SBtabVersion='1.0' Unit='kJ/mol'
!QuantityType	!Reaction	!Value
reaction gibbs energy	R_PFK	0.000e+00
reaction gibbs energy	R_PFL	0.000e+00
reaction gibbs energy	R_PGI	-1.662e+00
reaction gibbs energy	R_PGK	-1.870e-02
reaction gibbs energy	R_PGL	-2.118e+01
reaction gibbs energy	R_ACALD	0.000e+00
reaction gibbs energy	R_PGM	-1.870e-02
reaction gibbs energy	R_ALCD2x	0.000e+00
reaction gibbs energy	R_ACKr	0.000e+00
reaction gibbs energy	R_PPC	0.000e+00
reaction gibbs energy	R_ACONTa	-1.687e+00
reaction gibbs energy	R_ACONTb	-2.544e+00
reaction gibbs energy	R_ATPM	0.000e+00
reaction gibbs energy	R_PPCK	0.000e+00
reaction gibbs energy	R_PPS	-2.326e+01
reaction gibbs energy	R_ADK1	-5.472e+00
reaction gibbs energy	R_AKGDH	0.000e+00
reaction gibbs energy	R_PTAr	0.000e+00
reaction gibbs energy	R_PYK	0.000e+00
reaction gibbs energy	R_RPE	-3.077e+00
reaction gibbs energy	R_CS	-1.869e+01
reaction gibbs energy	R_RPI	-3.754e+00
reaction gibbs energy	R_ENO	-1.870e-02
reaction gibbs energy	R_SUCDi	-1.280e+01
reaction gibbs energy	R_SUCOAS	0.000e+00
reaction gibbs energy	R_TALA	-8.206e+00
reaction gibbs energy	R_TKT1	-1.638e+00
reaction gibbs energy	R_TKT2	0.000e+00
reaction gibbs energy	R_TPI	-1.315e+00
reaction gibbs energy	R_FBA	-2.545e+00
reaction gibbs energy	R_FBP	-2.623e+01
reaction gibbs energy	R_FRD7	0.000e+00
reaction gibbs energy	R_FUM	-1.900e+00
reaction gibbs energy	R_G6PDH2r	-6.054e+00
reaction gibbs energy	R_GAPD	-2.154e+00
reaction gibbs energy	R_GLNS	-1.134e+01
reaction gibbs energy	R_GLUDy	0.000e+00
reaction gibbs energy	R_GLUN	0.000e+00
reaction gibbs energy	R_GLUSy	-3.891e+01
reaction gibbs energy	R_GND	-2.875e+00
reaction gibbs energy	R_ICDHyr	-2.869e+00
reaction gibbs energy	R_ICL	0.000e+00
reaction gibbs energy	R_LDH_D	-1.177e+01
reaction gibbs energy	R_MALS	0.000e+00
reaction gibbs energy	R_MDH	-1.143e+00
reaction gibbs energy	R_ME1	0.000e+00
reaction gibbs energy	R_ME2	-6.124e+00
reaction gibbs energy	R_NADTRHD	-1.551e+01
reaction gibbs energy	R_PDH	-4.989e+01

