!!!SBtab DocumentName='report' SBtabVersion='1.0' Date='2022-6-9'
!!SBtab TableID='Predicted concentrations' TableType='Quantity' TableName='Predicted concentrations' SBtabVersion='1.0' Unit='M'
!QuantityType	!Compound	!Value
concentration	M_h2o_c	1.000e+00
concentration	M_atp_c	2.427e-03
concentration	M_nadp_c	6.696e-06
concentration	M_nadph_c	5.185e-05
concentration	M_adp_c	2.609e-04
concentration	M_nad_c	2.007e-03
concentration	M_pi_c	8.171e-03
concentration	M_nadh_c	4.464e-06
concentration	M_coa_c	7.231e-04
concentration	M_co2_c	6.165e-05
concentration	M_amp_c	2.677e-04
concentration	M_nh4_c	1.476e-05
concentration	M_akg_c	2.576e-04
concentration	M_accoa_c	3.202e-04
concentration	M_pyr_c	1.509e-03
concentration	M_succ_c	2.794e-04
concentration	M_ac_c	1.000e-02
concentration	M_gln__L_c	2.099e-03
concentration	M_for_c	9.999e-05
concentration	M_oaa_c	1.197e-04
concentration	M_glx_c	2.248e-05
concentration	M_pep_c	1.571e-04
concentration	M_g3p_c	3.915e-05
concentration	M_acald_c	9.999e-05
concentration	M_dhap_c	8.344e-04
concentration	M_succoa_c	1.097e-03
concentration	M_fum_c	1.214e-03
concentration	M_mal__L_c	2.794e-03
concentration	M_r5p_c	9.609e-05
concentration	M_3pg_c	1.582e-03
concentration	M_cit_c	2.321e-03
concentration	M_ru5p__D_c	2.549e-04
concentration	M_g6p_c	3.523e-04
concentration	M_q8_c	2.073e-05
concentration	M_xu5p__D_c	2.138e-04
concentration	M_q8h2_c	4.823e-04
concentration	M_e4p_c	1.343e-05
concentration	M_13dpg_c	2.131e-05
concentration	M_s7p_c	7.598e-04
concentration	M_2pg_c	9.417e-05
concentration	M_actp_c	1.020e-03
concentration	M_lac__D_c	4.805e-04
concentration	M_etoh_c	9.999e-05
concentration	M_6pgc_c	9.576e-05
concentration	M_fdp_c	6.942e-04
concentration	M_6pgl_c	1.583e-05
concentration	M_acon_C_c	2.546e-05
concentration	M_glu__L_c	2.217e-02
concentration	M_icit_c	1.033e-05
concentration	M_f6p_c	3.000e-04

!!SBtab TableID='Predicted Gibbs energies' TableType='Quantity' TableName='Predicted Gibbs energies' SBtabVersion='1.0' Unit='kJ/mol'
!QuantityType	!Reaction	!Value
reaction gibbs energy	R_PFK	-1.925e+01
reaction gibbs energy	R_PFL	0.000e+00
reaction gibbs energy	R_PGI	-2.167e+00
reaction gibbs energy	R_PGK	-3.266e+00
reaction gibbs energy	R_PGL	-1.926e+01
reaction gibbs energy	R_ACALD	0.000e+00
reaction gibbs energy	R_PGM	-2.591e+00
reaction gibbs energy	R_ALCD2x	0.000e+00
reaction gibbs energy	R_ACKr	-1.274e+00
reaction gibbs energy	R_PPC	-2.771e+01
reaction gibbs energy	R_ACONTa	-2.481e+00
reaction gibbs energy	R_ACONTb	-3.724e+00
reaction gibbs energy	R_ATPM	0.000e+00
reaction gibbs energy	R_PPCK	0.000e+00
reaction gibbs energy	R_PPS	0.000e+00
reaction gibbs energy	R_ADK1	0.000e+00
reaction gibbs energy	R_AKGDH	-4.583e+01
reaction gibbs energy	R_PTAr	-2.349e+00
reaction gibbs energy	R_PYK	-1.548e+01
reaction gibbs energy	R_RPE	-3.807e+00
reaction gibbs energy	R_CS	-2.770e+01
reaction gibbs energy	R_RPI	-4.538e+00
reaction gibbs energy	R_ENO	-2.595e+00
reaction gibbs energy	R_SUCDi	-1.305e+01
reaction gibbs energy	R_SUCOAS	-2.232e+00
reaction gibbs energy	R_TALA	-5.931e+00
reaction gibbs energy	R_TKT1	-2.894e+00
reaction gibbs energy	R_TKT2	0.000e+00
reaction gibbs energy	R_TPI	-2.023e+00
reaction gibbs energy	R_FBA	-2.148e+00
reaction gibbs energy	R_FBP	0.000e+00
reaction gibbs energy	R_FRD7	0.000e+00
reaction gibbs energy	R_FUM	0.000e+00
reaction gibbs energy	R_G6PDH2r	-7.706e+00
reaction gibbs energy	R_GAPD	-1.634e+00
reaction gibbs energy	R_GLNS	-9.991e+00
reaction gibbs energy	R_GLUDy	0.000e+00
reaction gibbs energy	R_GLUN	0.000e+00
reaction gibbs energy	R_GLUSy	-3.772e+01
reaction gibbs energy	R_GND	-6.121e+00
reaction gibbs energy	R_ICDHyr	-5.570e+00
reaction gibbs energy	R_ICL	-9.152e+00
reaction gibbs energy	R_LDH_D	-9.938e+00
reaction gibbs energy	R_MALS	-2.352e+01
reaction gibbs energy	R_MDH	0.000e+00
reaction gibbs energy	R_ME1	0.000e+00
reaction gibbs energy	R_ME2	-8.156e+00
reaction gibbs energy	R_NADTRHD	0.000e+00
reaction gibbs energy	R_PDH	0.000e+00

