!!!SBtab DocumentName='report' SBtabVersion='1.0' Date='2022-6-9'
!!SBtab TableID='Predicted concentrations' TableType='Quantity' TableName='Predicted concentrations' SBtabVersion='1.0' Unit='M'
!QuantityType	!Compound	!Value
concentration	M_h2o_c	1.000e+00
concentration	M_atp_c	1.485e-03
concentration	M_nadp_c	6.497e-06
concentration	M_nadph_c	5.087e-05
concentration	M_adp_c	4.529e-04
concentration	M_nad_c	2.288e-03
concentration	M_pi_c	1.000e-02
concentration	M_nadh_c	3.822e-06
concentration	M_coa_c	7.066e-04
concentration	M_co2_c	4.119e-05
concentration	M_amp_c	2.677e-04
concentration	M_nh4_c	3.999e-05
concentration	M_akg_c	2.398e-04
concentration	M_accoa_c	7.237e-04
concentration	M_pyr_c	1.413e-03
concentration	M_succ_c	4.101e-04
concentration	M_ac_c	1.000e-04
concentration	M_gln__L_c	2.134e-03
concentration	M_for_c	1.000e-04
concentration	M_oaa_c	1.304e-06
concentration	M_glx_c	1.000e-04
concentration	M_pep_c	1.096e-04
concentration	M_g3p_c	4.599e-05
concentration	M_acald_c	1.000e-04
concentration	M_dhap_c	9.827e-04
concentration	M_succoa_c	3.901e-04
concentration	M_fum_c	2.726e-03
concentration	M_mal__L_c	1.409e-03
concentration	M_r5p_c	1.415e-04
concentration	M_3pg_c	2.230e-03
concentration	M_cit_c	3.356e-03
concentration	M_ru5p__D_c	4.420e-04
concentration	M_g6p_c	2.608e-04
concentration	M_q8_c	2.128e-05
concentration	M_xu5p__D_c	2.532e-04
concentration	M_q8h2_c	4.701e-04
concentration	M_e4p_c	1.180e-05
concentration	M_13dpg_c	1.826e-05
concentration	M_s7p_c	5.532e-04
concentration	M_2pg_c	9.963e-05
concentration	M_actp_c	1.442e-03
concentration	M_lac__D_c	3.320e-04
concentration	M_etoh_c	1.000e-04
concentration	M_6pgc_c	9.956e-05
concentration	M_fdp_c	9.508e-04
concentration	M_6pgl_c	8.995e-06
concentration	M_acon_C_c	1.529e-05
concentration	M_glu__L_c	2.087e-02
concentration	M_icit_c	4.075e-06
concentration	M_f6p_c	4.151e-04

!!SBtab TableID='Predicted Gibbs energies' TableType='Quantity' TableName='Predicted Gibbs energies' SBtabVersion='1.0' Unit='kJ/mol'
!QuantityType	!Reaction	!Value
reaction gibbs energy	R_PFK	-1.578e+01
reaction gibbs energy	R_PFL	0.000e+00
reaction gibbs energy	R_PGI	-4.432e+00
reaction gibbs energy	R_PGK	-4.432e+00
reaction gibbs energy	R_PGL	-1.771e+01
reaction gibbs energy	R_ACALD	0.000e+00
reaction gibbs energy	R_PGM	-4.432e+00
reaction gibbs energy	R_ALCD2x	0.000e+00
reaction gibbs energy	R_ACKr	0.000e+00
reaction gibbs energy	R_PPC	0.000e+00
reaction gibbs energy	R_ACONTa	-4.596e+00
reaction gibbs energy	R_ACONTb	-4.791e+00
reaction gibbs energy	R_ATPM	0.000e+00
reaction gibbs energy	R_PPCK	0.000e+00
reaction gibbs energy	R_PPS	0.000e+00
reaction gibbs energy	R_ADK1	0.000e+00
reaction gibbs energy	R_AKGDH	0.000e+00
reaction gibbs energy	R_PTAr	0.000e+00
reaction gibbs energy	R_PYK	0.000e+00
reaction gibbs energy	R_RPE	-4.887e+00
reaction gibbs energy	R_CS	-1.763e+01
reaction gibbs energy	R_RPI	-5.006e+00
reaction gibbs energy	R_ENO	-4.432e+00
reaction gibbs energy	R_SUCDi	-1.242e+01
reaction gibbs energy	R_SUCOAS	0.000e+00
reaction gibbs energy	R_TALA	-5.144e+00
reaction gibbs energy	R_TKT1	-4.829e+00
reaction gibbs energy	R_TKT2	0.000e+00
reaction gibbs energy	R_TPI	-4.432e+00
reaction gibbs energy	R_FBA	-4.432e+00
reaction gibbs energy	R_FBP	0.000e+00
reaction gibbs energy	R_FRD7	0.000e+00
reaction gibbs energy	R_FUM	-5.075e+00
reaction gibbs energy	R_G6PDH2r	-8.596e+00
reaction gibbs energy	R_GAPD	-4.432e+00
reaction gibbs energy	R_GLNS	-9.121e+00
reaction gibbs energy	R_GLUDy	0.000e+00
reaction gibbs energy	R_GLUN	0.000e+00
reaction gibbs energy	R_GLUSy	-3.766e+01
reaction gibbs energy	R_GND	-7.496e+00
reaction gibbs energy	R_ICDHyr	-5.805e+00
reaction gibbs energy	R_ICL	0.000e+00
reaction gibbs energy	R_LDH_D	-9.981e+00
reaction gibbs energy	R_MALS	0.000e+00
reaction gibbs energy	R_MDH	-5.088e+00
reaction gibbs energy	R_ME1	-3.036e+01
reaction gibbs energy	R_ME2	-9.221e+00
reaction gibbs energy	R_NADTRHD	0.000e+00
reaction gibbs energy	R_PDH	-5.771e+01

