!!!SBtab DocumentName='report' SBtabVersion='1.0' Date='2022-6-9'
!!SBtab TableID='Predicted concentrations' TableType='Quantity' TableName='Predicted concentrations' SBtabVersion='1.0' Unit='M'
!QuantityType	!Compound	!Value
concentration	M_h2o_c	1.000e+00
concentration	M_atp_c	2.427e-03
concentration	M_nadp_c	6.746e-06
concentration	M_nadph_c	5.008e-05
concentration	M_adp_c	2.609e-04
concentration	M_nad_c	2.022e-03
concentration	M_pi_c	7.827e-03
concentration	M_nadh_c	4.389e-06
concentration	M_coa_c	6.860e-04
concentration	M_co2_c	1.255e-04
concentration	M_amp_c	2.737e-04
concentration	M_nh4_c	9.188e-06
concentration	M_akg_c	2.465e-04
concentration	M_accoa_c	3.248e-04
concentration	M_pyr_c	1.066e-03
concentration	M_succ_c	2.808e-04
concentration	M_ac_c	1.000e-02
concentration	M_gln__L_c	2.101e-03
concentration	M_for_c	1.000e-04
concentration	M_oaa_c	2.678e-06
concentration	M_glx_c	1.000e-04
concentration	M_pep_c	1.831e-04
concentration	M_g3p_c	3.909e-05
concentration	M_acald_c	1.000e-04
concentration	M_dhap_c	8.243e-04
concentration	M_succoa_c	1.089e-03
concentration	M_fum_c	1.819e-03
concentration	M_mal__L_c	2.014e-03
concentration	M_r5p_c	9.476e-05
concentration	M_3pg_c	1.611e-03
concentration	M_cit_c	2.353e-03
concentration	M_ru5p__D_c	2.408e-04
concentration	M_g6p_c	3.532e-04
concentration	M_q8_c	1.967e-05
concentration	M_xu5p__D_c	2.109e-04
concentration	M_q8h2_c	5.085e-04
concentration	M_e4p_c	1.348e-05
concentration	M_13dpg_c	2.136e-05
concentration	M_s7p_c	7.573e-04
concentration	M_2pg_c	1.025e-04
concentration	M_actp_c	1.020e-03
concentration	M_lac__D_c	1.000e-04
concentration	M_etoh_c	1.000e-04
concentration	M_6pgc_c	1.035e-04
concentration	M_fdp_c	6.857e-04
concentration	M_6pgl_c	1.710e-05
concentration	M_acon_C_c	2.662e-05
concentration	M_glu__L_c	2.222e-02
concentration	M_icit_c	1.269e-05
concentration	M_f6p_c	2.977e-04

!!SBtab TableID='Predicted Gibbs energies' TableType='Quantity' TableName='Predicted Gibbs energies' SBtabVersion='1.0' Unit='kJ/mol'
!QuantityType	!Reaction	!Value
reaction gibbs energy	R_PFK	-1.926e+01
reaction gibbs energy	R_PFL	0.000e+00
reaction gibbs energy	R_PGI	-2.142e+00
reaction gibbs energy	R_PGK	-3.227e+00
reaction gibbs energy	R_PGL	-1.926e+01
reaction gibbs energy	R_ACALD	0.000e+00
reaction gibbs energy	R_PGM	-2.425e+00
reaction gibbs energy	R_ALCD2x	0.000e+00
reaction gibbs energy	R_ACKr	-1.274e+00
reaction gibbs energy	R_PPC	0.000e+00
reaction gibbs energy	R_ACONTa	-2.404e+00
reaction gibbs energy	R_ACONTb	-3.323e+00
reaction gibbs energy	R_ATPM	0.000e+00
reaction gibbs energy	R_PPCK	0.000e+00
reaction gibbs energy	R_PPS	-2.366e+01
reaction gibbs energy	R_ADK1	-5.551e+00
reaction gibbs energy	R_AKGDH	-4.391e+01
reaction gibbs energy	R_PTAr	-2.290e+00
reaction gibbs energy	R_PYK	0.000e+00
reaction gibbs energy	R_RPE	-3.699e+00
reaction gibbs energy	R_CS	-1.842e+01
reaction gibbs energy	R_RPI	-4.431e+00
reaction gibbs energy	R_ENO	-2.427e+00
reaction gibbs energy	R_SUCDi	-1.180e+01
reaction gibbs energy	R_SUCOAS	-2.224e+00
reaction gibbs energy	R_TALA	-5.929e+00
reaction gibbs energy	R_TKT1	-2.838e+00
reaction gibbs energy	R_TKT2	0.000e+00
reaction gibbs energy	R_TPI	-1.997e+00
reaction gibbs energy	R_FBA	-2.152e+00
reaction gibbs energy	R_FBP	0.000e+00
reaction gibbs energy	R_FRD7	0.000e+00
reaction gibbs energy	R_FUM	-3.176e+00
reaction gibbs energy	R_G6PDH2r	-7.626e+00
reaction gibbs energy	R_GAPD	-1.579e+00
reaction gibbs energy	R_GLNS	-8.926e+00
reaction gibbs energy	R_GLUDy	0.000e+00
reaction gibbs energy	R_GLUN	0.000e+00
reaction gibbs energy	R_GLUSy	-3.749e+01
reaction gibbs energy	R_GND	-4.799e+00
reaction gibbs energy	R_ICDHyr	-4.533e+00
reaction gibbs energy	R_ICL	0.000e+00
reaction gibbs energy	R_LDH_D	0.000e+00
reaction gibbs energy	R_MALS	0.000e+00
reaction gibbs energy	R_MDH	-3.516e+00
reaction gibbs energy	R_ME1	0.000e+00
reaction gibbs energy	R_ME2	0.000e+00
reaction gibbs energy	R_NADTRHD	0.000e+00
reaction gibbs energy	R_PDH	0.000e+00

