!!!SBtab DocumentName='report' SBtabVersion='1.0' Date='2022-6-9'
!!SBtab TableID='Predicted concentrations' TableType='Quantity' TableName='Predicted concentrations' SBtabVersion='1.0' Unit='M'
!QuantityType	!Compound	!Value
concentration	M_h2o_c	1.000e+00
concentration	M_atp_c	2.427e-03
concentration	M_nadp_c	6.631e-06
concentration	M_nadph_c	5.016e-05
concentration	M_adp_c	2.609e-04
concentration	M_nad_c	1.550e-03
concentration	M_pi_c	6.734e-03
concentration	M_nadh_c	2.038e-04
concentration	M_coa_c	2.322e-04
concentration	M_co2_c	1.558e-04
concentration	M_amp_c	2.674e-04
concentration	M_nh4_c	9.506e-06
concentration	M_akg_c	2.593e-04
concentration	M_accoa_c	6.410e-04
concentration	M_pyr_c	8.496e-04
concentration	M_succ_c	3.481e-04
concentration	M_ac_c	1.000e-04
concentration	M_gln__L_c	2.118e-03
concentration	M_for_c	1.000e-04
concentration	M_oaa_c	1.031e-04
concentration	M_glx_c	1.000e-04
concentration	M_pep_c	6.167e-04
concentration	M_g3p_c	1.217e-04
concentration	M_acald_c	1.000e-04
concentration	M_dhap_c	5.517e-04
concentration	M_succoa_c	7.650e-04
concentration	M_fum_c	1.479e-03
concentration	M_mal__L_c	1.807e-03
concentration	M_r5p_c	1.150e-04
concentration	M_3pg_c	2.056e-03
concentration	M_cit_c	2.019e-03
concentration	M_ru5p__D_c	2.242e-04
concentration	M_g6p_c	4.010e-04
concentration	M_q8_c	1.929e-05
concentration	M_xu5p__D_c	2.614e-04
concentration	M_q8h2_c	5.183e-04
concentration	M_e4p_c	1.361e-05
concentration	M_13dpg_c	1.826e-05
concentration	M_s7p_c	6.648e-04
concentration	M_2pg_c	1.947e-04
concentration	M_actp_c	1.442e-03
concentration	M_lac__D_c	9.704e-04
concentration	M_etoh_c	1.000e-04
concentration	M_6pgc_c	1.011e-04
concentration	M_fdp_c	1.721e-04
concentration	M_6pgl_c	2.145e-05
concentration	M_acon_C_c	2.930e-05
concentration	M_glu__L_c	2.198e-02
concentration	M_icit_c	1.721e-05
concentration	M_f6p_c	2.767e-04

!!SBtab TableID='Predicted Gibbs energies' TableType='Quantity' TableName='Predicted Gibbs energies' SBtabVersion='1.0' Unit='kJ/mol'
!QuantityType	!Reaction	!Value
reaction gibbs energy	R_PFK	0.000e+00
reaction gibbs energy	R_PFL	0.000e+00
reaction gibbs energy	R_PGI	-1.573e+00
reaction gibbs energy	R_PGK	-1.870e-02
reaction gibbs energy	R_PGL	-2.012e+01
reaction gibbs energy	R_ACALD	0.000e+00
reaction gibbs energy	R_PGM	-1.870e-02
reaction gibbs energy	R_ALCD2x	0.000e+00
reaction gibbs energy	R_ACKr	0.000e+00
reaction gibbs energy	R_PPC	-3.575e+01
reaction gibbs energy	R_ACONTa	-1.744e+00
reaction gibbs energy	R_ACONTb	-2.861e+00
reaction gibbs energy	R_ATPM	0.000e+00
reaction gibbs energy	R_PPCK	0.000e+00
reaction gibbs energy	R_PPS	-2.051e+01
reaction gibbs energy	R_ADK1	-5.468e+00
reaction gibbs energy	R_AKGDH	-3.111e+01
reaction gibbs energy	R_PTAr	0.000e+00
reaction gibbs energy	R_PYK	0.000e+00
reaction gibbs energy	R_RPE	-3.091e+00
reaction gibbs energy	R_CS	-3.261e+01
reaction gibbs energy	R_RPI	-3.798e+00
reaction gibbs energy	R_ENO	-1.870e-02
reaction gibbs energy	R_SUCDi	-1.237e+01
reaction gibbs energy	R_SUCOAS	-3.042e+00
reaction gibbs energy	R_TALA	-8.639e+00
reaction gibbs energy	R_TKT1	-1.485e+00
reaction gibbs energy	R_TKT2	0.000e+00
reaction gibbs energy	R_TPI	-1.492e+00
reaction gibbs energy	R_FBA	-2.785e+00
reaction gibbs energy	R_FBP	-2.373e+01
reaction gibbs energy	R_FRD7	0.000e+00
reaction gibbs energy	R_FUM	-2.927e+00
reaction gibbs energy	R_G6PDH2r	-7.223e+00
reaction gibbs energy	R_GAPD	-4.291e+00
reaction gibbs energy	R_GLNS	-9.382e+00
reaction gibbs energy	R_GLUDy	0.000e+00
reaction gibbs energy	R_GLUN	0.000e+00
reaction gibbs energy	R_GLUSy	-3.799e+01
reaction gibbs energy	R_GND	-3.549e+00
reaction gibbs energy	R_ICDHyr	-3.769e+00
reaction gibbs energy	R_ICL	0.000e+00
reaction gibbs energy	R_LDH_D	-1.688e+01
reaction gibbs energy	R_MALS	0.000e+00
reaction gibbs energy	R_MDH	0.000e+00
reaction gibbs energy	R_ME1	0.000e+00
reaction gibbs energy	R_ME2	-5.310e+00
reaction gibbs energy	R_NADTRHD	-1.013e+01
reaction gibbs energy	R_PDH	-4.182e+01

