!!!SBtab DocumentName='report' SBtabVersion='1.0' Date='2022-6-9'
!!SBtab TableID='Predicted concentrations' TableType='Quantity' TableName='Predicted concentrations' SBtabVersion='1.0' Unit='M'
!QuantityType	!Compound	!Value
concentration	M_h2o_c	1.000e+00
concentration	M_atp_c	2.427e-03
concentration	M_nadp_c	6.424e-06
concentration	M_nadph_c	5.357e-05
concentration	M_adp_c	2.609e-04
concentration	M_nad_c	1.987e-03
concentration	M_pi_c	7.991e-03
concentration	M_nadh_c	4.382e-06
concentration	M_coa_c	7.938e-03
concentration	M_co2_c	1.217e-04
concentration	M_amp_c	2.677e-04
concentration	M_nh4_c	3.744e-06
concentration	M_akg_c	2.929e-04
concentration	M_accoa_c	5.755e-04
concentration	M_pyr_c	1.792e-03
concentration	M_succ_c	4.034e-04
concentration	M_ac_c	1.000e-02
concentration	M_gln__L_c	2.178e-03
concentration	M_for_c	1.000e-04
concentration	M_oaa_c	2.227e-06
concentration	M_glx_c	1.000e-04
concentration	M_pep_c	1.659e-04
concentration	M_g3p_c	3.679e-05
concentration	M_acald_c	1.000e-04
concentration	M_dhap_c	8.251e-04
concentration	M_succoa_c	3.901e-04
concentration	M_fum_c	1.662e-03
concentration	M_mal__L_c	1.600e-03
concentration	M_r5p_c	9.804e-05
concentration	M_3pg_c	1.605e-03
concentration	M_cit_c	2.300e-03
concentration	M_ru5p__D_c	2.499e-04
concentration	M_g6p_c	3.610e-04
concentration	M_q8_c	2.104e-05
concentration	M_xu5p__D_c	2.066e-04
concentration	M_q8h2_c	4.752e-04
concentration	M_e4p_c	1.340e-05
concentration	M_13dpg_c	2.163e-05
concentration	M_s7p_c	7.493e-04
concentration	M_2pg_c	9.748e-05
concentration	M_actp_c	1.020e-03
concentration	M_lac__D_c	6.045e-04
concentration	M_etoh_c	1.000e-04
concentration	M_6pgc_c	1.051e-04
concentration	M_fdp_c	6.780e-04
concentration	M_6pgl_c	1.527e-05
concentration	M_acon_C_c	2.594e-05
concentration	M_glu__L_c	2.060e-02
concentration	M_icit_c	1.324e-05
concentration	M_f6p_c	3.028e-04

!!SBtab TableID='Predicted Gibbs energies' TableType='Quantity' TableName='Predicted Gibbs energies' SBtabVersion='1.0' Unit='kJ/mol'
!QuantityType	!Reaction	!Value
reaction gibbs energy	R_PFK	-1.933e+01
reaction gibbs energy	R_PFL	0.000e+00
reaction gibbs energy	R_PGI	-2.130e+00
reaction gibbs energy	R_PGK	-3.267e+00
reaction gibbs energy	R_PGL	-1.894e+01
reaction gibbs energy	R_ACALD	0.000e+00
reaction gibbs energy	R_PGM	-2.541e+00
reaction gibbs energy	R_ALCD2x	0.000e+00
reaction gibbs energy	R_ACKr	-1.274e+00
reaction gibbs energy	R_PPC	0.000e+00
reaction gibbs energy	R_ACONTa	-2.412e+00
reaction gibbs energy	R_ACONTb	-3.155e+00
reaction gibbs energy	R_ATPM	0.000e+00
reaction gibbs energy	R_PPCK	0.000e+00
reaction gibbs energy	R_PPS	0.000e+00
reaction gibbs energy	R_ADK1	0.000e+00
reaction gibbs energy	R_AKGDH	0.000e+00
reaction gibbs energy	R_PTAr	-6.888e+00
reaction gibbs energy	R_PYK	-1.519e+01
reaction gibbs energy	R_RPE	-3.843e+00
reaction gibbs energy	R_CS	-1.337e+01
reaction gibbs energy	R_RPI	-4.439e+00
reaction gibbs energy	R_ENO	-2.545e+00
reaction gibbs energy	R_SUCDi	-1.326e+01
reaction gibbs energy	R_SUCOAS	0.000e+00
reaction gibbs energy	R_TALA	-5.725e+00
reaction gibbs energy	R_TKT1	-3.048e+00
reaction gibbs energy	R_TKT2	-6.855e+00
reaction gibbs energy	R_TPI	-2.149e+00
reaction gibbs energy	R_FBA	-2.271e+00
reaction gibbs energy	R_FBP	0.000e+00
reaction gibbs energy	R_FRD7	0.000e+00
reaction gibbs energy	R_FUM	-3.523e+00
reaction gibbs energy	R_G6PDH2r	-7.672e+00
reaction gibbs energy	R_GAPD	-1.409e+00
reaction gibbs energy	R_GLNS	-6.374e+00
reaction gibbs energy	R_GLUDy	0.000e+00
reaction gibbs energy	R_GLUN	0.000e+00
reaction gibbs energy	R_GLUSy	-3.867e+01
reaction gibbs energy	R_GND	-4.533e+00
reaction gibbs energy	R_ICDHyr	-3.999e+00
reaction gibbs energy	R_ICL	0.000e+00
reaction gibbs energy	R_LDH_D	-9.774e+00
reaction gibbs energy	R_MALS	0.000e+00
reaction gibbs energy	R_MDH	-3.362e+00
reaction gibbs energy	R_ME1	-2.498e+01
reaction gibbs energy	R_ME2	0.000e+00
reaction gibbs energy	R_NADTRHD	-2.050e+01
reaction gibbs energy	R_PDH	0.000e+00

