!!!SBtab DocumentName='report' SBtabVersion='1.0' Date='2022-6-9'
!!SBtab TableID='Predicted concentrations' TableType='Quantity' TableName='Predicted concentrations' SBtabVersion='1.0' Unit='M'
!QuantityType	!Compound	!Value
concentration	M_h2o_c	1.000e+00
concentration	M_atp_c	2.427e-03
concentration	M_nadp_c	6.550e-06
concentration	M_nadph_c	5.205e-05
concentration	M_adp_c	2.609e-04
concentration	M_nad_c	1.653e-03
concentration	M_pi_c	5.002e-03
concentration	M_nadh_c	1.127e-05
concentration	M_coa_c	1.210e-02
concentration	M_co2_c	9.281e-05
concentration	M_amp_c	2.710e-04
concentration	M_nh4_c	4.689e-06
concentration	M_akg_c	2.754e-04
concentration	M_accoa_c	5.157e-04
concentration	M_pyr_c	1.168e-03
concentration	M_succ_c	4.258e-04
concentration	M_ac_c	1.000e-02
concentration	M_gln__L_c	2.105e-03
concentration	M_for_c	1.001e-04
concentration	M_oaa_c	2.120e-06
concentration	M_glx_c	2.562e-05
concentration	M_pep_c	6.167e-04
concentration	M_g3p_c	1.265e-04
concentration	M_acald_c	1.001e-04
concentration	M_dhap_c	5.212e-04
concentration	M_succoa_c	3.901e-04
concentration	M_fum_c	1.867e-03
concentration	M_mal__L_c	2.812e-03
concentration	M_r5p_c	1.229e-04
concentration	M_3pg_c	1.020e-03
concentration	M_cit_c	2.070e-03
concentration	M_ru5p__D_c	2.592e-04
concentration	M_g6p_c	3.789e-04
concentration	M_q8_c	1.727e-05
concentration	M_xu5p__D_c	2.778e-04
concentration	M_q8h2_c	5.801e-04
concentration	M_e4p_c	1.359e-05
concentration	M_13dpg_c	3.132e-05
concentration	M_s7p_c	6.239e-04
concentration	M_2pg_c	1.399e-04
concentration	M_actp_c	1.020e-03
concentration	M_lac__D_c	1.001e-04
concentration	M_etoh_c	1.001e-04
concentration	M_6pgc_c	1.001e-04
concentration	M_fdp_c	1.591e-04
concentration	M_6pgl_c	1.702e-05
concentration	M_acon_C_c	2.687e-05
concentration	M_glu__L_c	2.251e-02
concentration	M_icit_c	1.221e-05
concentration	M_f6p_c	2.984e-04

!!SBtab TableID='Predicted Gibbs energies' TableType='Quantity' TableName='Predicted Gibbs energies' SBtabVersion='1.0' Unit='kJ/mol'
!QuantityType	!Reaction	!Value
reaction gibbs energy	R_PFK	0.000e+00
reaction gibbs energy	R_PFL	0.000e+00
reaction gibbs energy	R_PGI	-1.932e+00
reaction gibbs energy	R_PGK	0.000e+00
reaction gibbs energy	R_PGL	-1.948e+01
reaction gibbs energy	R_ACALD	0.000e+00
reaction gibbs energy	R_PGM	-5.939e-01
reaction gibbs energy	R_ALCD2x	0.000e+00
reaction gibbs energy	R_ACKr	-5.939e-01
reaction gibbs energy	R_PPC	0.000e+00
reaction gibbs energy	R_ACONTa	-2.058e+00
reaction gibbs energy	R_ACONTb	-3.464e+00
reaction gibbs energy	R_ATPM	0.000e+00
reaction gibbs energy	R_PPCK	0.000e+00
reaction gibbs energy	R_PPS	-2.196e+01
reaction gibbs energy	R_ADK1	-5.528e+00
reaction gibbs energy	R_AKGDH	0.000e+00
reaction gibbs energy	R_PTAr	-9.921e+00
reaction gibbs energy	R_PYK	0.000e+00
reaction gibbs energy	R_RPE	-3.272e+00
reaction gibbs energy	R_CS	-1.233e+01
reaction gibbs energy	R_RPI	-3.986e+00
reaction gibbs energy	R_ENO	-5.939e-01
reaction gibbs energy	R_SUCDi	-1.219e+01
reaction gibbs energy	R_SUCOAS	0.000e+00
reaction gibbs energy	R_TALA	-8.378e+00
reaction gibbs energy	R_TKT1	-1.827e+00
reaction gibbs energy	R_TKT2	-4.691e+00
reaction gibbs energy	R_TPI	-1.864e+00
reaction gibbs energy	R_FBA	-3.064e+00
reaction gibbs energy	R_FBP	-2.411e+01
reaction gibbs energy	R_FRD7	0.000e+00
reaction gibbs energy	R_FUM	-2.411e+00
reaction gibbs energy	R_G6PDH2r	-7.582e+00
reaction gibbs energy	R_GAPD	0.000e+00
reaction gibbs energy	R_GLNS	-8.437e+00
reaction gibbs energy	R_GLUDy	0.000e+00
reaction gibbs energy	R_GLUN	0.000e+00
reaction gibbs energy	R_GLUSy	-3.799e+01
reaction gibbs energy	R_GND	-4.688e+00
reaction gibbs energy	R_ICDHyr	-4.331e+00
reaction gibbs energy	R_ICL	-8.283e+00
reaction gibbs energy	R_LDH_D	0.000e+00
reaction gibbs energy	R_MALS	-1.728e+01
reaction gibbs energy	R_MDH	-2.066e+00
reaction gibbs energy	R_ME1	0.000e+00
reaction gibbs energy	R_ME2	-7.151e+00
reaction gibbs energy	R_NADTRHD	-1.760e+01
reaction gibbs energy	R_PDH	0.000e+00

