!!!SBtab DocumentName='report' SBtabVersion='1.0' Date='2022-6-9'
!!SBtab TableID='Predicted concentrations' TableType='Quantity' TableName='Predicted concentrations' SBtabVersion='1.0' Unit='M'
!QuantityType	!Compound	!Value
concentration	M_h2o_c	1.000e+00
concentration	M_atp_c	2.427e-03
concentration	M_nadp_c	6.549e-06
concentration	M_nadph_c	5.176e-05
concentration	M_adp_c	2.609e-04
concentration	M_nad_c	2.006e-03
concentration	M_pi_c	8.227e-03
concentration	M_nadh_c	4.411e-06
concentration	M_coa_c	3.739e-03
concentration	M_co2_c	1.107e-04
concentration	M_amp_c	2.677e-04
concentration	M_nh4_c	1.383e-05
concentration	M_akg_c	2.737e-04
concentration	M_accoa_c	6.165e-04
concentration	M_pyr_c	1.308e-03
concentration	M_succ_c	4.256e-04
concentration	M_ac_c	1.000e-02
concentration	M_gln__L_c	2.120e-03
concentration	M_for_c	1.000e-04
concentration	M_oaa_c	3.328e-06
concentration	M_glx_c	1.757e-05
concentration	M_pep_c	1.562e-04
concentration	M_g3p_c	3.915e-05
concentration	M_acald_c	1.000e-04
concentration	M_dhap_c	8.465e-04
concentration	M_succoa_c	3.901e-04
concentration	M_fum_c	1.800e-03
concentration	M_mal__L_c	2.010e-03
concentration	M_r5p_c	9.750e-05
concentration	M_3pg_c	1.589e-03
concentration	M_cit_c	2.339e-03
concentration	M_ru5p__D_c	2.575e-04
concentration	M_g6p_c	4.884e-04
concentration	M_q8_c	2.076e-05
concentration	M_xu5p__D_c	2.189e-04
concentration	M_q8h2_c	4.817e-04
concentration	M_e4p_c	1.348e-05
concentration	M_13dpg_c	2.149e-05
concentration	M_s7p_c	7.437e-04
concentration	M_2pg_c	9.429e-05
concentration	M_actp_c	1.020e-03
concentration	M_lac__D_c	1.000e-04
concentration	M_etoh_c	1.000e-04
concentration	M_6pgc_c	1.011e-04
concentration	M_fdp_c	7.058e-04
concentration	M_6pgl_c	2.071e-05
concentration	M_acon_C_c	2.532e-05
concentration	M_glu__L_c	2.197e-02
concentration	M_icit_c	1.148e-05
concentration	M_f6p_c	2.256e-04

!!SBtab TableID='Predicted Gibbs energies' TableType='Quantity' TableName='Predicted Gibbs energies' SBtabVersion='1.0' Unit='kJ/mol'
!QuantityType	!Reaction	!Value
reaction gibbs energy	R_PFK	-1.851e+01
reaction gibbs energy	R_PFL	0.000e+00
reaction gibbs energy	R_PGI	0.000e+00
reaction gibbs energy	R_PGK	-3.276e+00
reaction gibbs energy	R_PGL	-1.979e+01
reaction gibbs energy	R_ACALD	0.000e+00
reaction gibbs energy	R_PGM	-2.598e+00
reaction gibbs energy	R_ALCD2x	0.000e+00
reaction gibbs energy	R_ACKr	-1.274e+00
reaction gibbs energy	R_PPC	-3.800e+01
reaction gibbs energy	R_ACONTa	-2.514e+00
reaction gibbs energy	R_ACONTb	-3.449e+00
reaction gibbs energy	R_ATPM	0.000e+00
reaction gibbs energy	R_PPCK	0.000e+00
reaction gibbs energy	R_PPS	0.000e+00
reaction gibbs energy	R_ADK1	0.000e+00
reaction gibbs energy	R_AKGDH	0.000e+00
reaction gibbs energy	R_PTAr	-4.780e+00
reaction gibbs energy	R_PYK	0.000e+00
reaction gibbs energy	R_RPE	-3.773e+00
reaction gibbs energy	R_CS	-1.636e+01
reaction gibbs energy	R_RPI	-4.527e+00
reaction gibbs energy	R_ENO	-2.612e+00
reaction gibbs energy	R_SUCDi	-1.312e+01
reaction gibbs energy	R_SUCOAS	0.000e+00
reaction gibbs energy	R_TALA	-6.575e+00
reaction gibbs energy	R_TKT1	-3.043e+00
reaction gibbs energy	R_TKT2	0.000e+00
reaction gibbs energy	R_TPI	-2.058e+00
reaction gibbs energy	R_FBA	-2.154e+00
reaction gibbs energy	R_FBP	0.000e+00
reaction gibbs energy	R_FRD7	0.000e+00
reaction gibbs energy	R_FUM	-3.155e+00
reaction gibbs energy	R_G6PDH2r	-7.799e+00
reaction gibbs energy	R_GAPD	-1.659e+00
reaction gibbs energy	R_GLNS	-9.766e+00
reaction gibbs energy	R_GLUDy	0.000e+00
reaction gibbs energy	R_GLUN	0.000e+00
reaction gibbs energy	R_GLUSy	-3.799e+01
reaction gibbs energy	R_GND	-4.729e+00
reaction gibbs energy	R_ICDHyr	-4.180e+00
reaction gibbs energy	R_ICL	-8.981e+00
reaction gibbs energy	R_LDH_D	0.000e+00
reaction gibbs energy	R_MALS	-2.128e+01
reaction gibbs energy	R_MDH	-2.940e+00
reaction gibbs energy	R_ME1	-2.657e+01
reaction gibbs energy	R_ME2	-6.194e+00
reaction gibbs energy	R_NADTRHD	0.000e+00
reaction gibbs energy	R_PDH	-5.930e+01

