!!!SBtab DocumentName='report' SBtabVersion='1.0' Date='2022-6-9'
!!SBtab TableID='Predicted concentrations' TableType='Quantity' TableName='Predicted concentrations' SBtabVersion='1.0' Unit='M'
!QuantityType	!Compound	!Value
concentration	M_h2o_c	1.000e+00
concentration	M_atp_c	1.896e-03
concentration	M_nadp_c	6.714e-06
concentration	M_nadph_c	5.017e-05
concentration	M_adp_c	3.330e-04
concentration	M_nad_c	1.980e-03
concentration	M_pi_c	8.995e-03
concentration	M_nadh_c	4.552e-06
concentration	M_coa_c	1.154e-04
concentration	M_co2_c	1.054e-04
concentration	M_amp_c	2.773e-04
concentration	M_nh4_c	1.465e-05
concentration	M_akg_c	2.651e-04
concentration	M_accoa_c	1.354e-03
concentration	M_pyr_c	8.575e-04
concentration	M_succ_c	4.090e-04
concentration	M_ac_c	4.577e-04
concentration	M_gln__L_c	2.090e-03
concentration	M_for_c	1.000e-04
concentration	M_oaa_c	2.326e-06
concentration	M_glx_c	1.000e-04
concentration	M_pep_c	6.167e-04
concentration	M_g3p_c	3.889e-05
concentration	M_acald_c	1.000e-04
concentration	M_dhap_c	8.058e-04
concentration	M_succoa_c	3.901e-04
concentration	M_fum_c	1.797e-03
concentration	M_mal__L_c	1.920e-03
concentration	M_r5p_c	9.274e-05
concentration	M_3pg_c	1.020e-03
concentration	M_cit_c	2.433e-03
concentration	M_ru5p__D_c	2.332e-04
concentration	M_g6p_c	4.832e-04
concentration	M_q8_c	1.689e-05
concentration	M_xu5p__D_c	2.090e-04
concentration	M_q8h2_c	5.922e-04
concentration	M_e4p_c	1.350e-05
concentration	M_13dpg_c	2.151e-05
concentration	M_s7p_c	7.519e-04
concentration	M_2pg_c	1.322e-04
concentration	M_actp_c	1.227e-03
concentration	M_lac__D_c	4.590e-04
concentration	M_etoh_c	1.000e-04
concentration	M_6pgc_c	1.041e-04
concentration	M_fdp_c	6.548e-04
concentration	M_6pgl_c	1.804e-05
concentration	M_acon_C_c	2.646e-05
concentration	M_glu__L_c	2.230e-02
concentration	M_icit_c	1.336e-05
concentration	M_f6p_c	2.202e-04

!!SBtab TableID='Predicted Gibbs energies' TableType='Quantity' TableName='Predicted Gibbs energies' SBtabVersion='1.0' Unit='kJ/mol'
!QuantityType	!Reaction	!Value
reaction gibbs energy	R_PFK	-1.776e+01
reaction gibbs energy	R_PFL	0.000e+00
reaction gibbs energy	R_PGI	0.000e+00
reaction gibbs energy	R_PGK	-5.688e+00
reaction gibbs energy	R_PGL	-1.969e+01
reaction gibbs energy	R_ACALD	0.000e+00
reaction gibbs energy	R_PGM	-1.384e+00
reaction gibbs energy	R_ALCD2x	0.000e+00
reaction gibbs energy	R_ACKr	-1.220e+01
reaction gibbs energy	R_PPC	0.000e+00
reaction gibbs energy	R_ACONTa	-2.454e+00
reaction gibbs energy	R_ACONTb	-3.248e+00
reaction gibbs energy	R_ATPM	0.000e+00
reaction gibbs energy	R_PPCK	0.000e+00
reaction gibbs energy	R_PPS	-1.909e+01
reaction gibbs energy	R_ADK1	-3.738e+00
reaction gibbs energy	R_AKGDH	0.000e+00
reaction gibbs energy	R_PTAr	-1.994e+00
reaction gibbs energy	R_PYK	0.000e+00
reaction gibbs energy	R_RPE	-3.789e+00
reaction gibbs energy	R_CS	-2.636e+01
reaction gibbs energy	R_RPI	-4.440e+00
reaction gibbs energy	R_ENO	-1.384e+00
reaction gibbs energy	R_SUCDi	-1.187e+01
reaction gibbs energy	R_SUCOAS	0.000e+00
reaction gibbs energy	R_TALA	-6.733e+00
reaction gibbs energy	R_TKT1	-2.975e+00
reaction gibbs energy	R_TKT2	0.000e+00
reaction gibbs energy	R_TPI	-2.250e+00
reaction gibbs energy	R_FBA	-2.391e+00
reaction gibbs energy	R_FBP	0.000e+00
reaction gibbs energy	R_FRD7	0.000e+00
reaction gibbs energy	R_FUM	-3.260e+00
reaction gibbs energy	R_G6PDH2r	-8.143e+00
reaction gibbs energy	R_GAPD	-1.787e+00
reaction gibbs energy	R_GLNS	-8.612e+00
reaction gibbs energy	R_GLUDy	0.000e+00
reaction gibbs energy	R_GLUN	0.000e+00
reaction gibbs energy	R_GLUSy	-3.790e+01
reaction gibbs energy	R_GND	-4.539e+00
reaction gibbs energy	R_ICDHyr	-4.103e+00
reaction gibbs energy	R_ICL	0.000e+00
reaction gibbs energy	R_LDH_D	-8.733e+00
reaction gibbs energy	R_MALS	0.000e+00
reaction gibbs energy	R_MDH	-3.543e+00
reaction gibbs energy	R_ME1	0.000e+00
reaction gibbs energy	R_ME2	-6.359e+00
reaction gibbs energy	R_NADTRHD	0.000e+00
reaction gibbs energy	R_PDH	-4.950e+01

