!!!SBtab DocumentName='report' SBtabVersion='1.0' Date='2022-6-9'
!!SBtab TableID='Predicted concentrations' TableType='Quantity' TableName='Predicted concentrations' SBtabVersion='1.0' Unit='M'
!QuantityType	!Compound	!Value
concentration	M_h2o_c	1.000e+00
concentration	M_atp_c	1.869e-03
concentration	M_nadp_c	6.668e-06
concentration	M_nadph_c	5.191e-05
concentration	M_adp_c	3.505e-04
concentration	M_nad_c	1.647e-03
concentration	M_pi_c	5.141e-03
concentration	M_nadh_c	1.013e-05
concentration	M_coa_c	2.763e-04
concentration	M_co2_c	4.097e-05
concentration	M_amp_c	2.677e-04
concentration	M_nh4_c	1.674e-05
concentration	M_akg_c	2.611e-04
concentration	M_accoa_c	5.290e-04
concentration	M_pyr_c	1.041e-03
concentration	M_succ_c	3.584e-04
concentration	M_ac_c	9.997e-05
concentration	M_gln__L_c	2.092e-03
concentration	M_for_c	9.997e-05
concentration	M_oaa_c	2.204e-06
concentration	M_glx_c	1.750e-05
concentration	M_pep_c	6.167e-04
concentration	M_g3p_c	1.741e-05
concentration	M_acald_c	9.997e-05
concentration	M_dhap_c	7.083e-04
concentration	M_succoa_c	8.137e-04
concentration	M_fum_c	2.246e-03
concentration	M_mal__L_c	3.197e-03
concentration	M_r5p_c	7.877e-05
concentration	M_3pg_c	1.020e-03
concentration	M_cit_c	2.357e-03
concentration	M_ru5p__D_c	2.358e-04
concentration	M_g6p_c	3.484e-04
concentration	M_q8_c	2.124e-05
concentration	M_xu5p__D_c	1.787e-04
concentration	M_q8h2_c	4.705e-04
concentration	M_e4p_c	1.318e-05
concentration	M_13dpg_c	3.132e-05
concentration	M_s7p_c	9.629e-04
concentration	M_2pg_c	1.322e-04
concentration	M_actp_c	1.442e-03
concentration	M_lac__D_c	9.997e-05
concentration	M_etoh_c	9.997e-05
concentration	M_6pgc_c	9.469e-05
concentration	M_fdp_c	2.739e-04
concentration	M_6pgl_c	1.406e-05
concentration	M_acon_C_c	2.477e-05
concentration	M_glu__L_c	2.229e-02
concentration	M_icit_c	9.720e-06
concentration	M_f6p_c	3.098e-04

!!SBtab TableID='Predicted Gibbs energies' TableType='Quantity' TableName='Predicted Gibbs energies' SBtabVersion='1.0' Unit='kJ/mol'
!QuantityType	!Reaction	!Value
reaction gibbs energy	R_PFK	-2.060e+01
reaction gibbs energy	R_PFL	0.000e+00
reaction gibbs energy	R_PGI	-2.210e+00
reaction gibbs energy	R_PGK	0.000e+00
reaction gibbs energy	R_PGL	-1.930e+01
reaction gibbs energy	R_ACALD	0.000e+00
reaction gibbs energy	R_PGM	-1.384e+00
reaction gibbs energy	R_ALCD2x	0.000e+00
reaction gibbs energy	R_ACKr	0.000e+00
reaction gibbs energy	R_PPC	0.000e+00
reaction gibbs energy	R_ACONTa	-2.540e+00
reaction gibbs energy	R_ACONTb	-3.872e+00
reaction gibbs energy	R_ATPM	0.000e+00
reaction gibbs energy	R_PPCK	-3.150e+00
reaction gibbs energy	R_PPS	0.000e+00
reaction gibbs energy	R_ADK1	0.000e+00
reaction gibbs energy	R_AKGDH	-4.243e+01
reaction gibbs energy	R_PTAr	0.000e+00
reaction gibbs energy	R_PYK	0.000e+00
reaction gibbs energy	R_RPE	-4.205e+00
reaction gibbs energy	R_CS	-2.181e+01
reaction gibbs energy	R_RPI	-4.872e+00
reaction gibbs energy	R_ENO	-1.384e+00
reaction gibbs energy	R_SUCDi	-1.212e+01
reaction gibbs energy	R_SUCOAS	-3.394e+00
reaction gibbs energy	R_TALA	-4.568e+00
reaction gibbs energy	R_TKT1	-3.562e+00
reaction gibbs energy	R_TKT2	-8.434e+00
reaction gibbs energy	R_TPI	0.000e+00
reaction gibbs energy	R_FBA	0.000e+00
reaction gibbs energy	R_FBP	-2.530e+01
reaction gibbs energy	R_FRD7	0.000e+00
reaction gibbs energy	R_FUM	-2.548e+00
reaction gibbs energy	R_G6PDH2r	-7.848e+00
reaction gibbs energy	R_GAPD	0.000e+00
reaction gibbs energy	R_GLNS	-1.016e+01
reaction gibbs energy	R_GLUDy	0.000e+00
reaction gibbs energy	R_GLUN	0.000e+00
reaction gibbs energy	R_GLUSy	-3.797e+01
reaction gibbs energy	R_GND	-6.516e+00
reaction gibbs energy	R_ICDHyr	-5.591e+00
reaction gibbs energy	R_ICL	-9.120e+00
reaction gibbs energy	R_LDH_D	0.000e+00
reaction gibbs energy	R_MALS	-2.444e+01
reaction gibbs energy	R_MDH	-2.501e+00
reaction gibbs energy	R_ME1	0.000e+00
reaction gibbs energy	R_ME2	0.000e+00
reaction gibbs energy	R_NADTRHD	0.000e+00
reaction gibbs energy	R_PDH	-5.437e+01

