!!!SBtab DocumentName='report' SBtabVersion='1.0' Date='2022-6-9'
!!SBtab TableID='Predicted concentrations' TableType='Quantity' TableName='Predicted concentrations' SBtabVersion='1.0' Unit='M'
!QuantityType	!Compound	!Value
concentration	M_h2o_c	1.000e+00
concentration	M_atp_c	2.427e-03
concentration	M_nadp_c	6.834e-06
concentration	M_nadph_c	5.079e-05
concentration	M_adp_c	2.609e-04
concentration	M_nad_c	1.955e-03
concentration	M_pi_c	8.992e-03
concentration	M_nadh_c	4.596e-06
concentration	M_coa_c	9.150e-03
concentration	M_co2_c	7.290e-05
concentration	M_amp_c	2.677e-04
concentration	M_nh4_c	1.584e-05
concentration	M_akg_c	2.859e-04
concentration	M_accoa_c	5.507e-04
concentration	M_pyr_c	1.682e-03
concentration	M_succ_c	3.998e-04
concentration	M_ac_c	1.000e-02
concentration	M_gln__L_c	2.093e-03
concentration	M_for_c	1.000e-04
concentration	M_oaa_c	1.706e-04
concentration	M_glx_c	1.000e-04
concentration	M_pep_c	1.544e-04
concentration	M_g3p_c	3.784e-05
concentration	M_acald_c	1.000e-04
concentration	M_dhap_c	8.171e-04
concentration	M_succoa_c	3.901e-04
concentration	M_fum_c	1.592e-03
concentration	M_mal__L_c	1.381e-03
concentration	M_r5p_c	9.771e-05
concentration	M_3pg_c	1.608e-03
concentration	M_cit_c	2.365e-03
concentration	M_ru5p__D_c	2.547e-04
concentration	M_g6p_c	8.109e-04
concentration	M_q8_c	1.707e-05
concentration	M_xu5p__D_c	1.998e-04
concentration	M_q8h2_c	5.857e-04
concentration	M_e4p_c	1.336e-05
concentration	M_13dpg_c	2.148e-05
concentration	M_s7p_c	7.219e-04
concentration	M_2pg_c	9.457e-05
concentration	M_actp_c	1.020e-03
concentration	M_lac__D_c	5.736e-04
concentration	M_etoh_c	1.000e-04
concentration	M_6pgc_c	9.974e-05
concentration	M_fdp_c	6.593e-04
concentration	M_6pgl_c	2.222e-05
concentration	M_acon_C_c	2.643e-05
concentration	M_glu__L_c	2.230e-02
concentration	M_icit_c	1.197e-05
concentration	M_f6p_c	1.486e-04

!!SBtab TableID='Predicted Gibbs energies' TableType='Quantity' TableName='Predicted Gibbs energies' SBtabVersion='1.0' Unit='kJ/mol'
!QuantityType	!Reaction	!Value
reaction gibbs energy	R_PFK	-1.764e+01
reaction gibbs energy	R_PFL	0.000e+00
reaction gibbs energy	R_PGI	-1.638e+00
reaction gibbs energy	R_PGK	-3.245e+00
reaction gibbs energy	R_PGL	-2.000e+01
reaction gibbs energy	R_ACALD	0.000e+00
reaction gibbs energy	R_PGM	-2.620e+00
reaction gibbs energy	R_ALCD2x	0.000e+00
reaction gibbs energy	R_ACKr	-1.274e+00
reaction gibbs energy	R_PPC	-2.696e+01
reaction gibbs energy	R_ACONTa	-2.434e+00
reaction gibbs energy	R_ACONTb	-3.451e+00
reaction gibbs energy	R_ATPM	0.000e+00
reaction gibbs energy	R_PPCK	0.000e+00
reaction gibbs energy	R_PPS	0.000e+00
reaction gibbs energy	R_ADK1	0.000e+00
reaction gibbs energy	R_AKGDH	0.000e+00
reaction gibbs energy	R_PTAr	-7.057e+00
reaction gibbs energy	R_PYK	-1.517e+01
reaction gibbs energy	R_RPE	-3.972e+00
reaction gibbs energy	R_CS	-2.359e+01
reaction gibbs energy	R_RPI	-4.494e+00
reaction gibbs energy	R_ENO	-2.649e+00
reaction gibbs energy	R_SUCDi	-1.230e+01
reaction gibbs energy	R_SUCOAS	0.000e+00
reaction gibbs energy	R_TALA	-7.473e+00
reaction gibbs energy	R_TKT1	-2.980e+00
reaction gibbs energy	R_TKT2	-8.457e+00
reaction gibbs energy	R_TPI	-2.055e+00
reaction gibbs energy	R_FBA	-2.157e+00
reaction gibbs energy	R_FBP	0.000e+00
reaction gibbs energy	R_FRD7	0.000e+00
reaction gibbs energy	R_FUM	-3.781e+00
reaction gibbs energy	R_G6PDH2r	-9.033e+00
reaction gibbs energy	R_GAPD	-1.631e+00
reaction gibbs energy	R_GLNS	-9.950e+00
reaction gibbs energy	R_GLUDy	0.000e+00
reaction gibbs energy	R_GLUN	0.000e+00
reaction gibbs energy	R_GLUSy	-3.784e+01
reaction gibbs energy	R_GND	-5.911e+00
reaction gibbs energy	R_ICDHyr	-5.363e+00
reaction gibbs energy	R_ICL	0.000e+00
reaction gibbs energy	R_LDH_D	-9.905e+00
reaction gibbs energy	R_MALS	0.000e+00
reaction gibbs energy	R_MDH	0.000e+00
reaction gibbs energy	R_ME1	-2.589e+01
reaction gibbs energy	R_ME2	-5.827e+00
reaction gibbs energy	R_NADTRHD	0.000e+00
reaction gibbs energy	R_PDH	0.000e+00

