!!!SBtab DocumentName='report' SBtabVersion='1.0' Date='2022-6-9'
!!SBtab TableID='Predicted concentrations' TableType='Quantity' TableName='Predicted concentrations' SBtabVersion='1.0' Unit='M'
!QuantityType	!Compound	!Value
concentration	M_h2o_c	1.000e+00
concentration	M_atp_c	1.896e-03
concentration	M_nadp_c	6.787e-06
concentration	M_nadph_c	4.906e-05
concentration	M_adp_c	3.442e-04
concentration	M_nad_c	2.288e-03
concentration	M_pi_c	3.592e-03
concentration	M_nadh_c	3.822e-06
concentration	M_coa_c	2.359e-03
concentration	M_co2_c	4.275e-06
concentration	M_amp_c	2.677e-04
concentration	M_nh4_c	1.000e-04
concentration	M_akg_c	3.180e-04
concentration	M_accoa_c	6.285e-04
concentration	M_pyr_c	1.251e-03
concentration	M_succ_c	4.092e-04
concentration	M_ac_c	1.000e-04
concentration	M_gln__L_c	2.104e-03
concentration	M_for_c	1.000e-04
concentration	M_oaa_c	1.000e-06
concentration	M_glx_c	1.000e-04
concentration	M_pep_c	2.088e-04
concentration	M_g3p_c	2.816e-04
concentration	M_acald_c	1.000e-04
concentration	M_dhap_c	3.120e-04
concentration	M_succoa_c	3.901e-04
concentration	M_fum_c	3.477e-03
concentration	M_mal__L_c	1.394e-03
concentration	M_r5p_c	1.588e-04
concentration	M_3pg_c	1.508e-03
concentration	M_cit_c	6.509e-04
concentration	M_ru5p__D_c	4.803e-04
concentration	M_g6p_c	2.608e-04
concentration	M_q8_c	2.273e-05
concentration	M_xu5p__D_c	4.342e-04
concentration	M_q8h2_c	4.400e-04
concentration	M_e4p_c	1.859e-05
concentration	M_13dpg_c	3.132e-05
concentration	M_s7p_c	4.283e-04
concentration	M_2pg_c	1.000e-04
concentration	M_actp_c	1.442e-03
concentration	M_lac__D_c	2.632e-04
concentration	M_etoh_c	1.000e-04
concentration	M_6pgc_c	1.017e-04
concentration	M_fdp_c	8.470e-05
concentration	M_6pgl_c	6.884e-06
concentration	M_acon_C_c	4.442e-05
concentration	M_glu__L_c	2.173e-02
concentration	M_icit_c	2.534e-05
concentration	M_f6p_c	4.151e-04

!!SBtab TableID='Predicted Gibbs energies' TableType='Quantity' TableName='Predicted Gibbs energies' SBtabVersion='1.0' Unit='kJ/mol'
!QuantityType	!Reaction	!Value
reaction gibbs energy	R_PFK	0.000e+00
reaction gibbs energy	R_PFL	0.000e+00
reaction gibbs energy	R_PGI	-5.888e+00
reaction gibbs energy	R_PGK	0.000e+00
reaction gibbs energy	R_PGL	-1.572e+01
reaction gibbs energy	R_ACALD	0.000e+00
reaction gibbs energy	R_PGM	0.000e+00
reaction gibbs energy	R_ALCD2x	0.000e+00
reaction gibbs energy	R_ACKr	0.000e+00
reaction gibbs energy	R_PPC	-3.711e+01
reaction gibbs energy	R_ACONTa	0.000e+00
reaction gibbs energy	R_ACONTb	0.000e+00
reaction gibbs energy	R_ATPM	0.000e+00
reaction gibbs energy	R_PPCK	-9.454e+00
reaction gibbs energy	R_PPS	0.000e+00
reaction gibbs energy	R_ADK1	0.000e+00
reaction gibbs energy	R_AKGDH	0.000e+00
reaction gibbs energy	R_PTAr	0.000e+00
reaction gibbs energy	R_PYK	0.000e+00
reaction gibbs energy	R_RPE	-5.888e+00
reaction gibbs energy	R_CS	0.000e+00
reaction gibbs energy	R_RPI	-5.888e+00
reaction gibbs energy	R_ENO	0.000e+00
reaction gibbs energy	R_SUCDi	-1.211e+01
reaction gibbs energy	R_SUCOAS	0.000e+00
reaction gibbs energy	R_TALA	-5.888e+00
reaction gibbs energy	R_TKT1	-5.888e+00
reaction gibbs energy	R_TKT2	-5.888e+00
reaction gibbs energy	R_TPI	-5.888e+00
reaction gibbs energy	R_FBA	-5.937e+00
reaction gibbs energy	R_FBP	-2.212e+01
reaction gibbs energy	R_FRD7	0.000e+00
reaction gibbs energy	R_FUM	-5.888e+00
reaction gibbs energy	R_G6PDH2r	-8.957e+00
reaction gibbs energy	R_GAPD	0.000e+00
reaction gibbs energy	R_GLNS	0.000e+00
reaction gibbs energy	R_GLUDy	0.000e+00
reaction gibbs energy	R_GLUN	0.000e+00
reaction gibbs energy	R_GLUSy	0.000e+00
reaction gibbs energy	R_GND	-9.072e+00
reaction gibbs energy	R_ICDHyr	0.000e+00
reaction gibbs energy	R_ICL	0.000e+00
reaction gibbs energy	R_LDH_D	-1.025e+01
reaction gibbs energy	R_MALS	0.000e+00
reaction gibbs energy	R_MDH	-5.888e+00
reaction gibbs energy	R_ME1	0.000e+00
reaction gibbs energy	R_ME2	0.000e+00
reaction gibbs energy	R_NADTRHD	-2.066e+01
reaction gibbs energy	R_PDH	0.000e+00

