!!!SBtab DocumentName='report' SBtabVersion='1.0' Date='2022-6-9'
!!SBtab TableID='Predicted concentrations' TableType='Quantity' TableName='Predicted concentrations' SBtabVersion='1.0' Unit='M'
!QuantityType	!Compound	!Value
concentration	M_h2o_c	1.000e+00
concentration	M_atp_c	1.485e-03
concentration	M_nadp_c	6.913e-06
concentration	M_nadph_c	4.540e-05
concentration	M_adp_c	4.529e-04
concentration	M_nad_c	2.288e-03
concentration	M_pi_c	1.000e-02
concentration	M_nadh_c	3.822e-06
concentration	M_coa_c	8.830e-05
concentration	M_co2_c	5.796e-05
concentration	M_amp_c	2.677e-04
concentration	M_nh4_c	4.416e-05
concentration	M_akg_c	2.108e-04
concentration	M_accoa_c	1.740e-03
concentration	M_pyr_c	1.244e-03
concentration	M_succ_c	4.030e-04
concentration	M_ac_c	4.887e-04
concentration	M_gln__L_c	2.065e-03
concentration	M_for_c	1.000e-04
concentration	M_oaa_c	1.309e-06
concentration	M_glx_c	1.000e-04
concentration	M_pep_c	1.096e-04
concentration	M_g3p_c	4.620e-05
concentration	M_acald_c	1.000e-04
concentration	M_dhap_c	9.825e-04
concentration	M_succoa_c	5.902e-04
concentration	M_fum_c	2.729e-03
concentration	M_mal__L_c	1.424e-03
concentration	M_r5p_c	1.328e-04
concentration	M_3pg_c	2.230e-03
concentration	M_cit_c	3.388e-03
concentration	M_ru5p__D_c	4.248e-04
concentration	M_g6p_c	4.898e-04
concentration	M_q8_c	2.370e-05
concentration	M_xu5p__D_c	2.465e-04
concentration	M_q8h2_c	4.221e-04
concentration	M_e4p_c	1.312e-05
concentration	M_13dpg_c	1.826e-05
concentration	M_s7p_c	5.172e-04
concentration	M_2pg_c	9.969e-05
concentration	M_actp_c	1.020e-03
concentration	M_lac__D_c	2.641e-04
concentration	M_etoh_c	1.000e-04
concentration	M_6pgc_c	1.057e-04
concentration	M_fdp_c	9.508e-04
concentration	M_6pgl_c	1.187e-05
concentration	M_acon_C_c	1.543e-05
concentration	M_glu__L_c	2.263e-02
concentration	M_icit_c	4.128e-06
concentration	M_f6p_c	1.941e-04

!!SBtab TableID='Predicted Gibbs energies' TableType='Quantity' TableName='Predicted Gibbs energies' SBtabVersion='1.0' Unit='kJ/mol'
!QuantityType	!Reaction	!Value
reaction gibbs energy	R_PFK	-1.382e+01
reaction gibbs energy	R_PFL	0.000e+00
reaction gibbs energy	R_PGI	0.000e+00
reaction gibbs energy	R_PGK	-4.444e+00
reaction gibbs energy	R_PGL	-1.830e+01
reaction gibbs energy	R_ACALD	0.000e+00
reaction gibbs energy	R_PGM	-4.444e+00
reaction gibbs energy	R_ALCD2x	0.000e+00
reaction gibbs energy	R_ACKr	-1.248e+01
reaction gibbs energy	R_PPC	0.000e+00
reaction gibbs energy	R_ACONTa	-4.598e+00
reaction gibbs energy	R_ACONTb	-4.778e+00
reaction gibbs energy	R_ATPM	0.000e+00
reaction gibbs energy	R_PPCK	0.000e+00
reaction gibbs energy	R_PPS	0.000e+00
reaction gibbs energy	R_ADK1	0.000e+00
reaction gibbs energy	R_AKGDH	-4.383e+01
reaction gibbs energy	R_PTAr	-4.444e+00
reaction gibbs energy	R_PYK	0.000e+00
reaction gibbs energy	R_RPE	-4.939e+00
reaction gibbs energy	R_CS	-2.500e+01
reaction gibbs energy	R_RPI	-5.076e+00
reaction gibbs energy	R_ENO	-4.444e+00
reaction gibbs energy	R_SUCDi	-1.295e+01
reaction gibbs energy	R_SUCOAS	-8.201e+00
reaction gibbs energy	R_TALA	-6.661e+00
reaction gibbs energy	R_TKT1	-4.868e+00
reaction gibbs energy	R_TKT2	-8.053e+00
reaction gibbs energy	R_TPI	-4.444e+00
reaction gibbs energy	R_FBA	-4.444e+00
reaction gibbs energy	R_FBP	0.000e+00
reaction gibbs energy	R_FRD7	0.000e+00
reaction gibbs energy	R_FUM	-5.052e+00
reaction gibbs energy	R_G6PDH2r	-9.951e+00
reaction gibbs energy	R_GAPD	-4.444e+00
reaction gibbs energy	R_GLNS	-9.651e+00
reaction gibbs energy	R_GLUDy	0.000e+00
reaction gibbs energy	R_GLUN	0.000e+00
reaction gibbs energy	R_GLUSy	-3.644e+01
reaction gibbs energy	R_GND	-7.547e+00
reaction gibbs energy	R_ICDHyr	-5.884e+00
reaction gibbs energy	R_ICL	0.000e+00
reaction gibbs energy	R_LDH_D	-1.023e+01
reaction gibbs energy	R_MALS	0.000e+00
reaction gibbs energy	R_MDH	-5.099e+00
reaction gibbs energy	R_ME1	-3.002e+01
reaction gibbs energy	R_ME2	0.000e+00
reaction gibbs energy	R_NADTRHD	0.000e+00
reaction gibbs energy	R_PDH	-4.897e+01

