!!!SBtab DocumentName='report' SBtabVersion='1.0' Date='2022-6-9'
!!SBtab TableID='Predicted concentrations' TableType='Quantity' TableName='Predicted concentrations' SBtabVersion='1.0' Unit='M'
!QuantityType	!Compound	!Value
concentration	M_h2o_c	1.000e+00
concentration	M_atp_c	2.427e-03
concentration	M_nadp_c	6.653e-06
concentration	M_nadph_c	5.037e-05
concentration	M_adp_c	2.609e-04
concentration	M_nad_c	1.682e-03
concentration	M_pi_c	5.719e-03
concentration	M_nadh_c	8.209e-06
concentration	M_coa_c	2.012e-02
concentration	M_co2_c	1.506e-04
concentration	M_amp_c	2.705e-04
concentration	M_nh4_c	4.603e-06
concentration	M_akg_c	2.959e-04
concentration	M_accoa_c	4.700e-04
concentration	M_pyr_c	1.388e-03
concentration	M_succ_c	4.346e-04
concentration	M_ac_c	1.000e-02
concentration	M_gln__L_c	2.130e-03
concentration	M_for_c	1.000e-04
concentration	M_oaa_c	2.282e-06
concentration	M_glx_c	2.956e-05
concentration	M_pep_c	6.167e-04
concentration	M_g3p_c	1.568e-04
concentration	M_acald_c	1.000e-04
concentration	M_dhap_c	5.577e-04
concentration	M_succoa_c	3.901e-04
concentration	M_fum_c	1.740e-03
concentration	M_mal__L_c	2.412e-03
concentration	M_r5p_c	1.309e-04
concentration	M_3pg_c	1.020e-03
concentration	M_cit_c	2.091e-03
concentration	M_ru5p__D_c	2.479e-04
concentration	M_g6p_c	3.895e-04
concentration	M_q8_c	1.818e-05
concentration	M_xu5p__D_c	2.921e-04
concentration	M_q8h2_c	5.501e-04
concentration	M_e4p_c	1.371e-05
concentration	M_13dpg_c	2.706e-05
concentration	M_s7p_c	5.996e-04
concentration	M_2pg_c	1.399e-04
concentration	M_actp_c	1.020e-03
concentration	M_lac__D_c	1.000e-04
concentration	M_etoh_c	1.000e-04
concentration	M_6pgc_c	1.039e-04
concentration	M_fdp_c	1.682e-04
concentration	M_6pgl_c	1.627e-05
concentration	M_acon_C_c	2.739e-05
concentration	M_glu__L_c	2.125e-02
concentration	M_icit_c	1.400e-05
concentration	M_f6p_c	2.941e-04

!!SBtab TableID='Predicted Gibbs energies' TableType='Quantity' TableName='Predicted Gibbs energies' SBtabVersion='1.0' Unit='kJ/mol'
!QuantityType	!Reaction	!Value
reaction gibbs energy	R_PFK	0.000e+00
reaction gibbs energy	R_PFL	0.000e+00
reaction gibbs energy	R_PGI	-1.828e+00
reaction gibbs energy	R_PGK	-5.001e+00
reaction gibbs energy	R_PGL	-1.928e+01
reaction gibbs energy	R_ACALD	0.000e+00
reaction gibbs energy	R_PGM	-5.939e-01
reaction gibbs energy	R_ALCD2x	0.000e+00
reaction gibbs energy	R_ACKr	-5.939e-01
reaction gibbs energy	R_PPC	0.000e+00
reaction gibbs energy	R_ACONTa	-2.035e+00
reaction gibbs energy	R_ACONTb	-3.173e+00
reaction gibbs energy	R_ATPM	0.000e+00
reaction gibbs energy	R_PPCK	0.000e+00
reaction gibbs energy	R_PPS	-2.206e+01
reaction gibbs energy	R_ADK1	-5.524e+00
reaction gibbs energy	R_AKGDH	0.000e+00
reaction gibbs energy	R_PTAr	-1.108e+01
reaction gibbs energy	R_PYK	0.000e+00
reaction gibbs energy	R_RPE	-3.038e+00
reaction gibbs energy	R_CS	-1.100e+01
reaction gibbs energy	R_RPI	-3.720e+00
reaction gibbs energy	R_ENO	-5.939e-01
reaction gibbs energy	R_SUCDi	-1.267e+01
reaction gibbs energy	R_SUCOAS	0.000e+00
reaction gibbs energy	R_TALA	-8.825e+00
reaction gibbs energy	R_TKT1	-1.675e+00
reaction gibbs energy	R_TKT2	-4.343e+00
reaction gibbs energy	R_TPI	-2.228e+00
reaction gibbs energy	R_FBA	-3.626e+00
reaction gibbs energy	R_FBP	-2.395e+01
reaction gibbs energy	R_FRD7	0.000e+00
reaction gibbs energy	R_FUM	-2.616e+00
reaction gibbs energy	R_G6PDH2r	-7.883e+00
reaction gibbs energy	R_GAPD	-1.671e+00
reaction gibbs energy	R_GLNS	-7.887e+00
reaction gibbs energy	R_GLUDy	0.000e+00
reaction gibbs energy	R_GLUN	0.000e+00
reaction gibbs energy	R_GLUSy	-3.836e+01
reaction gibbs energy	R_GND	-3.812e+00
reaction gibbs energy	R_ICDHyr	-3.413e+00
reaction gibbs energy	R_ICL	-8.217e+00
reaction gibbs energy	R_LDH_D	0.000e+00
reaction gibbs energy	R_MALS	-1.652e+01
reaction gibbs energy	R_MDH	-2.330e+00
reaction gibbs energy	R_ME1	-2.357e+01
reaction gibbs energy	R_ME2	0.000e+00
reaction gibbs energy	R_NADTRHD	-1.830e+01
reaction gibbs energy	R_PDH	0.000e+00

