!!!SBtab DocumentName='report' SBtabVersion='1.0' Date='2022-6-9'
!!SBtab TableID='Predicted concentrations' TableType='Quantity' TableName='Predicted concentrations' SBtabVersion='1.0' Unit='M'
!QuantityType	!Compound	!Value
concentration	M_h2o_c	1.000e+00
concentration	M_atp_c	2.427e-03
concentration	M_nadp_c	6.686e-06
concentration	M_nadph_c	5.052e-05
concentration	M_adp_c	2.609e-04
concentration	M_nad_c	1.477e-03
concentration	M_pi_c	6.137e-03
concentration	M_nadh_c	1.942e-04
concentration	M_coa_c	2.450e-04
concentration	M_co2_c	1.219e-04
concentration	M_amp_c	2.711e-04
concentration	M_nh4_c	1.076e-05
concentration	M_akg_c	2.754e-04
concentration	M_accoa_c	6.393e-04
concentration	M_pyr_c	8.132e-04
concentration	M_succ_c	3.531e-04
concentration	M_ac_c	1.000e-04
concentration	M_gln__L_c	2.103e-03
concentration	M_for_c	1.000e-04
concentration	M_oaa_c	1.126e-04
concentration	M_glx_c	1.000e-04
concentration	M_pep_c	6.167e-04
concentration	M_g3p_c	1.213e-04
concentration	M_acald_c	1.000e-04
concentration	M_dhap_c	5.543e-04
concentration	M_succoa_c	7.160e-04
concentration	M_fum_c	1.224e-03
concentration	M_mal__L_c	2.312e-03
concentration	M_r5p_c	1.125e-04
concentration	M_3pg_c	2.056e-03
concentration	M_cit_c	2.032e-03
concentration	M_ru5p__D_c	2.182e-04
concentration	M_g6p_c	4.031e-04
concentration	M_q8_c	1.843e-05
concentration	M_xu5p__D_c	2.523e-04
concentration	M_q8h2_c	5.426e-04
concentration	M_e4p_c	1.361e-05
concentration	M_13dpg_c	1.826e-05
concentration	M_s7p_c	6.685e-04
concentration	M_2pg_c	1.947e-04
concentration	M_actp_c	1.443e-03
concentration	M_lac__D_c	9.230e-04
concentration	M_etoh_c	1.000e-04
concentration	M_6pgc_c	1.003e-04
concentration	M_fdp_c	1.716e-04
concentration	M_6pgl_c	2.085e-05
concentration	M_acon_C_c	2.991e-05
concentration	M_glu__L_c	2.180e-02
concentration	M_icit_c	1.652e-05
concentration	M_f6p_c	2.868e-04

!!SBtab TableID='Predicted Gibbs energies' TableType='Quantity' TableName='Predicted Gibbs energies' SBtabVersion='1.0' Unit='kJ/mol'
!QuantityType	!Reaction	!Value
reaction gibbs energy	R_PFK	0.000e+00
reaction gibbs energy	R_PFL	0.000e+00
reaction gibbs energy	R_PGI	-1.650e+00
reaction gibbs energy	R_PGK	-1.870e-02
reaction gibbs energy	R_PGL	-2.007e+01
reaction gibbs energy	R_ACALD	0.000e+00
reaction gibbs energy	R_PGM	-1.870e-02
reaction gibbs energy	R_ALCD2x	0.000e+00
reaction gibbs energy	R_ACKr	0.000e+00
reaction gibbs energy	R_PPC	-3.516e+01
reaction gibbs energy	R_ACONTa	-1.710e+00
reaction gibbs energy	R_ACONTb	-3.013e+00
reaction gibbs energy	R_ATPM	0.000e+00
reaction gibbs energy	R_PPCK	0.000e+00
reaction gibbs energy	R_PPS	-2.060e+01
reaction gibbs energy	R_ADK1	-5.502e+00
reaction gibbs energy	R_AKGDH	-3.216e+01
reaction gibbs energy	R_PTAr	0.000e+00
reaction gibbs energy	R_PYK	0.000e+00
reaction gibbs energy	R_RPE	-3.112e+00
reaction gibbs energy	R_CS	-3.267e+01
reaction gibbs energy	R_RPI	-3.785e+00
reaction gibbs energy	R_ENO	-1.870e-02
reaction gibbs energy	R_SUCDi	-1.265e+01
reaction gibbs energy	R_SUCOAS	-2.479e+00
reaction gibbs energy	R_TALA	-8.555e+00
reaction gibbs energy	R_TKT1	-1.338e+00
reaction gibbs energy	R_TKT2	0.000e+00
reaction gibbs energy	R_TPI	-1.472e+00
reaction gibbs energy	R_FBA	-2.795e+00
reaction gibbs energy	R_FBP	-2.387e+01
reaction gibbs energy	R_FRD7	0.000e+00
reaction gibbs energy	R_FUM	0.000e+00
reaction gibbs energy	R_G6PDH2r	-7.308e+00
reaction gibbs energy	R_GAPD	-4.528e+00
reaction gibbs energy	R_GLNS	-9.915e+00
reaction gibbs energy	R_GLUDy	0.000e+00
reaction gibbs energy	R_GLUN	0.000e+00
reaction gibbs energy	R_GLUSy	-3.816e+01
reaction gibbs energy	R_GND	-4.206e+00
reaction gibbs energy	R_ICDHyr	-4.130e+00
reaction gibbs energy	R_ICL	0.000e+00
reaction gibbs energy	R_LDH_D	-1.690e+01
reaction gibbs energy	R_MALS	0.000e+00
reaction gibbs energy	R_MDH	0.000e+00
reaction gibbs energy	R_ME1	0.000e+00
reaction gibbs energy	R_ME2	0.000e+00
reaction gibbs energy	R_NADTRHD	-1.013e+01
reaction gibbs energy	R_PDH	-4.246e+01

