!!!SBtab DocumentName='report' SBtabVersion='1.0' Date='2022-6-9'
!!SBtab TableID='Predicted concentrations' TableType='Quantity' TableName='Predicted concentrations' SBtabVersion='1.0' Unit='M'
!QuantityType	!Compound	!Value
concentration	M_h2o_c	1.000e+00
concentration	M_atp_c	2.427e-03
concentration	M_nadp_c	6.714e-06
concentration	M_nadph_c	5.044e-05
concentration	M_adp_c	2.609e-04
concentration	M_nad_c	1.653e-03
concentration	M_pi_c	7.742e-03
concentration	M_nadh_c	8.331e-06
concentration	M_coa_c	6.846e-04
concentration	M_co2_c	6.707e-05
concentration	M_amp_c	2.739e-04
concentration	M_nh4_c	1.387e-05
concentration	M_akg_c	2.644e-04
concentration	M_accoa_c	3.207e-04
concentration	M_pyr_c	1.044e-03
concentration	M_succ_c	2.760e-04
concentration	M_ac_c	1.000e-02
concentration	M_gln__L_c	2.093e-03
concentration	M_for_c	9.998e-05
concentration	M_oaa_c	1.725e-04
concentration	M_glx_c	9.998e-05
concentration	M_pep_c	2.561e-04
concentration	M_g3p_c	1.657e-04
concentration	M_acald_c	9.998e-05
concentration	M_dhap_c	5.435e-04
concentration	M_succoa_c	1.091e-03
concentration	M_fum_c	1.644e-03
concentration	M_mal__L_c	1.482e-03
concentration	M_r5p_c	1.425e-04
concentration	M_3pg_c	1.473e-03
concentration	M_cit_c	2.369e-03
concentration	M_ru5p__D_c	2.893e-04
concentration	M_g6p_c	3.550e-04
concentration	M_q8_c	2.073e-05
concentration	M_xu5p__D_c	3.168e-04
concentration	M_q8h2_c	4.821e-04
concentration	M_e4p_c	1.377e-05
concentration	M_13dpg_c	2.717e-05
concentration	M_s7p_c	5.629e-04
concentration	M_2pg_c	9.998e-05
concentration	M_actp_c	1.020e-03
concentration	M_lac__D_c	5.278e-04
concentration	M_etoh_c	9.998e-05
concentration	M_6pgc_c	9.706e-05
concentration	M_fdp_c	1.645e-04
concentration	M_6pgl_c	1.975e-05
concentration	M_acon_C_c	2.630e-05
concentration	M_glu__L_c	2.218e-02
concentration	M_icit_c	1.156e-05
concentration	M_f6p_c	3.062e-04

!!SBtab TableID='Predicted Gibbs energies' TableType='Quantity' TableName='Predicted Gibbs energies' SBtabVersion='1.0' Unit='kJ/mol'
!QuantityType	!Reaction	!Value
reaction gibbs energy	R_PFK	0.000e+00
reaction gibbs energy	R_PFL	0.000e+00
reaction gibbs energy	R_PGI	-2.200e+00
reaction gibbs energy	R_PGK	-4.045e+00
reaction gibbs energy	R_PGL	-1.977e+01
reaction gibbs energy	R_ACALD	0.000e+00
reaction gibbs energy	R_PGM	0.000e+00
reaction gibbs energy	R_ALCD2x	0.000e+00
reaction gibbs energy	R_ACKr	-1.274e+00
reaction gibbs energy	R_PPC	-2.836e+01
reaction gibbs energy	R_ACONTa	-2.451e+00
reaction gibbs energy	R_ACONTb	-3.525e+00
reaction gibbs energy	R_ATPM	0.000e+00
reaction gibbs energy	R_PPCK	0.000e+00
reaction gibbs energy	R_PPS	-2.281e+01
reaction gibbs energy	R_ADK1	-5.553e+00
reaction gibbs energy	R_AKGDH	-4.354e+01
reaction gibbs energy	R_PTAr	-2.344e+00
reaction gibbs energy	R_PYK	0.000e+00
reaction gibbs energy	R_RPE	-3.146e+00
reaction gibbs energy	R_CS	-2.869e+01
reaction gibbs energy	R_RPI	-3.874e+00
reaction gibbs energy	R_ENO	0.000e+00
reaction gibbs energy	R_SUCDi	-1.227e+01
reaction gibbs energy	R_SUCOAS	-2.249e+00
reaction gibbs energy	R_TALA	-8.649e+00
reaction gibbs energy	R_TKT1	-2.015e+00
reaction gibbs energy	R_TKT2	-4.226e+00
reaction gibbs energy	R_TPI	-2.614e+00
reaction gibbs energy	R_FBA	-3.931e+00
reaction gibbs energy	R_FBP	-2.309e+01
reaction gibbs energy	R_FRD7	0.000e+00
reaction gibbs energy	R_FUM	-3.685e+00
reaction gibbs energy	R_G6PDH2r	-7.252e+00
reaction gibbs energy	R_GAPD	-2.447e+00
reaction gibbs energy	R_GLNS	-9.979e+00
reaction gibbs energy	R_GLUDy	0.000e+00
reaction gibbs energy	R_GLUN	0.000e+00
reaction gibbs energy	R_GLUSy	-3.769e+01
reaction gibbs energy	R_GND	-5.707e+00
reaction gibbs energy	R_ICDHyr	-5.651e+00
reaction gibbs energy	R_ICL	0.000e+00
reaction gibbs energy	R_LDH_D	-1.082e+01
reaction gibbs energy	R_MALS	0.000e+00
reaction gibbs energy	R_MDH	0.000e+00
reaction gibbs energy	R_ME1	0.000e+00
reaction gibbs energy	R_ME2	-7.363e+00
reaction gibbs energy	R_NADTRHD	-1.820e+01
reaction gibbs energy	R_PDH	0.000e+00

