!!!SBtab DocumentName='report' SBtabVersion='1.0' Date='2022-6-9'
!!SBtab TableID='Predicted concentrations' TableType='Quantity' TableName='Predicted concentrations' SBtabVersion='1.0' Unit='M'
!QuantityType	!Compound	!Value
concentration	M_h2o_c	1.000e+00
concentration	M_atp_c	1.939e-03
concentration	M_nadp_c	6.661e-06
concentration	M_nadph_c	5.078e-05
concentration	M_adp_c	3.269e-04
concentration	M_nad_c	1.625e-03
concentration	M_pi_c	4.960e-03
concentration	M_nadh_c	9.286e-06
concentration	M_coa_c	1.217e-03
concentration	M_co2_c	3.686e-05
concentration	M_amp_c	2.751e-04
concentration	M_nh4_c	1.397e-05
concentration	M_akg_c	3.069e-04
concentration	M_accoa_c	6.765e-04
concentration	M_pyr_c	7.956e-04
concentration	M_succ_c	4.091e-04
concentration	M_ac_c	9.995e-05
concentration	M_gln__L_c	2.108e-03
concentration	M_for_c	9.995e-05
concentration	M_oaa_c	2.020e-06
concentration	M_glx_c	9.995e-05
concentration	M_pep_c	6.167e-04
concentration	M_g3p_c	1.479e-04
concentration	M_acald_c	9.995e-05
concentration	M_dhap_c	4.772e-04
concentration	M_succoa_c	3.900e-04
concentration	M_fum_c	2.089e-03
concentration	M_mal__L_c	2.720e-03
concentration	M_r5p_c	1.391e-04
concentration	M_3pg_c	1.020e-03
concentration	M_cit_c	2.340e-03
concentration	M_ru5p__D_c	3.033e-04
concentration	M_g6p_c	3.470e-04
concentration	M_q8_c	2.118e-05
concentration	M_xu5p__D_c	3.111e-04
concentration	M_q8h2_c	4.717e-04
concentration	M_e4p_c	1.376e-05
concentration	M_13dpg_c	3.132e-05
concentration	M_s7p_c	5.752e-04
concentration	M_2pg_c	1.322e-04
concentration	M_actp_c	1.442e-03
concentration	M_lac__D_c	6.491e-04
concentration	M_etoh_c	9.995e-05
concentration	M_6pgc_c	9.158e-05
concentration	M_fdp_c	1.434e-04
concentration	M_6pgl_c	1.852e-05
concentration	M_acon_C_c	2.442e-05
concentration	M_glu__L_c	2.128e-02
concentration	M_icit_c	1.077e-05
concentration	M_f6p_c	3.167e-04

!!SBtab TableID='Predicted Gibbs energies' TableType='Quantity' TableName='Predicted Gibbs energies' SBtabVersion='1.0' Unit='kJ/mol'
!QuantityType	!Reaction	!Value
reaction gibbs energy	R_PFK	0.000e+00
reaction gibbs energy	R_PFL	0.000e+00
reaction gibbs energy	R_PGI	-2.276e+00
reaction gibbs energy	R_PGK	0.000e+00
reaction gibbs energy	R_PGL	-2.007e+01
reaction gibbs energy	R_ACALD	0.000e+00
reaction gibbs energy	R_PGM	-1.384e+00
reaction gibbs energy	R_ALCD2x	0.000e+00
reaction gibbs energy	R_ACKr	0.000e+00
reaction gibbs energy	R_PPC	0.000e+00
reaction gibbs energy	R_ACONTa	-2.557e+00
reaction gibbs energy	R_ACONTb	-3.583e+00
reaction gibbs energy	R_ATPM	0.000e+00
reaction gibbs energy	R_PPCK	-3.460e+00
reaction gibbs energy	R_PPS	-2.045e+01
reaction gibbs energy	R_ADK1	-3.864e+00
reaction gibbs energy	R_AKGDH	0.000e+00
reaction gibbs energy	R_PTAr	0.000e+00
reaction gibbs energy	R_PYK	0.000e+00
reaction gibbs energy	R_RPE	-3.454e+00
reaction gibbs energy	R_CS	-1.855e+01
reaction gibbs energy	R_RPI	-4.086e+00
reaction gibbs energy	R_ENO	-1.384e+00
reaction gibbs energy	R_SUCDi	-1.262e+01
reaction gibbs energy	R_SUCOAS	0.000e+00
reaction gibbs energy	R_TALA	-8.431e+00
reaction gibbs energy	R_TKT1	-2.320e+00
reaction gibbs energy	R_TKT2	-4.559e+00
reaction gibbs energy	R_TPI	-2.358e+00
reaction gibbs energy	R_FBA	-3.383e+00
reaction gibbs energy	R_FBP	-2.373e+01
reaction gibbs energy	R_FRD7	0.000e+00
reaction gibbs energy	R_FUM	-2.770e+00
reaction gibbs energy	R_G6PDH2r	-7.207e+00
reaction gibbs energy	R_GAPD	0.000e+00
reaction gibbs energy	R_GLNS	-9.932e+00
reaction gibbs energy	R_GLUDy	0.000e+00
reaction gibbs energy	R_GLUN	0.000e+00
reaction gibbs energy	R_GLUSy	-3.857e+01
reaction gibbs energy	R_GND	-6.124e+00
reaction gibbs energy	R_ICDHyr	-5.760e+00
reaction gibbs energy	R_ICL	0.000e+00
reaction gibbs energy	R_LDH_D	-9.945e+00
reaction gibbs energy	R_MALS	0.000e+00
reaction gibbs energy	R_MDH	-2.499e+00
reaction gibbs energy	R_ME1	0.000e+00
reaction gibbs energy	R_ME2	0.000e+00
reaction gibbs energy	R_NADTRHD	-1.794e+01
reaction gibbs energy	R_PDH	-5.721e+01

