!!!SBtab DocumentName='report' SBtabVersion='1.0' Date='2022-6-9'
!!SBtab TableID='Predicted concentrations' TableType='Quantity' TableName='Predicted concentrations' SBtabVersion='1.0' Unit='M'
!QuantityType	!Compound	!Value
concentration	M_h2o_c	1.000e+00
concentration	M_atp_c	2.223e-03
concentration	M_nadp_c	6.986e-06
concentration	M_nadph_c	4.476e-05
concentration	M_adp_c	2.696e-04
concentration	M_nad_c	2.131e-03
concentration	M_pi_c	9.489e-03
concentration	M_nadh_c	4.205e-06
concentration	M_coa_c	1.380e-03
concentration	M_co2_c	8.338e-06
concentration	M_amp_c	3.463e-04
concentration	M_nh4_c	2.215e-05
concentration	M_akg_c	2.346e-04
concentration	M_accoa_c	6.703e-04
concentration	M_pyr_c	1.014e-03
concentration	M_succ_c	4.141e-04
concentration	M_ac_c	1.000e-04
concentration	M_gln__L_c	2.082e-03
concentration	M_for_c	1.000e-04
concentration	M_oaa_c	1.113e-04
concentration	M_glx_c	1.000e-04
concentration	M_pep_c	2.553e-04
concentration	M_g3p_c	2.600e-04
concentration	M_acald_c	1.000e-04
concentration	M_dhap_c	3.120e-04
concentration	M_succoa_c	3.901e-04
concentration	M_fum_c	2.677e-03
concentration	M_mal__L_c	8.560e-04
concentration	M_r5p_c	1.660e-04
concentration	M_3pg_c	1.080e-03
concentration	M_cit_c	3.603e-03
concentration	M_ru5p__D_c	4.803e-04
concentration	M_g6p_c	2.608e-04
concentration	M_q8_c	2.871e-05
concentration	M_xu5p__D_c	4.198e-04
concentration	M_q8h2_c	3.484e-04
concentration	M_e4p_c	1.859e-05
concentration	M_13dpg_c	3.484e-05
concentration	M_s7p_c	4.283e-04
concentration	M_2pg_c	1.000e-04
concentration	M_actp_c	1.442e-03
concentration	M_lac__D_c	1.951e-04
concentration	M_etoh_c	1.000e-04
concentration	M_6pgc_c	1.095e-04
concentration	M_fdp_c	8.492e-05
concentration	M_6pgl_c	6.360e-06
concentration	M_acon_C_c	1.380e-05
concentration	M_glu__L_c	2.249e-02
concentration	M_icit_c	3.469e-06
concentration	M_f6p_c	4.151e-04

!!SBtab TableID='Predicted Gibbs energies' TableType='Quantity' TableName='Predicted Gibbs energies' SBtabVersion='1.0' Unit='kJ/mol'
!QuantityType	!Reaction	!Value
reaction gibbs energy	R_PFK	0.000e+00
reaction gibbs energy	R_PFL	0.000e+00
reaction gibbs energy	R_PGI	-5.628e+00
reaction gibbs energy	R_PGK	-5.788e+00
reaction gibbs energy	R_PGL	-1.557e+01
reaction gibbs energy	R_ACALD	0.000e+00
reaction gibbs energy	R_PGM	0.000e+00
reaction gibbs energy	R_ALCD2x	0.000e+00
reaction gibbs energy	R_ACKr	0.000e+00
reaction gibbs energy	R_PPC	-2.474e+01
reaction gibbs energy	R_ACONTa	-5.628e+00
reaction gibbs energy	R_ACONTb	-5.628e+00
reaction gibbs energy	R_ATPM	0.000e+00
reaction gibbs energy	R_PPCK	0.000e+00
reaction gibbs energy	R_PPS	-2.147e+01
reaction gibbs energy	R_ADK1	-5.709e+00
reaction gibbs energy	R_AKGDH	0.000e+00
reaction gibbs energy	R_PTAr	0.000e+00
reaction gibbs energy	R_PYK	0.000e+00
reaction gibbs energy	R_RPE	-5.628e+00
reaction gibbs energy	R_CS	-2.685e+01
reaction gibbs energy	R_RPI	-5.628e+00
reaction gibbs energy	R_ENO	0.000e+00
reaction gibbs energy	R_SUCDi	-1.342e+01
reaction gibbs energy	R_SUCOAS	0.000e+00
reaction gibbs energy	R_TALA	-5.870e+00
reaction gibbs energy	R_TKT1	-5.628e+00
reaction gibbs energy	R_TKT2	-5.628e+00
reaction gibbs energy	R_TPI	-5.628e+00
reaction gibbs energy	R_FBA	-5.694e+00
reaction gibbs energy	R_FBP	-1.981e+01
reaction gibbs energy	R_FRD7	0.000e+00
reaction gibbs energy	R_FUM	-6.262e+00
reaction gibbs energy	R_G6PDH2r	-9.494e+00
reaction gibbs energy	R_GAPD	-5.803e+00
reaction gibbs energy	R_GLNS	-1.036e+01
reaction gibbs energy	R_GLUDy	0.000e+00
reaction gibbs energy	R_GLUN	0.000e+00
reaction gibbs energy	R_GLUSy	-3.685e+01
reaction gibbs energy	R_GND	-8.330e+00
reaction gibbs energy	R_ICDHyr	-7.378e+00
reaction gibbs energy	R_ICL	0.000e+00
reaction gibbs energy	R_LDH_D	-1.089e+01
reaction gibbs energy	R_MALS	0.000e+00
reaction gibbs energy	R_MDH	0.000e+00
reaction gibbs energy	R_ME1	-3.081e+01
reaction gibbs energy	R_ME2	0.000e+00
reaction gibbs energy	R_NADTRHD	0.000e+00
reaction gibbs energy	R_PDH	-6.396e+01

