!!!SBtab DocumentName='report' SBtabVersion='1.0' Date='2022-6-9'
!!SBtab TableID='Predicted concentrations' TableType='Quantity' TableName='Predicted concentrations' SBtabVersion='1.0' Unit='M'
!QuantityType	!Compound	!Value
concentration	M_h2o_c	1.000e+00
concentration	M_atp_c	2.427e-03
concentration	M_nadp_c	6.566e-06
concentration	M_nadph_c	5.332e-05
concentration	M_adp_c	2.609e-04
concentration	M_nad_c	2.006e-03
concentration	M_pi_c	8.722e-03
concentration	M_nadh_c	4.343e-06
concentration	M_coa_c	1.013e-02
concentration	M_co2_c	7.177e-05
concentration	M_amp_c	2.677e-04
concentration	M_nh4_c	5.129e-06
concentration	M_akg_c	3.000e-04
concentration	M_accoa_c	5.358e-04
concentration	M_pyr_c	1.129e-03
concentration	M_succ_c	4.054e-04
concentration	M_ac_c	1.000e-02
concentration	M_gln__L_c	2.120e-03
concentration	M_for_c	1.000e-04
concentration	M_oaa_c	2.782e-06
concentration	M_glx_c	1.000e-04
concentration	M_pep_c	1.713e-04
concentration	M_g3p_c	3.700e-05
concentration	M_acald_c	1.000e-04
concentration	M_dhap_c	8.132e-04
concentration	M_succoa_c	3.901e-04
concentration	M_fum_c	1.778e-03
concentration	M_mal__L_c	2.007e-03
concentration	M_r5p_c	9.735e-05
concentration	M_3pg_c	1.592e-03
concentration	M_cit_c	2.302e-03
concentration	M_ru5p__D_c	2.502e-04
concentration	M_g6p_c	3.547e-04
concentration	M_q8_c	2.158e-05
concentration	M_xu5p__D_c	2.023e-04
concentration	M_q8h2_c	4.635e-04
concentration	M_e4p_c	1.342e-05
concentration	M_13dpg_c	2.187e-05
concentration	M_s7p_c	7.449e-04
concentration	M_2pg_c	9.867e-05
concentration	M_actp_c	1.020e-03
concentration	M_lac__D_c	6.061e-04
concentration	M_etoh_c	1.000e-04
concentration	M_6pgc_c	9.478e-05
concentration	M_fdp_c	6.775e-04
concentration	M_6pgl_c	1.805e-05
concentration	M_acon_C_c	2.562e-05
concentration	M_glu__L_c	2.155e-02
concentration	M_icit_c	1.179e-05
concentration	M_f6p_c	3.008e-04

!!SBtab TableID='Predicted Gibbs energies' TableType='Quantity' TableName='Predicted Gibbs energies' SBtabVersion='1.0' Unit='kJ/mol'
!QuantityType	!Reaction	!Value
reaction gibbs energy	R_PFK	-1.932e+01
reaction gibbs energy	R_PFL	0.000e+00
reaction gibbs energy	R_PGI	-2.157e+00
reaction gibbs energy	R_PGK	-3.314e+00
reaction gibbs energy	R_PGL	-1.961e+01
reaction gibbs energy	R_ACALD	0.000e+00
reaction gibbs energy	R_PGM	-2.490e+00
reaction gibbs energy	R_ALCD2x	0.000e+00
reaction gibbs energy	R_ACKr	-1.274e+00
reaction gibbs energy	R_PPC	0.000e+00
reaction gibbs energy	R_ACONTa	-2.444e+00
reaction gibbs energy	R_ACONTb	-3.411e+00
reaction gibbs energy	R_ATPM	0.000e+00
reaction gibbs energy	R_PPCK	0.000e+00
reaction gibbs energy	R_PPS	0.000e+00
reaction gibbs energy	R_ADK1	0.000e+00
reaction gibbs energy	R_AKGDH	0.000e+00
reaction gibbs energy	R_PTAr	-7.452e+00
reaction gibbs energy	R_PYK	0.000e+00
reaction gibbs energy	R_RPE	-3.898e+00
reaction gibbs energy	R_CS	-1.314e+01
reaction gibbs energy	R_RPI	-4.460e+00
reaction gibbs energy	R_ENO	-2.496e+00
reaction gibbs energy	R_SUCDi	-1.323e+01
reaction gibbs energy	R_SUCOAS	0.000e+00
reaction gibbs energy	R_TALA	-5.738e+00
reaction gibbs energy	R_TKT1	-2.979e+00
reaction gibbs energy	R_TKT2	-6.809e+00
reaction gibbs energy	R_TPI	-2.099e+00
reaction gibbs energy	R_FBA	-2.292e+00
reaction gibbs energy	R_FBP	0.000e+00
reaction gibbs energy	R_FRD7	0.000e+00
reaction gibbs energy	R_FUM	-3.128e+00
reaction gibbs energy	R_G6PDH2r	-7.280e+00
reaction gibbs energy	R_GAPD	-1.658e+00
reaction gibbs energy	R_GLNS	-7.115e+00
reaction gibbs energy	R_GLUDy	0.000e+00
reaction gibbs energy	R_GLUN	0.000e+00
reaction gibbs energy	R_GLUSy	-3.838e+01
reaction gibbs energy	R_GND	-5.647e+00
reaction gibbs energy	R_ICDHyr	-5.026e+00
reaction gibbs energy	R_ICL	0.000e+00
reaction gibbs energy	R_LDH_D	-8.578e+00
reaction gibbs energy	R_MALS	0.000e+00
reaction gibbs energy	R_MDH	-3.418e+00
reaction gibbs energy	R_ME1	0.000e+00
reaction gibbs energy	R_ME2	0.000e+00
reaction gibbs energy	R_NADTRHD	0.000e+00
reaction gibbs energy	R_PDH	0.000e+00

