!!!SBtab DocumentName='report' SBtabVersion='1.0' Date='2022-6-9'
!!SBtab TableID='Predicted concentrations' TableType='Quantity' TableName='Predicted concentrations' SBtabVersion='1.0' Unit='M'
!QuantityType	!Compound	!Value
concentration	M_h2o_c	1.000e+00
concentration	M_atp_c	2.427e-03
concentration	M_nadp_c	6.597e-06
concentration	M_nadph_c	5.193e-05
concentration	M_adp_c	2.609e-04
concentration	M_nad_c	2.034e-03
concentration	M_pi_c	7.669e-03
concentration	M_nadh_c	4.297e-06
concentration	M_coa_c	5.848e-04
concentration	M_co2_c	1.330e-04
concentration	M_amp_c	2.677e-04
concentration	M_nh4_c	6.002e-06
concentration	M_akg_c	2.514e-04
concentration	M_accoa_c	3.408e-04
concentration	M_pyr_c	1.401e-03
concentration	M_succ_c	2.806e-04
concentration	M_ac_c	1.000e-02
concentration	M_gln__L_c	2.168e-03
concentration	M_for_c	9.999e-05
concentration	M_oaa_c	2.593e-06
concentration	M_glx_c	9.999e-05
concentration	M_pep_c	1.625e-04
concentration	M_g3p_c	3.797e-05
concentration	M_acald_c	9.999e-05
concentration	M_dhap_c	8.375e-04
concentration	M_succoa_c	1.062e-03
concentration	M_fum_c	1.798e-03
concentration	M_mal__L_c	1.933e-03
concentration	M_r5p_c	9.564e-05
concentration	M_3pg_c	1.583e-03
concentration	M_cit_c	2.332e-03
concentration	M_ru5p__D_c	2.512e-04
concentration	M_g6p_c	8.107e-04
concentration	M_q8_c	1.932e-05
concentration	M_xu5p__D_c	2.129e-04
concentration	M_q8h2_c	5.174e-04
concentration	M_e4p_c	1.358e-05
concentration	M_13dpg_c	2.139e-05
concentration	M_s7p_c	7.217e-04
concentration	M_2pg_c	9.604e-05
concentration	M_actp_c	1.020e-03
concentration	M_lac__D_c	5.281e-04
concentration	M_etoh_c	9.999e-05
concentration	M_6pgc_c	1.080e-04
concentration	M_fdp_c	6.931e-04
concentration	M_6pgl_c	2.050e-05
concentration	M_acon_C_c	2.610e-05
concentration	M_glu__L_c	2.081e-02
concentration	M_icit_c	1.312e-05
concentration	M_f6p_c	1.480e-04

!!SBtab TableID='Predicted Gibbs energies' TableType='Quantity' TableName='Predicted Gibbs energies' SBtabVersion='1.0' Unit='kJ/mol'
!QuantityType	!Reaction	!Value
reaction gibbs energy	R_PFK	-1.751e+01
reaction gibbs energy	R_PFL	0.000e+00
reaction gibbs energy	R_PGI	-1.647e+00
reaction gibbs energy	R_PGK	-3.274e+00
reaction gibbs energy	R_PGL	-1.960e+01
reaction gibbs energy	R_ACALD	0.000e+00
reaction gibbs energy	R_PGM	-2.543e+00
reaction gibbs energy	R_ALCD2x	0.000e+00
reaction gibbs energy	R_ACKr	-1.274e+00
reaction gibbs energy	R_PPC	0.000e+00
reaction gibbs energy	R_ACONTa	-2.432e+00
reaction gibbs energy	R_ACONTb	-3.193e+00
reaction gibbs energy	R_ATPM	0.000e+00
reaction gibbs energy	R_PPCK	-6.638e+00
reaction gibbs energy	R_PPS	0.000e+00
reaction gibbs energy	R_ADK1	0.000e+00
reaction gibbs energy	R_AKGDH	-4.354e+01
reaction gibbs energy	R_PTAr	-1.827e+00
reaction gibbs energy	R_PYK	-1.575e+01
reaction gibbs energy	R_RPE	-3.780e+00
reaction gibbs energy	R_CS	-1.887e+01
reaction gibbs energy	R_RPI	-4.513e+00
reaction gibbs energy	R_ENO	-2.559e+00
reaction gibbs energy	R_SUCDi	-1.174e+01
reaction gibbs energy	R_SUCOAS	-2.509e+00
reaction gibbs energy	R_TALA	-7.449e+00
reaction gibbs energy	R_TKT1	-3.076e+00
reaction gibbs energy	R_TKT2	0.000e+00
reaction gibbs energy	R_TPI	-2.108e+00
reaction gibbs energy	R_FBA	-2.211e+00
reaction gibbs energy	R_FBP	0.000e+00
reaction gibbs energy	R_FRD7	0.000e+00
reaction gibbs energy	R_FUM	-3.248e+00
reaction gibbs energy	R_G6PDH2r	-9.090e+00
reaction gibbs energy	R_GAPD	-1.520e+00
reaction gibbs energy	R_GLNS	-7.682e+00
reaction gibbs energy	R_GLUDy	0.000e+00
reaction gibbs energy	R_GLUN	0.000e+00
reaction gibbs energy	R_GLUSy	-3.809e+01
reaction gibbs energy	R_GND	-4.512e+00
reaction gibbs energy	R_ICDHyr	-4.277e+00
reaction gibbs energy	R_ICL	0.000e+00
reaction gibbs energy	R_LDH_D	-9.392e+00
reaction gibbs energy	R_MALS	0.000e+00
reaction gibbs energy	R_MDH	-3.561e+00
reaction gibbs energy	R_ME1	0.000e+00
reaction gibbs energy	R_ME2	0.000e+00
reaction gibbs energy	R_NADTRHD	0.000e+00
reaction gibbs energy	R_PDH	0.000e+00

