!!!SBtab DocumentName='report' SBtabVersion='1.0' Date='2022-6-9'
!!SBtab TableID='Predicted concentrations' TableType='Quantity' TableName='Predicted concentrations' SBtabVersion='1.0' Unit='M'
!QuantityType	!Compound	!Value
concentration	M_h2o_c	1.000e+00
concentration	M_atp_c	1.513e-03
concentration	M_nadp_c	6.749e-06
concentration	M_nadph_c	4.889e-05
concentration	M_adp_c	4.445e-04
concentration	M_nad_c	2.288e-03
concentration	M_pi_c	1.000e-02
concentration	M_nadh_c	3.822e-06
concentration	M_coa_c	8.331e-04
concentration	M_co2_c	1.541e-05
concentration	M_amp_c	2.677e-04
concentration	M_nh4_c	8.412e-05
concentration	M_akg_c	2.580e-04
concentration	M_accoa_c	6.982e-04
concentration	M_pyr_c	1.246e-03
concentration	M_succ_c	4.150e-04
concentration	M_ac_c	9.999e-05
concentration	M_gln__L_c	2.059e-03
concentration	M_for_c	9.999e-05
concentration	M_oaa_c	1.163e-06
concentration	M_glx_c	9.999e-05
concentration	M_pep_c	2.068e-04
concentration	M_g3p_c	4.195e-05
concentration	M_acald_c	9.999e-05
concentration	M_dhap_c	9.801e-04
concentration	M_succoa_c	3.901e-04
concentration	M_fum_c	3.059e-03
concentration	M_mal__L_c	1.420e-03
concentration	M_r5p_c	1.446e-04
concentration	M_3pg_c	1.039e-03
concentration	M_cit_c	3.603e-03
concentration	M_ru5p__D_c	4.707e-04
concentration	M_g6p_c	2.608e-04
concentration	M_q8_c	2.236e-05
concentration	M_xu5p__D_c	2.432e-04
concentration	M_q8h2_c	4.471e-04
concentration	M_e4p_c	1.019e-05
concentration	M_13dpg_c	1.826e-05
concentration	M_s7p_c	5.236e-04
concentration	M_2pg_c	9.999e-05
concentration	M_actp_c	1.442e-03
concentration	M_lac__D_c	9.999e-05
concentration	M_etoh_c	9.999e-05
concentration	M_6pgc_c	9.626e-05
concentration	M_fdp_c	9.508e-04
concentration	M_6pgl_c	7.201e-06
concentration	M_acon_C_c	1.403e-05
concentration	M_glu__L_c	2.236e-02
concentration	M_icit_c	3.469e-06
concentration	M_f6p_c	4.151e-04

!!SBtab TableID='Predicted Gibbs energies' TableType='Quantity' TableName='Predicted Gibbs energies' SBtabVersion='1.0' Unit='kJ/mol'
!QuantityType	!Reaction	!Value
reaction gibbs energy	R_PFK	-1.625e+01
reaction gibbs energy	R_PFL	0.000e+00
reaction gibbs energy	R_PGI	-5.019e+00
reaction gibbs energy	R_PGK	-5.068e+00
reaction gibbs energy	R_PGL	-1.736e+01
reaction gibbs energy	R_ACALD	0.000e+00
reaction gibbs energy	R_PGM	0.000e+00
reaction gibbs energy	R_ALCD2x	0.000e+00
reaction gibbs energy	R_ACKr	0.000e+00
reaction gibbs energy	R_PPC	0.000e+00
reaction gibbs energy	R_ACONTa	-5.019e+00
reaction gibbs energy	R_ACONTb	-5.019e+00
reaction gibbs energy	R_ATPM	0.000e+00
reaction gibbs energy	R_PPCK	-7.882e+00
reaction gibbs energy	R_PPS	0.000e+00
reaction gibbs energy	R_ADK1	0.000e+00
reaction gibbs energy	R_AKGDH	0.000e+00
reaction gibbs energy	R_PTAr	0.000e+00
reaction gibbs energy	R_PYK	-1.894e+01
reaction gibbs energy	R_RPE	-5.115e+00
reaction gibbs energy	R_CS	-1.682e+01
reaction gibbs energy	R_RPI	-5.119e+00
reaction gibbs energy	R_ENO	0.000e+00
reaction gibbs energy	R_SUCDi	-1.248e+01
reaction gibbs energy	R_SUCOAS	0.000e+00
reaction gibbs energy	R_TALA	-5.125e+00
reaction gibbs energy	R_TKT1	-5.113e+00
reaction gibbs energy	R_TKT2	0.000e+00
reaction gibbs energy	R_TPI	-5.019e+00
reaction gibbs energy	R_FBA	-5.019e+00
reaction gibbs energy	R_FBP	0.000e+00
reaction gibbs energy	R_FRD7	0.000e+00
reaction gibbs energy	R_FUM	-5.337e+00
reaction gibbs energy	R_G6PDH2r	-9.207e+00
reaction gibbs energy	R_GAPD	-5.019e+00
reaction gibbs energy	R_GLNS	-1.136e+01
reaction gibbs energy	R_GLUDy	0.000e+00
reaction gibbs energy	R_GLUN	0.000e+00
reaction gibbs energy	R_GLUSy	-3.735e+01
reaction gibbs energy	R_GND	-9.074e+00
reaction gibbs energy	R_ICDHyr	-7.161e+00
reaction gibbs energy	R_ICL	0.000e+00
reaction gibbs energy	R_LDH_D	0.000e+00
reaction gibbs energy	R_MALS	0.000e+00
reaction gibbs energy	R_MDH	-5.370e+00
reaction gibbs energy	R_ME1	0.000e+00
reaction gibbs energy	R_ME2	0.000e+00
reaction gibbs energy	R_NADTRHD	0.000e+00
reaction gibbs energy	R_PDH	-6.130e+01

