!!!SBtab DocumentName='report' SBtabVersion='1.0' Date='2022-6-9'
!!SBtab TableID='Predicted concentrations' TableType='Quantity' TableName='Predicted concentrations' SBtabVersion='1.0' Unit='M'
!QuantityType	!Compound	!Value
concentration	M_h2o_c	1.000e+00
concentration	M_atp_c	1.513e-03
concentration	M_nadp_c	6.721e-06
concentration	M_nadph_c	4.939e-05
concentration	M_adp_c	4.446e-04
concentration	M_nad_c	2.288e-03
concentration	M_pi_c	1.000e-02
concentration	M_nadh_c	3.822e-06
concentration	M_coa_c	8.832e-04
concentration	M_co2_c	1.683e-05
concentration	M_amp_c	2.678e-04
concentration	M_nh4_c	3.662e-05
concentration	M_akg_c	2.511e-04
concentration	M_accoa_c	6.928e-04
concentration	M_pyr_c	1.092e-03
concentration	M_succ_c	4.160e-04
concentration	M_ac_c	1.000e-04
concentration	M_gln__L_c	2.073e-03
concentration	M_for_c	1.000e-04
concentration	M_oaa_c	1.167e-06
concentration	M_glx_c	1.000e-04
concentration	M_pep_c	2.280e-04
concentration	M_g3p_c	4.195e-05
concentration	M_acald_c	1.000e-04
concentration	M_dhap_c	9.801e-04
concentration	M_succoa_c	3.901e-04
concentration	M_fum_c	3.047e-03
concentration	M_mal__L_c	1.410e-03
concentration	M_r5p_c	1.446e-04
concentration	M_3pg_c	1.040e-03
concentration	M_cit_c	3.603e-03
concentration	M_ru5p__D_c	4.707e-04
concentration	M_g6p_c	2.608e-04
concentration	M_q8_c	2.232e-05
concentration	M_xu5p__D_c	2.432e-04
concentration	M_q8h2_c	4.481e-04
concentration	M_e4p_c	1.019e-05
concentration	M_13dpg_c	1.826e-05
concentration	M_s7p_c	5.231e-04
concentration	M_2pg_c	1.000e-04
concentration	M_actp_c	1.443e-03
concentration	M_lac__D_c	2.496e-04
concentration	M_etoh_c	1.000e-04
concentration	M_6pgc_c	9.617e-05
concentration	M_fdp_c	9.508e-04
concentration	M_6pgl_c	7.547e-06
concentration	M_acon_C_c	1.403e-05
concentration	M_glu__L_c	2.235e-02
concentration	M_icit_c	3.469e-06
concentration	M_f6p_c	4.151e-04

!!SBtab TableID='Predicted Gibbs energies' TableType='Quantity' TableName='Predicted Gibbs energies' SBtabVersion='1.0' Unit='kJ/mol'
!QuantityType	!Reaction	!Value
reaction gibbs energy	R_PFK	-1.625e+01
reaction gibbs energy	R_PFL	0.000e+00
reaction gibbs energy	R_PGI	-5.019e+00
reaction gibbs energy	R_PGK	-5.069e+00
reaction gibbs energy	R_PGL	-1.748e+01
reaction gibbs energy	R_ACALD	0.000e+00
reaction gibbs energy	R_PGM	0.000e+00
reaction gibbs energy	R_ALCD2x	0.000e+00
reaction gibbs energy	R_ACKr	0.000e+00
reaction gibbs energy	R_PPC	0.000e+00
reaction gibbs energy	R_ACONTa	-5.019e+00
reaction gibbs energy	R_ACONTb	-5.019e+00
reaction gibbs energy	R_ATPM	0.000e+00
reaction gibbs energy	R_PPCK	-7.432e+00
reaction gibbs energy	R_PPS	0.000e+00
reaction gibbs energy	R_ADK1	0.000e+00
reaction gibbs energy	R_AKGDH	0.000e+00
reaction gibbs energy	R_PTAr	0.000e+00
reaction gibbs energy	R_PYK	0.000e+00
reaction gibbs energy	R_RPE	-5.115e+00
reaction gibbs energy	R_CS	-1.666e+01
reaction gibbs energy	R_RPI	-5.119e+00
reaction gibbs energy	R_ENO	0.000e+00
reaction gibbs energy	R_SUCDi	-1.248e+01
reaction gibbs energy	R_SUCOAS	0.000e+00
reaction gibbs energy	R_TALA	-5.125e+00
reaction gibbs energy	R_TKT1	-5.114e+00
reaction gibbs energy	R_TKT2	0.000e+00
reaction gibbs energy	R_TPI	-5.019e+00
reaction gibbs energy	R_FBA	-5.019e+00
reaction gibbs energy	R_FBP	0.000e+00
reaction gibbs energy	R_FRD7	0.000e+00
reaction gibbs energy	R_FUM	-5.345e+00
reaction gibbs energy	R_G6PDH2r	-9.056e+00
reaction gibbs energy	R_GAPD	-5.019e+00
reaction gibbs energy	R_GLNS	-9.281e+00
reaction gibbs energy	R_GLUDy	0.000e+00
reaction gibbs energy	R_GLUN	0.000e+00
reaction gibbs energy	R_GLUSy	-3.734e+01
reaction gibbs energy	R_GND	-8.820e+00
reaction gibbs energy	R_ICDHyr	-6.976e+00
reaction gibbs energy	R_ICL	0.000e+00
reaction gibbs energy	R_LDH_D	-1.005e+01
reaction gibbs energy	R_MALS	0.000e+00
reaction gibbs energy	R_MDH	-5.343e+00
reaction gibbs energy	R_ME1	0.000e+00
reaction gibbs energy	R_ME2	-1.132e+01
reaction gibbs energy	R_NADTRHD	0.000e+00
reaction gibbs energy	R_PDH	-6.092e+01

