!!!SBtab DocumentName='report' SBtabVersion='1.0' Date='2022-6-9'
!!SBtab TableID='Predicted concentrations' TableType='Quantity' TableName='Predicted concentrations' SBtabVersion='1.0' Unit='M'
!QuantityType	!Compound	!Value
concentration	M_h2o_c	1.000e+00
concentration	M_atp_c	2.427e-03
concentration	M_nadp_c	6.669e-06
concentration	M_nadph_c	5.204e-05
concentration	M_adp_c	2.609e-04
concentration	M_nad_c	1.591e-03
concentration	M_pi_c	2.135e-03
concentration	M_nadh_c	1.623e-05
concentration	M_coa_c	8.401e-03
concentration	M_co2_c	9.771e-05
concentration	M_amp_c	2.677e-04
concentration	M_nh4_c	6.610e-06
concentration	M_akg_c	2.918e-04
concentration	M_accoa_c	5.497e-04
concentration	M_pyr_c	1.250e-03
concentration	M_succ_c	4.256e-04
concentration	M_ac_c	1.000e-02
concentration	M_gln__L_c	2.121e-03
concentration	M_for_c	1.000e-04
concentration	M_oaa_c	2.286e-06
concentration	M_glx_c	4.258e-05
concentration	M_pep_c	6.167e-04
concentration	M_g3p_c	9.246e-05
concentration	M_acald_c	1.000e-04
concentration	M_dhap_c	5.405e-04
concentration	M_succoa_c	3.901e-04
concentration	M_fum_c	1.727e-03
concentration	M_mal__L_c	3.230e-03
concentration	M_r5p_c	1.013e-04
concentration	M_3pg_c	2.172e-03
concentration	M_cit_c	1.853e-03
concentration	M_ru5p__D_c	2.149e-04
concentration	M_g6p_c	4.139e-04
concentration	M_q8_c	1.561e-05
concentration	M_xu5p__D_c	2.348e-04
concentration	M_q8h2_c	6.406e-04
concentration	M_e4p_c	1.360e-05
concentration	M_13dpg_c	1.826e-05
concentration	M_s7p_c	7.153e-04
concentration	M_2pg_c	2.040e-04
concentration	M_actp_c	1.020e-03
concentration	M_lac__D_c	9.179e-04
concentration	M_etoh_c	1.000e-04
concentration	M_6pgc_c	9.416e-05
concentration	M_fdp_c	1.675e-04
concentration	M_6pgl_c	1.932e-05
concentration	M_acon_C_c	2.975e-05
concentration	M_glu__L_c	2.206e-02
concentration	M_icit_c	1.402e-05
concentration	M_f6p_c	2.806e-04

!!SBtab TableID='Predicted Gibbs energies' TableType='Quantity' TableName='Predicted Gibbs energies' SBtabVersion='1.0' Unit='kJ/mol'
!QuantityType	!Reaction	!Value
reaction gibbs energy	R_PFK	0.000e+00
reaction gibbs energy	R_PFL	0.000e+00
reaction gibbs energy	R_PGI	-1.538e+00
reaction gibbs energy	R_PGK	3.192e-01
reaction gibbs energy	R_PGL	-1.997e+01
reaction gibbs energy	R_ACALD	0.000e+00
reaction gibbs energy	R_PGM	3.192e-01
reaction gibbs energy	R_ALCD2x	0.000e+00
reaction gibbs energy	R_ACKr	3.192e-01
reaction gibbs energy	R_PPC	0.000e+00
reaction gibbs energy	R_ACONTa	-1.526e+00
reaction gibbs energy	R_ACONTb	-3.379e+00
reaction gibbs energy	R_ATPM	0.000e+00
reaction gibbs energy	R_PPCK	-2.794e+00
reaction gibbs energy	R_PPS	0.000e+00
reaction gibbs energy	R_ADK1	0.000e+00
reaction gibbs energy	R_AKGDH	0.000e+00
reaction gibbs energy	R_PTAr	-1.175e+01
reaction gibbs energy	R_PYK	0.000e+00
reaction gibbs energy	R_RPE	-3.222e+00
reaction gibbs energy	R_CS	-1.394e+01
reaction gibbs energy	R_RPI	-3.999e+00
reaction gibbs energy	R_ENO	3.192e-01
reaction gibbs energy	R_SUCDi	-1.167e+01
reaction gibbs energy	R_SUCOAS	0.000e+00
reaction gibbs energy	R_TALA	-8.090e+00
reaction gibbs energy	R_TKT1	-1.369e+00
reaction gibbs energy	R_TKT2	0.000e+00
reaction gibbs energy	R_TPI	-9.078e-01
reaction gibbs energy	R_FBA	-2.163e+00
reaction gibbs energy	R_FBP	-2.647e+01
reaction gibbs energy	R_FRD7	0.000e+00
reaction gibbs energy	R_FUM	-1.874e+00
reaction gibbs energy	R_G6PDH2r	-7.508e+00
reaction gibbs energy	R_GAPD	-1.786e+00
reaction gibbs energy	R_GLNS	-1.133e+01
reaction gibbs energy	R_GLUDy	0.000e+00
reaction gibbs energy	R_GLUN	0.000e+00
reaction gibbs energy	R_GLUSy	-3.827e+01
reaction gibbs energy	R_GND	-4.722e+00
reaction gibbs energy	R_ICDHyr	-4.245e+00
reaction gibbs energy	R_ICL	-7.371e+00
reaction gibbs energy	R_LDH_D	-1.164e+01
reaction gibbs energy	R_MALS	-1.888e+01
reaction gibbs energy	R_MDH	-1.208e+00
reaction gibbs energy	R_ME1	0.000e+00
reaction gibbs energy	R_ME2	-7.058e+00
reaction gibbs energy	R_NADTRHD	-1.654e+01
reaction gibbs energy	R_PDH	0.000e+00

