!!!SBtab DocumentName='report' SBtabVersion='1.0' Date='2022-6-9'
!!SBtab TableID='Predicted concentrations' TableType='Quantity' TableName='Predicted concentrations' SBtabVersion='1.0' Unit='M'
!QuantityType	!Compound	!Value
concentration	M_h2o_c	1.000e+00
concentration	M_atp_c	2.427e-03
concentration	M_nadp_c	6.640e-06
concentration	M_nadph_c	4.985e-05
concentration	M_adp_c	2.609e-04
concentration	M_nad_c	1.562e-03
concentration	M_pi_c	2.590e-03
concentration	M_nadh_c	2.516e-05
concentration	M_coa_c	1.176e-03
concentration	M_co2_c	3.110e-04
concentration	M_amp_c	2.705e-04
concentration	M_nh4_c	5.924e-06
concentration	M_akg_c	2.875e-04
concentration	M_accoa_c	6.841e-04
concentration	M_pyr_c	1.024e-03
concentration	M_succ_c	4.021e-04
concentration	M_ac_c	1.000e-04
concentration	M_gln__L_c	2.131e-03
concentration	M_for_c	1.000e-04
concentration	M_oaa_c	1.546e-06
concentration	M_glx_c	1.000e-04
concentration	M_pep_c	6.167e-04
concentration	M_g3p_c	1.101e-04
concentration	M_acald_c	1.000e-04
concentration	M_dhap_c	5.399e-04
concentration	M_succoa_c	3.901e-04
concentration	M_fum_c	1.801e-03
concentration	M_mal__L_c	3.296e-03
concentration	M_r5p_c	1.115e-04
concentration	M_3pg_c	2.056e-03
concentration	M_cit_c	2.032e-03
concentration	M_ru5p__D_c	2.011e-04
concentration	M_g6p_c	4.097e-04
concentration	M_q8_c	1.802e-05
concentration	M_xu5p__D_c	2.473e-04
concentration	M_q8h2_c	5.548e-04
concentration	M_e4p_c	1.350e-05
concentration	M_13dpg_c	1.826e-05
concentration	M_s7p_c	6.657e-04
concentration	M_2pg_c	1.947e-04
concentration	M_actp_c	1.442e-03
concentration	M_lac__D_c	1.000e-04
concentration	M_etoh_c	1.000e-04
concentration	M_6pgc_c	1.084e-04
concentration	M_fdp_c	1.660e-04
concentration	M_6pgl_c	2.151e-05
concentration	M_acon_C_c	3.118e-05
concentration	M_glu__L_c	2.149e-02
concentration	M_icit_c	2.210e-05
concentration	M_f6p_c	2.829e-04

!!SBtab TableID='Predicted Gibbs energies' TableType='Quantity' TableName='Predicted Gibbs energies' SBtabVersion='1.0' Unit='kJ/mol'
!QuantityType	!Reaction	!Value
reaction gibbs energy	R_PFK	0.000e+00
reaction gibbs energy	R_PFL	0.000e+00
reaction gibbs energy	R_PGI	-1.575e+00
reaction gibbs energy	R_PGK	-1.870e-02
reaction gibbs energy	R_PGL	-1.996e+01
reaction gibbs energy	R_ACALD	0.000e+00
reaction gibbs energy	R_PGM	-1.870e-02
reaction gibbs energy	R_ALCD2x	0.000e+00
reaction gibbs energy	R_ACKr	0.000e+00
reaction gibbs energy	R_PPC	0.000e+00
reaction gibbs energy	R_ACONTa	-1.607e+00
reaction gibbs energy	R_ACONTb	-2.395e+00
reaction gibbs energy	R_ATPM	0.000e+00
reaction gibbs energy	R_PPCK	0.000e+00
reaction gibbs energy	R_PPS	-2.331e+01
reaction gibbs energy	R_ADK1	-5.496e+00
reaction gibbs energy	R_AKGDH	0.000e+00
reaction gibbs energy	R_PTAr	0.000e+00
reaction gibbs energy	R_PYK	0.000e+00
reaction gibbs energy	R_RPE	-2.959e+00
reaction gibbs energy	R_CS	-1.833e+01
reaction gibbs energy	R_RPI	-3.605e+00
reaction gibbs energy	R_ENO	-1.870e-02
reaction gibbs energy	R_SUCDi	-1.190e+01
reaction gibbs energy	R_SUCOAS	0.000e+00
reaction gibbs energy	R_TALA	-8.360e+00
reaction gibbs energy	R_TKT1	-1.514e+00
reaction gibbs energy	R_TKT2	-4.897e+00
reaction gibbs energy	R_TPI	-1.299e+00
reaction gibbs energy	R_FBA	-2.574e+00
reaction gibbs energy	R_FBP	-2.596e+01
reaction gibbs energy	R_FRD7	0.000e+00
reaction gibbs energy	R_FUM	-1.925e+00
reaction gibbs energy	R_G6PDH2r	-7.287e+00
reaction gibbs energy	R_GAPD	-1.703e+00
reaction gibbs energy	R_GLNS	-1.051e+01
reaction gibbs energy	R_GLUDy	0.000e+00
reaction gibbs energy	R_GLUN	0.000e+00
reaction gibbs energy	R_GLUSy	-3.835e+01
reaction gibbs energy	R_GND	-2.297e+00
reaction gibbs energy	R_ICDHyr	-2.439e+00
reaction gibbs energy	R_ICL	0.000e+00
reaction gibbs energy	R_LDH_D	0.000e+00
reaction gibbs energy	R_MALS	0.000e+00
reaction gibbs energy	R_MDH	-1.069e+00
reaction gibbs energy	R_ME1	-1.996e+01
reaction gibbs energy	R_ME2	0.000e+00
reaction gibbs energy	R_NADTRHD	0.000e+00
reaction gibbs energy	R_PDH	-4.963e+01

