!!!SBtab DocumentName='report' SBtabVersion='1.0' Date='2022-6-9'
!!SBtab TableID='Predicted concentrations' TableType='Quantity' TableName='Predicted concentrations' SBtabVersion='1.0' Unit='M'
!QuantityType	!Compound	!Value
concentration	M_h2o_c	1.000e+00
concentration	M_atp_c	1.485e-03
concentration	M_nadp_c	6.890e-06
concentration	M_nadph_c	4.572e-05
concentration	M_adp_c	4.529e-04
concentration	M_nad_c	2.288e-03
concentration	M_pi_c	1.000e-02
concentration	M_nadh_c	3.822e-06
concentration	M_coa_c	2.121e-04
concentration	M_co2_c	4.337e-05
concentration	M_amp_c	2.677e-04
concentration	M_nh4_c	7.312e-05
concentration	M_akg_c	2.206e-04
concentration	M_accoa_c	6.700e-04
concentration	M_pyr_c	1.152e-03
concentration	M_succ_c	3.622e-04
concentration	M_ac_c	9.998e-05
concentration	M_gln__L_c	2.075e-03
concentration	M_for_c	9.998e-05
concentration	M_oaa_c	1.344e-06
concentration	M_glx_c	9.998e-05
concentration	M_pep_c	1.096e-04
concentration	M_g3p_c	4.599e-05
concentration	M_acald_c	9.998e-05
concentration	M_dhap_c	9.827e-04
concentration	M_succoa_c	7.564e-04
concentration	M_fum_c	2.763e-03
concentration	M_mal__L_c	1.467e-03
concentration	M_r5p_c	1.407e-04
concentration	M_3pg_c	2.230e-03
concentration	M_cit_c	3.376e-03
concentration	M_ru5p__D_c	4.342e-04
concentration	M_g6p_c	2.608e-04
concentration	M_q8_c	2.410e-05
concentration	M_xu5p__D_c	2.512e-04
concentration	M_q8h2_c	4.148e-04
concentration	M_e4p_c	1.179e-05
concentration	M_13dpg_c	1.826e-05
concentration	M_s7p_c	5.531e-04
concentration	M_2pg_c	9.963e-05
concentration	M_actp_c	1.442e-03
concentration	M_lac__D_c	2.560e-04
concentration	M_etoh_c	9.998e-05
concentration	M_6pgc_c	1.013e-04
concentration	M_fdp_c	9.508e-04
concentration	M_6pgl_c	9.012e-06
concentration	M_acon_C_c	1.539e-05
concentration	M_glu__L_c	2.227e-02
concentration	M_icit_c	4.111e-06
concentration	M_f6p_c	4.151e-04

!!SBtab TableID='Predicted Gibbs energies' TableType='Quantity' TableName='Predicted Gibbs energies' SBtabVersion='1.0' Unit='kJ/mol'
!QuantityType	!Reaction	!Value
reaction gibbs energy	R_PFK	-1.578e+01
reaction gibbs energy	R_PFL	0.000e+00
reaction gibbs energy	R_PGI	-4.432e+00
reaction gibbs energy	R_PGK	-4.432e+00
reaction gibbs energy	R_PGL	-1.767e+01
reaction gibbs energy	R_ACALD	0.000e+00
reaction gibbs energy	R_PGM	-4.432e+00
reaction gibbs energy	R_ALCD2x	0.000e+00
reaction gibbs energy	R_ACKr	0.000e+00
reaction gibbs energy	R_PPC	0.000e+00
reaction gibbs energy	R_ACONTa	-4.594e+00
reaction gibbs energy	R_ACONTb	-4.786e+00
reaction gibbs energy	R_ATPM	0.000e+00
reaction gibbs energy	R_PPCK	-8.351e+00
reaction gibbs energy	R_PPS	0.000e+00
reaction gibbs energy	R_ADK1	0.000e+00
reaction gibbs energy	R_AKGDH	-4.634e+01
reaction gibbs energy	R_PTAr	0.000e+00
reaction gibbs energy	R_PYK	-1.737e+01
reaction gibbs energy	R_RPE	-4.863e+00
reaction gibbs energy	R_CS	-2.048e+01
reaction gibbs energy	R_RPI	-4.977e+00
reaction gibbs energy	R_ENO	-4.432e+00
reaction gibbs energy	R_SUCDi	-1.270e+01
reaction gibbs energy	R_SUCOAS	-6.864e+00
reaction gibbs energy	R_TALA	-5.146e+00
reaction gibbs energy	R_TKT1	-4.795e+00
reaction gibbs energy	R_TKT2	0.000e+00
reaction gibbs energy	R_TPI	-4.432e+00
reaction gibbs energy	R_FBA	-4.432e+00
reaction gibbs energy	R_FBP	0.000e+00
reaction gibbs energy	R_FRD7	0.000e+00
reaction gibbs energy	R_FUM	-5.009e+00
reaction gibbs energy	R_G6PDH2r	-9.002e+00
reaction gibbs energy	R_GAPD	-4.432e+00
reaction gibbs energy	R_GLNS	-1.085e+01
reaction gibbs energy	R_GLUDy	0.000e+00
reaction gibbs energy	R_GLUN	0.000e+00
reaction gibbs energy	R_GLUSy	-3.665e+01
reaction gibbs energy	R_GND	-7.865e+00
reaction gibbs energy	R_ICDHyr	-6.317e+00
reaction gibbs energy	R_ICL	0.000e+00
reaction gibbs energy	R_LDH_D	-1.012e+01
reaction gibbs energy	R_MALS	0.000e+00
reaction gibbs energy	R_MDH	-5.112e+00
reaction gibbs energy	R_ME1	0.000e+00
reaction gibbs energy	R_ME2	0.000e+00
reaction gibbs energy	R_NADTRHD	-2.073e+01
reaction gibbs energy	R_PDH	-5.429e+01

