!!!SBtab DocumentName='report' SBtabVersion='1.0' Date='2022-6-9'
!!SBtab TableID='Predicted concentrations' TableType='Quantity' TableName='Predicted concentrations' SBtabVersion='1.0' Unit='M'
!QuantityType	!Compound	!Value
concentration	M_h2o_c	1.000e+00
concentration	M_atp_c	2.427e-03
concentration	M_nadp_c	6.728e-06
concentration	M_nadph_c	5.133e-05
concentration	M_adp_c	2.609e-04
concentration	M_nad_c	1.492e-03
concentration	M_pi_c	5.351e-03
concentration	M_nadh_c	1.997e-04
concentration	M_coa_c	8.957e-03
concentration	M_co2_c	2.000e-04
concentration	M_amp_c	2.711e-04
concentration	M_nh4_c	9.999e-05
concentration	M_akg_c	3.180e-04
concentration	M_accoa_c	5.543e-04
concentration	M_pyr_c	9.072e-04
concentration	M_succ_c	4.385e-04
concentration	M_ac_c	1.000e-02
concentration	M_gln__L_c	2.104e-03
concentration	M_for_c	9.999e-05
concentration	M_oaa_c	1.414e-04
concentration	M_glx_c	1.375e-05
concentration	M_pep_c	2.586e-04
concentration	M_g3p_c	9.999e-05
concentration	M_acald_c	9.999e-05
concentration	M_dhap_c	7.083e-04
concentration	M_succoa_c	3.901e-04
concentration	M_fum_c	1.733e-03
concentration	M_mal__L_c	1.863e-03
concentration	M_r5p_c	5.603e-05
concentration	M_3pg_c	1.508e-03
concentration	M_cit_c	2.257e-03
concentration	M_ru5p__D_c	1.858e-04
concentration	M_g6p_c	4.964e-04
concentration	M_q8_c	1.599e-05
concentration	M_xu5p__D_c	1.652e-04
concentration	M_q8h2_c	6.253e-04
concentration	M_e4p_c	1.349e-05
concentration	M_13dpg_c	3.132e-05
concentration	M_s7p_c	1.145e-03
concentration	M_2pg_c	9.999e-05
concentration	M_actp_c	1.020e-03
concentration	M_lac__D_c	9.999e-05
concentration	M_etoh_c	9.999e-05
concentration	M_6pgc_c	7.900e-05
concentration	M_fdp_c	2.873e-04
concentration	M_6pgl_c	9.999e-05
concentration	M_acon_C_c	2.527e-05
concentration	M_glu__L_c	2.173e-02
concentration	M_icit_c	9.692e-06
concentration	M_f6p_c	2.280e-04

!!SBtab TableID='Predicted Gibbs energies' TableType='Quantity' TableName='Predicted Gibbs energies' SBtabVersion='1.0' Unit='kJ/mol'
!QuantityType	!Reaction	!Value
reaction gibbs energy	R_PFK	-2.076e+01
reaction gibbs energy	R_PFL	0.000e+00
reaction gibbs energy	R_PGI	0.000e+00
reaction gibbs energy	R_PGK	0.000e+00
reaction gibbs energy	R_PGL	0.000e+00
reaction gibbs energy	R_ACALD	0.000e+00
reaction gibbs energy	R_PGM	0.000e+00
reaction gibbs energy	R_ALCD2x	0.000e+00
reaction gibbs energy	R_ACKr	-1.274e+00
reaction gibbs energy	R_PPC	-3.250e+01
reaction gibbs energy	R_ACONTa	-2.430e+00
reaction gibbs energy	R_ACONTb	-3.863e+00
reaction gibbs energy	R_ATPM	0.000e+00
reaction gibbs energy	R_PPCK	0.000e+00
reaction gibbs energy	R_PPS	-2.337e+01
reaction gibbs energy	R_ADK1	-5.528e+00
reaction gibbs energy	R_AKGDH	0.000e+00
reaction gibbs energy	R_PTAr	-8.274e+00
reaction gibbs energy	R_PYK	0.000e+00
reaction gibbs energy	R_RPE	0.000e+00
reaction gibbs energy	R_CS	-2.331e+01
reaction gibbs energy	R_RPI	0.000e+00
reaction gibbs energy	R_ENO	0.000e+00
reaction gibbs energy	R_SUCDi	-1.200e+01
reaction gibbs energy	R_SUCOAS	0.000e+00
reaction gibbs energy	R_TALA	0.000e+00
reaction gibbs energy	R_TKT1	0.000e+00
reaction gibbs energy	R_TKT2	0.000e+00
reaction gibbs energy	R_TPI	0.000e+00
reaction gibbs energy	R_FBA	0.000e+00
reaction gibbs energy	R_FBP	-2.612e+01
reaction gibbs energy	R_FRD7	0.000e+00
reaction gibbs energy	R_FUM	-3.248e+00
reaction gibbs energy	R_G6PDH2r	0.000e+00
reaction gibbs energy	R_GAPD	0.000e+00
reaction gibbs energy	R_GLNS	0.000e+00
reaction gibbs energy	R_GLUDy	0.000e+00
reaction gibbs energy	R_GLUN	0.000e+00
reaction gibbs energy	R_GLUSy	0.000e+00
reaction gibbs energy	R_GND	0.000e+00
reaction gibbs energy	R_ICDHyr	0.000e+00
reaction gibbs energy	R_ICL	-9.096e+00
reaction gibbs energy	R_LDH_D	0.000e+00
reaction gibbs energy	R_MALS	-1.843e+01
reaction gibbs energy	R_MDH	0.000e+00
reaction gibbs energy	R_ME1	0.000e+00
reaction gibbs energy	R_ME2	-5.533e+00
reaction gibbs energy	R_NADTRHD	-1.011e+01
reaction gibbs energy	R_PDH	-4.918e+01

