!!!SBtab DocumentName='report' SBtabVersion='1.0' Date='2022-6-9'
!!SBtab TableID='Predicted concentrations' TableType='Quantity' TableName='Predicted concentrations' SBtabVersion='1.0' Unit='M'
!QuantityType	!Compound	!Value
concentration	M_h2o_c	1.000e+00
concentration	M_atp_c	2.427e-03
concentration	M_nadp_c	6.748e-06
concentration	M_nadph_c	4.975e-05
concentration	M_adp_c	2.609e-04
concentration	M_nad_c	1.938e-03
concentration	M_pi_c	9.015e-03
concentration	M_nadh_c	4.502e-06
concentration	M_coa_c	1.077e-02
concentration	M_co2_c	7.443e-05
concentration	M_amp_c	2.677e-04
concentration	M_nh4_c	1.530e-05
concentration	M_akg_c	2.920e-04
concentration	M_accoa_c	5.229e-04
concentration	M_pyr_c	1.558e-03
concentration	M_succ_c	4.062e-04
concentration	M_ac_c	1.000e-02
concentration	M_gln__L_c	2.091e-03
concentration	M_for_c	1.000e-04
concentration	M_oaa_c	1.988e-04
concentration	M_glx_c	1.000e-04
concentration	M_pep_c	1.631e-04
concentration	M_g3p_c	3.800e-05
concentration	M_acald_c	1.000e-04
concentration	M_dhap_c	8.295e-04
concentration	M_succoa_c	3.901e-04
concentration	M_fum_c	1.570e-03
concentration	M_mal__L_c	1.391e-03
concentration	M_r5p_c	9.824e-05
concentration	M_3pg_c	1.614e-03
concentration	M_cit_c	2.397e-03
concentration	M_ru5p__D_c	2.545e-04
concentration	M_g6p_c	4.864e-04
concentration	M_q8_c	2.452e-05
concentration	M_xu5p__D_c	2.042e-04
concentration	M_q8h2_c	4.078e-04
concentration	M_e4p_c	1.341e-05
concentration	M_13dpg_c	2.169e-05
concentration	M_s7p_c	7.325e-04
concentration	M_2pg_c	9.710e-05
concentration	M_actp_c	1.020e-03
concentration	M_lac__D_c	4.905e-04
concentration	M_etoh_c	1.000e-04
concentration	M_6pgc_c	9.979e-05
concentration	M_fdp_c	6.804e-04
concentration	M_6pgl_c	2.081e-05
concentration	M_acon_C_c	2.661e-05
concentration	M_glu__L_c	2.201e-02
concentration	M_icit_c	1.206e-05
concentration	M_f6p_c	2.216e-04

!!SBtab TableID='Predicted Gibbs energies' TableType='Quantity' TableName='Predicted Gibbs energies' SBtabVersion='1.0' Unit='kJ/mol'
!QuantityType	!Reaction	!Value
reaction gibbs energy	R_PFK	-1.855e+01
reaction gibbs energy	R_PFL	0.000e+00
reaction gibbs energy	R_PGI	0.000e+00
reaction gibbs energy	R_PGK	-3.260e+00
reaction gibbs energy	R_PGL	-1.984e+01
reaction gibbs energy	R_ACALD	0.000e+00
reaction gibbs energy	R_PGM	-2.564e+00
reaction gibbs energy	R_ALCD2x	0.000e+00
reaction gibbs energy	R_ACKr	-1.274e+00
reaction gibbs energy	R_PPC	-2.677e+01
reaction gibbs energy	R_ACONTa	-2.452e+00
reaction gibbs energy	R_ACONTb	-3.450e+00
reaction gibbs energy	R_ATPM	0.000e+00
reaction gibbs energy	R_PPCK	0.000e+00
reaction gibbs energy	R_PPS	0.000e+00
reaction gibbs energy	R_ADK1	0.000e+00
reaction gibbs energy	R_AKGDH	0.000e+00
reaction gibbs energy	R_PTAr	-7.583e+00
reaction gibbs energy	R_PYK	-1.550e+01
reaction gibbs energy	R_RPE	-3.916e+00
reaction gibbs energy	R_CS	-2.340e+01
reaction gibbs energy	R_RPI	-4.479e+00
reaction gibbs energy	R_ENO	-2.578e+00
reaction gibbs energy	R_SUCDi	-1.417e+01
reaction gibbs energy	R_SUCOAS	0.000e+00
reaction gibbs energy	R_TALA	-6.520e+00
reaction gibbs energy	R_TKT1	-3.001e+00
reaction gibbs energy	R_TKT2	-7.522e+00
reaction gibbs energy	R_TPI	-2.082e+00
reaction gibbs energy	R_FBA	-2.187e+00
reaction gibbs energy	R_FBP	0.000e+00
reaction gibbs energy	R_FRD7	0.000e+00
reaction gibbs energy	R_FUM	-3.728e+00
reaction gibbs energy	R_G6PDH2r	-7.949e+00
reaction gibbs energy	R_GAPD	-1.652e+00
reaction gibbs energy	R_GLNS	-9.827e+00
reaction gibbs energy	R_GLUDy	0.000e+00
reaction gibbs energy	R_GLUN	0.000e+00
reaction gibbs energy	R_GLUSy	-3.793e+01
reaction gibbs energy	R_GND	-5.883e+00
reaction gibbs energy	R_ICDHyr	-5.298e+00
reaction gibbs energy	R_ICL	0.000e+00
reaction gibbs energy	R_LDH_D	-1.007e+01
reaction gibbs energy	R_MALS	0.000e+00
reaction gibbs energy	R_MDH	0.000e+00
reaction gibbs energy	R_ME1	-2.607e+01
reaction gibbs energy	R_ME2	0.000e+00
reaction gibbs energy	R_NADTRHD	-2.007e+01
reaction gibbs energy	R_PDH	0.000e+00

