!!!SBtab DocumentName='report' SBtabVersion='1.0' Date='2022-6-9'
!!SBtab TableID='Predicted concentrations' TableType='Quantity' TableName='Predicted concentrations' SBtabVersion='1.0' Unit='M'
!QuantityType	!Compound	!Value
concentration	M_h2o_c	1.000e+00
concentration	M_atp_c	2.427e-03
concentration	M_nadp_c	6.718e-06
concentration	M_nadph_c	4.993e-05
concentration	M_adp_c	2.609e-04
concentration	M_nad_c	1.645e-03
concentration	M_pi_c	7.286e-03
concentration	M_nadh_c	8.989e-06
concentration	M_coa_c	3.371e-03
concentration	M_co2_c	8.120e-05
concentration	M_amp_c	2.697e-04
concentration	M_nh4_c	1.248e-05
concentration	M_akg_c	2.871e-04
concentration	M_accoa_c	6.121e-04
concentration	M_pyr_c	9.372e-04
concentration	M_succ_c	4.124e-04
concentration	M_ac_c	1.000e-02
concentration	M_gln__L_c	2.104e-03
concentration	M_for_c	9.999e-05
concentration	M_oaa_c	2.008e-04
concentration	M_glx_c	9.999e-05
concentration	M_pep_c	2.561e-04
concentration	M_g3p_c	1.746e-04
concentration	M_acald_c	9.999e-05
concentration	M_dhap_c	5.698e-04
concentration	M_succoa_c	3.901e-04
concentration	M_fum_c	1.581e-03
concentration	M_mal__L_c	1.532e-03
concentration	M_r5p_c	1.454e-04
concentration	M_3pg_c	1.502e-03
concentration	M_cit_c	2.391e-03
concentration	M_ru5p__D_c	2.882e-04
concentration	M_g6p_c	3.595e-04
concentration	M_q8_c	2.506e-05
concentration	M_xu5p__D_c	3.225e-04
concentration	M_q8h2_c	3.990e-04
concentration	M_e4p_c	1.366e-05
concentration	M_13dpg_c	2.601e-05
concentration	M_s7p_c	5.596e-04
concentration	M_2pg_c	9.999e-05
concentration	M_actp_c	1.020e-03
concentration	M_lac__D_c	9.999e-05
concentration	M_etoh_c	9.999e-05
concentration	M_6pgc_c	9.896e-05
concentration	M_fdp_c	1.730e-04
concentration	M_6pgl_c	2.103e-05
concentration	M_acon_C_c	2.633e-05
concentration	M_glu__L_c	2.203e-02
concentration	M_icit_c	1.260e-05
concentration	M_f6p_c	2.941e-04

!!SBtab TableID='Predicted Gibbs energies' TableType='Quantity' TableName='Predicted Gibbs energies' SBtabVersion='1.0' Unit='kJ/mol'
!QuantityType	!Reaction	!Value
reaction gibbs energy	R_PFK	0.000e+00
reaction gibbs energy	R_PFL	0.000e+00
reaction gibbs energy	R_PGI	-2.068e+00
reaction gibbs energy	R_PGK	-3.889e+00
reaction gibbs energy	R_PGL	-1.988e+01
reaction gibbs energy	R_ACALD	0.000e+00
reaction gibbs energy	R_PGM	0.000e+00
reaction gibbs energy	R_ALCD2x	0.000e+00
reaction gibbs energy	R_ACKr	-1.274e+00
reaction gibbs energy	R_PPC	-2.860e+01
reaction gibbs energy	R_ACONTa	-2.471e+00
reaction gibbs energy	R_ACONTb	-3.315e+00
reaction gibbs energy	R_ATPM	0.000e+00
reaction gibbs energy	R_PPCK	0.000e+00
reaction gibbs energy	R_PPS	-2.273e+01
reaction gibbs energy	R_ADK1	-5.515e+00
reaction gibbs energy	R_AKGDH	0.000e+00
reaction gibbs energy	R_PTAr	-4.843e+00
reaction gibbs energy	R_PYK	0.000e+00
reaction gibbs energy	R_RPE	-3.093e+00
reaction gibbs energy	R_CS	-2.670e+01
reaction gibbs energy	R_RPI	-3.816e+00
reaction gibbs energy	R_ENO	0.000e+00
reaction gibbs energy	R_SUCDi	-1.430e+01
reaction gibbs energy	R_SUCOAS	0.000e+00
reaction gibbs energy	R_TALA	-8.884e+00
reaction gibbs energy	R_TKT1	-1.993e+00
reaction gibbs energy	R_TKT2	-4.220e+00
reaction gibbs energy	R_TPI	-2.626e+00
reaction gibbs energy	R_FBA	-4.053e+00
reaction gibbs energy	R_FBP	-2.347e+01
reaction gibbs energy	R_FRD7	0.000e+00
reaction gibbs energy	R_FUM	-3.506e+00
reaction gibbs energy	R_G6PDH2r	-7.155e+00
reaction gibbs energy	R_GAPD	-2.332e+00
reaction gibbs energy	R_GLNS	-9.837e+00
reaction gibbs energy	R_GLUDy	0.000e+00
reaction gibbs energy	R_GLUN	0.000e+00
reaction gibbs energy	R_GLUSy	-3.792e+01
reaction gibbs energy	R_GND	-5.318e+00
reaction gibbs energy	R_ICDHyr	-5.213e+00
reaction gibbs energy	R_ICL	0.000e+00
reaction gibbs energy	R_LDH_D	0.000e+00
reaction gibbs energy	R_MALS	0.000e+00
reaction gibbs energy	R_MDH	0.000e+00
reaction gibbs energy	R_ME1	0.000e+00
reaction gibbs energy	R_ME2	-7.266e+00
reaction gibbs energy	R_NADTRHD	-1.797e+01
reaction gibbs energy	R_PDH	-5.675e+01

