!!!SBtab DocumentName='report' SBtabVersion='1.0' Date='2022-6-9'
!!SBtab TableID='Predicted concentrations' TableType='Quantity' TableName='Predicted concentrations' SBtabVersion='1.0' Unit='M'
!QuantityType	!Compound	!Value
concentration	M_h2o_c	1.000e+00
concentration	M_atp_c	2.427e-03
concentration	M_nadp_c	6.808e-06
concentration	M_nadph_c	4.748e-05
concentration	M_adp_c	2.609e-04
concentration	M_nad_c	1.816e-03
concentration	M_pi_c	8.525e-03
concentration	M_nadh_c	6.001e-06
concentration	M_coa_c	5.777e-04
concentration	M_co2_c	2.756e-04
concentration	M_amp_c	2.713e-04
concentration	M_nh4_c	1.204e-05
concentration	M_akg_c	2.366e-04
concentration	M_accoa_c	3.451e-04
concentration	M_pyr_c	1.117e-03
concentration	M_succ_c	2.918e-04
concentration	M_ac_c	1.000e-02
concentration	M_gln__L_c	2.078e-03
concentration	M_for_c	9.999e-05
concentration	M_oaa_c	2.339e-04
concentration	M_glx_c	9.999e-05
concentration	M_pep_c	6.167e-04
concentration	M_g3p_c	4.880e-05
concentration	M_acald_c	9.999e-05
concentration	M_dhap_c	7.956e-04
concentration	M_succoa_c	9.990e-04
concentration	M_fum_c	1.546e-03
concentration	M_mal__L_c	1.374e-03
concentration	M_r5p_c	9.434e-05
concentration	M_3pg_c	1.020e-03
concentration	M_cit_c	2.227e-03
concentration	M_ru5p__D_c	2.236e-04
concentration	M_g6p_c	4.851e-04
concentration	M_q8_c	2.335e-05
concentration	M_xu5p__D_c	2.164e-04
concentration	M_q8h2_c	4.283e-04
concentration	M_e4p_c	1.346e-05
concentration	M_13dpg_c	2.262e-05
concentration	M_s7p_c	7.609e-04
concentration	M_2pg_c	1.399e-04
concentration	M_actp_c	1.020e-03
concentration	M_lac__D_c	9.999e-05
concentration	M_etoh_c	9.999e-05
concentration	M_6pgc_c	1.136e-04
concentration	M_fdp_c	6.448e-04
concentration	M_6pgl_c	2.407e-05
concentration	M_acon_C_c	2.871e-05
concentration	M_glu__L_c	2.246e-02
concentration	M_icit_c	1.638e-05
concentration	M_f6p_c	2.150e-04

!!SBtab TableID='Predicted Gibbs energies' TableType='Quantity' TableName='Predicted Gibbs energies' SBtabVersion='1.0' Unit='kJ/mol'
!QuantityType	!Reaction	!Value
reaction gibbs energy	R_PFK	-1.881e+01
reaction gibbs energy	R_PFL	0.000e+00
reaction gibbs energy	R_PGI	0.000e+00
reaction gibbs energy	R_PGK	-4.558e+00
reaction gibbs energy	R_PGL	-2.003e+01
reaction gibbs energy	R_ACALD	0.000e+00
reaction gibbs energy	R_PGM	-5.939e-01
reaction gibbs energy	R_ALCD2x	0.000e+00
reaction gibbs energy	R_ACKr	-5.939e-01
reaction gibbs energy	R_PPC	-3.395e+01
reaction gibbs energy	R_ACONTa	-2.076e+00
reaction gibbs energy	R_ACONTb	-2.900e+00
reaction gibbs energy	R_ATPM	0.000e+00
reaction gibbs energy	R_PPCK	0.000e+00
reaction gibbs energy	R_PPS	-2.053e+01
reaction gibbs energy	R_ADK1	-5.531e+00
reaction gibbs energy	R_AKGDH	-4.042e+01
reaction gibbs energy	R_PTAr	-2.059e+00
reaction gibbs energy	R_PYK	0.000e+00
reaction gibbs energy	R_RPE	-3.525e+00
reaction gibbs energy	R_CS	-3.035e+01
reaction gibbs energy	R_RPI	-4.275e+00
reaction gibbs energy	R_ENO	-5.939e-01
reaction gibbs energy	R_SUCDi	-1.322e+01
reaction gibbs energy	R_SUCOAS	-2.510e+00
reaction gibbs energy	R_TALA	-7.346e+00
reaction gibbs energy	R_TKT1	-2.421e+00
reaction gibbs energy	R_TKT2	0.000e+00
reaction gibbs energy	R_TPI	-1.544e+00
reaction gibbs energy	R_FBA	-1.715e+00
reaction gibbs energy	R_FBP	0.000e+00
reaction gibbs energy	R_FRD7	0.000e+00
reaction gibbs energy	R_FUM	-3.718e+00
reaction gibbs energy	R_G6PDH2r	-7.659e+00
reaction gibbs energy	R_GAPD	-1.179e+00
reaction gibbs energy	R_GLNS	-9.479e+00
reaction gibbs energy	R_GLUDy	0.000e+00
reaction gibbs energy	R_GLUN	0.000e+00
reaction gibbs energy	R_GLUSy	-3.727e+01
reaction gibbs energy	R_GND	-2.996e+00
reaction gibbs energy	R_ICDHyr	-3.061e+00
reaction gibbs energy	R_ICL	0.000e+00
reaction gibbs energy	R_LDH_D	0.000e+00
reaction gibbs energy	R_MALS	0.000e+00
reaction gibbs energy	R_MDH	0.000e+00
reaction gibbs energy	R_ME1	-2.218e+01
reaction gibbs energy	R_ME2	0.000e+00
reaction gibbs energy	R_NADTRHD	0.000e+00
reaction gibbs energy	R_PDH	-5.322e+01

