!!!SBtab DocumentName='report' SBtabVersion='1.0' Date='2022-6-9'
!!SBtab TableID='Predicted concentrations' TableType='Quantity' TableName='Predicted concentrations' SBtabVersion='1.0' Unit='M'
!QuantityType	!Compound	!Value
concentration	M_h2o_c	1.000e+00
concentration	M_atp_c	1.862e-03
concentration	M_nadp_c	6.713e-06
concentration	M_nadph_c	4.851e-05
concentration	M_adp_c	3.410e-04
concentration	M_nad_c	1.501e-03
concentration	M_pi_c	6.294e-03
concentration	M_nadh_c	2.356e-04
concentration	M_coa_c	2.304e-04
concentration	M_co2_c	1.041e-04
concentration	M_amp_c	2.744e-04
concentration	M_nh4_c	1.349e-05
concentration	M_akg_c	2.483e-04
concentration	M_accoa_c	6.453e-04
concentration	M_pyr_c	9.088e-04
concentration	M_succ_c	3.521e-04
concentration	M_ac_c	9.999e-05
concentration	M_gln__L_c	2.114e-03
concentration	M_for_c	9.999e-05
concentration	M_oaa_c	1.069e-04
concentration	M_glx_c	9.999e-05
concentration	M_pep_c	6.167e-04
concentration	M_g3p_c	1.489e-04
concentration	M_acald_c	9.999e-05
concentration	M_dhap_c	4.881e-04
concentration	M_succoa_c	7.563e-04
concentration	M_fum_c	1.603e-03
concentration	M_mal__L_c	1.400e-03
concentration	M_r5p_c	1.380e-04
concentration	M_3pg_c	1.020e-03
concentration	M_cit_c	2.383e-03
concentration	M_ru5p__D_c	2.717e-04
concentration	M_g6p_c	3.504e-04
concentration	M_q8_c	2.012e-05
concentration	M_xu5p__D_c	3.059e-04
concentration	M_q8h2_c	4.968e-04
concentration	M_e4p_c	1.367e-05
concentration	M_13dpg_c	3.132e-05
concentration	M_s7p_c	5.795e-04
concentration	M_2pg_c	1.322e-04
concentration	M_actp_c	1.442e-03
concentration	M_lac__D_c	1.041e-03
concentration	M_etoh_c	9.999e-05
concentration	M_6pgc_c	1.060e-04
concentration	M_fdp_c	1.494e-04
concentration	M_6pgl_c	1.599e-05
concentration	M_acon_C_c	2.546e-05
concentration	M_glu__L_c	2.203e-02
concentration	M_icit_c	1.261e-05
concentration	M_f6p_c	3.091e-04

!!SBtab TableID='Predicted Gibbs energies' TableType='Quantity' TableName='Predicted Gibbs energies' SBtabVersion='1.0' Unit='kJ/mol'
!QuantityType	!Reaction	!Value
reaction gibbs energy	R_PFK	0.000e+00
reaction gibbs energy	R_PFL	0.000e+00
reaction gibbs energy	R_PGI	-2.191e+00
reaction gibbs energy	R_PGK	0.000e+00
reaction gibbs energy	R_PGL	-1.934e+01
reaction gibbs energy	R_ACALD	0.000e+00
reaction gibbs energy	R_PGM	-1.384e+00
reaction gibbs energy	R_ALCD2x	0.000e+00
reaction gibbs energy	R_ACKr	0.000e+00
reaction gibbs energy	R_PPC	-3.494e+01
reaction gibbs energy	R_ACONTa	-2.499e+00
reaction gibbs energy	R_ACONTb	-3.296e+00
reaction gibbs energy	R_ATPM	0.000e+00
reaction gibbs energy	R_PPCK	0.000e+00
reaction gibbs energy	R_PPS	-2.010e+01
reaction gibbs energy	R_ADK1	-3.550e+00
reaction gibbs energy	R_AKGDH	-3.170e+01
reaction gibbs energy	R_PTAr	0.000e+00
reaction gibbs energy	R_PYK	0.000e+00
reaction gibbs energy	R_RPE	-3.223e+00
reaction gibbs energy	R_CS	-3.234e+01
reaction gibbs energy	R_RPI	-3.833e+00
reaction gibbs energy	R_ENO	-1.384e+00
reaction gibbs energy	R_SUCDi	-1.265e+01
reaction gibbs energy	R_SUCOAS	-4.148e+00
reaction gibbs energy	R_TALA	-8.544e+00
reaction gibbs energy	R_TKT1	-2.223e+00
reaction gibbs energy	R_TKT2	-4.543e+00
reaction gibbs energy	R_TPI	-2.319e+00
reaction gibbs energy	R_FBA	-3.355e+00
reaction gibbs energy	R_FBP	-2.330e+01
reaction gibbs energy	R_FRD7	0.000e+00
reaction gibbs energy	R_FUM	-3.760e+00
reaction gibbs energy	R_G6PDH2r	-7.728e+00
reaction gibbs energy	R_GAPD	0.000e+00
reaction gibbs energy	R_GLNS	-9.129e+00
reaction gibbs energy	R_GLUDy	0.000e+00
reaction gibbs energy	R_GLUN	0.000e+00
reaction gibbs energy	R_GLUSy	-3.775e+01
reaction gibbs energy	R_GND	-4.319e+00
reaction gibbs energy	R_ICDHyr	-4.234e+00
reaction gibbs energy	R_ICL	0.000e+00
reaction gibbs energy	R_LDH_D	-1.731e+01
reaction gibbs energy	R_MALS	0.000e+00
reaction gibbs energy	R_MDH	0.000e+00
reaction gibbs energy	R_ME1	-1.514e+01
reaction gibbs energy	R_ME2	0.000e+00
reaction gibbs energy	R_NADTRHD	-9.596e+00
reaction gibbs energy	R_PDH	-4.276e+01

