!!!SBtab DocumentName='report' SBtabVersion='1.0' Date='2022-6-9'
!!SBtab TableID='Predicted concentrations' TableType='Quantity' TableName='Predicted concentrations' SBtabVersion='1.0' Unit='M'
!QuantityType	!Compound	!Value
concentration	M_h2o_c	1.000e+00
concentration	M_atp_c	2.220e-03
concentration	M_nadp_c	6.964e-06
concentration	M_nadph_c	4.509e-05
concentration	M_adp_c	2.693e-04
concentration	M_nad_c	2.132e-03
concentration	M_pi_c	9.449e-03
concentration	M_nadh_c	4.183e-06
concentration	M_coa_c	1.435e-03
concentration	M_co2_c	7.970e-06
concentration	M_amp_c	3.467e-04
concentration	M_nh4_c	2.411e-05
concentration	M_akg_c	2.368e-04
concentration	M_accoa_c	6.661e-04
concentration	M_pyr_c	1.066e-03
concentration	M_succ_c	4.151e-04
concentration	M_ac_c	1.000e-04
concentration	M_gln__L_c	2.078e-03
concentration	M_for_c	1.000e-04
concentration	M_oaa_c	1.089e-04
concentration	M_glx_c	1.000e-04
concentration	M_pep_c	2.556e-04
concentration	M_g3p_c	2.600e-04
concentration	M_acald_c	1.000e-04
concentration	M_dhap_c	3.120e-04
concentration	M_succoa_c	3.901e-04
concentration	M_fum_c	2.682e-03
concentration	M_mal__L_c	8.578e-04
concentration	M_r5p_c	1.660e-04
concentration	M_3pg_c	1.083e-03
concentration	M_cit_c	3.603e-03
concentration	M_ru5p__D_c	4.803e-04
concentration	M_g6p_c	2.608e-04
concentration	M_q8_c	2.819e-05
concentration	M_xu5p__D_c	4.198e-04
concentration	M_q8h2_c	3.547e-04
concentration	M_e4p_c	1.859e-05
concentration	M_13dpg_c	3.492e-05
concentration	M_s7p_c	4.283e-04
concentration	M_2pg_c	1.000e-04
concentration	M_actp_c	1.442e-03
concentration	M_lac__D_c	1.000e-04
concentration	M_etoh_c	1.000e-04
concentration	M_6pgc_c	1.084e-04
concentration	M_fdp_c	8.503e-05
concentration	M_6pgl_c	6.364e-06
concentration	M_acon_C_c	1.380e-05
concentration	M_glu__L_c	2.254e-02
concentration	M_icit_c	3.469e-06
concentration	M_f6p_c	4.151e-04

!!SBtab TableID='Predicted Gibbs energies' TableType='Quantity' TableName='Predicted Gibbs energies' SBtabVersion='1.0' Unit='kJ/mol'
!QuantityType	!Reaction	!Value
reaction gibbs energy	R_PFK	0.000e+00
reaction gibbs energy	R_PFL	0.000e+00
reaction gibbs energy	R_PGI	-5.628e+00
reaction gibbs energy	R_PGK	-5.789e+00
reaction gibbs energy	R_PGL	-1.560e+01
reaction gibbs energy	R_ACALD	0.000e+00
reaction gibbs energy	R_PGM	0.000e+00
reaction gibbs energy	R_ALCD2x	0.000e+00
reaction gibbs energy	R_ACKr	0.000e+00
reaction gibbs energy	R_PPC	-2.469e+01
reaction gibbs energy	R_ACONTa	-5.628e+00
reaction gibbs energy	R_ACONTb	-5.628e+00
reaction gibbs energy	R_ATPM	0.000e+00
reaction gibbs energy	R_PPCK	0.000e+00
reaction gibbs energy	R_PPS	-2.159e+01
reaction gibbs energy	R_ADK1	-5.714e+00
reaction gibbs energy	R_AKGDH	0.000e+00
reaction gibbs energy	R_PTAr	0.000e+00
reaction gibbs energy	R_PYK	0.000e+00
reaction gibbs energy	R_RPE	-5.628e+00
reaction gibbs energy	R_CS	-2.669e+01
reaction gibbs energy	R_RPI	-5.628e+00
reaction gibbs energy	R_ENO	0.000e+00
reaction gibbs energy	R_SUCDi	-1.333e+01
reaction gibbs energy	R_SUCOAS	0.000e+00
reaction gibbs energy	R_TALA	-5.870e+00
reaction gibbs energy	R_TKT1	-5.628e+00
reaction gibbs energy	R_TKT2	-5.628e+00
reaction gibbs energy	R_TPI	-5.628e+00
reaction gibbs energy	R_FBA	-5.690e+00
reaction gibbs energy	R_FBP	-1.982e+01
reaction gibbs energy	R_FRD7	0.000e+00
reaction gibbs energy	R_FUM	-6.262e+00
reaction gibbs energy	R_G6PDH2r	-9.466e+00
reaction gibbs energy	R_GAPD	-5.801e+00
reaction gibbs energy	R_GLNS	-1.059e+01
reaction gibbs energy	R_GLUDy	0.000e+00
reaction gibbs energy	R_GLUN	0.000e+00
reaction gibbs energy	R_GLUSy	-3.688e+01
reaction gibbs energy	R_GND	-8.391e+00
reaction gibbs energy	R_ICDHyr	-7.441e+00
reaction gibbs energy	R_ICL	0.000e+00
reaction gibbs energy	R_LDH_D	0.000e+00
reaction gibbs energy	R_MALS	0.000e+00
reaction gibbs energy	R_MDH	0.000e+00
reaction gibbs energy	R_ME1	-3.081e+01
reaction gibbs energy	R_ME2	0.000e+00
reaction gibbs energy	R_NADTRHD	0.000e+00
reaction gibbs energy	R_PDH	-6.432e+01

