!!!SBtab DocumentName='report' SBtabVersion='1.0' Date='2022-6-9'
!!SBtab TableID='Predicted concentrations' TableType='Quantity' TableName='Predicted concentrations' SBtabVersion='1.0' Unit='M'
!QuantityType	!Compound	!Value
concentration	M_h2o_c	1.000e+00
concentration	M_atp_c	2.427e-03
concentration	M_nadp_c	6.618e-06
concentration	M_nadph_c	5.393e-05
concentration	M_adp_c	2.609e-04
concentration	M_nad_c	1.593e-03
concentration	M_pi_c	2.040e-03
concentration	M_nadh_c	1.243e-05
concentration	M_coa_c	3.711e-03
concentration	M_co2_c	1.259e-04
concentration	M_amp_c	2.677e-04
concentration	M_nh4_c	3.416e-06
concentration	M_akg_c	2.899e-04
concentration	M_accoa_c	6.116e-04
concentration	M_pyr_c	1.653e-03
concentration	M_succ_c	4.036e-04
concentration	M_ac_c	1.000e-02
concentration	M_gln__L_c	2.138e-03
concentration	M_for_c	1.000e-04
concentration	M_oaa_c	2.472e-06
concentration	M_glx_c	1.000e-04
concentration	M_pep_c	6.167e-04
concentration	M_g3p_c	9.054e-05
concentration	M_acald_c	1.000e-04
concentration	M_dhap_c	5.358e-04
concentration	M_succoa_c	3.901e-04
concentration	M_fum_c	1.545e-03
concentration	M_mal__L_c	2.671e-03
concentration	M_r5p_c	1.046e-04
concentration	M_3pg_c	2.172e-03
concentration	M_cit_c	1.884e-03
concentration	M_ru5p__D_c	2.081e-04
concentration	M_g6p_c	4.219e-04
concentration	M_q8_c	1.863e-05
concentration	M_xu5p__D_c	2.288e-04
concentration	M_q8h2_c	5.369e-04
concentration	M_e4p_c	1.354e-05
concentration	M_13dpg_c	1.826e-05
concentration	M_s7p_c	7.051e-04
concentration	M_2pg_c	2.040e-04
concentration	M_actp_c	1.020e-03
concentration	M_lac__D_c	1.000e-03
concentration	M_etoh_c	1.000e-04
concentration	M_6pgc_c	9.717e-05
concentration	M_fdp_c	1.625e-04
concentration	M_6pgl_c	1.916e-05
concentration	M_acon_C_c	3.009e-05
concentration	M_glu__L_c	2.183e-02
concentration	M_icit_c	1.782e-05
concentration	M_f6p_c	2.806e-04

!!SBtab TableID='Predicted Gibbs energies' TableType='Quantity' TableName='Predicted Gibbs energies' SBtabVersion='1.0' Unit='kJ/mol'
!QuantityType	!Reaction	!Value
reaction gibbs energy	R_PFK	0.000e+00
reaction gibbs energy	R_PFL	0.000e+00
reaction gibbs energy	R_PGI	-1.491e+00
reaction gibbs energy	R_PGK	3.192e-01
reaction gibbs energy	R_PGL	-1.987e+01
reaction gibbs energy	R_ACALD	0.000e+00
reaction gibbs energy	R_PGM	3.192e-01
reaction gibbs energy	R_ALCD2x	0.000e+00
reaction gibbs energy	R_ACKr	3.192e-01
reaction gibbs energy	R_PPC	0.000e+00
reaction gibbs energy	R_ACONTa	-1.539e+00
reaction gibbs energy	R_ACONTb	-2.813e+00
reaction gibbs energy	R_ATPM	0.000e+00
reaction gibbs energy	R_PPCK	-2.359e+00
reaction gibbs energy	R_PPS	0.000e+00
reaction gibbs energy	R_ADK1	0.000e+00
reaction gibbs energy	R_AKGDH	0.000e+00
reaction gibbs energy	R_PTAr	-9.575e+00
reaction gibbs energy	R_PYK	-1.891e+01
reaction gibbs energy	R_RPE	-3.208e+00
reaction gibbs energy	R_CS	-1.638e+01
reaction gibbs energy	R_RPI	-3.841e+00
reaction gibbs energy	R_ENO	3.192e-01
reaction gibbs energy	R_SUCDi	-1.269e+01
reaction gibbs energy	R_SUCOAS	0.000e+00
reaction gibbs energy	R_TALA	-8.013e+00
reaction gibbs energy	R_TKT1	-1.470e+00
reaction gibbs energy	R_TKT2	-5.180e+00
reaction gibbs energy	R_TPI	-8.773e-01
reaction gibbs energy	R_FBA	-2.166e+00
reaction gibbs energy	R_FBP	-2.650e+01
reaction gibbs energy	R_FRD7	0.000e+00
reaction gibbs energy	R_FUM	-2.068e+00
reaction gibbs energy	R_G6PDH2r	-7.469e+00
reaction gibbs energy	R_GAPD	-1.286e+00
reaction gibbs energy	R_GLNS	-9.759e+00
reaction gibbs energy	R_GLUDy	0.000e+00
reaction gibbs energy	R_GLUN	0.000e+00
reaction gibbs energy	R_GLUSy	-3.843e+01
reaction gibbs energy	R_GND	-4.143e+00
reaction gibbs energy	R_ICDHyr	-4.120e+00
reaction gibbs energy	R_ICL	0.000e+00
reaction gibbs energy	R_LDH_D	-1.145e+01
reaction gibbs energy	R_MALS	0.000e+00
reaction gibbs energy	R_MDH	-1.208e+00
reaction gibbs energy	R_ME1	0.000e+00
reaction gibbs energy	R_ME2	-5.160e+00
reaction gibbs energy	R_NADTRHD	0.000e+00
reaction gibbs energy	R_PDH	0.000e+00

