!!!SBtab DocumentName='report' SBtabVersion='1.0' Date='2022-6-9'
!!SBtab TableID='Predicted concentrations' TableType='Quantity' TableName='Predicted concentrations' SBtabVersion='1.0' Unit='M'
!QuantityType	!Compound	!Value
concentration	M_h2o_c	1.000e+00
concentration	M_atp_c	2.427e-03
concentration	M_nadp_c	6.684e-06
concentration	M_nadph_c	4.985e-05
concentration	M_adp_c	2.609e-04
concentration	M_nad_c	1.536e-03
concentration	M_pi_c	4.914e-03
concentration	M_nadh_c	3.617e-05
concentration	M_coa_c	2.095e-04
concentration	M_co2_c	1.661e-04
concentration	M_amp_c	2.670e-04
concentration	M_nh4_c	9.404e-06
concentration	M_akg_c	2.583e-04
concentration	M_accoa_c	6.775e-04
concentration	M_pyr_c	8.025e-04
concentration	M_succ_c	3.388e-04
concentration	M_ac_c	1.000e-04
concentration	M_gln__L_c	2.110e-03
concentration	M_for_c	1.000e-04
concentration	M_oaa_c	1.550e-06
concentration	M_glx_c	1.000e-04
concentration	M_pep_c	6.167e-04
concentration	M_g3p_c	9.595e-05
concentration	M_acald_c	1.000e-04
concentration	M_dhap_c	5.056e-04
concentration	M_succoa_c	8.205e-04
concentration	M_fum_c	2.031e-03
concentration	M_mal__L_c	4.334e-03
concentration	M_r5p_c	1.073e-04
concentration	M_3pg_c	2.056e-03
concentration	M_cit_c	2.018e-03
concentration	M_ru5p__D_c	2.152e-04
concentration	M_g6p_c	4.055e-04
concentration	M_q8_c	2.118e-05
concentration	M_xu5p__D_c	2.459e-04
concentration	M_q8h2_c	4.722e-04
concentration	M_e4p_c	1.364e-05
concentration	M_13dpg_c	1.826e-05
concentration	M_s7p_c	6.865e-04
concentration	M_2pg_c	1.947e-04
concentration	M_actp_c	1.442e-03
concentration	M_lac__D_c	7.807e-04
concentration	M_etoh_c	1.000e-04
concentration	M_6pgc_c	1.016e-04
concentration	M_fdp_c	1.519e-04
concentration	M_6pgl_c	2.815e-05
concentration	M_acon_C_c	2.930e-05
concentration	M_glu__L_c	2.154e-02
concentration	M_icit_c	1.789e-05
concentration	M_f6p_c	2.850e-04

!!SBtab TableID='Predicted Gibbs energies' TableType='Quantity' TableName='Predicted Gibbs energies' SBtabVersion='1.0' Unit='kJ/mol'
!QuantityType	!Reaction	!Value
reaction gibbs energy	R_PFK	0.000e+00
reaction gibbs energy	R_PFL	0.000e+00
reaction gibbs energy	R_PGI	-1.619e+00
reaction gibbs energy	R_PGK	-1.870e-02
reaction gibbs energy	R_PGL	-2.078e+01
reaction gibbs energy	R_ACALD	0.000e+00
reaction gibbs energy	R_PGM	-1.870e-02
reaction gibbs energy	R_ALCD2x	0.000e+00
reaction gibbs energy	R_ACKr	0.000e+00
reaction gibbs energy	R_PPC	-4.710e+01
reaction gibbs energy	R_ACONTa	-1.743e+00
reaction gibbs energy	R_ACONTb	-2.764e+00
reaction gibbs energy	R_ATPM	0.000e+00
reaction gibbs energy	R_PPCK	0.000e+00
reaction gibbs energy	R_PPS	-2.115e+01
reaction gibbs energy	R_ADK1	-5.464e+00
reaction gibbs energy	R_AKGDH	-3.477e+01
reaction gibbs energy	R_PTAr	0.000e+00
reaction gibbs energy	R_PYK	0.000e+00
reaction gibbs energy	R_RPE	-3.141e+00
reaction gibbs energy	R_CS	-2.260e+01
reaction gibbs energy	R_RPI	-3.867e+00
reaction gibbs energy	R_ENO	-1.870e-02
reaction gibbs energy	R_SUCDi	-1.198e+01
reaction gibbs energy	R_SUCOAS	-2.756e+00
reaction gibbs energy	R_TALA	-8.052e+00
reaction gibbs energy	R_TKT1	-1.671e+00
reaction gibbs energy	R_TKT2	0.000e+00
reaction gibbs energy	R_TPI	-1.120e+00
reaction gibbs energy	R_FBA	-2.289e+00
reaction gibbs energy	R_FBP	-2.413e+01
reaction gibbs energy	R_FRD7	0.000e+00
reaction gibbs energy	R_FUM	-1.546e+00
reaction gibbs energy	R_G6PDH2r	-6.612e+00
reaction gibbs energy	R_GAPD	-1.398e+00
reaction gibbs energy	R_GLNS	-1.010e+01
reaction gibbs energy	R_GLUDy	0.000e+00
reaction gibbs energy	R_GLUN	0.000e+00
reaction gibbs energy	R_GLUSy	-3.803e+01
reaction gibbs energy	R_GND	-3.539e+00
reaction gibbs energy	R_ICDHyr	-3.751e+00
reaction gibbs energy	R_ICL	0.000e+00
reaction gibbs energy	R_LDH_D	-1.302e+01
reaction gibbs energy	R_MALS	0.000e+00
reaction gibbs energy	R_MDH	-8.004e-01
reaction gibbs energy	R_ME1	0.000e+00
reaction gibbs energy	R_ME2	0.000e+00
reaction gibbs energy	R_NADTRHD	-1.436e+01
reaction gibbs energy	R_PDH	-4.539e+01

