!!!SBtab DocumentName='report' SBtabVersion='1.0' Date='2022-6-9'
!!SBtab TableID='Predicted concentrations' TableType='Quantity' TableName='Predicted concentrations' SBtabVersion='1.0' Unit='M'
!QuantityType	!Compound	!Value
concentration	M_h2o_c	1.000e+00
concentration	M_atp_c	2.427e-03
concentration	M_nadp_c	6.630e-06
concentration	M_nadph_c	5.308e-05
concentration	M_adp_c	2.609e-04
concentration	M_nad_c	1.865e-03
concentration	M_pi_c	8.309e-03
concentration	M_nadh_c	5.146e-06
concentration	M_coa_c	6.617e-04
concentration	M_co2_c	7.985e-05
concentration	M_amp_c	2.733e-04
concentration	M_nh4_c	1.276e-05
concentration	M_akg_c	2.636e-04
concentration	M_accoa_c	3.687e-04
concentration	M_pyr_c	1.167e-03
concentration	M_succ_c	3.022e-04
concentration	M_ac_c	1.000e-02
concentration	M_gln__L_c	2.092e-03
concentration	M_for_c	9.998e-05
concentration	M_oaa_c	1.425e-04
concentration	M_glx_c	9.998e-05
concentration	M_pep_c	6.167e-04
concentration	M_g3p_c	4.214e-05
concentration	M_acald_c	9.998e-05
concentration	M_dhap_c	7.664e-04
concentration	M_succoa_c	9.643e-04
concentration	M_fum_c	1.560e-03
concentration	M_mal__L_c	1.622e-03
concentration	M_r5p_c	9.004e-05
concentration	M_3pg_c	1.020e-03
concentration	M_cit_c	2.174e-03
concentration	M_ru5p__D_c	2.258e-04
concentration	M_g6p_c	3.739e-04
concentration	M_q8_c	1.746e-05
concentration	M_xu5p__D_c	2.088e-04
concentration	M_q8h2_c	5.725e-04
concentration	M_e4p_c	1.352e-05
concentration	M_13dpg_c	2.275e-05
concentration	M_s7p_c	7.906e-04
concentration	M_2pg_c	1.399e-04
concentration	M_actp_c	1.020e-03
concentration	M_lac__D_c	9.998e-05
concentration	M_etoh_c	9.998e-05
concentration	M_6pgc_c	9.719e-05
concentration	M_fdp_c	5.974e-04
concentration	M_6pgl_c	1.882e-05
concentration	M_acon_C_c	2.831e-05
concentration	M_glu__L_c	2.227e-02
concentration	M_icit_c	1.363e-05
concentration	M_f6p_c	2.785e-04

!!SBtab TableID='Predicted Gibbs energies' TableType='Quantity' TableName='Predicted Gibbs energies' SBtabVersion='1.0' Unit='kJ/mol'
!QuantityType	!Reaction	!Value
reaction gibbs energy	R_PFK	-1.964e+01
reaction gibbs energy	R_PFL	0.000e+00
reaction gibbs energy	R_PGI	-1.793e+00
reaction gibbs energy	R_PGK	-4.572e+00
reaction gibbs energy	R_PGL	-1.981e+01
reaction gibbs energy	R_ACALD	0.000e+00
reaction gibbs energy	R_PGM	-5.939e-01
reaction gibbs energy	R_ALCD2x	0.000e+00
reaction gibbs energy	R_ACKr	-5.939e-01
reaction gibbs energy	R_PPC	-3.217e+01
reaction gibbs energy	R_ACONTa	-2.051e+00
reaction gibbs energy	R_ACONTb	-3.321e+00
reaction gibbs energy	R_ATPM	0.000e+00
reaction gibbs energy	R_PPCK	0.000e+00
reaction gibbs energy	R_PPS	-2.068e+01
reaction gibbs energy	R_ADK1	-5.549e+00
reaction gibbs energy	R_AKGDH	-4.463e+01
reaction gibbs energy	R_PTAr	-2.295e+00
reaction gibbs energy	R_PYK	0.000e+00
reaction gibbs energy	R_RPE	-3.638e+00
reaction gibbs energy	R_CS	-2.901e+01
reaction gibbs energy	R_RPI	-4.415e+00
reaction gibbs energy	R_ENO	-5.939e-01
reaction gibbs energy	R_SUCDi	-1.184e+01
reaction gibbs energy	R_SUCOAS	-1.937e+00
reaction gibbs energy	R_TALA	-6.426e+00
reaction gibbs energy	R_TKT1	-2.486e+00
reaction gibbs energy	R_TKT2	0.000e+00
reaction gibbs energy	R_TPI	-1.815e+00
reaction gibbs energy	R_FBA	-1.982e+00
reaction gibbs energy	R_FBP	0.000e+00
reaction gibbs energy	R_FRD7	0.000e+00
reaction gibbs energy	R_FUM	-3.329e+00
reaction gibbs energy	R_G6PDH2r	-7.282e+00
reaction gibbs energy	R_GAPD	-1.185e+00
reaction gibbs energy	R_GLNS	-9.650e+00
reaction gibbs energy	R_GLUDy	0.000e+00
reaction gibbs energy	R_GLUN	0.000e+00
reaction gibbs energy	R_GLUSy	-3.794e+01
reaction gibbs energy	R_GND	-5.311e+00
reaction gibbs energy	R_ICDHyr	-5.066e+00
reaction gibbs energy	R_ICL	0.000e+00
reaction gibbs energy	R_LDH_D	0.000e+00
reaction gibbs energy	R_MALS	0.000e+00
reaction gibbs energy	R_MDH	0.000e+00
reaction gibbs energy	R_ME1	0.000e+00
reaction gibbs energy	R_ME2	-6.145e+00
reaction gibbs energy	R_NADTRHD	0.000e+00
reaction gibbs energy	R_PDH	0.000e+00

