!!!SBtab DocumentName='report' SBtabVersion='1.0' Date='2022-6-9'
!!SBtab TableID='Predicted concentrations' TableType='Quantity' TableName='Predicted concentrations' SBtabVersion='1.0' Unit='M'
!QuantityType	!Compound	!Value
concentration	M_h2o_c	1.000e+00
concentration	M_atp_c	2.427e-03
concentration	M_nadp_c	6.703e-06
concentration	M_nadph_c	5.005e-05
concentration	M_adp_c	2.609e-04
concentration	M_nad_c	1.989e-03
concentration	M_pi_c	8.657e-03
concentration	M_nadh_c	4.413e-06
concentration	M_coa_c	7.533e-04
concentration	M_co2_c	1.117e-04
concentration	M_amp_c	2.677e-04
concentration	M_nh4_c	8.656e-06
concentration	M_akg_c	2.557e-04
concentration	M_accoa_c	3.383e-04
concentration	M_pyr_c	1.465e-03
concentration	M_succ_c	2.860e-04
concentration	M_ac_c	1.000e-02
concentration	M_gln__L_c	2.116e-03
concentration	M_for_c	1.000e-04
concentration	M_oaa_c	2.488e-06
concentration	M_glx_c	1.000e-04
concentration	M_pep_c	1.683e-04
concentration	M_g3p_c	3.711e-05
concentration	M_acald_c	1.000e-04
concentration	M_dhap_c	7.980e-04
concentration	M_succoa_c	1.075e-03
concentration	M_fum_c	1.787e-03
concentration	M_mal__L_c	1.960e-03
concentration	M_r5p_c	9.231e-05
concentration	M_3pg_c	1.591e-03
concentration	M_cit_c	2.344e-03
concentration	M_ru5p__D_c	2.376e-04
concentration	M_g6p_c	4.828e-04
concentration	M_q8_c	1.965e-05
concentration	M_xu5p__D_c	2.056e-04
concentration	M_q8h2_c	5.090e-04
concentration	M_e4p_c	1.353e-05
concentration	M_13dpg_c	2.166e-05
concentration	M_s7p_c	7.591e-04
concentration	M_2pg_c	9.774e-05
concentration	M_actp_c	1.020e-03
concentration	M_lac__D_c	5.339e-04
concentration	M_etoh_c	1.000e-04
concentration	M_6pgc_c	1.016e-04
concentration	M_fdp_c	6.554e-04
concentration	M_6pgl_c	1.939e-05
concentration	M_acon_C_c	2.663e-05
concentration	M_glu__L_c	2.193e-02
concentration	M_icit_c	1.268e-05
concentration	M_f6p_c	2.197e-04

!!SBtab TableID='Predicted Gibbs energies' TableType='Quantity' TableName='Predicted Gibbs energies' SBtabVersion='1.0' Unit='kJ/mol'
!QuantityType	!Reaction	!Value
reaction gibbs energy	R_PFK	-1.862e+01
reaction gibbs energy	R_PFL	0.000e+00
reaction gibbs energy	R_PGI	0.000e+00
reaction gibbs energy	R_PGK	-3.293e+00
reaction gibbs energy	R_PGL	-1.962e+01
reaction gibbs energy	R_ACALD	0.000e+00
reaction gibbs energy	R_PGM	-2.512e+00
reaction gibbs energy	R_ALCD2x	0.000e+00
reaction gibbs energy	R_ACKr	-1.274e+00
reaction gibbs energy	R_PPC	0.000e+00
reaction gibbs energy	R_ACONTa	-2.394e+00
reaction gibbs energy	R_ACONTb	-3.327e+00
reaction gibbs energy	R_ATPM	0.000e+00
reaction gibbs energy	R_PPCK	0.000e+00
reaction gibbs energy	R_PPS	0.000e+00
reaction gibbs energy	R_ADK1	0.000e+00
reaction gibbs energy	R_AKGDH	-4.450e+01
reaction gibbs energy	R_PTAr	-2.171e+00
reaction gibbs energy	R_PYK	-1.573e+01
reaction gibbs energy	R_RPE	-3.730e+00
reaction gibbs energy	R_CS	-1.811e+01
reaction gibbs energy	R_RPI	-4.463e+00
reaction gibbs energy	R_ENO	-2.517e+00
reaction gibbs energy	R_SUCDi	-1.188e+01
reaction gibbs energy	R_SUCOAS	-2.164e+00
reaction gibbs energy	R_TALA	-6.550e+00
reaction gibbs energy	R_TKT1	-2.834e+00
reaction gibbs energy	R_TKT2	0.000e+00
reaction gibbs energy	R_TPI	-2.045e+00
reaction gibbs energy	R_FBA	-2.249e+00
reaction gibbs energy	R_FBP	0.000e+00
reaction gibbs energy	R_FRD7	0.000e+00
reaction gibbs energy	R_FUM	-3.200e+00
reaction gibbs energy	R_G6PDH2r	-8.074e+00
reaction gibbs energy	R_GAPD	-1.611e+00
reaction gibbs energy	R_GLNS	-8.479e+00
reaction gibbs energy	R_GLUDy	0.000e+00
reaction gibbs energy	R_GLUN	0.000e+00
reaction gibbs energy	R_GLUSy	-3.768e+01
reaction gibbs energy	R_GND	-5.057e+00
reaction gibbs energy	R_ICDHyr	-4.712e+00
reaction gibbs energy	R_ICL	0.000e+00
reaction gibbs energy	R_LDH_D	-9.596e+00
reaction gibbs energy	R_MALS	0.000e+00
reaction gibbs energy	R_MDH	-3.575e+00
reaction gibbs energy	R_ME1	0.000e+00
reaction gibbs energy	R_ME2	-5.967e+00
reaction gibbs energy	R_NADTRHD	-2.022e+01
reaction gibbs energy	R_PDH	0.000e+00

