!!!SBtab DocumentName='report' SBtabVersion='1.0' Date='2022-6-9'
!!SBtab TableID='Predicted concentrations' TableType='Quantity' TableName='Predicted concentrations' SBtabVersion='1.0' Unit='M'
!QuantityType	!Compound	!Value
concentration	M_h2o_c	1.000e+00
concentration	M_atp_c	2.427e-03
concentration	M_nadp_c	6.702e-06
concentration	M_nadph_c	5.064e-05
concentration	M_adp_c	2.609e-04
concentration	M_nad_c	1.969e-03
concentration	M_pi_c	8.836e-03
concentration	M_nadh_c	4.611e-06
concentration	M_coa_c	7.878e-04
concentration	M_co2_c	6.840e-05
concentration	M_amp_c	2.743e-04
concentration	M_nh4_c	1.426e-05
concentration	M_akg_c	2.684e-04
concentration	M_accoa_c	3.181e-04
concentration	M_pyr_c	1.071e-03
concentration	M_succ_c	2.739e-04
concentration	M_ac_c	1.000e-02
concentration	M_gln__L_c	2.092e-03
concentration	M_for_c	1.000e-04
concentration	M_oaa_c	1.949e-04
concentration	M_glx_c	1.000e-04
concentration	M_pep_c	2.556e-04
concentration	M_g3p_c	3.886e-05
concentration	M_acald_c	1.000e-04
concentration	M_dhap_c	8.312e-04
concentration	M_succoa_c	1.086e-03
concentration	M_fum_c	1.642e-03
concentration	M_mal__L_c	1.478e-03
concentration	M_r5p_c	9.540e-05
concentration	M_3pg_c	1.447e-03
concentration	M_cit_c	2.385e-03
concentration	M_ru5p__D_c	2.519e-04
concentration	M_g6p_c	3.508e-04
concentration	M_q8_c	2.128e-05
concentration	M_xu5p__D_c	2.139e-04
concentration	M_q8h2_c	4.699e-04
concentration	M_e4p_c	1.344e-05
concentration	M_13dpg_c	2.149e-05
concentration	M_s7p_c	7.615e-04
concentration	M_2pg_c	1.000e-04
concentration	M_actp_c	1.020e-03
concentration	M_lac__D_c	4.271e-04
concentration	M_etoh_c	1.000e-04
concentration	M_6pgc_c	9.588e-05
concentration	M_fdp_c	6.920e-04
concentration	M_6pgl_c	1.917e-05
concentration	M_acon_C_c	2.629e-05
concentration	M_glu__L_c	2.218e-02
concentration	M_icit_c	1.150e-05
concentration	M_f6p_c	2.968e-04

!!SBtab TableID='Predicted Gibbs energies' TableType='Quantity' TableName='Predicted Gibbs energies' SBtabVersion='1.0' Unit='kJ/mol'
!QuantityType	!Reaction	!Value
reaction gibbs energy	R_PFK	-1.923e+01
reaction gibbs energy	R_PFL	0.000e+00
reaction gibbs energy	R_PGI	-2.152e+00
reaction gibbs energy	R_PGK	-3.508e+00
reaction gibbs energy	R_PGL	-1.973e+01
reaction gibbs energy	R_ACALD	0.000e+00
reaction gibbs energy	R_PGM	0.000e+00
reaction gibbs energy	R_ALCD2x	0.000e+00
reaction gibbs energy	R_ACKr	-1.274e+00
reaction gibbs energy	R_PPC	-2.777e+01
reaction gibbs energy	R_ACONTa	-2.468e+00
reaction gibbs energy	R_ACONTb	-3.537e+00
reaction gibbs energy	R_ATPM	0.000e+00
reaction gibbs energy	R_PPCK	0.000e+00
reaction gibbs energy	R_PPS	-2.254e+01
reaction gibbs energy	R_ADK1	-5.557e+00
reaction gibbs energy	R_AKGDH	-4.578e+01
reaction gibbs energy	R_PTAr	-2.384e+00
reaction gibbs energy	R_PYK	0.000e+00
reaction gibbs energy	R_RPE	-3.776e+00
reaction gibbs energy	R_CS	-2.861e+01
reaction gibbs energy	R_RPI	-4.527e+00
reaction gibbs energy	R_ENO	0.000e+00
reaction gibbs energy	R_SUCDi	-1.238e+01
reaction gibbs energy	R_SUCOAS	-2.237e+00
reaction gibbs energy	R_TALA	-5.944e+00
reaction gibbs energy	R_TKT1	-2.891e+00
reaction gibbs energy	R_TKT2	0.000e+00
reaction gibbs energy	R_TPI	-2.032e+00
reaction gibbs energy	R_FBA	-2.168e+00
reaction gibbs energy	R_FBP	0.000e+00
reaction gibbs energy	R_FRD7	0.000e+00
reaction gibbs energy	R_FUM	-3.689e+00
reaction gibbs energy	R_G6PDH2r	-7.282e+00
reaction gibbs energy	R_GAPD	-1.662e+00
reaction gibbs energy	R_GLNS	-9.721e+00
reaction gibbs energy	R_GLUDy	0.000e+00
reaction gibbs energy	R_GLUN	0.000e+00
reaction gibbs energy	R_GLUSy	-3.775e+01
reaction gibbs energy	R_GND	-5.957e+00
reaction gibbs energy	R_ICDHyr	-5.538e+00
reaction gibbs energy	R_ICL	0.000e+00
reaction gibbs energy	R_LDH_D	-9.506e+00
reaction gibbs energy	R_MALS	0.000e+00
reaction gibbs energy	R_MDH	0.000e+00
reaction gibbs energy	R_ME1	0.000e+00
reaction gibbs energy	R_ME2	-7.231e+00
reaction gibbs energy	R_NADTRHD	-2.011e+01
reaction gibbs energy	R_PDH	0.000e+00

