!!!SBtab DocumentName='report' SBtabVersion='1.0' Date='2022-6-9'
!!SBtab TableID='Predicted concentrations' TableType='Quantity' TableName='Predicted concentrations' SBtabVersion='1.0' Unit='M'
!QuantityType	!Compound	!Value
concentration	M_h2o_c	1.000e+00
concentration	M_atp_c	1.485e-03
concentration	M_nadp_c	6.888e-06
concentration	M_nadph_c	4.611e-05
concentration	M_adp_c	2.635e-04
concentration	M_nad_c	2.288e-03
concentration	M_pi_c	1.000e-02
concentration	M_nadh_c	3.822e-06
concentration	M_coa_c	1.688e-04
concentration	M_co2_c	3.077e-05
concentration	M_amp_c	3.609e-04
concentration	M_nh4_c	3.276e-05
concentration	M_akg_c	2.156e-04
concentration	M_accoa_c	6.567e-04
concentration	M_pyr_c	1.086e-03
concentration	M_succ_c	3.252e-04
concentration	M_ac_c	1.000e-04
concentration	M_gln__L_c	2.072e-03
concentration	M_for_c	1.000e-04
concentration	M_oaa_c	1.141e-04
concentration	M_glx_c	1.000e-04
concentration	M_pep_c	2.526e-04
concentration	M_g3p_c	5.190e-05
concentration	M_acald_c	1.000e-04
concentration	M_dhap_c	9.759e-04
concentration	M_succoa_c	8.911e-04
concentration	M_fum_c	2.477e-03
concentration	M_mal__L_c	9.257e-04
concentration	M_r5p_c	1.368e-04
concentration	M_3pg_c	1.020e-03
concentration	M_cit_c	3.603e-03
concentration	M_ru5p__D_c	4.596e-04
concentration	M_g6p_c	4.976e-04
concentration	M_q8_c	2.725e-05
concentration	M_xu5p__D_c	2.543e-04
concentration	M_q8h2_c	3.669e-04
concentration	M_e4p_c	1.285e-05
concentration	M_13dpg_c	1.826e-05
concentration	M_s7p_c	4.631e-04
concentration	M_2pg_c	1.000e-04
concentration	M_actp_c	1.443e-03
concentration	M_lac__D_c	1.000e-04
concentration	M_etoh_c	1.000e-04
concentration	M_6pgc_c	1.011e-04
concentration	M_fdp_c	9.508e-04
concentration	M_6pgl_c	1.128e-05
concentration	M_acon_C_c	1.401e-05
concentration	M_glu__L_c	2.254e-02
concentration	M_icit_c	3.469e-06
concentration	M_f6p_c	1.888e-04

!!SBtab TableID='Predicted Gibbs energies' TableType='Quantity' TableName='Predicted Gibbs energies' SBtabVersion='1.0' Unit='kJ/mol'
!QuantityType	!Reaction	!Value
reaction gibbs energy	R_PFK	-1.518e+01
reaction gibbs energy	R_PFL	0.000e+00
reaction gibbs energy	R_PGI	0.000e+00
reaction gibbs energy	R_PGK	-5.007e+00
reaction gibbs energy	R_PGL	-1.849e+01
reaction gibbs energy	R_ACALD	0.000e+00
reaction gibbs energy	R_PGM	0.000e+00
reaction gibbs energy	R_ALCD2x	0.000e+00
reaction gibbs energy	R_ACKr	0.000e+00
reaction gibbs energy	R_PPC	-2.480e+01
reaction gibbs energy	R_ACONTa	-5.007e+00
reaction gibbs energy	R_ACONTb	-5.007e+00
reaction gibbs energy	R_ATPM	0.000e+00
reaction gibbs energy	R_PPCK	0.000e+00
reaction gibbs energy	R_PPS	-2.047e+01
reaction gibbs energy	R_ADK1	-5.007e+00
reaction gibbs energy	R_AKGDH	-4.610e+01
reaction gibbs energy	R_PTAr	0.000e+00
reaction gibbs energy	R_PYK	0.000e+00
reaction gibbs energy	R_RPE	-5.214e+00
reaction gibbs energy	R_CS	-3.194e+01
reaction gibbs energy	R_RPI	-5.235e+00
reaction gibbs energy	R_ENO	0.000e+00
reaction gibbs energy	R_SUCDi	-1.362e+01
reaction gibbs energy	R_SUCOAS	-6.685e+00
reaction gibbs energy	R_TALA	-6.895e+00
reaction gibbs energy	R_TKT1	-5.200e+00
reaction gibbs energy	R_TKT2	0.000e+00
reaction gibbs energy	R_TPI	-5.007e+00
reaction gibbs energy	R_FBA	-5.007e+00
reaction gibbs energy	R_FBP	0.000e+00
reaction gibbs energy	R_FRD7	0.000e+00
reaction gibbs energy	R_FUM	-5.877e+00
reaction gibbs energy	R_G6PDH2r	-1.005e+01
reaction gibbs energy	R_GAPD	-5.007e+00
reaction gibbs energy	R_GLNS	-1.029e+01
reaction gibbs energy	R_GLUDy	0.000e+00
reaction gibbs energy	R_GLUN	0.000e+00
reaction gibbs energy	R_GLUSy	-3.669e+01
reaction gibbs energy	R_GND	-8.546e+00
reaction gibbs energy	R_ICDHyr	-6.663e+00
reaction gibbs energy	R_ICL	0.000e+00
reaction gibbs energy	R_LDH_D	0.000e+00
reaction gibbs energy	R_MALS	0.000e+00
reaction gibbs energy	R_MDH	0.000e+00
reaction gibbs energy	R_ME1	-3.043e+01
reaction gibbs energy	R_ME2	-9.630e+00
reaction gibbs energy	R_NADTRHD	0.000e+00
reaction gibbs energy	R_PDH	-5.510e+01

