!!!SBtab DocumentName='report' SBtabVersion='1.0' Date='2022-6-9'
!!SBtab TableID='Predicted concentrations' TableType='Quantity' TableName='Predicted concentrations' SBtabVersion='1.0' Unit='M'
!QuantityType	!Compound	!Value
concentration	M_h2o_c	1.000e+00
concentration	M_atp_c	2.427e-03
concentration	M_nadp_c	6.507e-06
concentration	M_nadph_c	5.277e-05
concentration	M_adp_c	2.609e-04
concentration	M_nad_c	1.567e-03
concentration	M_pi_c	3.258e-03
concentration	M_nadh_c	2.256e-05
concentration	M_coa_c	3.947e-03
concentration	M_co2_c	2.468e-04
concentration	M_amp_c	2.670e-04
concentration	M_nh4_c	4.573e-06
concentration	M_akg_c	3.047e-04
concentration	M_accoa_c	6.141e-04
concentration	M_pyr_c	1.383e-03
concentration	M_succ_c	3.939e-04
concentration	M_ac_c	1.000e-02
concentration	M_gln__L_c	2.146e-03
concentration	M_for_c	1.000e-04
concentration	M_oaa_c	1.724e-06
concentration	M_glx_c	1.000e-04
concentration	M_pep_c	6.167e-04
concentration	M_g3p_c	9.722e-05
concentration	M_acald_c	1.000e-04
concentration	M_dhap_c	5.384e-04
concentration	M_succoa_c	3.901e-04
concentration	M_fum_c	1.716e-03
concentration	M_mal__L_c	3.040e-03
concentration	M_r5p_c	1.076e-04
concentration	M_3pg_c	2.172e-03
concentration	M_cit_c	1.898e-03
concentration	M_ru5p__D_c	2.015e-04
concentration	M_g6p_c	4.203e-04
concentration	M_q8_c	1.299e-05
concentration	M_xu5p__D_c	2.347e-04
concentration	M_q8h2_c	7.701e-04
concentration	M_e4p_c	1.349e-05
concentration	M_13dpg_c	1.826e-05
concentration	M_s7p_c	7.049e-04
concentration	M_2pg_c	2.040e-04
concentration	M_actp_c	1.020e-03
concentration	M_lac__D_c	1.000e-04
concentration	M_etoh_c	1.000e-04
concentration	M_6pgc_c	1.040e-04
concentration	M_fdp_c	1.653e-04
concentration	M_6pgl_c	1.767e-05
concentration	M_acon_C_c	3.100e-05
concentration	M_glu__L_c	2.103e-02
concentration	M_icit_c	2.033e-05
concentration	M_f6p_c	2.788e-04

!!SBtab TableID='Predicted Gibbs energies' TableType='Quantity' TableName='Predicted Gibbs energies' SBtabVersion='1.0' Unit='kJ/mol'
!QuantityType	!Reaction	!Value
reaction gibbs energy	R_PFK	0.000e+00
reaction gibbs energy	R_PFL	0.000e+00
reaction gibbs energy	R_PGI	-1.483e+00
reaction gibbs energy	R_PGK	3.192e-01
reaction gibbs energy	R_PGL	-1.950e+01
reaction gibbs energy	R_ACALD	0.000e+00
reaction gibbs energy	R_PGM	3.192e-01
reaction gibbs energy	R_ALCD2x	0.000e+00
reaction gibbs energy	R_ACKr	3.192e-01
reaction gibbs energy	R_PPC	0.000e+00
reaction gibbs energy	R_ACONTa	-1.483e+00
reaction gibbs energy	R_ACONTb	-2.560e+00
reaction gibbs energy	R_ATPM	0.000e+00
reaction gibbs energy	R_PPCK	0.000e+00
reaction gibbs energy	R_PPS	-2.349e+01
reaction gibbs energy	R_ADK1	-5.487e+00
reaction gibbs energy	R_AKGDH	0.000e+00
reaction gibbs energy	R_PTAr	-8.558e+00
reaction gibbs energy	R_PYK	0.000e+00
reaction gibbs energy	R_RPE	-3.064e+00
reaction gibbs energy	R_CS	-1.533e+01
reaction gibbs energy	R_RPI	-3.692e+00
reaction gibbs energy	R_ENO	3.192e-01
reaction gibbs energy	R_SUCDi	-1.058e+01
reaction gibbs energy	R_SUCOAS	0.000e+00
reaction gibbs energy	R_TALA	-8.214e+00
reaction gibbs energy	R_TKT1	-1.427e+00
reaction gibbs energy	R_TKT2	-5.075e+00
reaction gibbs energy	R_TPI	-1.042e+00
reaction gibbs energy	R_FBA	-2.311e+00
reaction gibbs energy	R_FBP	-2.540e+01
reaction gibbs energy	R_FRD7	0.000e+00
reaction gibbs energy	R_FUM	-2.008e+00
reaction gibbs energy	R_G6PDH2r	-7.671e+00
reaction gibbs energy	R_GAPD	-1.468e+00
reaction gibbs energy	R_GLNS	-9.219e+00
reaction gibbs energy	R_GLUDy	0.000e+00
reaction gibbs energy	R_GLUN	0.000e+00
reaction gibbs energy	R_GLUSy	-3.874e+01
reaction gibbs energy	R_GND	-2.736e+00
reaction gibbs energy	R_ICDHyr	-2.668e+00
reaction gibbs energy	R_ICL	0.000e+00
reaction gibbs energy	R_LDH_D	0.000e+00
reaction gibbs energy	R_MALS	0.000e+00
reaction gibbs energy	R_MDH	-9.037e-01
reaction gibbs energy	R_ME1	-2.005e+01
reaction gibbs energy	R_ME2	0.000e+00
reaction gibbs energy	R_NADTRHD	0.000e+00
reaction gibbs energy	R_PDH	0.000e+00

