!!!SBtab DocumentName='report' SBtabVersion='1.0' Date='2022-6-9'
!!SBtab TableID='Predicted concentrations' TableType='Quantity' TableName='Predicted concentrations' SBtabVersion='1.0' Unit='M'
!QuantityType	!Compound	!Value
concentration	M_h2o_c	1.000e+00
concentration	M_atp_c	1.908e-03
concentration	M_nadp_c	6.554e-06
concentration	M_nadph_c	4.995e-05
concentration	M_adp_c	3.325e-04
concentration	M_nad_c	1.987e-03
concentration	M_pi_c	8.924e-03
concentration	M_nadh_c	4.584e-06
concentration	M_coa_c	1.168e-04
concentration	M_co2_c	9.428e-05
concentration	M_amp_c	2.752e-04
concentration	M_nh4_c	9.038e-06
concentration	M_akg_c	2.715e-04
concentration	M_accoa_c	1.365e-03
concentration	M_pyr_c	8.718e-04
concentration	M_succ_c	4.108e-04
concentration	M_ac_c	6.242e-04
concentration	M_gln__L_c	2.106e-03
concentration	M_for_c	1.000e-04
concentration	M_oaa_c	2.332e-06
concentration	M_glx_c	1.000e-04
concentration	M_pep_c	6.167e-04
concentration	M_g3p_c	3.978e-05
concentration	M_acald_c	1.000e-04
concentration	M_dhap_c	8.262e-04
concentration	M_succoa_c	3.901e-04
concentration	M_fum_c	1.788e-03
concentration	M_mal__L_c	1.891e-03
concentration	M_r5p_c	9.567e-05
concentration	M_3pg_c	1.020e-03
concentration	M_cit_c	2.379e-03
concentration	M_ru5p__D_c	2.532e-04
concentration	M_g6p_c	4.921e-04
concentration	M_q8_c	1.776e-05
concentration	M_xu5p__D_c	2.146e-04
concentration	M_q8h2_c	5.630e-04
concentration	M_e4p_c	1.346e-05
concentration	M_13dpg_c	2.155e-05
concentration	M_s7p_c	7.420e-04
concentration	M_2pg_c	1.322e-04
concentration	M_actp_c	1.226e-03
concentration	M_lac__D_c	4.150e-04
concentration	M_etoh_c	1.000e-04
concentration	M_6pgc_c	1.044e-04
concentration	M_fdp_c	6.798e-04
concentration	M_6pgl_c	1.527e-05
concentration	M_acon_C_c	2.533e-05
concentration	M_glu__L_c	2.189e-02
concentration	M_icit_c	1.254e-05
concentration	M_f6p_c	2.168e-04

!!SBtab TableID='Predicted Gibbs energies' TableType='Quantity' TableName='Predicted Gibbs energies' SBtabVersion='1.0' Unit='kJ/mol'
!QuantityType	!Reaction	!Value
reaction gibbs energy	R_PFK	-1.765e+01
reaction gibbs energy	R_PFL	0.000e+00
reaction gibbs energy	R_PGI	0.000e+00
reaction gibbs energy	R_PGK	-5.673e+00
reaction gibbs energy	R_PGL	-1.927e+01
reaction gibbs energy	R_ACALD	0.000e+00
reaction gibbs energy	R_PGM	-1.384e+00
reaction gibbs energy	R_ALCD2x	0.000e+00
reaction gibbs energy	R_ACKr	-1.142e+01
reaction gibbs energy	R_PPC	0.000e+00
reaction gibbs energy	R_ACONTa	-2.507e+00
reaction gibbs energy	R_ACONTb	-3.298e+00
reaction gibbs energy	R_ATPM	0.000e+00
reaction gibbs energy	R_PPCK	0.000e+00
reaction gibbs energy	R_PPS	-1.918e+01
reaction gibbs energy	R_ADK1	-3.741e+00
reaction gibbs energy	R_AKGDH	0.000e+00
reaction gibbs energy	R_PTAr	-1.968e+00
reaction gibbs energy	R_PYK	0.000e+00
reaction gibbs energy	R_RPE	-3.927e+00
reaction gibbs energy	R_CS	-2.641e+01
reaction gibbs energy	R_RPI	-4.566e+00
reaction gibbs energy	R_ENO	-1.384e+00
reaction gibbs energy	R_SUCDi	-1.214e+01
reaction gibbs energy	R_SUCOAS	0.000e+00
reaction gibbs energy	R_TALA	-6.803e+00
reaction gibbs energy	R_TKT1	-3.095e+00
reaction gibbs energy	R_TKT2	0.000e+00
reaction gibbs energy	R_TPI	-2.256e+00
reaction gibbs energy	R_FBA	-2.366e+00
reaction gibbs energy	R_FBP	0.000e+00
reaction gibbs energy	R_FRD7	0.000e+00
reaction gibbs energy	R_FUM	-3.285e+00
reaction gibbs energy	R_G6PDH2r	-8.553e+00
reaction gibbs energy	R_GAPD	-1.811e+00
reaction gibbs energy	R_GLNS	-7.388e+00
reaction gibbs energy	R_GLUDy	0.000e+00
reaction gibbs energy	R_GLUN	0.000e+00
reaction gibbs energy	R_GLUSy	-3.812e+01
reaction gibbs energy	R_GND	-4.569e+00
reaction gibbs energy	R_ICDHyr	-4.113e+00
reaction gibbs energy	R_ICL	0.000e+00
reaction gibbs energy	R_LDH_D	-9.031e+00
reaction gibbs energy	R_MALS	0.000e+00
reaction gibbs energy	R_MDH	-3.491e+00
reaction gibbs energy	R_ME1	0.000e+00
reaction gibbs energy	R_ME2	-6.508e+00
reaction gibbs energy	R_NADTRHD	-2.018e+01
reaction gibbs energy	R_PDH	-4.981e+01

