!!!SBtab DocumentName='report' SBtabVersion='1.0' Date='2022-6-9'
!!SBtab TableID='Predicted concentrations' TableType='Quantity' TableName='Predicted concentrations' SBtabVersion='1.0' Unit='M'
!QuantityType	!Compound	!Value
concentration	M_h2o_c	1.000e+00
concentration	M_atp_c	1.896e-03
concentration	M_nadp_c	6.659e-06
concentration	M_nadph_c	5.055e-05
concentration	M_adp_c	3.327e-04
concentration	M_nad_c	1.503e-03
concentration	M_pi_c	4.536e-03
concentration	M_nadh_c	2.144e-04
concentration	M_coa_c	8.059e-03
concentration	M_co2_c	6.989e-05
concentration	M_amp_c	2.770e-04
concentration	M_nh4_c	1.102e-05
concentration	M_akg_c	2.711e-04
concentration	M_accoa_c	5.498e-04
concentration	M_pyr_c	1.040e-03
concentration	M_succ_c	4.270e-04
concentration	M_ac_c	1.000e-04
concentration	M_gln__L_c	2.120e-03
concentration	M_for_c	1.000e-04
concentration	M_oaa_c	1.392e-04
concentration	M_glx_c	1.867e-05
concentration	M_pep_c	6.167e-04
concentration	M_g3p_c	1.465e-04
concentration	M_acald_c	1.000e-04
concentration	M_dhap_c	4.776e-04
concentration	M_succoa_c	3.901e-04
concentration	M_fum_c	1.686e-03
concentration	M_mal__L_c	1.537e-03
concentration	M_r5p_c	1.370e-04
concentration	M_3pg_c	1.020e-03
concentration	M_cit_c	2.381e-03
concentration	M_ru5p__D_c	2.923e-04
concentration	M_g6p_c	3.436e-04
concentration	M_q8_c	1.875e-05
concentration	M_xu5p__D_c	3.088e-04
concentration	M_q8h2_c	5.333e-04
concentration	M_e4p_c	1.366e-05
concentration	M_13dpg_c	3.132e-05
concentration	M_s7p_c	5.800e-04
concentration	M_2pg_c	1.322e-04
concentration	M_actp_c	1.442e-03
concentration	M_lac__D_c	1.000e-04
concentration	M_etoh_c	1.000e-04
concentration	M_6pgc_c	1.029e-04
concentration	M_fdp_c	1.455e-04
concentration	M_6pgl_c	1.837e-05
concentration	M_acon_C_c	2.475e-05
concentration	M_glu__L_c	2.214e-02
concentration	M_icit_c	1.067e-05
concentration	M_f6p_c	3.129e-04

!!SBtab TableID='Predicted Gibbs energies' TableType='Quantity' TableName='Predicted Gibbs energies' SBtabVersion='1.0' Unit='kJ/mol'
!QuantityType	!Reaction	!Value
reaction gibbs energy	R_PFK	0.000e+00
reaction gibbs energy	R_PFL	0.000e+00
reaction gibbs energy	R_PGI	-2.270e+00
reaction gibbs energy	R_PGK	0.000e+00
reaction gibbs energy	R_PGL	-1.976e+01
reaction gibbs energy	R_ACALD	0.000e+00
reaction gibbs energy	R_PGM	-1.384e+00
reaction gibbs energy	R_ALCD2x	0.000e+00
reaction gibbs energy	R_ACKr	0.000e+00
reaction gibbs energy	R_PPC	-3.412e+01
reaction gibbs energy	R_ACONTa	-2.566e+00
reaction gibbs energy	R_ACONTb	-3.638e+00
reaction gibbs energy	R_ATPM	0.000e+00
reaction gibbs energy	R_PPCK	0.000e+00
reaction gibbs energy	R_PPS	-2.126e+01
reaction gibbs energy	R_ADK1	-3.739e+00
reaction gibbs energy	R_AKGDH	0.000e+00
reaction gibbs energy	R_PTAr	0.000e+00
reaction gibbs energy	R_PYK	0.000e+00
reaction gibbs energy	R_RPE	-3.381e+00
reaction gibbs energy	R_CS	-2.379e+01
reaction gibbs energy	R_RPI	-4.033e+00
reaction gibbs energy	R_ENO	-1.384e+00
reaction gibbs energy	R_SUCDi	-1.265e+01
reaction gibbs energy	R_SUCOAS	0.000e+00
reaction gibbs energy	R_TALA	-8.475e+00
reaction gibbs energy	R_TKT1	-2.267e+00
reaction gibbs energy	R_TKT2	-4.578e+00
reaction gibbs energy	R_TPI	-2.331e+00
reaction gibbs energy	R_FBA	-3.325e+00
reaction gibbs energy	R_FBP	-2.402e+01
reaction gibbs energy	R_FRD7	0.000e+00
reaction gibbs energy	R_FUM	-3.653e+00
reaction gibbs energy	R_G6PDH2r	-7.213e+00
reaction gibbs energy	R_GAPD	0.000e+00
reaction gibbs energy	R_GLNS	-9.551e+00
reaction gibbs energy	R_GLUDy	0.000e+00
reaction gibbs energy	R_GLUN	0.000e+00
reaction gibbs energy	R_GLUSy	-3.807e+01
reaction gibbs energy	R_GND	-4.929e+00
reaction gibbs energy	R_ICDHyr	-4.470e+00
reaction gibbs energy	R_ICL	-8.757e+00
reaction gibbs energy	R_LDH_D	0.000e+00
reaction gibbs energy	R_MALS	-1.816e+01
reaction gibbs energy	R_MDH	0.000e+00
reaction gibbs energy	R_ME1	-1.626e+01
reaction gibbs energy	R_ME2	0.000e+00
reaction gibbs energy	R_NADTRHD	0.000e+00
reaction gibbs energy	R_PDH	-5.352e+01

