!!!SBtab DocumentName='report' SBtabVersion='1.0' Date='2022-6-9'
!!SBtab TableID='Predicted concentrations' TableType='Quantity' TableName='Predicted concentrations' SBtabVersion='1.0' Unit='M'
!QuantityType	!Compound	!Value
concentration	M_h2o_c	1.000e+00
concentration	M_atp_c	1.897e-03
concentration	M_nadp_c	6.612e-06
concentration	M_nadph_c	5.272e-05
concentration	M_adp_c	3.441e-04
concentration	M_nad_c	2.001e-03
concentration	M_pi_c	8.409e-03
concentration	M_nadh_c	4.471e-06
concentration	M_coa_c	5.048e-03
concentration	M_co2_c	5.647e-05
concentration	M_amp_c	2.677e-04
concentration	M_nh4_c	1.110e-05
concentration	M_akg_c	2.875e-04
concentration	M_accoa_c	5.684e-04
concentration	M_pyr_c	1.131e-03
concentration	M_succ_c	4.251e-04
concentration	M_ac_c	9.999e-05
concentration	M_gln__L_c	2.100e-03
concentration	M_for_c	9.999e-05
concentration	M_oaa_c	3.490e-06
concentration	M_glx_c	2.295e-05
concentration	M_pep_c	6.167e-04
concentration	M_g3p_c	3.984e-05
concentration	M_acald_c	9.999e-05
concentration	M_dhap_c	8.226e-04
concentration	M_succoa_c	3.901e-04
concentration	M_fum_c	1.949e-03
concentration	M_mal__L_c	2.309e-03
concentration	M_r5p_c	9.450e-05
concentration	M_3pg_c	1.020e-03
concentration	M_cit_c	2.360e-03
concentration	M_ru5p__D_c	2.483e-04
concentration	M_g6p_c	4.820e-04
concentration	M_q8_c	1.653e-05
concentration	M_xu5p__D_c	2.143e-04
concentration	M_q8h2_c	6.047e-04
concentration	M_e4p_c	1.353e-05
concentration	M_13dpg_c	2.136e-05
concentration	M_s7p_c	7.458e-04
concentration	M_2pg_c	1.322e-04
concentration	M_actp_c	1.442e-03
concentration	M_lac__D_c	9.999e-05
concentration	M_etoh_c	9.999e-05
concentration	M_6pgc_c	9.630e-05
concentration	M_fdp_c	6.743e-04
concentration	M_6pgl_c	1.806e-05
concentration	M_acon_C_c	2.495e-05
concentration	M_glu__L_c	2.197e-02
concentration	M_icit_c	1.089e-05
concentration	M_f6p_c	2.187e-04

!!SBtab TableID='Predicted Gibbs energies' TableType='Quantity' TableName='Predicted Gibbs energies' SBtabVersion='1.0' Unit='kJ/mol'
!QuantityType	!Reaction	!Value
reaction gibbs energy	R_PFK	-1.759e+01
reaction gibbs energy	R_PFL	0.000e+00
reaction gibbs energy	R_PGI	0.000e+00
reaction gibbs energy	R_PGK	-5.751e+00
reaction gibbs energy	R_PGL	-1.988e+01
reaction gibbs energy	R_ACALD	0.000e+00
reaction gibbs energy	R_PGM	-1.384e+00
reaction gibbs energy	R_ALCD2x	0.000e+00
reaction gibbs energy	R_ACKr	0.000e+00
reaction gibbs energy	R_PPC	0.000e+00
reaction gibbs energy	R_ACONTa	-2.525e+00
reaction gibbs energy	R_ACONTb	-3.608e+00
reaction gibbs energy	R_ATPM	0.000e+00
reaction gibbs energy	R_PPCK	-3.576e+00
reaction gibbs energy	R_PPS	0.000e+00
reaction gibbs energy	R_ADK1	0.000e+00
reaction gibbs energy	R_AKGDH	0.000e+00
reaction gibbs energy	R_PTAr	0.000e+00
reaction gibbs energy	R_PYK	0.000e+00
reaction gibbs energy	R_RPE	-3.882e+00
reaction gibbs energy	R_CS	-1.593e+01
reaction gibbs energy	R_RPI	-4.548e+00
reaction gibbs energy	R_ENO	-1.384e+00
reaction gibbs energy	R_SUCDi	-1.166e+01
reaction gibbs energy	R_SUCOAS	0.000e+00
reaction gibbs energy	R_TALA	-6.784e+00
reaction gibbs energy	R_TKT1	-3.045e+00
reaction gibbs energy	R_TKT2	0.000e+00
reaction gibbs energy	R_TPI	-2.241e+00
reaction gibbs energy	R_FBA	-2.353e+00
reaction gibbs energy	R_FBP	0.000e+00
reaction gibbs energy	R_FRD7	0.000e+00
reaction gibbs energy	R_FUM	-3.004e+00
reaction gibbs energy	R_G6PDH2r	-7.974e+00
reaction gibbs energy	R_GAPD	-1.767e+00
reaction gibbs energy	R_GLNS	-7.960e+00
reaction gibbs energy	R_GLUDy	0.000e+00
reaction gibbs energy	R_GLUN	0.000e+00
reaction gibbs energy	R_GLUSy	-3.835e+01
reaction gibbs energy	R_GND	-5.576e+00
reaction gibbs energy	R_ICDHyr	-4.781e+00
reaction gibbs energy	R_ICL	-8.307e+00
reaction gibbs energy	R_LDH_D	0.000e+00
reaction gibbs energy	R_MALS	-1.890e+01
reaction gibbs energy	R_MDH	-3.065e+00
reaction gibbs energy	R_ME1	0.000e+00
reaction gibbs energy	R_ME2	-7.516e+00
reaction gibbs energy	R_NADTRHD	0.000e+00
reaction gibbs energy	R_PDH	-6.331e+01

