!!!SBtab DocumentName='report' SBtabVersion='1.0' Date='2022-6-9'
!!SBtab TableID='Predicted concentrations' TableType='Quantity' TableName='Predicted concentrations' SBtabVersion='1.0' Unit='M'
!QuantityType	!Compound	!Value
concentration	M_h2o_c	1.000e+00
concentration	M_atp_c	2.427e-03
concentration	M_nadp_c	6.735e-06
concentration	M_nadph_c	5.018e-05
concentration	M_adp_c	2.609e-04
concentration	M_nad_c	1.978e-03
concentration	M_pi_c	8.689e-03
concentration	M_nadh_c	4.488e-06
concentration	M_coa_c	7.728e-04
concentration	M_co2_c	6.432e-05
concentration	M_amp_c	2.677e-04
concentration	M_nh4_c	1.348e-05
concentration	M_akg_c	2.615e-04
concentration	M_accoa_c	3.245e-04
concentration	M_pyr_c	1.268e-03
concentration	M_succ_c	2.762e-04
concentration	M_ac_c	1.000e-02
concentration	M_gln__L_c	2.094e-03
concentration	M_for_c	9.999e-05
concentration	M_oaa_c	1.014e-04
concentration	M_glx_c	9.999e-05
concentration	M_pep_c	1.621e-04
concentration	M_g3p_c	3.827e-05
concentration	M_acald_c	9.999e-05
concentration	M_dhap_c	8.257e-04
concentration	M_succoa_c	1.089e-03
concentration	M_fum_c	1.664e-03
concentration	M_mal__L_c	1.534e-03
concentration	M_r5p_c	9.496e-05
concentration	M_3pg_c	1.585e-03
concentration	M_cit_c	2.337e-03
concentration	M_ru5p__D_c	2.528e-04
concentration	M_g6p_c	3.518e-04
concentration	M_q8_c	1.786e-05
concentration	M_xu5p__D_c	2.125e-04
concentration	M_q8h2_c	5.598e-04
concentration	M_e4p_c	1.345e-05
concentration	M_13dpg_c	2.156e-05
concentration	M_s7p_c	7.630e-04
concentration	M_2pg_c	9.569e-05
concentration	M_actp_c	1.020e-03
concentration	M_lac__D_c	5.291e-04
concentration	M_etoh_c	9.999e-05
concentration	M_6pgc_c	9.560e-05
concentration	M_fdp_c	6.824e-04
concentration	M_6pgl_c	1.631e-05
concentration	M_acon_C_c	2.590e-05
concentration	M_glu__L_c	2.222e-02
concentration	M_icit_c	1.117e-05
concentration	M_f6p_c	2.989e-04

!!SBtab TableID='Predicted Gibbs energies' TableType='Quantity' TableName='Predicted Gibbs energies' SBtabVersion='1.0' Unit='kJ/mol'
!QuantityType	!Reaction	!Value
reaction gibbs energy	R_PFK	-1.929e+01
reaction gibbs energy	R_PFL	0.000e+00
reaction gibbs energy	R_PGI	-2.162e+00
reaction gibbs energy	R_PGK	-3.291e+00
reaction gibbs energy	R_PGL	-1.934e+01
reaction gibbs energy	R_ACALD	0.000e+00
reaction gibbs energy	R_PGM	-2.554e+00
reaction gibbs energy	R_ALCD2x	0.000e+00
reaction gibbs energy	R_ACKr	-1.274e+00
reaction gibbs energy	R_PPC	-2.815e+01
reaction gibbs energy	R_ACONTa	-2.456e+00
reaction gibbs energy	R_ACONTb	-3.571e+00
reaction gibbs energy	R_ATPM	0.000e+00
reaction gibbs energy	R_PPCK	0.000e+00
reaction gibbs energy	R_PPS	0.000e+00
reaction gibbs energy	R_ADK1	0.000e+00
reaction gibbs energy	R_AKGDH	-4.590e+01
reaction gibbs energy	R_PTAr	-2.329e+00
reaction gibbs energy	R_PYK	0.000e+00
reaction gibbs energy	R_RPE	-3.801e+00
reaction gibbs energy	R_CS	-2.714e+01
reaction gibbs energy	R_RPI	-4.546e+00
reaction gibbs energy	R_ENO	-2.557e+00
reaction gibbs energy	R_SUCDi	-1.150e+01
reaction gibbs energy	R_SUCOAS	-2.228e+00
reaction gibbs energy	R_TALA	-5.891e+00
reaction gibbs energy	R_TKT1	-2.896e+00
reaction gibbs energy	R_TKT2	0.000e+00
reaction gibbs energy	R_TPI	-2.053e+00
reaction gibbs energy	R_FBA	-2.188e+00
reaction gibbs energy	R_FBP	0.000e+00
reaction gibbs energy	R_FRD7	0.000e+00
reaction gibbs energy	R_FUM	-3.630e+00
reaction gibbs energy	R_G6PDH2r	-7.724e+00
reaction gibbs energy	R_GAPD	-1.653e+00
reaction gibbs energy	R_GLNS	-9.625e+00
reaction gibbs energy	R_GLUDy	0.000e+00
reaction gibbs energy	R_GLUN	0.000e+00
reaction gibbs energy	R_GLUSy	-3.764e+01
reaction gibbs energy	R_GND	-6.129e+00
reaction gibbs energy	R_ICDHyr	-5.718e+00
reaction gibbs energy	R_ICL	0.000e+00
reaction gibbs energy	R_LDH_D	-9.317e+00
reaction gibbs energy	R_MALS	0.000e+00
reaction gibbs energy	R_MDH	0.000e+00
reaction gibbs energy	R_ME1	0.000e+00
reaction gibbs energy	R_ME2	-7.091e+00
reaction gibbs energy	R_NADTRHD	-2.016e+01
reaction gibbs energy	R_PDH	0.000e+00

