!!!SBtab DocumentName='report' SBtabVersion='1.0' Date='2022-6-9'
!!SBtab TableID='Predicted concentrations' TableType='Quantity' TableName='Predicted concentrations' SBtabVersion='1.0' Unit='M'
!QuantityType	!Compound	!Value
concentration	M_h2o_c	1.000e+00
concentration	M_atp_c	2.427e-03
concentration	M_nadp_c	6.716e-06
concentration	M_nadph_c	4.991e-05
concentration	M_adp_c	2.609e-04
concentration	M_nad_c	1.999e-03
concentration	M_pi_c	8.551e-03
concentration	M_nadh_c	4.454e-06
concentration	M_coa_c	7.565e-04
concentration	M_co2_c	1.123e-04
concentration	M_amp_c	2.677e-04
concentration	M_nh4_c	9.398e-06
concentration	M_akg_c	2.552e-04
concentration	M_accoa_c	3.297e-04
concentration	M_pyr_c	1.460e-03
concentration	M_succ_c	2.792e-04
concentration	M_ac_c	1.000e-02
concentration	M_gln__L_c	2.118e-03
concentration	M_for_c	1.000e-04
concentration	M_oaa_c	2.493e-06
concentration	M_glx_c	1.000e-04
concentration	M_pep_c	1.657e-04
concentration	M_g3p_c	3.768e-05
concentration	M_acald_c	1.000e-04
concentration	M_dhap_c	8.120e-04
concentration	M_succoa_c	1.085e-03
concentration	M_fum_c	1.806e-03
concentration	M_mal__L_c	1.978e-03
concentration	M_r5p_c	9.230e-05
concentration	M_3pg_c	1.578e-03
concentration	M_cit_c	2.346e-03
concentration	M_ru5p__D_c	2.394e-04
concentration	M_g6p_c	8.097e-04
concentration	M_q8_c	1.846e-05
concentration	M_xu5p__D_c	2.066e-04
concentration	M_q8h2_c	5.416e-04
concentration	M_e4p_c	1.356e-05
concentration	M_13dpg_c	2.148e-05
concentration	M_s7p_c	7.428e-04
concentration	M_2pg_c	9.662e-05
concentration	M_actp_c	1.020e-03
concentration	M_lac__D_c	5.299e-04
concentration	M_etoh_c	1.000e-04
concentration	M_6pgc_c	1.022e-04
concentration	M_fdp_c	6.694e-04
concentration	M_6pgl_c	2.228e-05
concentration	M_acon_C_c	2.648e-05
concentration	M_glu__L_c	2.191e-02
concentration	M_icit_c	1.244e-05
concentration	M_f6p_c	1.471e-04

!!SBtab TableID='Predicted Gibbs energies' TableType='Quantity' TableName='Predicted Gibbs energies' SBtabVersion='1.0' Unit='kJ/mol'
!QuantityType	!Reaction	!Value
reaction gibbs energy	R_PFK	-1.758e+01
reaction gibbs energy	R_PFL	0.000e+00
reaction gibbs energy	R_PGI	-1.660e+00
reaction gibbs energy	R_PGK	-3.292e+00
reaction gibbs energy	R_PGL	-1.994e+01
reaction gibbs energy	R_ACALD	0.000e+00
reaction gibbs energy	R_PGM	-2.521e+00
reaction gibbs energy	R_ALCD2x	0.000e+00
reaction gibbs energy	R_ACKr	-1.274e+00
reaction gibbs energy	R_PPC	0.000e+00
reaction gibbs energy	R_ACONTa	-2.410e+00
reaction gibbs energy	R_ACONTb	-3.361e+00
reaction gibbs energy	R_ATPM	0.000e+00
reaction gibbs energy	R_PPCK	0.000e+00
reaction gibbs energy	R_PPS	0.000e+00
reaction gibbs energy	R_ADK1	0.000e+00
reaction gibbs energy	R_AKGDH	-4.445e+01
reaction gibbs energy	R_PTAr	-2.276e+00
reaction gibbs energy	R_PYK	-1.570e+01
reaction gibbs energy	R_RPE	-3.736e+00
reaction gibbs energy	R_CS	-1.804e+01
reaction gibbs energy	R_RPI	-4.482e+00
reaction gibbs energy	R_ENO	-2.526e+00
reaction gibbs energy	R_SUCDi	-1.149e+01
reaction gibbs energy	R_SUCOAS	-2.205e+00
reaction gibbs energy	R_TALA	-7.522e+00
reaction gibbs energy	R_TKT1	-2.861e+00
reaction gibbs energy	R_TKT2	0.000e+00
reaction gibbs energy	R_TPI	-2.050e+00
reaction gibbs energy	R_FBA	-2.220e+00
reaction gibbs energy	R_FBP	0.000e+00
reaction gibbs energy	R_FRD7	0.000e+00
reaction gibbs energy	R_FUM	-3.203e+00
reaction gibbs energy	R_G6PDH2r	-9.023e+00
reaction gibbs energy	R_GAPD	-1.627e+00
reaction gibbs energy	R_GLNS	-8.709e+00
reaction gibbs energy	R_GLUDy	0.000e+00
reaction gibbs energy	R_GLUN	0.000e+00
reaction gibbs energy	R_GLUSy	-3.767e+01
reaction gibbs energy	R_GND	-5.054e+00
reaction gibbs energy	R_ICDHyr	-4.669e+00
reaction gibbs energy	R_ICL	0.000e+00
reaction gibbs energy	R_LDH_D	-9.619e+00
reaction gibbs energy	R_MALS	0.000e+00
reaction gibbs energy	R_MDH	-3.582e+00
reaction gibbs energy	R_ME1	0.000e+00
reaction gibbs energy	R_ME2	0.000e+00
reaction gibbs energy	R_NADTRHD	-2.019e+01
reaction gibbs energy	R_PDH	0.000e+00

