!!!SBtab DocumentName='report' SBtabVersion='1.0' Date='2022-6-9'
!!SBtab TableID='Predicted concentrations' TableType='Quantity' TableName='Predicted concentrations' SBtabVersion='1.0' Unit='M'
!QuantityType	!Compound	!Value
concentration	M_h2o_c	1.000e+00
concentration	M_atp_c	2.427e-03
concentration	M_nadp_c	6.891e-06
concentration	M_nadph_c	4.832e-05
concentration	M_adp_c	2.609e-04
concentration	M_nad_c	1.913e-03
concentration	M_pi_c	8.818e-03
concentration	M_nadh_c	4.558e-06
concentration	M_coa_c	5.901e-03
concentration	M_co2_c	1.189e-04
concentration	M_amp_c	2.714e-04
concentration	M_nh4_c	1.350e-05
concentration	M_akg_c	2.734e-04
concentration	M_accoa_c	5.691e-04
concentration	M_pyr_c	1.084e-03
concentration	M_succ_c	4.271e-04
concentration	M_ac_c	1.000e-02
concentration	M_gln__L_c	2.103e-03
concentration	M_for_c	1.000e-04
concentration	M_oaa_c	2.853e-04
concentration	M_glx_c	2.087e-05
concentration	M_pep_c	1.678e-04
concentration	M_g3p_c	4.027e-05
concentration	M_acald_c	1.000e-04
concentration	M_dhap_c	8.347e-04
concentration	M_succoa_c	3.901e-04
concentration	M_fum_c	1.666e-03
concentration	M_mal__L_c	1.560e-03
concentration	M_r5p_c	9.765e-05
concentration	M_3pg_c	1.620e-03
concentration	M_cit_c	2.360e-03
concentration	M_ru5p__D_c	2.597e-04
concentration	M_g6p_c	8.017e-04
concentration	M_q8_c	2.403e-05
concentration	M_xu5p__D_c	2.180e-04
concentration	M_q8h2_c	4.162e-04
concentration	M_e4p_c	1.343e-05
concentration	M_13dpg_c	2.177e-05
concentration	M_s7p_c	7.206e-04
concentration	M_2pg_c	9.964e-05
concentration	M_actp_c	1.020e-03
concentration	M_lac__D_c	1.000e-04
concentration	M_etoh_c	1.000e-04
concentration	M_6pgc_c	1.016e-04
concentration	M_fdp_c	7.048e-04
concentration	M_6pgl_c	3.454e-05
concentration	M_acon_C_c	2.611e-05
concentration	M_glu__L_c	2.211e-02
concentration	M_icit_c	1.197e-05
concentration	M_f6p_c	1.477e-04

!!SBtab TableID='Predicted Gibbs energies' TableType='Quantity' TableName='Predicted Gibbs energies' SBtabVersion='1.0' Unit='kJ/mol'
!QuantityType	!Reaction	!Value
reaction gibbs energy	R_PFK	-1.746e+01
reaction gibbs energy	R_PFL	0.000e+00
reaction gibbs energy	R_PGI	-1.624e+00
reaction gibbs energy	R_PGK	-3.260e+00
reaction gibbs energy	R_PGL	-2.105e+01
reaction gibbs energy	R_ACALD	0.000e+00
reaction gibbs energy	R_PGM	-2.509e+00
reaction gibbs energy	R_ALCD2x	0.000e+00
reaction gibbs energy	R_ACKr	-1.274e+00
reaction gibbs energy	R_PPC	-2.716e+01
reaction gibbs energy	R_ACONTa	-2.460e+00
reaction gibbs energy	R_ACONTb	-3.420e+00
reaction gibbs energy	R_ATPM	0.000e+00
reaction gibbs energy	R_PPCK	0.000e+00
reaction gibbs energy	R_PPS	-2.364e+01
reaction gibbs energy	R_ADK1	-5.530e+00
reaction gibbs energy	R_AKGDH	0.000e+00
reaction gibbs energy	R_PTAr	-5.937e+00
reaction gibbs energy	R_PYK	0.000e+00
reaction gibbs energy	R_RPE	-3.805e+00
reaction gibbs energy	R_CS	-2.603e+01
reaction gibbs energy	R_RPI	-4.544e+00
reaction gibbs energy	R_ENO	-2.572e+00
reaction gibbs energy	R_SUCDi	-1.405e+01
reaction gibbs energy	R_SUCOAS	0.000e+00
reaction gibbs energy	R_TALA	-7.624e+00
reaction gibbs energy	R_TKT1	-3.044e+00
reaction gibbs energy	R_TKT2	0.000e+00
reaction gibbs energy	R_TPI	-1.954e+00
reaction gibbs energy	R_FBA	-2.115e+00
reaction gibbs energy	R_FBP	0.000e+00
reaction gibbs energy	R_FRD7	0.000e+00
reaction gibbs energy	R_FUM	-3.591e+00
reaction gibbs energy	R_G6PDH2r	-8.056e+00
reaction gibbs energy	R_GAPD	-1.668e+00
reaction gibbs energy	R_GLNS	-9.568e+00
reaction gibbs energy	R_GLUDy	0.000e+00
reaction gibbs energy	R_GLUN	0.000e+00
reaction gibbs energy	R_GLUSy	-3.764e+01
reaction gibbs energy	R_GND	-4.839e+00
reaction gibbs energy	R_ICDHyr	-4.406e+00
reaction gibbs energy	R_ICL	-8.650e+00
reaction gibbs energy	R_LDH_D	0.000e+00
reaction gibbs energy	R_MALS	-2.100e+01
reaction gibbs energy	R_MDH	0.000e+00
reaction gibbs energy	R_ME1	-2.603e+01
reaction gibbs energy	R_ME2	-6.150e+00
reaction gibbs energy	R_NADTRHD	0.000e+00
reaction gibbs energy	R_PDH	-5.979e+01

