!!!SBtab DocumentName='report' SBtabVersion='1.0' Date='2022-6-9'
!!SBtab TableID='Predicted concentrations' TableType='Quantity' TableName='Predicted concentrations' SBtabVersion='1.0' Unit='M'
!QuantityType	!Compound	!Value
concentration	M_h2o_c	1.000e+00
concentration	M_atp_c	1.860e-03
concentration	M_nadp_c	6.746e-06
concentration	M_nadph_c	4.999e-05
concentration	M_adp_c	3.384e-04
concentration	M_nad_c	1.986e-03
concentration	M_pi_c	8.686e-03
concentration	M_nadh_c	4.568e-06
concentration	M_coa_c	3.282e-04
concentration	M_co2_c	6.965e-05
concentration	M_amp_c	2.806e-04
concentration	M_nh4_c	2.031e-05
concentration	M_akg_c	2.510e-04
concentration	M_accoa_c	5.446e-04
concentration	M_pyr_c	9.123e-04
concentration	M_succ_c	3.712e-04
concentration	M_ac_c	9.999e-05
concentration	M_gln__L_c	2.088e-03
concentration	M_for_c	9.999e-05
concentration	M_oaa_c	4.479e-06
concentration	M_glx_c	1.877e-05
concentration	M_pep_c	6.167e-04
concentration	M_g3p_c	3.995e-05
concentration	M_acald_c	9.999e-05
concentration	M_dhap_c	8.166e-04
concentration	M_succoa_c	7.411e-04
concentration	M_fum_c	1.200e-03
concentration	M_mal__L_c	3.990e-03
concentration	M_r5p_c	9.405e-05
concentration	M_3pg_c	1.020e-03
concentration	M_cit_c	2.379e-03
concentration	M_ru5p__D_c	2.461e-04
concentration	M_g6p_c	4.845e-04
concentration	M_q8_c	1.842e-05
concentration	M_xu5p__D_c	2.119e-04
concentration	M_q8h2_c	5.429e-04
concentration	M_e4p_c	1.349e-05
concentration	M_13dpg_c	2.126e-05
concentration	M_s7p_c	7.481e-04
concentration	M_2pg_c	1.322e-04
concentration	M_actp_c	1.442e-03
concentration	M_lac__D_c	9.999e-05
concentration	M_etoh_c	9.999e-05
concentration	M_6pgc_c	9.973e-05
concentration	M_fdp_c	6.716e-04
concentration	M_6pgl_c	1.758e-05
concentration	M_acon_C_c	2.522e-05
concentration	M_glu__L_c	2.232e-02
concentration	M_icit_c	1.094e-05
concentration	M_f6p_c	2.183e-04

!!SBtab TableID='Predicted Gibbs energies' TableType='Quantity' TableName='Predicted Gibbs energies' SBtabVersion='1.0' Unit='kJ/mol'
!QuantityType	!Reaction	!Value
reaction gibbs energy	R_PFK	-1.759e+01
reaction gibbs energy	R_PFL	0.000e+00
reaction gibbs energy	R_PGI	0.000e+00
reaction gibbs energy	R_PGK	-5.747e+00
reaction gibbs energy	R_PGL	-1.973e+01
reaction gibbs energy	R_ACALD	0.000e+00
reaction gibbs energy	R_PGM	-1.384e+00
reaction gibbs energy	R_ALCD2x	0.000e+00
reaction gibbs energy	R_ACKr	0.000e+00
reaction gibbs energy	R_PPC	-4.101e+01
reaction gibbs energy	R_ACONTa	-2.517e+00
reaction gibbs energy	R_ACONTb	-3.624e+00
reaction gibbs energy	R_ATPM	0.000e+00
reaction gibbs energy	R_PPCK	0.000e+00
reaction gibbs energy	R_PPS	-1.925e+01
reaction gibbs energy	R_ADK1	-3.639e+00
reaction gibbs energy	R_AKGDH	-4.411e+01
reaction gibbs energy	R_PTAr	0.000e+00
reaction gibbs energy	R_PYK	0.000e+00
reaction gibbs energy	R_RPE	-3.888e+00
reaction gibbs energy	R_CS	-2.319e+01
reaction gibbs energy	R_RPI	-4.538e+00
reaction gibbs energy	R_ENO	-1.384e+00
reaction gibbs energy	R_SUCDi	-1.306e+01
reaction gibbs energy	R_SUCOAS	-3.874e+00
reaction gibbs energy	R_TALA	-6.810e+00
reaction gibbs energy	R_TKT1	-2.991e+00
reaction gibbs energy	R_TKT2	0.000e+00
reaction gibbs energy	R_TPI	-2.216e+00
reaction gibbs energy	R_FBA	-2.354e+00
reaction gibbs energy	R_FBP	0.000e+00
reaction gibbs energy	R_FRD7	0.000e+00
reaction gibbs energy	R_FUM	0.000e+00
reaction gibbs energy	R_G6PDH2r	-8.234e+00
reaction gibbs energy	R_GAPD	-1.795e+00
reaction gibbs energy	R_GLNS	-9.424e+00
reaction gibbs energy	R_GLUDy	0.000e+00
reaction gibbs energy	R_GLUN	0.000e+00
reaction gibbs energy	R_GLUSy	-3.774e+01
reaction gibbs energy	R_GND	-5.347e+00
reaction gibbs energy	R_ICDHyr	-4.791e+00
reaction gibbs energy	R_ICL	-9.151e+00
reaction gibbs energy	R_LDH_D	0.000e+00
reaction gibbs energy	R_MALS	-2.372e+01
reaction gibbs energy	R_MDH	-3.731e+00
reaction gibbs energy	R_ME1	0.000e+00
reaction gibbs energy	R_ME2	0.000e+00
reaction gibbs energy	R_NADTRHD	0.000e+00
reaction gibbs energy	R_PDH	-5.552e+01

