!!!SBtab DocumentName='report' SBtabVersion='1.0' Date='2022-6-9'
!!SBtab TableID='Predicted concentrations' TableType='Quantity' TableName='Predicted concentrations' SBtabVersion='1.0' Unit='M'
!QuantityType	!Compound	!Value
concentration	M_h2o_c	1.000e+00
concentration	M_atp_c	2.427e-03
concentration	M_nadp_c	6.634e-06
concentration	M_nadph_c	5.110e-05
concentration	M_adp_c	2.609e-04
concentration	M_nad_c	1.895e-03
concentration	M_pi_c	8.181e-03
concentration	M_nadh_c	5.061e-06
concentration	M_coa_c	5.993e-04
concentration	M_co2_c	1.648e-04
concentration	M_amp_c	2.678e-04
concentration	M_nh4_c	3.386e-06
concentration	M_akg_c	2.657e-04
concentration	M_accoa_c	3.615e-04
concentration	M_pyr_c	1.256e-03
concentration	M_succ_c	3.034e-04
concentration	M_ac_c	1.000e-02
concentration	M_gln__L_c	2.132e-03
concentration	M_for_c	1.000e-04
concentration	M_oaa_c	3.855e-06
concentration	M_glx_c	1.000e-04
concentration	M_pep_c	6.167e-04
concentration	M_g3p_c	4.016e-05
concentration	M_acald_c	1.000e-04
concentration	M_dhap_c	7.748e-04
concentration	M_succoa_c	9.766e-04
concentration	M_fum_c	1.784e-03
concentration	M_mal__L_c	2.332e-03
concentration	M_r5p_c	9.040e-05
concentration	M_3pg_c	1.020e-03
concentration	M_cit_c	2.175e-03
concentration	M_ru5p__D_c	2.311e-04
concentration	M_g6p_c	4.917e-04
concentration	M_q8_c	1.986e-05
concentration	M_xu5p__D_c	2.083e-04
concentration	M_q8h2_c	5.039e-04
concentration	M_e4p_c	1.347e-05
concentration	M_13dpg_c	2.286e-05
concentration	M_s7p_c	7.875e-04
concentration	M_2pg_c	1.399e-04
concentration	M_actp_c	1.020e-03
concentration	M_lac__D_c	1.000e-04
concentration	M_etoh_c	1.000e-04
concentration	M_6pgc_c	1.028e-04
concentration	M_fdp_c	6.005e-04
concentration	M_6pgl_c	1.666e-05
concentration	M_acon_C_c	2.747e-05
concentration	M_glu__L_c	2.072e-02
concentration	M_icit_c	1.497e-05
concentration	M_f6p_c	2.203e-04

!!SBtab TableID='Predicted Gibbs energies' TableType='Quantity' TableName='Predicted Gibbs energies' SBtabVersion='1.0' Unit='kJ/mol'
!QuantityType	!Reaction	!Value
reaction gibbs energy	R_PFK	-1.905e+01
reaction gibbs energy	R_PFL	0.000e+00
reaction gibbs energy	R_PGI	0.000e+00
reaction gibbs energy	R_PGK	-4.584e+00
reaction gibbs energy	R_PGL	-1.936e+01
reaction gibbs energy	R_ACALD	0.000e+00
reaction gibbs energy	R_PGM	-5.939e-01
reaction gibbs energy	R_ALCD2x	0.000e+00
reaction gibbs energy	R_ACKr	-5.939e-01
reaction gibbs energy	R_PPC	0.000e+00
reaction gibbs energy	R_ACONTa	-2.126e+00
reaction gibbs energy	R_ACONTb	-3.013e+00
reaction gibbs energy	R_ATPM	0.000e+00
reaction gibbs energy	R_PPCK	-3.033e+00
reaction gibbs energy	R_PPS	0.000e+00
reaction gibbs energy	R_ADK1	0.000e+00
reaction gibbs energy	R_AKGDH	-4.266e+01
reaction gibbs energy	R_PTAr	-2.136e+00
reaction gibbs energy	R_PYK	-1.953e+01
reaction gibbs energy	R_RPE	-3.702e+00
reaction gibbs energy	R_CS	-2.026e+01
reaction gibbs energy	R_RPI	-4.463e+00
reaction gibbs energy	R_ENO	-5.939e-01
reaction gibbs energy	R_SUCDi	-1.216e+01
reaction gibbs energy	R_SUCOAS	-2.165e+00
reaction gibbs energy	R_TALA	-6.887e+00
reaction gibbs energy	R_TKT1	-2.619e+00
reaction gibbs energy	R_TKT2	0.000e+00
reaction gibbs energy	R_TPI	-1.961e+00
reaction gibbs energy	R_FBA	-2.088e+00
reaction gibbs energy	R_FBP	0.000e+00
reaction gibbs energy	R_FRD7	0.000e+00
reaction gibbs energy	R_FUM	-2.762e+00
reaction gibbs energy	R_G6PDH2r	-8.359e+00
reaction gibbs energy	R_GAPD	-1.096e+00
reaction gibbs energy	R_GLNS	-6.175e+00
reaction gibbs energy	R_GLUDy	0.000e+00
reaction gibbs energy	R_GLUN	0.000e+00
reaction gibbs energy	R_GLUSy	-3.827e+01
reaction gibbs energy	R_GND	-3.694e+00
reaction gibbs energy	R_ICDHyr	-3.580e+00
reaction gibbs energy	R_ICL	0.000e+00
reaction gibbs energy	R_LDH_D	0.000e+00
reaction gibbs energy	R_MALS	0.000e+00
reaction gibbs energy	R_MDH	-2.441e+00
reaction gibbs energy	R_ME1	0.000e+00
reaction gibbs energy	R_ME2	0.000e+00
reaction gibbs energy	R_NADTRHD	0.000e+00
reaction gibbs energy	R_PDH	-5.528e+01

