!!!SBtab DocumentName='report' SBtabVersion='1.0' Date='2022-6-9'
!!SBtab TableID='Predicted concentrations' TableType='Quantity' TableName='Predicted concentrations' SBtabVersion='1.0' Unit='M'
!QuantityType	!Compound	!Value
concentration	M_h2o_c	1.000e+00
concentration	M_atp_c	2.427e-03
concentration	M_nadp_c	6.683e-06
concentration	M_nadph_c	5.171e-05
concentration	M_adp_c	2.609e-04
concentration	M_nad_c	1.995e-03
concentration	M_pi_c	8.568e-03
concentration	M_nadh_c	4.639e-06
concentration	M_coa_c	6.733e-03
concentration	M_co2_c	9.595e-05
concentration	M_amp_c	2.677e-04
concentration	M_nh4_c	1.000e-04
concentration	M_akg_c	3.180e-04
concentration	M_accoa_c	5.559e-04
concentration	M_pyr_c	1.006e-03
concentration	M_succ_c	4.331e-04
concentration	M_ac_c	1.000e-02
concentration	M_gln__L_c	2.104e-03
concentration	M_for_c	1.000e-04
concentration	M_oaa_c	8.815e-05
concentration	M_glx_c	1.444e-05
concentration	M_pep_c	1.609e-04
concentration	M_g3p_c	3.925e-05
concentration	M_acald_c	1.000e-04
concentration	M_dhap_c	8.377e-04
concentration	M_succoa_c	3.901e-04
concentration	M_fum_c	1.784e-03
concentration	M_mal__L_c	1.887e-03
concentration	M_r5p_c	9.547e-05
concentration	M_3pg_c	1.584e-03
concentration	M_cit_c	2.314e-03
concentration	M_ru5p__D_c	2.435e-04
concentration	M_g6p_c	4.732e-04
concentration	M_q8_c	1.691e-05
concentration	M_xu5p__D_c	2.043e-04
concentration	M_q8h2_c	5.913e-04
concentration	M_e4p_c	1.339e-05
concentration	M_13dpg_c	2.127e-05
concentration	M_s7p_c	7.436e-04
concentration	M_2pg_c	9.537e-05
concentration	M_actp_c	1.020e-03
concentration	M_lac__D_c	5.837e-04
concentration	M_etoh_c	1.000e-04
concentration	M_6pgc_c	9.975e-05
concentration	M_fdp_c	6.981e-04
concentration	M_6pgl_c	1.171e-05
concentration	M_acon_C_c	2.549e-05
concentration	M_glu__L_c	2.173e-02
concentration	M_icit_c	9.755e-06
concentration	M_f6p_c	2.212e-04

!!SBtab TableID='Predicted Gibbs energies' TableType='Quantity' TableName='Predicted Gibbs energies' SBtabVersion='1.0' Unit='kJ/mol'
!QuantityType	!Reaction	!Value
reaction gibbs energy	R_PFK	-1.848e+01
reaction gibbs energy	R_PFL	0.000e+00
reaction gibbs energy	R_PGI	0.000e+00
reaction gibbs energy	R_PGK	-3.258e+00
reaction gibbs energy	R_PGL	-1.841e+01
reaction gibbs energy	R_ACALD	0.000e+00
reaction gibbs energy	R_PGM	-2.562e+00
reaction gibbs energy	R_ALCD2x	0.000e+00
reaction gibbs energy	R_ACKr	-1.274e+00
reaction gibbs energy	R_PPC	-2.950e+01
reaction gibbs energy	R_ACONTa	-2.470e+00
reaction gibbs energy	R_ACONTb	-3.868e+00
reaction gibbs energy	R_ATPM	0.000e+00
reaction gibbs energy	R_PPCK	0.000e+00
reaction gibbs energy	R_PPS	0.000e+00
reaction gibbs energy	R_ADK1	0.000e+00
reaction gibbs energy	R_AKGDH	0.000e+00
reaction gibbs energy	R_PTAr	-6.394e+00
reaction gibbs energy	R_PYK	0.000e+00
reaction gibbs energy	R_RPE	-3.806e+00
reaction gibbs energy	R_CS	-2.279e+01
reaction gibbs energy	R_RPI	-4.440e+00
reaction gibbs energy	R_ENO	-2.567e+00
reaction gibbs energy	R_SUCDi	-1.217e+01
reaction gibbs energy	R_SUCOAS	0.000e+00
reaction gibbs energy	R_TALA	-6.646e+00
reaction gibbs energy	R_TKT1	-2.814e+00
reaction gibbs energy	R_TKT2	-7.444e+00
reaction gibbs energy	R_TPI	-2.027e+00
reaction gibbs energy	R_FBA	-2.146e+00
reaction gibbs energy	R_FBP	0.000e+00
reaction gibbs energy	R_FRD7	0.000e+00
reaction gibbs energy	R_FUM	-3.289e+00
reaction gibbs energy	R_G6PDH2r	-9.187e+00
reaction gibbs energy	R_GAPD	-1.653e+00
reaction gibbs energy	R_GLNS	0.000e+00
reaction gibbs energy	R_GLUDy	0.000e+00
reaction gibbs energy	R_GLUN	0.000e+00
reaction gibbs energy	R_GLUSy	0.000e+00
reaction gibbs energy	R_GND	-5.242e+00
reaction gibbs energy	R_ICDHyr	0.000e+00
reaction gibbs energy	R_ICL	-9.020e+00
reaction gibbs energy	R_LDH_D	-8.560e+00
reaction gibbs energy	R_MALS	-1.923e+01
reaction gibbs energy	R_MDH	0.000e+00
reaction gibbs energy	R_ME1	0.000e+00
reaction gibbs energy	R_ME2	-7.095e+00
reaction gibbs energy	R_NADTRHD	-2.019e+01
reaction gibbs energy	R_PDH	-6.058e+01

