!!!SBtab DocumentName='report' SBtabVersion='1.0' Date='2022-6-9'
!!SBtab TableID='Predicted concentrations' TableType='Quantity' TableName='Predicted concentrations' SBtabVersion='1.0' Unit='M'
!QuantityType	!Compound	!Value
concentration	M_h2o_c	1.000e+00
concentration	M_atp_c	2.427e-03
concentration	M_nadp_c	6.701e-06
concentration	M_nadph_c	5.247e-05
concentration	M_adp_c	2.609e-04
concentration	M_nad_c	2.016e-03
concentration	M_pi_c	7.759e-03
concentration	M_nadh_c	4.443e-06
concentration	M_coa_c	1.169e-02
concentration	M_co2_c	2.465e-05
concentration	M_amp_c	2.677e-04
concentration	M_nh4_c	2.219e-05
concentration	M_akg_c	2.957e-04
concentration	M_accoa_c	5.219e-04
concentration	M_pyr_c	1.469e-03
concentration	M_succ_c	4.064e-04
concentration	M_ac_c	1.000e-02
concentration	M_gln__L_c	2.065e-03
concentration	M_for_c	1.000e-04
concentration	M_oaa_c	7.283e-05
concentration	M_glx_c	1.000e-04
concentration	M_pep_c	1.585e-04
concentration	M_g3p_c	4.050e-05
concentration	M_acald_c	1.000e-04
concentration	M_dhap_c	8.450e-04
concentration	M_succoa_c	3.901e-04
concentration	M_fum_c	1.251e-03
concentration	M_mal__L_c	2.312e-03
concentration	M_r5p_c	9.780e-05
concentration	M_3pg_c	1.577e-03
concentration	M_cit_c	2.325e-03
concentration	M_ru5p__D_c	2.580e-04
concentration	M_g6p_c	3.533e-04
concentration	M_q8_c	1.513e-05
concentration	M_xu5p__D_c	2.102e-04
concentration	M_q8h2_c	6.610e-04
concentration	M_e4p_c	1.341e-05
concentration	M_13dpg_c	2.121e-05
concentration	M_s7p_c	7.492e-04
concentration	M_2pg_c	9.495e-05
concentration	M_actp_c	1.020e-03
concentration	M_lac__D_c	6.190e-04
concentration	M_etoh_c	1.000e-04
concentration	M_6pgc_c	9.178e-05
concentration	M_fdp_c	7.079e-04
concentration	M_6pgl_c	1.425e-05
concentration	M_acon_C_c	2.554e-05
concentration	M_glu__L_c	2.252e-02
concentration	M_icit_c	1.040e-05
concentration	M_f6p_c	3.003e-04

!!SBtab TableID='Predicted Gibbs energies' TableType='Quantity' TableName='Predicted Gibbs energies' SBtabVersion='1.0' Unit='kJ/mol'
!QuantityType	!Reaction	!Value
reaction gibbs energy	R_PFK	-1.921e+01
reaction gibbs energy	R_PFL	0.000e+00
reaction gibbs energy	R_PGI	-2.163e+00
reaction gibbs energy	R_PGK	-3.262e+00
reaction gibbs energy	R_PGL	-1.910e+01
reaction gibbs energy	R_ACALD	0.000e+00
reaction gibbs energy	R_PGM	-2.562e+00
reaction gibbs energy	R_ALCD2x	0.000e+00
reaction gibbs energy	R_ACKr	-1.274e+00
reaction gibbs energy	R_PPC	-2.682e+01
reaction gibbs energy	R_ACONTa	-2.478e+00
reaction gibbs energy	R_ACONTb	-3.714e+00
reaction gibbs energy	R_ATPM	0.000e+00
reaction gibbs energy	R_PPCK	0.000e+00
reaction gibbs energy	R_PPS	0.000e+00
reaction gibbs energy	R_ADK1	0.000e+00
reaction gibbs energy	R_AKGDH	0.000e+00
reaction gibbs energy	R_PTAr	-8.162e+00
reaction gibbs energy	R_PYK	-1.557e+01
reaction gibbs energy	R_RPE	-3.878e+00
reaction gibbs energy	R_CS	-2.078e+01
reaction gibbs energy	R_RPI	-4.524e+00
reaction gibbs energy	R_ENO	-2.593e+00
reaction gibbs energy	R_SUCDi	-1.234e+01
reaction gibbs energy	R_SUCOAS	0.000e+00
reaction gibbs energy	R_TALA	-5.982e+00
reaction gibbs energy	R_TKT1	-2.847e+00
reaction gibbs energy	R_TKT2	-6.682e+00
reaction gibbs energy	R_TPI	-1.970e+00
reaction gibbs energy	R_FBA	-2.081e+00
reaction gibbs energy	R_FBP	0.000e+00
reaction gibbs energy	R_FRD7	0.000e+00
reaction gibbs energy	R_FUM	0.000e+00
reaction gibbs energy	R_G6PDH2r	-7.946e+00
reaction gibbs energy	R_GAPD	-1.624e+00
reaction gibbs energy	R_GLNS	-1.121e+01
reaction gibbs energy	R_GLUDy	0.000e+00
reaction gibbs energy	R_GLUN	0.000e+00
reaction gibbs energy	R_GLUSy	-3.797e+01
reaction gibbs energy	R_GND	-8.230e+00
reaction gibbs energy	R_ICDHyr	-7.490e+00
reaction gibbs energy	R_ICL	0.000e+00
reaction gibbs energy	R_LDH_D	-9.221e+00
reaction gibbs energy	R_MALS	0.000e+00
reaction gibbs energy	R_MDH	0.000e+00
reaction gibbs energy	R_ME1	0.000e+00
reaction gibbs energy	R_ME2	0.000e+00
reaction gibbs energy	R_NADTRHD	0.000e+00
reaction gibbs energy	R_PDH	0.000e+00

