!!!SBtab DocumentName='report' SBtabVersion='1.0' Date='2022-6-9'
!!SBtab TableID='Predicted concentrations' TableType='Quantity' TableName='Predicted concentrations' SBtabVersion='1.0' Unit='M'
!QuantityType	!Compound	!Value
concentration	M_h2o_c	1.000e+00
concentration	M_atp_c	2.427e-03
concentration	M_nadp_c	6.685e-06
concentration	M_nadph_c	5.208e-05
concentration	M_adp_c	2.609e-04
concentration	M_nad_c	1.951e-03
concentration	M_pi_c	9.020e-03
concentration	M_nadh_c	4.538e-06
concentration	M_coa_c	1.129e-02
concentration	M_co2_c	7.135e-05
concentration	M_amp_c	2.677e-04
concentration	M_nh4_c	1.634e-05
concentration	M_akg_c	2.909e-04
concentration	M_accoa_c	5.291e-04
concentration	M_pyr_c	1.561e-03
concentration	M_succ_c	4.032e-04
concentration	M_ac_c	1.000e-02
concentration	M_gln__L_c	2.086e-03
concentration	M_for_c	1.000e-04
concentration	M_oaa_c	1.770e-04
concentration	M_glx_c	1.000e-04
concentration	M_pep_c	1.642e-04
concentration	M_g3p_c	3.771e-05
concentration	M_acald_c	1.000e-04
concentration	M_dhap_c	8.253e-04
concentration	M_succoa_c	3.901e-04
concentration	M_fum_c	1.578e-03
concentration	M_mal__L_c	1.370e-03
concentration	M_r5p_c	9.790e-05
concentration	M_3pg_c	1.615e-03
concentration	M_cit_c	2.377e-03
concentration	M_ru5p__D_c	2.539e-04
concentration	M_g6p_c	4.877e-04
concentration	M_q8_c	2.209e-05
concentration	M_xu5p__D_c	2.037e-04
concentration	M_q8h2_c	4.526e-04
concentration	M_e4p_c	1.339e-05
concentration	M_13dpg_c	2.161e-05
concentration	M_s7p_c	7.349e-04
concentration	M_2pg_c	9.702e-05
concentration	M_actp_c	1.020e-03
concentration	M_lac__D_c	4.961e-04
concentration	M_etoh_c	1.000e-04
concentration	M_6pgc_c	1.004e-04
concentration	M_fdp_c	6.687e-04
concentration	M_6pgl_c	1.980e-05
concentration	M_acon_C_c	2.649e-05
concentration	M_glu__L_c	2.216e-02
concentration	M_icit_c	1.197e-05
concentration	M_f6p_c	2.275e-04

!!SBtab TableID='Predicted Gibbs energies' TableType='Quantity' TableName='Predicted Gibbs energies' SBtabVersion='1.0' Unit='kJ/mol'
!QuantityType	!Reaction	!Value
reaction gibbs energy	R_PFK	-1.866e+01
reaction gibbs energy	R_PFL	0.000e+00
reaction gibbs energy	R_PGI	0.000e+00
reaction gibbs energy	R_PGK	-3.250e+00
reaction gibbs energy	R_PGL	-1.970e+01
reaction gibbs energy	R_ACALD	0.000e+00
reaction gibbs energy	R_PGM	-2.567e+00
reaction gibbs energy	R_ALCD2x	0.000e+00
reaction gibbs energy	R_ACKr	-1.274e+00
reaction gibbs energy	R_PPC	-2.696e+01
reaction gibbs energy	R_ACONTa	-2.441e+00
reaction gibbs energy	R_ACONTb	-3.457e+00
reaction gibbs energy	R_ATPM	0.000e+00
reaction gibbs energy	R_PPCK	0.000e+00
reaction gibbs energy	R_PPS	0.000e+00
reaction gibbs energy	R_ADK1	0.000e+00
reaction gibbs energy	R_AKGDH	0.000e+00
reaction gibbs energy	R_PTAr	-7.669e+00
reaction gibbs energy	R_PYK	-1.551e+01
reaction gibbs energy	R_RPE	-3.916e+00
reaction gibbs energy	R_CS	-2.305e+01
reaction gibbs energy	R_RPI	-4.482e+00
reaction gibbs energy	R_ENO	-2.560e+00
reaction gibbs energy	R_SUCDi	-1.362e+01
reaction gibbs energy	R_SUCOAS	0.000e+00
reaction gibbs energy	R_TALA	-6.449e+00
reaction gibbs energy	R_TKT1	-2.997e+00
reaction gibbs energy	R_TKT2	-7.465e+00
reaction gibbs energy	R_TPI	-2.088e+00
reaction gibbs energy	R_FBA	-2.175e+00
reaction gibbs energy	R_FBP	0.000e+00
reaction gibbs energy	R_FRD7	0.000e+00
reaction gibbs energy	R_FUM	-3.780e+00
reaction gibbs energy	R_G6PDH2r	-7.942e+00
reaction gibbs energy	R_GAPD	-1.641e+00
reaction gibbs energy	R_GLNS	-1.001e+01
reaction gibbs energy	R_GLUDy	0.000e+00
reaction gibbs energy	R_GLUN	0.000e+00
reaction gibbs energy	R_GLUSy	-3.802e+01
reaction gibbs energy	R_GND	-5.871e+00
reaction gibbs energy	R_ICDHyr	-5.257e+00
reaction gibbs energy	R_ICL	0.000e+00
reaction gibbs energy	R_LDH_D	-1.005e+01
reaction gibbs energy	R_MALS	0.000e+00
reaction gibbs energy	R_MDH	0.000e+00
reaction gibbs energy	R_ME1	-2.613e+01
reaction gibbs energy	R_ME2	0.000e+00
reaction gibbs energy	R_NADTRHD	0.000e+00
reaction gibbs energy	R_PDH	0.000e+00

