!!!SBtab DocumentName='report' SBtabVersion='1.0' Date='2022-6-9'
!!SBtab TableID='Predicted concentrations' TableType='Quantity' TableName='Predicted concentrations' SBtabVersion='1.0' Unit='M'
!QuantityType	!Compound	!Value
concentration	M_h2o_c	1.000e+00
concentration	M_atp_c	1.873e-03
concentration	M_nadp_c	6.712e-06
concentration	M_nadph_c	5.049e-05
concentration	M_adp_c	3.371e-04
concentration	M_nad_c	1.987e-03
concentration	M_pi_c	8.657e-03
concentration	M_nadh_c	4.547e-06
concentration	M_coa_c	2.507e-04
concentration	M_co2_c	7.672e-05
concentration	M_amp_c	2.796e-04
concentration	M_nh4_c	1.895e-05
concentration	M_akg_c	2.522e-04
concentration	M_accoa_c	6.534e-04
concentration	M_pyr_c	8.888e-04
concentration	M_succ_c	3.687e-04
concentration	M_ac_c	9.999e-05
concentration	M_gln__L_c	2.088e-03
concentration	M_for_c	9.999e-05
concentration	M_oaa_c	3.026e-06
concentration	M_glx_c	9.999e-05
concentration	M_pep_c	6.167e-04
concentration	M_g3p_c	3.996e-05
concentration	M_acald_c	9.999e-05
concentration	M_dhap_c	8.157e-04
concentration	M_succoa_c	6.908e-04
concentration	M_fum_c	1.912e-03
concentration	M_mal__L_c	2.163e-03
concentration	M_r5p_c	9.397e-05
concentration	M_3pg_c	1.020e-03
concentration	M_cit_c	2.409e-03
concentration	M_ru5p__D_c	2.427e-04
concentration	M_g6p_c	4.813e-04
concentration	M_q8_c	1.959e-05
concentration	M_xu5p__D_c	2.121e-04
concentration	M_q8h2_c	5.104e-04
concentration	M_e4p_c	1.350e-05
concentration	M_13dpg_c	2.132e-05
concentration	M_s7p_c	7.473e-04
concentration	M_2pg_c	1.322e-04
concentration	M_actp_c	1.442e-03
concentration	M_lac__D_c	9.999e-05
concentration	M_etoh_c	9.999e-05
concentration	M_6pgc_c	1.028e-04
concentration	M_fdp_c	6.700e-04
concentration	M_6pgl_c	1.901e-05
concentration	M_acon_C_c	2.563e-05
concentration	M_glu__L_c	2.234e-02
concentration	M_icit_c	1.163e-05
concentration	M_f6p_c	2.187e-04

!!SBtab TableID='Predicted Gibbs energies' TableType='Quantity' TableName='Predicted Gibbs energies' SBtabVersion='1.0' Unit='kJ/mol'
!QuantityType	!Reaction	!Value
reaction gibbs energy	R_PFK	-1.763e+01
reaction gibbs energy	R_PFL	0.000e+00
reaction gibbs energy	R_PGI	0.000e+00
reaction gibbs energy	R_PGK	-5.726e+00
reaction gibbs energy	R_PGL	-1.985e+01
reaction gibbs energy	R_ACALD	0.000e+00
reaction gibbs energy	R_PGM	-1.384e+00
reaction gibbs energy	R_ALCD2x	0.000e+00
reaction gibbs energy	R_ACKr	0.000e+00
reaction gibbs energy	R_PPC	-4.223e+01
reaction gibbs energy	R_ACONTa	-2.509e+00
reaction gibbs energy	R_ACONTb	-3.512e+00
reaction gibbs energy	R_ATPM	0.000e+00
reaction gibbs energy	R_PPCK	0.000e+00
reaction gibbs energy	R_PPS	-1.922e+01
reaction gibbs energy	R_ADK1	-3.667e+00
reaction gibbs energy	R_AKGDH	-4.340e+01
reaction gibbs energy	R_PTAr	0.000e+00
reaction gibbs energy	R_PYK	0.000e+00
reaction gibbs energy	R_RPE	-3.851e+00
reaction gibbs energy	R_CS	-2.331e+01
reaction gibbs energy	R_RPI	-4.506e+00
reaction gibbs energy	R_ENO	-1.384e+00
reaction gibbs energy	R_SUCDi	-1.219e+01
reaction gibbs energy	R_SUCOAS	-4.348e+00
reaction gibbs energy	R_TALA	-6.801e+00
reaction gibbs energy	R_TKT1	-2.993e+00
reaction gibbs energy	R_TKT2	0.000e+00
reaction gibbs energy	R_TPI	-2.213e+00
reaction gibbs energy	R_FBA	-2.351e+00
reaction gibbs energy	R_FBP	0.000e+00
reaction gibbs energy	R_FRD7	0.000e+00
reaction gibbs energy	R_FUM	-3.119e+00
reaction gibbs energy	R_G6PDH2r	-7.987e+00
reaction gibbs energy	R_GAPD	-1.793e+00
reaction gibbs energy	R_GLNS	-9.292e+00
reaction gibbs energy	R_GLUDy	0.000e+00
reaction gibbs energy	R_GLUN	0.000e+00
reaction gibbs energy	R_GLUSy	-3.779e+01
reaction gibbs energy	R_GND	-5.180e+00
reaction gibbs energy	R_ICDHyr	-4.654e+00
reaction gibbs energy	R_ICL	0.000e+00
reaction gibbs energy	R_LDH_D	0.000e+00
reaction gibbs energy	R_MALS	0.000e+00
reaction gibbs energy	R_MDH	-3.198e+00
reaction gibbs energy	R_ME1	0.000e+00
reaction gibbs energy	R_ME2	0.000e+00
reaction gibbs energy	R_NADTRHD	0.000e+00
reaction gibbs energy	R_PDH	-5.411e+01

