!!!SBtab DocumentName='report' SBtabVersion='1.0' Date='2022-6-9'
!!SBtab TableID='Predicted concentrations' TableType='Quantity' TableName='Predicted concentrations' SBtabVersion='1.0' Unit='M'
!QuantityType	!Compound	!Value
concentration	M_h2o_c	1.000e+00
concentration	M_atp_c	1.485e-03
concentration	M_nadp_c	6.869e-06
concentration	M_nadph_c	4.614e-05
concentration	M_adp_c	4.529e-04
concentration	M_nad_c	2.288e-03
concentration	M_pi_c	1.000e-02
concentration	M_nadh_c	3.822e-06
concentration	M_coa_c	1.967e-04
concentration	M_co2_c	4.815e-05
concentration	M_amp_c	2.677e-04
concentration	M_nh4_c	4.692e-05
concentration	M_akg_c	2.162e-04
concentration	M_accoa_c	7.197e-04
concentration	M_pyr_c	1.333e-03
concentration	M_succ_c	3.535e-04
concentration	M_ac_c	9.996e-05
concentration	M_gln__L_c	2.070e-03
concentration	M_for_c	9.996e-05
concentration	M_oaa_c	1.364e-06
concentration	M_glx_c	9.996e-05
concentration	M_pep_c	1.096e-04
concentration	M_g3p_c	4.629e-05
concentration	M_acald_c	9.996e-05
concentration	M_dhap_c	9.824e-04
concentration	M_succoa_c	8.068e-04
concentration	M_fum_c	2.726e-03
concentration	M_mal__L_c	1.430e-03
concentration	M_r5p_c	1.329e-04
concentration	M_3pg_c	2.230e-03
concentration	M_cit_c	3.396e-03
concentration	M_ru5p__D_c	4.257e-04
concentration	M_g6p_c	4.907e-04
concentration	M_q8_c	2.626e-05
concentration	M_xu5p__D_c	2.461e-04
concentration	M_q8h2_c	3.805e-04
concentration	M_e4p_c	1.295e-05
concentration	M_13dpg_c	1.826e-05
concentration	M_s7p_c	5.114e-04
concentration	M_2pg_c	9.973e-05
concentration	M_actp_c	1.442e-03
concentration	M_lac__D_c	9.996e-05
concentration	M_etoh_c	9.996e-05
concentration	M_6pgc_c	9.981e-05
concentration	M_fdp_c	9.508e-04
concentration	M_6pgl_c	1.862e-05
concentration	M_acon_C_c	1.541e-05
concentration	M_glu__L_c	2.266e-02
concentration	M_icit_c	4.084e-06
concentration	M_f6p_c	2.067e-04

!!SBtab TableID='Predicted Gibbs energies' TableType='Quantity' TableName='Predicted Gibbs energies' SBtabVersion='1.0' Unit='kJ/mol'
!QuantityType	!Reaction	!Value
reaction gibbs energy	R_PFK	-1.396e+01
reaction gibbs energy	R_PFL	0.000e+00
reaction gibbs energy	R_PGI	0.000e+00
reaction gibbs energy	R_PGK	-4.449e+00
reaction gibbs energy	R_PGL	-1.955e+01
reaction gibbs energy	R_ACALD	0.000e+00
reaction gibbs energy	R_PGM	-4.449e+00
reaction gibbs energy	R_ALCD2x	0.000e+00
reaction gibbs energy	R_ACKr	0.000e+00
reaction gibbs energy	R_PPC	-3.405e+01
reaction gibbs energy	R_ACONTa	-4.605e+00
reaction gibbs energy	R_ACONTb	-4.803e+00
reaction gibbs energy	R_ATPM	0.000e+00
reaction gibbs energy	R_PPCK	0.000e+00
reaction gibbs energy	R_PPS	0.000e+00
reaction gibbs energy	R_ADK1	0.000e+00
reaction gibbs energy	R_AKGDH	-4.563e+01
reaction gibbs energy	R_PTAr	0.000e+00
reaction gibbs energy	R_PYK	0.000e+00
reaction gibbs energy	R_RPE	-4.953e+00
reaction gibbs energy	R_CS	-2.086e+01
reaction gibbs energy	R_RPI	-5.076e+00
reaction gibbs energy	R_ENO	-4.449e+00
reaction gibbs energy	R_SUCDi	-1.309e+01
reaction gibbs energy	R_SUCOAS	-7.265e+00
reaction gibbs energy	R_TALA	-6.518e+00
reaction gibbs energy	R_TKT1	-4.893e+00
reaction gibbs energy	R_TKT2	0.000e+00
reaction gibbs energy	R_TPI	-4.449e+00
reaction gibbs energy	R_FBA	-4.449e+00
reaction gibbs energy	R_FBP	-2.840e+01
reaction gibbs energy	R_FRD7	0.000e+00
reaction gibbs energy	R_FUM	-5.039e+00
reaction gibbs energy	R_G6PDH2r	-8.785e+00
reaction gibbs energy	R_GAPD	-4.449e+00
reaction gibbs energy	R_GLNS	-9.795e+00
reaction gibbs energy	R_GLUDy	0.000e+00
reaction gibbs energy	R_GLUN	0.000e+00
reaction gibbs energy	R_GLUSy	-3.654e+01
reaction gibbs energy	R_GND	-7.796e+00
reaction gibbs energy	R_ICDHyr	-6.187e+00
reaction gibbs energy	R_ICL	0.000e+00
reaction gibbs energy	R_LDH_D	0.000e+00
reaction gibbs energy	R_MALS	0.000e+00
reaction gibbs energy	R_MDH	-5.013e+00
reaction gibbs energy	R_ME1	-3.031e+01
reaction gibbs energy	R_ME2	0.000e+00
reaction gibbs energy	R_NADTRHD	0.000e+00
reaction gibbs energy	R_PDH	-5.390e+01

