!!!SBtab DocumentName='report' SBtabVersion='1.0' Date='2022-6-9'
!!SBtab TableID='Predicted concentrations' TableType='Quantity' TableName='Predicted concentrations' SBtabVersion='1.0' Unit='M'
!QuantityType	!Compound	!Value
concentration	M_h2o_c	1.000e+00
concentration	M_atp_c	2.427e-03
concentration	M_nadp_c	6.680e-06
concentration	M_nadph_c	5.204e-05
concentration	M_adp_c	2.609e-04
concentration	M_nad_c	2.001e-03
concentration	M_pi_c	8.446e-03
concentration	M_nadh_c	4.499e-06
concentration	M_coa_c	7.438e-04
concentration	M_co2_c	6.005e-05
concentration	M_amp_c	2.677e-04
concentration	M_nh4_c	1.395e-05
concentration	M_akg_c	2.607e-04
concentration	M_accoa_c	3.224e-04
concentration	M_pyr_c	1.479e-03
concentration	M_succ_c	2.758e-04
concentration	M_ac_c	1.000e-02
concentration	M_gln__L_c	2.095e-03
concentration	M_for_c	9.999e-05
concentration	M_oaa_c	1.048e-04
concentration	M_glx_c	9.999e-05
concentration	M_pep_c	1.562e-04
concentration	M_g3p_c	3.864e-05
concentration	M_acald_c	9.999e-05
concentration	M_dhap_c	8.328e-04
concentration	M_succoa_c	1.087e-03
concentration	M_fum_c	1.672e-03
concentration	M_mal__L_c	1.550e-03
concentration	M_r5p_c	9.520e-05
concentration	M_3pg_c	1.585e-03
concentration	M_cit_c	2.340e-03
concentration	M_ru5p__D_c	2.535e-04
concentration	M_g6p_c	3.510e-04
concentration	M_q8_c	1.641e-05
concentration	M_xu5p__D_c	2.124e-04
concentration	M_q8h2_c	6.093e-04
concentration	M_e4p_c	1.348e-05
concentration	M_13dpg_c	2.139e-05
concentration	M_s7p_c	7.518e-04
concentration	M_2pg_c	9.393e-05
concentration	M_actp_c	1.020e-03
concentration	M_lac__D_c	7.297e-04
concentration	M_etoh_c	9.999e-05
concentration	M_6pgc_c	9.495e-05
concentration	M_fdp_c	6.903e-04
concentration	M_6pgl_c	1.637e-05
concentration	M_acon_C_c	2.588e-05
concentration	M_glu__L_c	2.224e-02
concentration	M_icit_c	1.110e-05
concentration	M_f6p_c	3.005e-04

!!SBtab TableID='Predicted Gibbs energies' TableType='Quantity' TableName='Predicted Gibbs energies' SBtabVersion='1.0' Unit='kJ/mol'
!QuantityType	!Reaction	!Value
reaction gibbs energy	R_PFK	-1.927e+01
reaction gibbs energy	R_PFL	0.000e+00
reaction gibbs energy	R_PGI	-2.181e+00
reaction gibbs energy	R_PGK	-3.271e+00
reaction gibbs energy	R_PGL	-1.936e+01
reaction gibbs energy	R_ACALD	0.000e+00
reaction gibbs energy	R_PGM	-2.601e+00
reaction gibbs energy	R_ALCD2x	0.000e+00
reaction gibbs energy	R_ACKr	-1.274e+00
reaction gibbs energy	R_PPC	-2.788e+01
reaction gibbs energy	R_ACONTa	-2.460e+00
reaction gibbs energy	R_ACONTb	-3.587e+00
reaction gibbs energy	R_ATPM	0.000e+00
reaction gibbs energy	R_PPCK	0.000e+00
reaction gibbs energy	R_PPS	0.000e+00
reaction gibbs energy	R_ADK1	0.000e+00
reaction gibbs energy	R_AKGDH	-4.599e+01
reaction gibbs energy	R_PTAr	-2.320e+00
reaction gibbs energy	R_PYK	-1.552e+01
reaction gibbs energy	R_RPE	-3.809e+00
reaction gibbs energy	R_CS	-2.730e+01
reaction gibbs energy	R_RPI	-4.547e+00
reaction gibbs energy	R_ENO	-2.602e+00
reaction gibbs energy	R_SUCDi	-1.107e+01
reaction gibbs energy	R_SUCOAS	-2.251e+00
reaction gibbs energy	R_TALA	-5.859e+00
reaction gibbs energy	R_TKT1	-2.914e+00
reaction gibbs energy	R_TKT2	0.000e+00
reaction gibbs energy	R_TPI	-2.051e+00
reaction gibbs energy	R_FBA	-2.171e+00
reaction gibbs energy	R_FBP	0.000e+00
reaction gibbs energy	R_FRD7	0.000e+00
reaction gibbs energy	R_FUM	-3.616e+00
reaction gibbs energy	R_G6PDH2r	-7.599e+00
reaction gibbs energy	R_GAPD	-1.648e+00
reaction gibbs energy	R_GLNS	-9.781e+00
reaction gibbs energy	R_GLUDy	0.000e+00
reaction gibbs energy	R_GLUN	0.000e+00
reaction gibbs energy	R_GLUSy	-3.774e+01
reaction gibbs energy	R_GND	-6.165e+00
reaction gibbs energy	R_ICDHyr	-5.768e+00
reaction gibbs energy	R_ICL	0.000e+00
reaction gibbs energy	R_LDH_D	-8.879e+00
reaction gibbs energy	R_MALS	0.000e+00
reaction gibbs energy	R_MDH	0.000e+00
reaction gibbs energy	R_ME1	0.000e+00
reaction gibbs energy	R_ME2	-6.796e+00
reaction gibbs energy	R_NADTRHD	0.000e+00
reaction gibbs energy	R_PDH	0.000e+00

