!!!SBtab DocumentName='report' SBtabVersion='1.0' Date='2022-6-9'
!!SBtab TableID='Predicted concentrations' TableType='Quantity' TableName='Predicted concentrations' SBtabVersion='1.0' Unit='M'
!QuantityType	!Compound	!Value
concentration	M_h2o_c	1.000e+00
concentration	M_atp_c	1.911e-03
concentration	M_nadp_c	6.643e-06
concentration	M_nadph_c	5.056e-05
concentration	M_adp_c	3.310e-04
concentration	M_nad_c	1.667e-03
concentration	M_pi_c	5.073e-03
concentration	M_nadh_c	9.121e-06
concentration	M_coa_c	1.046e-03
concentration	M_co2_c	1.033e-04
concentration	M_amp_c	2.782e-04
concentration	M_nh4_c	1.134e-05
concentration	M_akg_c	2.715e-04
concentration	M_accoa_c	6.767e-04
concentration	M_pyr_c	8.624e-04
concentration	M_succ_c	4.084e-04
concentration	M_ac_c	9.998e-05
concentration	M_gln__L_c	2.104e-03
concentration	M_for_c	9.998e-05
concentration	M_oaa_c	1.745e-06
concentration	M_glx_c	9.998e-05
concentration	M_pep_c	6.167e-04
concentration	M_g3p_c	1.471e-04
concentration	M_acald_c	9.998e-05
concentration	M_dhap_c	4.877e-04
concentration	M_succoa_c	3.901e-04
concentration	M_fum_c	1.985e-03
concentration	M_mal__L_c	2.466e-03
concentration	M_r5p_c	1.366e-04
concentration	M_3pg_c	1.020e-03
concentration	M_cit_c	2.403e-03
concentration	M_ru5p__D_c	2.707e-04
concentration	M_g6p_c	3.501e-04
concentration	M_q8_c	1.686e-05
concentration	M_xu5p__D_c	3.014e-04
concentration	M_q8h2_c	5.928e-04
concentration	M_e4p_c	1.374e-05
concentration	M_13dpg_c	3.132e-05
concentration	M_s7p_c	5.763e-04
concentration	M_2pg_c	1.322e-04
concentration	M_actp_c	1.442e-03
concentration	M_lac__D_c	6.362e-04
concentration	M_etoh_c	9.998e-05
concentration	M_6pgc_c	1.080e-04
concentration	M_fdp_c	1.504e-04
concentration	M_6pgl_c	1.304e-05
concentration	M_acon_C_c	2.604e-05
concentration	M_glu__L_c	2.205e-02
concentration	M_icit_c	1.326e-05
concentration	M_f6p_c	3.149e-04

!!SBtab TableID='Predicted Gibbs energies' TableType='Quantity' TableName='Predicted Gibbs energies' SBtabVersion='1.0' Unit='kJ/mol'
!QuantityType	!Reaction	!Value
reaction gibbs energy	R_PFK	0.000e+00
reaction gibbs energy	R_PFL	0.000e+00
reaction gibbs energy	R_PGI	-2.239e+00
reaction gibbs energy	R_PGK	0.000e+00
reaction gibbs energy	R_PGL	-1.879e+01
reaction gibbs energy	R_ACALD	0.000e+00
reaction gibbs energy	R_PGM	-1.384e+00
reaction gibbs energy	R_ALCD2x	0.000e+00
reaction gibbs energy	R_ACKr	0.000e+00
reaction gibbs energy	R_PPC	0.000e+00
reaction gibbs energy	R_ACONTa	-2.463e+00
reaction gibbs energy	R_ACONTb	-3.227e+00
reaction gibbs energy	R_ATPM	0.000e+00
reaction gibbs energy	R_PPCK	0.000e+00
reaction gibbs energy	R_PPS	-2.053e+01
reaction gibbs energy	R_ADK1	-3.794e+00
reaction gibbs energy	R_AKGDH	0.000e+00
reaction gibbs energy	R_PTAr	0.000e+00
reaction gibbs energy	R_PYK	0.000e+00
reaction gibbs energy	R_RPE	-3.252e+00
reaction gibbs energy	R_CS	-1.850e+01
reaction gibbs energy	R_RPI	-3.849e+00
reaction gibbs energy	R_ENO	-1.384e+00
reaction gibbs energy	R_SUCDi	-1.161e+01
reaction gibbs energy	R_SUCOAS	0.000e+00
reaction gibbs energy	R_TALA	-8.440e+00
reaction gibbs energy	R_TKT1	-2.206e+00
reaction gibbs energy	R_TKT2	-4.505e+00
reaction gibbs energy	R_TPI	-2.290e+00
reaction gibbs energy	R_FBA	-3.305e+00
reaction gibbs energy	R_FBP	-2.381e+01
reaction gibbs energy	R_FRD7	0.000e+00
reaction gibbs energy	R_FUM	-2.886e+00
reaction gibbs energy	R_G6PDH2r	-8.103e+00
reaction gibbs energy	R_GAPD	0.000e+00
reaction gibbs energy	R_GLNS	-9.387e+00
reaction gibbs energy	R_GLUDy	0.000e+00
reaction gibbs energy	R_GLUN	0.000e+00
reaction gibbs energy	R_GLUSy	-3.808e+01
reaction gibbs energy	R_GND	-4.265e+00
reaction gibbs energy	R_ICDHyr	-4.029e+00
reaction gibbs energy	R_ICL	0.000e+00
reaction gibbs energy	R_LDH_D	-1.009e+01
reaction gibbs energy	R_MALS	0.000e+00
reaction gibbs energy	R_MDH	-2.727e+00
reaction gibbs energy	R_ME1	0.000e+00
reaction gibbs energy	R_ME2	-6.971e+00
reaction gibbs energy	R_NADTRHD	0.000e+00
reaction gibbs energy	R_PDH	-5.459e+01

