!!!SBtab DocumentName='report' SBtabVersion='1.0' Date='2022-6-9'
!!SBtab TableID='Predicted concentrations' TableType='Quantity' TableName='Predicted concentrations' SBtabVersion='1.0' Unit='M'
!QuantityType	!Compound	!Value
concentration	M_h2o_c	1.000e+00
concentration	M_atp_c	2.427e-03
concentration	M_nadp_c	6.762e-06
concentration	M_nadph_c	4.942e-05
concentration	M_adp_c	2.609e-04
concentration	M_nad_c	1.996e-03
concentration	M_pi_c	8.712e-03
concentration	M_nadh_c	4.549e-06
concentration	M_coa_c	7.541e-04
concentration	M_co2_c	6.284e-05
concentration	M_amp_c	2.720e-04
concentration	M_nh4_c	1.562e-05
concentration	M_akg_c	2.567e-04
concentration	M_accoa_c	3.206e-04
concentration	M_pyr_c	1.096e-03
concentration	M_succ_c	2.759e-04
concentration	M_ac_c	1.000e-02
concentration	M_gln__L_c	2.097e-03
concentration	M_for_c	1.000e-04
concentration	M_oaa_c	3.103e-06
concentration	M_glx_c	1.000e-04
concentration	M_pep_c	1.692e-04
concentration	M_g3p_c	3.846e-05
concentration	M_acald_c	1.000e-04
concentration	M_dhap_c	8.328e-04
concentration	M_succoa_c	1.089e-03
concentration	M_fum_c	1.869e-03
concentration	M_mal__L_c	2.137e-03
concentration	M_r5p_c	9.574e-05
concentration	M_3pg_c	1.598e-03
concentration	M_cit_c	2.323e-03
concentration	M_ru5p__D_c	2.509e-04
concentration	M_g6p_c	3.511e-04
concentration	M_q8_c	1.977e-05
concentration	M_xu5p__D_c	2.076e-04
concentration	M_q8h2_c	5.057e-04
concentration	M_e4p_c	1.340e-05
concentration	M_13dpg_c	2.141e-05
concentration	M_s7p_c	7.558e-04
concentration	M_2pg_c	9.802e-05
concentration	M_actp_c	1.020e-03
concentration	M_lac__D_c	1.000e-04
concentration	M_etoh_c	1.000e-04
concentration	M_6pgc_c	9.374e-05
concentration	M_fdp_c	6.910e-04
concentration	M_6pgl_c	2.254e-05
concentration	M_acon_C_c	2.570e-05
concentration	M_glu__L_c	2.208e-02
concentration	M_icit_c	1.140e-05
concentration	M_f6p_c	3.013e-04

!!SBtab TableID='Predicted Gibbs energies' TableType='Quantity' TableName='Predicted Gibbs energies' SBtabVersion='1.0' Unit='kJ/mol'
!QuantityType	!Reaction	!Value
reaction gibbs energy	R_PFK	-1.928e+01
reaction gibbs energy	R_PFL	0.000e+00
reaction gibbs energy	R_PGI	-2.187e+00
reaction gibbs energy	R_PGK	-3.253e+00
reaction gibbs energy	R_PGL	-2.019e+01
reaction gibbs energy	R_ACALD	0.000e+00
reaction gibbs energy	R_PGM	-2.515e+00
reaction gibbs energy	R_ALCD2x	0.000e+00
reaction gibbs energy	R_ACKr	-1.274e+00
reaction gibbs energy	R_PPC	-3.683e+01
reaction gibbs energy	R_ACONTa	-2.460e+00
reaction gibbs energy	R_ACONTb	-3.502e+00
reaction gibbs energy	R_ATPM	0.000e+00
reaction gibbs energy	R_PPCK	0.000e+00
reaction gibbs energy	R_PPS	-2.368e+01
reaction gibbs energy	R_ADK1	-5.536e+00
reaction gibbs energy	R_AKGDH	-4.584e+01
reaction gibbs energy	R_PTAr	-2.291e+00
reaction gibbs energy	R_PYK	0.000e+00
reaction gibbs energy	R_RPE	-3.840e+00
reaction gibbs energy	R_CS	-1.855e+01
reaction gibbs energy	R_RPI	-4.508e+00
reaction gibbs energy	R_ENO	-2.511e+00
reaction gibbs energy	R_SUCDi	-1.172e+01
reaction gibbs energy	R_SUCOAS	-2.298e+00
reaction gibbs energy	R_TALA	-5.869e+00
reaction gibbs energy	R_TKT1	-2.870e+00
reaction gibbs energy	R_TKT2	-6.770e+00
reaction gibbs energy	R_TPI	-2.062e+00
reaction gibbs energy	R_FBA	-2.185e+00
reaction gibbs energy	R_FBP	0.000e+00
reaction gibbs energy	R_FRD7	0.000e+00
reaction gibbs energy	R_FUM	-3.096e+00
reaction gibbs energy	R_G6PDH2r	-6.965e+00
reaction gibbs energy	R_GAPD	-1.678e+00
reaction gibbs energy	R_GLNS	-9.965e+00
reaction gibbs energy	R_GLUDy	0.000e+00
reaction gibbs energy	R_GLUN	0.000e+00
reaction gibbs energy	R_GLUSy	-3.758e+01
reaction gibbs energy	R_GND	-6.203e+00
reaction gibbs energy	R_ICDHyr	-5.919e+00
reaction gibbs energy	R_ICL	0.000e+00
reaction gibbs energy	R_LDH_D	0.000e+00
reaction gibbs energy	R_MALS	0.000e+00
reaction gibbs energy	R_MDH	-3.177e+00
reaction gibbs energy	R_ME1	0.000e+00
reaction gibbs energy	R_ME2	0.000e+00
reaction gibbs energy	R_NADTRHD	-2.010e+01
reaction gibbs energy	R_PDH	0.000e+00

