!!!SBtab DocumentName='report' SBtabVersion='1.0' Date='2022-6-9'
!!SBtab TableID='Predicted concentrations' TableType='Quantity' TableName='Predicted concentrations' SBtabVersion='1.0' Unit='M'
!QuantityType	!Compound	!Value
concentration	M_h2o_c	1.000e+00
concentration	M_atp_c	2.427e-03
concentration	M_nadp_c	6.680e-06
concentration	M_nadph_c	5.196e-05
concentration	M_adp_c	2.609e-04
concentration	M_nad_c	1.982e-03
concentration	M_pi_c	8.750e-03
concentration	M_nadh_c	4.516e-06
concentration	M_coa_c	7.777e-04
concentration	M_co2_c	6.321e-05
concentration	M_amp_c	2.745e-04
concentration	M_nh4_c	1.543e-05
concentration	M_akg_c	2.627e-04
concentration	M_accoa_c	3.271e-04
concentration	M_pyr_c	1.067e-03
concentration	M_succ_c	2.772e-04
concentration	M_ac_c	1.000e-02
concentration	M_gln__L_c	2.093e-03
concentration	M_for_c	9.999e-05
concentration	M_oaa_c	7.635e-05
concentration	M_glx_c	9.999e-05
concentration	M_pep_c	1.711e-04
concentration	M_g3p_c	3.792e-05
concentration	M_acald_c	9.999e-05
concentration	M_dhap_c	8.226e-04
concentration	M_succoa_c	1.083e-03
concentration	M_fum_c	1.246e-03
concentration	M_mal__L_c	2.312e-03
concentration	M_r5p_c	9.407e-05
concentration	M_3pg_c	1.598e-03
concentration	M_cit_c	2.347e-03
concentration	M_ru5p__D_c	2.519e-04
concentration	M_g6p_c	3.517e-04
concentration	M_q8_c	1.353e-05
concentration	M_xu5p__D_c	2.100e-04
concentration	M_q8h2_c	7.389e-04
concentration	M_e4p_c	1.351e-05
concentration	M_13dpg_c	2.143e-05
concentration	M_s7p_c	7.473e-04
concentration	M_2pg_c	9.868e-05
concentration	M_actp_c	1.020e-03
concentration	M_lac__D_c	9.999e-05
concentration	M_etoh_c	9.999e-05
concentration	M_6pgc_c	9.495e-05
concentration	M_fdp_c	6.787e-04
concentration	M_6pgl_c	1.735e-05
concentration	M_acon_C_c	2.603e-05
concentration	M_glu__L_c	2.225e-02
concentration	M_icit_c	1.105e-05
concentration	M_f6p_c	3.004e-04

!!SBtab TableID='Predicted Gibbs energies' TableType='Quantity' TableName='Predicted Gibbs energies' SBtabVersion='1.0' Unit='kJ/mol'
!QuantityType	!Reaction	!Value
reaction gibbs energy	R_PFK	-1.931e+01
reaction gibbs energy	R_PFL	0.000e+00
reaction gibbs energy	R_PGI	-2.175e+00
reaction gibbs energy	R_PGK	-3.255e+00
reaction gibbs energy	R_PGL	-1.951e+01
reaction gibbs energy	R_ACALD	0.000e+00
reaction gibbs energy	R_PGM	-2.499e+00
reaction gibbs energy	R_ALCD2x	0.000e+00
reaction gibbs energy	R_ACKr	-1.274e+00
reaction gibbs energy	R_PPC	-2.893e+01
reaction gibbs energy	R_ACONTa	-2.453e+00
reaction gibbs energy	R_ACONTb	-3.612e+00
reaction gibbs energy	R_ATPM	0.000e+00
reaction gibbs energy	R_PPCK	0.000e+00
reaction gibbs energy	R_PPS	-2.355e+01
reaction gibbs energy	R_ADK1	-5.559e+00
reaction gibbs energy	R_AKGDH	-4.597e+01
reaction gibbs energy	R_PTAr	-2.308e+00
reaction gibbs energy	R_PYK	0.000e+00
reaction gibbs energy	R_RPE	-3.821e+00
reaction gibbs energy	R_CS	-2.643e+01
reaction gibbs energy	R_RPI	-4.561e+00
reaction gibbs energy	R_ENO	-2.499e+00
reaction gibbs energy	R_SUCDi	-1.085e+01
reaction gibbs energy	R_SUCOAS	-2.208e+00
reaction gibbs energy	R_TALA	-5.793e+00
reaction gibbs energy	R_TKT1	-2.918e+00
reaction gibbs energy	R_TKT2	0.000e+00
reaction gibbs energy	R_TPI	-2.066e+00
reaction gibbs energy	R_FBA	-2.206e+00
reaction gibbs energy	R_FBP	0.000e+00
reaction gibbs energy	R_FRD7	0.000e+00
reaction gibbs energy	R_FUM	0.000e+00
reaction gibbs energy	R_G6PDH2r	-7.464e+00
reaction gibbs energy	R_GAPD	-1.651e+00
reaction gibbs energy	R_GLNS	-9.948e+00
reaction gibbs energy	R_GLUDy	0.000e+00
reaction gibbs energy	R_GLUN	0.000e+00
reaction gibbs energy	R_GLUSy	-3.775e+01
reaction gibbs energy	R_GND	-6.056e+00
reaction gibbs energy	R_ICDHyr	-5.616e+00
reaction gibbs energy	R_ICL	0.000e+00
reaction gibbs energy	R_LDH_D	0.000e+00
reaction gibbs energy	R_MALS	0.000e+00
reaction gibbs energy	R_MDH	0.000e+00
reaction gibbs energy	R_ME1	0.000e+00
reaction gibbs energy	R_ME2	0.000e+00
reaction gibbs energy	R_NADTRHD	0.000e+00
reaction gibbs energy	R_PDH	0.000e+00

