!!!SBtab DocumentName='report' SBtabVersion='1.0' Date='2022-6-9'
!!SBtab TableID='Predicted concentrations' TableType='Quantity' TableName='Predicted concentrations' SBtabVersion='1.0' Unit='M'
!QuantityType	!Compound	!Value
concentration	M_h2o_c	1.000e+00
concentration	M_atp_c	2.247e-03
concentration	M_nadp_c	6.935e-06
concentration	M_nadph_c	4.478e-05
concentration	M_adp_c	2.700e-04
concentration	M_nad_c	2.254e-03
concentration	M_pi_c	1.000e-02
concentration	M_nadh_c	3.882e-06
concentration	M_coa_c	8.830e-05
concentration	M_co2_c	1.000e-05
concentration	M_amp_c	3.431e-04
concentration	M_nh4_c	3.025e-05
concentration	M_akg_c	2.277e-04
concentration	M_accoa_c	1.740e-03
concentration	M_pyr_c	1.029e-03
concentration	M_succ_c	4.197e-04
concentration	M_ac_c	1.872e-04
concentration	M_gln__L_c	2.072e-03
concentration	M_for_c	1.000e-04
concentration	M_oaa_c	1.017e-06
concentration	M_glx_c	1.000e-04
concentration	M_pep_c	3.027e-04
concentration	M_g3p_c	2.551e-04
concentration	M_acald_c	1.000e-04
concentration	M_dhap_c	3.120e-04
concentration	M_succoa_c	3.901e-04
concentration	M_fum_c	3.421e-03
concentration	M_mal__L_c	1.436e-03
concentration	M_r5p_c	1.692e-04
concentration	M_3pg_c	1.141e-03
concentration	M_cit_c	3.603e-03
concentration	M_ru5p__D_c	4.803e-04
concentration	M_g6p_c	2.608e-04
concentration	M_q8_c	2.827e-05
concentration	M_xu5p__D_c	4.159e-04
concentration	M_q8h2_c	3.537e-04
concentration	M_e4p_c	1.859e-05
concentration	M_13dpg_c	3.878e-05
concentration	M_s7p_c	4.283e-04
concentration	M_2pg_c	1.000e-04
concentration	M_actp_c	1.020e-03
concentration	M_lac__D_c	1.888e-04
concentration	M_etoh_c	1.000e-04
concentration	M_6pgc_c	1.105e-04
concentration	M_fdp_c	8.524e-05
concentration	M_6pgl_c	7.205e-06
concentration	M_acon_C_c	1.380e-05
concentration	M_glu__L_c	2.261e-02
concentration	M_icit_c	3.469e-06
concentration	M_f6p_c	4.151e-04

!!SBtab TableID='Predicted Gibbs energies' TableType='Quantity' TableName='Predicted Gibbs energies' SBtabVersion='1.0' Unit='kJ/mol'
!QuantityType	!Reaction	!Value
reaction gibbs energy	R_PFK	0.000e+00
reaction gibbs energy	R_PFL	0.000e+00
reaction gibbs energy	R_PGI	-5.551e+00
reaction gibbs energy	R_PGK	-5.890e+00
reaction gibbs energy	R_PGL	-1.592e+01
reaction gibbs energy	R_ACALD	0.000e+00
reaction gibbs energy	R_PGM	0.000e+00
reaction gibbs energy	R_ALCD2x	0.000e+00
reaction gibbs energy	R_ACKr	-1.185e+01
reaction gibbs energy	R_PPC	0.000e+00
reaction gibbs energy	R_ACONTa	-5.551e+00
reaction gibbs energy	R_ACONTb	-5.551e+00
reaction gibbs energy	R_ATPM	0.000e+00
reaction gibbs energy	R_PPCK	0.000e+00
reaction gibbs energy	R_PPS	-2.105e+01
reaction gibbs energy	R_ADK1	-5.672e+00
reaction gibbs energy	R_AKGDH	0.000e+00
reaction gibbs energy	R_PTAr	-5.551e+00
reaction gibbs energy	R_PYK	0.000e+00
reaction gibbs energy	R_RPE	-5.551e+00
reaction gibbs energy	R_CS	-2.462e+01
reaction gibbs energy	R_RPI	-5.551e+00
reaction gibbs energy	R_ENO	0.000e+00
reaction gibbs energy	R_SUCDi	-1.299e+01
reaction gibbs energy	R_SUCOAS	0.000e+00
reaction gibbs energy	R_TALA	-5.891e+00
reaction gibbs energy	R_TKT1	-5.551e+00
reaction gibbs energy	R_TKT2	-5.551e+00
reaction gibbs energy	R_TPI	-5.551e+00
reaction gibbs energy	R_FBA	-5.614e+00
reaction gibbs energy	R_FBP	-1.972e+01
reaction gibbs energy	R_FRD7	0.000e+00
reaction gibbs energy	R_FUM	-5.592e+00
reaction gibbs energy	R_G6PDH2r	-9.178e+00
reaction gibbs energy	R_GAPD	-5.956e+00
reaction gibbs energy	R_GLNS	-1.106e+01
reaction gibbs energy	R_GLUDy	0.000e+00
reaction gibbs energy	R_GLUN	0.000e+00
reaction gibbs energy	R_GLUSy	-3.681e+01
reaction gibbs energy	R_GND	-8.022e+00
reaction gibbs energy	R_ICDHyr	-7.110e+00
reaction gibbs energy	R_ICL	0.000e+00
reaction gibbs energy	R_LDH_D	-1.067e+01
reaction gibbs energy	R_MALS	0.000e+00
reaction gibbs energy	R_MDH	-5.592e+00
reaction gibbs energy	R_ME1	-3.203e+01
reaction gibbs energy	R_ME2	0.000e+00
reaction gibbs energy	R_NADTRHD	0.000e+00
reaction gibbs energy	R_PDH	-5.423e+01

