!!!SBtab DocumentName='report' SBtabVersion='1.0' Date='2022-6-9'
!!SBtab TableID='Predicted concentrations' TableType='Quantity' TableName='Predicted concentrations' SBtabVersion='1.0' Unit='M'
!QuantityType	!Compound	!Value
concentration	M_h2o_c	1.000e+00
concentration	M_atp_c	1.485e-03
concentration	M_nadp_c	6.914e-06
concentration	M_nadph_c	4.719e-05
concentration	M_adp_c	3.068e-04
concentration	M_nad_c	2.288e-03
concentration	M_pi_c	1.000e-02
concentration	M_nadh_c	3.822e-06
concentration	M_coa_c	7.636e-03
concentration	M_co2_c	4.459e-05
concentration	M_amp_c	3.609e-04
concentration	M_nh4_c	2.968e-05
concentration	M_akg_c	2.436e-04
concentration	M_accoa_c	5.465e-04
concentration	M_pyr_c	1.107e-03
concentration	M_succ_c	4.085e-04
concentration	M_ac_c	1.000e-04
concentration	M_gln__L_c	2.080e-03
concentration	M_for_c	1.000e-04
concentration	M_oaa_c	1.103e-04
concentration	M_glx_c	7.716e-06
concentration	M_pep_c	1.096e-04
concentration	M_g3p_c	5.047e-05
concentration	M_acald_c	1.000e-04
concentration	M_dhap_c	9.821e-04
concentration	M_succoa_c	3.901e-04
concentration	M_fum_c	2.270e-03
concentration	M_mal__L_c	1.035e-03
concentration	M_r5p_c	1.344e-04
concentration	M_3pg_c	2.108e-03
concentration	M_cit_c	3.321e-03
concentration	M_ru5p__D_c	4.211e-04
concentration	M_g6p_c	5.111e-04
concentration	M_q8_c	2.258e-05
concentration	M_xu5p__D_c	2.515e-04
concentration	M_q8h2_c	4.429e-04
concentration	M_e4p_c	1.305e-05
concentration	M_13dpg_c	1.826e-05
concentration	M_s7p_c	5.167e-04
concentration	M_2pg_c	9.622e-05
concentration	M_actp_c	1.442e-03
concentration	M_lac__D_c	1.000e-04
concentration	M_etoh_c	1.000e-04
concentration	M_6pgc_c	9.844e-05
concentration	M_fdp_c	9.508e-04
concentration	M_6pgl_c	1.003e-05
concentration	M_acon_C_c	1.580e-05
concentration	M_glu__L_c	2.244e-02
concentration	M_icit_c	4.344e-06
concentration	M_f6p_c	1.982e-04

!!SBtab TableID='Predicted Gibbs energies' TableType='Quantity' TableName='Predicted Gibbs energies' SBtabVersion='1.0' Unit='kJ/mol'
!QuantityType	!Reaction	!Value
reaction gibbs energy	R_PFK	-1.481e+01
reaction gibbs energy	R_PFL	0.000e+00
reaction gibbs energy	R_PGI	0.000e+00
reaction gibbs energy	R_PGK	-4.277e+00
reaction gibbs energy	R_PGL	-1.807e+01
reaction gibbs energy	R_ACALD	0.000e+00
reaction gibbs energy	R_PGM	-4.277e+00
reaction gibbs energy	R_ALCD2x	0.000e+00
reaction gibbs energy	R_ACKr	0.000e+00
reaction gibbs energy	R_PPC	-2.292e+01
reaction gibbs energy	R_ACONTa	-4.486e+00
reaction gibbs energy	R_ACONTb	-4.716e+00
reaction gibbs energy	R_ATPM	0.000e+00
reaction gibbs energy	R_PPCK	0.000e+00
reaction gibbs energy	R_PPS	-2.264e+01
reaction gibbs energy	R_ADK1	-4.277e+00
reaction gibbs energy	R_AKGDH	0.000e+00
reaction gibbs energy	R_PTAr	0.000e+00
reaction gibbs energy	R_PYK	0.000e+00
reaction gibbs energy	R_RPE	-4.888e+00
reaction gibbs energy	R_CS	-2.205e+01
reaction gibbs energy	R_RPI	-5.026e+00
reaction gibbs energy	R_ENO	-4.277e+00
reaction gibbs energy	R_SUCDi	-1.324e+01
reaction gibbs energy	R_SUCOAS	0.000e+00
reaction gibbs energy	R_TALA	-6.854e+00
reaction gibbs energy	R_TKT1	-4.756e+00
reaction gibbs energy	R_TKT2	0.000e+00
reaction gibbs energy	R_TPI	-4.277e+00
reaction gibbs energy	R_FBA	-4.277e+00
reaction gibbs energy	R_FBP	0.000e+00
reaction gibbs energy	R_FRD7	0.000e+00
reaction gibbs energy	R_FUM	-5.387e+00
reaction gibbs energy	R_G6PDH2r	-1.039e+01
reaction gibbs energy	R_GAPD	-4.277e+00
reaction gibbs energy	R_GLNS	-9.606e+00
reaction gibbs energy	R_GLUDy	0.000e+00
reaction gibbs energy	R_GLUN	0.000e+00
reaction gibbs energy	R_GLUSy	-3.697e+01
reaction gibbs energy	R_GND	-8.005e+00
reaction gibbs energy	R_ICDHyr	-6.254e+00
reaction gibbs energy	R_ICL	-8.505e+00
reaction gibbs energy	R_LDH_D	0.000e+00
reaction gibbs energy	R_MALS	-2.040e+01
reaction gibbs energy	R_MDH	0.000e+00
reaction gibbs energy	R_ME1	-3.023e+01
reaction gibbs energy	R_ME2	-9.410e+00
reaction gibbs energy	R_NADTRHD	0.000e+00
reaction gibbs energy	R_PDH	-6.340e+01

