!!!SBtab DocumentName='report' SBtabVersion='1.0' Date='2022-6-9'
!!SBtab TableID='Predicted concentrations' TableType='Quantity' TableName='Predicted concentrations' SBtabVersion='1.0' Unit='M'
!QuantityType	!Compound	!Value
concentration	M_h2o_c	1.000e+00
concentration	M_atp_c	2.427e-03
concentration	M_nadp_c	6.678e-06
concentration	M_nadph_c	5.201e-05
concentration	M_adp_c	2.609e-04
concentration	M_nad_c	1.996e-03
concentration	M_pi_c	8.480e-03
concentration	M_nadh_c	4.417e-06
concentration	M_coa_c	7.477e-04
concentration	M_co2_c	6.484e-05
concentration	M_amp_c	2.723e-04
concentration	M_nh4_c	1.000e-04
concentration	M_akg_c	2.780e-04
concentration	M_accoa_c	3.271e-04
concentration	M_pyr_c	1.063e-03
concentration	M_succ_c	2.797e-04
concentration	M_ac_c	1.000e-02
concentration	M_gln__L_c	2.104e-03
concentration	M_for_c	1.000e-04
concentration	M_oaa_c	3.367e-06
concentration	M_glx_c	1.000e-04
concentration	M_pep_c	1.693e-04
concentration	M_g3p_c	3.819e-05
concentration	M_acald_c	1.000e-04
concentration	M_dhap_c	8.232e-04
concentration	M_succoa_c	1.083e-03
concentration	M_fum_c	1.808e-03
concentration	M_mal__L_c	2.051e-03
concentration	M_r5p_c	9.523e-05
concentration	M_3pg_c	1.590e-03
concentration	M_cit_c	2.321e-03
concentration	M_ru5p__D_c	2.498e-04
concentration	M_g6p_c	4.845e-04
concentration	M_q8_c	2.038e-05
concentration	M_xu5p__D_c	2.038e-04
concentration	M_q8h2_c	4.906e-04
concentration	M_e4p_c	1.340e-05
concentration	M_13dpg_c	2.150e-05
concentration	M_s7p_c	7.491e-04
concentration	M_2pg_c	9.800e-05
concentration	M_actp_c	1.020e-03
concentration	M_lac__D_c	4.443e-04
concentration	M_etoh_c	1.000e-04
concentration	M_6pgc_c	9.680e-05
concentration	M_fdp_c	6.757e-04
concentration	M_6pgl_c	2.044e-05
concentration	M_acon_C_c	2.583e-05
concentration	M_glu__L_c	2.173e-02
concentration	M_icit_c	1.146e-05
concentration	M_f6p_c	2.253e-04

!!SBtab TableID='Predicted Gibbs energies' TableType='Quantity' TableName='Predicted Gibbs energies' SBtabVersion='1.0' Unit='kJ/mol'
!QuantityType	!Reaction	!Value
reaction gibbs energy	R_PFK	-1.861e+01
reaction gibbs energy	R_PFL	0.000e+00
reaction gibbs energy	R_PGI	0.000e+00
reaction gibbs energy	R_PGK	-3.276e+00
reaction gibbs energy	R_PGL	-1.987e+01
reaction gibbs energy	R_ACALD	0.000e+00
reaction gibbs energy	R_PGM	-2.503e+00
reaction gibbs energy	R_ALCD2x	0.000e+00
reaction gibbs energy	R_ACKr	-1.274e+00
reaction gibbs energy	R_PPC	-3.677e+01
reaction gibbs energy	R_ACONTa	-2.445e+00
reaction gibbs energy	R_ACONTb	-3.501e+00
reaction gibbs energy	R_ATPM	0.000e+00
reaction gibbs energy	R_PPCK	0.000e+00
reaction gibbs energy	R_PPS	-2.366e+01
reaction gibbs energy	R_ADK1	-5.539e+00
reaction gibbs energy	R_AKGDH	-4.602e+01
reaction gibbs energy	R_PTAr	-2.287e+00
reaction gibbs energy	R_PYK	0.000e+00
reaction gibbs energy	R_RPE	-3.874e+00
reaction gibbs energy	R_CS	-1.882e+01
reaction gibbs energy	R_RPI	-4.510e+00
reaction gibbs energy	R_ENO	-2.508e+00
reaction gibbs energy	R_SUCDi	-1.198e+01
reaction gibbs energy	R_SUCOAS	-2.206e+00
reaction gibbs energy	R_TALA	-6.548e+00
reaction gibbs energy	R_TKT1	-2.851e+00
reaction gibbs energy	R_TKT2	-7.462e+00
reaction gibbs energy	R_TPI	-2.051e+00
reaction gibbs energy	R_FBA	-2.177e+00
reaction gibbs energy	R_FBP	0.000e+00
reaction gibbs energy	R_FRD7	0.000e+00
reaction gibbs energy	R_FUM	-3.116e+00
reaction gibbs energy	R_G6PDH2r	-7.849e+00
reaction gibbs energy	R_GAPD	-1.655e+00
reaction gibbs energy	R_GLNS	0.000e+00
reaction gibbs energy	R_GLUDy	0.000e+00
reaction gibbs energy	R_GLUN	0.000e+00
reaction gibbs energy	R_GLUSy	0.000e+00
reaction gibbs energy	R_GND	-6.059e+00
reaction gibbs energy	R_ICDHyr	-5.500e+00
reaction gibbs energy	R_ICL	0.000e+00
reaction gibbs energy	R_LDH_D	-9.250e+00
reaction gibbs energy	R_MALS	0.000e+00
reaction gibbs energy	R_MDH	-2.945e+00
reaction gibbs energy	R_ME1	0.000e+00
reaction gibbs energy	R_ME2	-8.119e+00
reaction gibbs energy	R_NADTRHD	-2.033e+01
reaction gibbs energy	R_PDH	0.000e+00

