!!!SBtab DocumentName='report' SBtabVersion='1.0' Date='2022-6-9'
!!SBtab TableID='Predicted concentrations' TableType='Quantity' TableName='Predicted concentrations' SBtabVersion='1.0' Unit='M'
!QuantityType	!Compound	!Value
concentration	M_h2o_c	1.000e+00
concentration	M_atp_c	1.900e-03
concentration	M_nadp_c	6.687e-06
concentration	M_nadph_c	5.127e-05
concentration	M_adp_c	3.434e-04
concentration	M_nad_c	1.644e-03
concentration	M_pi_c	4.703e-03
concentration	M_nadh_c	9.721e-06
concentration	M_coa_c	1.618e-03
concentration	M_co2_c	2.997e-05
concentration	M_amp_c	2.677e-04
concentration	M_nh4_c	1.542e-05
concentration	M_akg_c	2.981e-04
concentration	M_accoa_c	6.545e-04
concentration	M_pyr_c	1.065e-03
concentration	M_succ_c	4.077e-04
concentration	M_ac_c	9.996e-05
concentration	M_gln__L_c	2.093e-03
concentration	M_for_c	9.996e-05
concentration	M_oaa_c	2.073e-06
concentration	M_glx_c	9.996e-05
concentration	M_pep_c	6.167e-04
concentration	M_g3p_c	1.478e-04
concentration	M_acald_c	9.996e-05
concentration	M_dhap_c	4.901e-04
concentration	M_succoa_c	3.900e-04
concentration	M_fum_c	2.150e-03
concentration	M_mal__L_c	2.873e-03
concentration	M_r5p_c	1.365e-04
concentration	M_3pg_c	1.020e-03
concentration	M_cit_c	2.342e-03
concentration	M_ru5p__D_c	2.883e-04
concentration	M_g6p_c	3.515e-04
concentration	M_q8_c	1.708e-05
concentration	M_xu5p__D_c	3.033e-04
concentration	M_q8h2_c	5.850e-04
concentration	M_e4p_c	1.374e-05
concentration	M_13dpg_c	3.132e-05
concentration	M_s7p_c	5.783e-04
concentration	M_2pg_c	1.322e-04
concentration	M_actp_c	1.442e-03
concentration	M_lac__D_c	9.996e-05
concentration	M_etoh_c	9.996e-05
concentration	M_6pgc_c	9.279e-05
concentration	M_fdp_c	1.489e-04
concentration	M_6pgl_c	1.343e-05
concentration	M_acon_C_c	2.478e-05
concentration	M_glu__L_c	2.218e-02
concentration	M_icit_c	1.054e-05
concentration	M_f6p_c	3.164e-04

!!SBtab TableID='Predicted Gibbs energies' TableType='Quantity' TableName='Predicted Gibbs energies' SBtabVersion='1.0' Unit='kJ/mol'
!QuantityType	!Reaction	!Value
reaction gibbs energy	R_PFK	0.000e+00
reaction gibbs energy	R_PFL	0.000e+00
reaction gibbs energy	R_PGI	-2.241e+00
reaction gibbs energy	R_PGK	0.000e+00
reaction gibbs energy	R_PGL	-1.924e+01
reaction gibbs energy	R_ACALD	0.000e+00
reaction gibbs energy	R_PGM	-1.384e+00
reaction gibbs energy	R_ALCD2x	0.000e+00
reaction gibbs energy	R_ACKr	0.000e+00
reaction gibbs energy	R_PPC	-4.235e+01
reaction gibbs energy	R_ACONTa	-2.523e+00
reaction gibbs energy	R_ACONTb	-3.673e+00
reaction gibbs energy	R_ATPM	0.000e+00
reaction gibbs energy	R_PPCK	-3.863e+00
reaction gibbs energy	R_PPS	0.000e+00
reaction gibbs energy	R_ADK1	0.000e+00
reaction gibbs energy	R_AKGDH	0.000e+00
reaction gibbs energy	R_PTAr	0.000e+00
reaction gibbs energy	R_PYK	0.000e+00
reaction gibbs energy	R_RPE	-3.391e+00
reaction gibbs energy	R_CS	-1.782e+01
reaction gibbs energy	R_RPI	-4.007e+00
reaction gibbs energy	R_ENO	-1.384e+00
reaction gibbs energy	R_SUCDi	-1.147e+01
reaction gibbs energy	R_SUCOAS	0.000e+00
reaction gibbs energy	R_TALA	-8.449e+00
reaction gibbs energy	R_TKT1	-2.199e+00
reaction gibbs energy	R_TKT2	-4.496e+00
reaction gibbs energy	R_TPI	-2.289e+00
reaction gibbs energy	R_FBA	-3.354e+00
reaction gibbs energy	R_FBP	-2.396e+01
reaction gibbs energy	R_FRD7	0.000e+00
reaction gibbs energy	R_FUM	-2.705e+00
reaction gibbs energy	R_G6PDH2r	-8.022e+00
reaction gibbs energy	R_GAPD	0.000e+00
reaction gibbs energy	R_GLNS	-1.026e+01
reaction gibbs energy	R_GLUDy	0.000e+00
reaction gibbs energy	R_GLUN	0.000e+00
reaction gibbs energy	R_GLUSy	-3.829e+01
reaction gibbs energy	R_GND	-6.781e+00
reaction gibbs energy	R_ICDHyr	-6.275e+00
reaction gibbs energy	R_ICL	0.000e+00
reaction gibbs energy	R_LDH_D	0.000e+00
reaction gibbs energy	R_MALS	0.000e+00
reaction gibbs energy	R_MDH	-2.486e+00
reaction gibbs energy	R_ME1	0.000e+00
reaction gibbs energy	R_ME2	0.000e+00
reaction gibbs energy	R_NADTRHD	-1.787e+01
reaction gibbs energy	R_PDH	-5.915e+01

