!!!SBtab DocumentName='report' SBtabVersion='1.0' Date='2022-6-9'
!!SBtab TableID='Predicted concentrations' TableType='Quantity' TableName='Predicted concentrations' SBtabVersion='1.0' Unit='M'
!QuantityType	!Compound	!Value
concentration	M_h2o_c	1.000e+00
concentration	M_atp_c	2.427e-03
concentration	M_nadp_c	6.581e-06
concentration	M_nadph_c	5.344e-05
concentration	M_adp_c	2.609e-04
concentration	M_nad_c	2.009e-03
concentration	M_pi_c	8.569e-03
concentration	M_nadh_c	4.348e-06
concentration	M_coa_c	9.951e-03
concentration	M_co2_c	8.544e-05
concentration	M_amp_c	2.677e-04
concentration	M_nh4_c	4.703e-06
concentration	M_akg_c	2.924e-04
concentration	M_accoa_c	5.379e-04
concentration	M_pyr_c	1.252e-03
concentration	M_succ_c	4.061e-04
concentration	M_ac_c	1.000e-02
concentration	M_gln__L_c	2.122e-03
concentration	M_for_c	1.000e-04
concentration	M_oaa_c	2.701e-06
concentration	M_glx_c	1.000e-04
concentration	M_pep_c	1.719e-04
concentration	M_g3p_c	3.738e-05
concentration	M_acald_c	1.000e-04
concentration	M_dhap_c	8.149e-04
concentration	M_succoa_c	3.901e-04
concentration	M_fum_c	1.738e-03
concentration	M_mal__L_c	1.916e-03
concentration	M_r5p_c	9.727e-05
concentration	M_3pg_c	1.593e-03
concentration	M_cit_c	2.312e-03
concentration	M_ru5p__D_c	2.473e-04
concentration	M_g6p_c	3.549e-04
concentration	M_q8_c	2.176e-05
concentration	M_xu5p__D_c	2.026e-04
concentration	M_q8h2_c	4.597e-04
concentration	M_e4p_c	1.343e-05
concentration	M_13dpg_c	2.179e-05
concentration	M_s7p_c	7.437e-04
concentration	M_2pg_c	9.884e-05
concentration	M_actp_c	1.020e-03
concentration	M_lac__D_c	6.111e-04
concentration	M_etoh_c	1.000e-04
concentration	M_6pgc_c	9.840e-05
concentration	M_fdp_c	6.808e-04
concentration	M_6pgl_c	1.631e-05
concentration	M_acon_C_c	2.583e-05
concentration	M_glu__L_c	2.155e-02
concentration	M_icit_c	1.214e-05
concentration	M_f6p_c	3.008e-04

!!SBtab TableID='Predicted Gibbs energies' TableType='Quantity' TableName='Predicted Gibbs energies' SBtabVersion='1.0' Unit='kJ/mol'
!QuantityType	!Reaction	!Value
reaction gibbs energy	R_PFK	-1.931e+01
reaction gibbs energy	R_PFL	0.000e+00
reaction gibbs energy	R_PGI	-2.156e+00
reaction gibbs energy	R_PGK	-3.305e+00
reaction gibbs energy	R_PGL	-1.927e+01
reaction gibbs energy	R_ACALD	0.000e+00
reaction gibbs energy	R_PGM	-2.487e+00
reaction gibbs energy	R_ALCD2x	0.000e+00
reaction gibbs energy	R_ACKr	-1.274e+00
reaction gibbs energy	R_PPC	0.000e+00
reaction gibbs energy	R_ACONTa	-2.435e+00
reaction gibbs energy	R_ACONTb	-3.360e+00
reaction gibbs energy	R_ATPM	0.000e+00
reaction gibbs energy	R_PPCK	0.000e+00
reaction gibbs energy	R_PPS	0.000e+00
reaction gibbs energy	R_ADK1	0.000e+00
reaction gibbs energy	R_AKGDH	0.000e+00
reaction gibbs energy	R_PTAr	-7.443e+00
reaction gibbs energy	R_PYK	0.000e+00
reaction gibbs energy	R_RPE	-3.864e+00
reaction gibbs energy	R_CS	-1.311e+01
reaction gibbs energy	R_RPI	-4.432e+00
reaction gibbs energy	R_ENO	-2.492e+00
reaction gibbs energy	R_SUCDi	-1.333e+01
reaction gibbs energy	R_SUCOAS	0.000e+00
reaction gibbs energy	R_TALA	-5.757e+00
reaction gibbs energy	R_TKT1	-2.960e+00
reaction gibbs energy	R_TKT2	-6.789e+00
reaction gibbs energy	R_TPI	-2.079e+00
reaction gibbs energy	R_FBA	-2.273e+00
reaction gibbs energy	R_FBP	0.000e+00
reaction gibbs energy	R_FRD7	0.000e+00
reaction gibbs energy	R_FUM	-3.187e+00
reaction gibbs energy	R_G6PDH2r	-7.533e+00
reaction gibbs energy	R_GAPD	-1.650e+00
reaction gibbs energy	R_GLNS	-6.943e+00
reaction gibbs energy	R_GLUDy	0.000e+00
reaction gibbs energy	R_GLUN	0.000e+00
reaction gibbs energy	R_GLUSy	-3.831e+01
reaction gibbs energy	R_GND	-5.338e+00
reaction gibbs energy	R_ICDHyr	-4.730e+00
reaction gibbs energy	R_ICL	0.000e+00
reaction gibbs energy	R_LDH_D	-8.812e+00
reaction gibbs energy	R_MALS	0.000e+00
reaction gibbs energy	R_MDH	-3.377e+00
reaction gibbs energy	R_ME1	0.000e+00
reaction gibbs energy	R_ME2	-6.756e+00
reaction gibbs energy	R_NADTRHD	0.000e+00
reaction gibbs energy	R_PDH	0.000e+00

