!!!SBtab DocumentName='report' SBtabVersion='1.0' Date='2022-6-9'
!!SBtab TableID='Predicted concentrations' TableType='Quantity' TableName='Predicted concentrations' SBtabVersion='1.0' Unit='M'
!QuantityType	!Compound	!Value
concentration	M_h2o_c	1.000e+00
concentration	M_atp_c	2.427e-03
concentration	M_nadp_c	6.368e-06
concentration	M_nadph_c	5.463e-05
concentration	M_adp_c	2.609e-04
concentration	M_nad_c	1.606e-03
concentration	M_pi_c	6.710e-03
concentration	M_nadh_c	3.761e-05
concentration	M_coa_c	1.270e-04
concentration	M_co2_c	1.745e-04
concentration	M_amp_c	2.682e-04
concentration	M_nh4_c	6.073e-06
concentration	M_akg_c	2.772e-04
concentration	M_accoa_c	1.277e-03
concentration	M_pyr_c	8.181e-04
concentration	M_succ_c	4.070e-04
concentration	M_ac_c	6.933e-04
concentration	M_gln__L_c	2.135e-03
concentration	M_for_c	1.000e-04
concentration	M_oaa_c	1.470e-06
concentration	M_glx_c	1.000e-04
concentration	M_pep_c	6.167e-04
concentration	M_g3p_c	8.744e-05
concentration	M_acald_c	1.000e-04
concentration	M_dhap_c	4.913e-04
concentration	M_succoa_c	3.901e-04
concentration	M_fum_c	1.882e-03
concentration	M_mal__L_c	4.138e-03
concentration	M_r5p_c	1.074e-04
concentration	M_3pg_c	2.056e-03
concentration	M_cit_c	2.000e-03
concentration	M_ru5p__D_c	2.138e-04
concentration	M_g6p_c	4.151e-04
concentration	M_q8_c	1.851e-05
concentration	M_xu5p__D_c	2.351e-04
concentration	M_q8h2_c	5.404e-04
concentration	M_e4p_c	1.352e-05
concentration	M_13dpg_c	1.826e-05
concentration	M_s7p_c	6.942e-04
concentration	M_2pg_c	1.947e-04
concentration	M_actp_c	1.289e-03
concentration	M_lac__D_c	9.767e-04
concentration	M_etoh_c	1.000e-04
concentration	M_6pgc_c	1.040e-04
concentration	M_fdp_c	1.479e-04
concentration	M_6pgl_c	1.500e-05
concentration	M_acon_C_c	2.954e-05
concentration	M_glu__L_c	2.172e-02
concentration	M_icit_c	2.001e-05
concentration	M_f6p_c	2.845e-04

!!SBtab TableID='Predicted Gibbs energies' TableType='Quantity' TableName='Predicted Gibbs energies' SBtabVersion='1.0' Unit='kJ/mol'
!QuantityType	!Reaction	!Value
reaction gibbs energy	R_PFK	0.000e+00
reaction gibbs energy	R_PFL	0.000e+00
reaction gibbs energy	R_PGI	-1.557e+00
reaction gibbs energy	R_PGK	-1.870e-02
reaction gibbs energy	R_PGL	-1.917e+01
reaction gibbs energy	R_ACALD	0.000e+00
reaction gibbs energy	R_PGM	-1.870e-02
reaction gibbs energy	R_ALCD2x	0.000e+00
reaction gibbs energy	R_ACKr	-1.007e+01
reaction gibbs energy	R_PPC	0.000e+00
reaction gibbs energy	R_ACONTa	-1.701e+00
reaction gibbs energy	R_ACONTb	-2.507e+00
reaction gibbs energy	R_ATPM	0.000e+00
reaction gibbs energy	R_PPCK	0.000e+00
reaction gibbs energy	R_PPS	-2.042e+01
reaction gibbs energy	R_ADK1	-5.476e+00
reaction gibbs energy	R_AKGDH	0.000e+00
reaction gibbs energy	R_PTAr	-7.670e-01
reaction gibbs energy	R_PYK	0.000e+00
reaction gibbs energy	R_RPE	-3.235e+00
reaction gibbs energy	R_CS	-2.530e+01
reaction gibbs energy	R_RPI	-3.848e+00
reaction gibbs energy	R_ENO	-1.870e-02
reaction gibbs energy	R_SUCDi	-1.195e+01
reaction gibbs energy	R_SUCOAS	0.000e+00
reaction gibbs energy	R_TALA	-7.876e+00
reaction gibbs energy	R_TKT1	-1.765e+00
reaction gibbs energy	R_TKT2	-5.332e+00
reaction gibbs energy	R_TPI	-9.617e-01
reaction gibbs energy	R_FBA	-2.055e+00
reaction gibbs energy	R_FBP	-2.330e+01
reaction gibbs energy	R_FRD7	0.000e+00
reaction gibbs energy	R_FUM	-1.471e+00
reaction gibbs energy	R_G6PDH2r	-7.884e+00
reaction gibbs energy	R_GAPD	-8.423e-01
reaction gibbs energy	R_GLNS	-8.232e+00
reaction gibbs energy	R_GLUDy	0.000e+00
reaction gibbs energy	R_GLUN	0.000e+00
reaction gibbs energy	R_GLUSy	-3.854e+01
reaction gibbs energy	R_GND	-3.144e+00
reaction gibbs energy	R_ICDHyr	-3.384e+00
reaction gibbs energy	R_ICL	0.000e+00
reaction gibbs energy	R_LDH_D	-1.250e+01
reaction gibbs energy	R_MALS	0.000e+00
reaction gibbs energy	R_MDH	-8.308e-01
reaction gibbs energy	R_ME1	0.000e+00
reaction gibbs energy	R_ME2	0.000e+00
reaction gibbs energy	R_NADTRHD	-1.472e+01
reaction gibbs energy	R_PDH	-4.252e+01

