!!!SBtab DocumentName='report' SBtabVersion='1.0' Date='2022-6-9'
!!SBtab TableID='Predicted concentrations' TableType='Quantity' TableName='Predicted concentrations' SBtabVersion='1.0' Unit='M'
!QuantityType	!Compound	!Value
concentration	M_h2o_c	1.000e+00
concentration	M_atp_c	1.875e-03
concentration	M_nadp_c	6.813e-06
concentration	M_nadph_c	4.685e-05
concentration	M_adp_c	3.377e-04
concentration	M_nad_c	1.978e-03
concentration	M_pi_c	8.644e-03
concentration	M_nadh_c	4.644e-06
concentration	M_coa_c	2.535e-04
concentration	M_co2_c	1.904e-04
concentration	M_amp_c	2.787e-04
concentration	M_nh4_c	1.116e-05
concentration	M_akg_c	2.307e-04
concentration	M_accoa_c	6.585e-04
concentration	M_pyr_c	1.056e-03
concentration	M_succ_c	3.698e-04
concentration	M_ac_c	1.000e-04
concentration	M_gln__L_c	2.095e-03
concentration	M_for_c	1.000e-04
concentration	M_oaa_c	2.212e-06
concentration	M_glx_c	1.000e-04
concentration	M_pep_c	6.167e-04
concentration	M_g3p_c	4.061e-05
concentration	M_acald_c	1.000e-04
concentration	M_dhap_c	8.261e-04
concentration	M_succoa_c	6.936e-04
concentration	M_fum_c	1.754e-03
concentration	M_mal__L_c	1.745e-03
concentration	M_r5p_c	9.444e-05
concentration	M_3pg_c	1.020e-03
concentration	M_cit_c	2.453e-03
concentration	M_ru5p__D_c	2.233e-04
concentration	M_g6p_c	4.833e-04
concentration	M_q8_c	1.845e-05
concentration	M_xu5p__D_c	2.103e-04
concentration	M_q8h2_c	5.419e-04
concentration	M_e4p_c	1.351e-05
concentration	M_13dpg_c	2.127e-05
concentration	M_s7p_c	7.352e-04
concentration	M_2pg_c	1.322e-04
concentration	M_actp_c	1.442e-03
concentration	M_lac__D_c	1.000e-04
concentration	M_etoh_c	1.000e-04
concentration	M_6pgc_c	1.176e-04
concentration	M_fdp_c	6.832e-04
concentration	M_6pgl_c	1.607e-05
concentration	M_acon_C_c	2.670e-05
concentration	M_glu__L_c	2.222e-02
concentration	M_icit_c	1.469e-05
concentration	M_f6p_c	2.186e-04

!!SBtab TableID='Predicted Gibbs energies' TableType='Quantity' TableName='Predicted Gibbs energies' SBtabVersion='1.0' Unit='kJ/mol'
!QuantityType	!Reaction	!Value
reaction gibbs energy	R_PFK	-1.757e+01
reaction gibbs energy	R_PFL	0.000e+00
reaction gibbs energy	R_PGI	0.000e+00
reaction gibbs energy	R_PGK	-5.722e+00
reaction gibbs energy	R_PGL	-1.910e+01
reaction gibbs energy	R_ACALD	0.000e+00
reaction gibbs energy	R_PGM	-1.384e+00
reaction gibbs energy	R_ALCD2x	0.000e+00
reaction gibbs energy	R_ACKr	0.000e+00
reaction gibbs energy	R_PPC	0.000e+00
reaction gibbs energy	R_ACONTa	-2.452e+00
reaction gibbs energy	R_ACONTb	-3.036e+00
reaction gibbs energy	R_ATPM	0.000e+00
reaction gibbs energy	R_PPCK	0.000e+00
reaction gibbs energy	R_PPS	-1.966e+01
reaction gibbs energy	R_ADK1	-3.653e+00
reaction gibbs energy	R_AKGDH	-4.088e+01
reaction gibbs energy	R_PTAr	0.000e+00
reaction gibbs energy	R_PYK	0.000e+00
reaction gibbs energy	R_RPE	-3.665e+00
reaction gibbs energy	R_CS	-2.248e+01
reaction gibbs energy	R_RPI	-4.287e+00
reaction gibbs energy	R_ENO	-1.384e+00
reaction gibbs energy	R_SUCDi	-1.212e+01
reaction gibbs energy	R_SUCOAS	-4.322e+00
reaction gibbs energy	R_TALA	-6.800e+00
reaction gibbs energy	R_TKT1	-2.985e+00
reaction gibbs energy	R_TKT2	0.000e+00
reaction gibbs energy	R_TPI	-2.204e+00
reaction gibbs energy	R_FBA	-2.328e+00
reaction gibbs energy	R_FBP	0.000e+00
reaction gibbs energy	R_FRD7	0.000e+00
reaction gibbs energy	R_FUM	-3.437e+00
reaction gibbs energy	R_G6PDH2r	-8.636e+00
reaction gibbs energy	R_GAPD	-1.772e+00
reaction gibbs energy	R_GLNS	-7.958e+00
reaction gibbs energy	R_GLUDy	0.000e+00
reaction gibbs energy	R_GLUN	0.000e+00
reaction gibbs energy	R_GLUSy	-3.738e+01
reaction gibbs energy	R_GND	-3.689e+00
reaction gibbs energy	R_ICDHyr	-3.421e+00
reaction gibbs energy	R_ICL	0.000e+00
reaction gibbs energy	R_LDH_D	0.000e+00
reaction gibbs energy	R_MALS	0.000e+00
reaction gibbs energy	R_MDH	-3.378e+00
reaction gibbs energy	R_ME1	-2.423e+01
reaction gibbs energy	R_ME2	0.000e+00
reaction gibbs energy	R_NADTRHD	0.000e+00
reaction gibbs energy	R_PDH	-5.223e+01

