!!!SBtab DocumentName='report' SBtabVersion='1.0' Date='2022-6-9'
!!SBtab TableID='Predicted concentrations' TableType='Quantity' TableName='Predicted concentrations' SBtabVersion='1.0' Unit='M'
!QuantityType	!Compound	!Value
concentration	M_h2o_c	1.000e+00
concentration	M_atp_c	2.427e-03
concentration	M_nadp_c	6.682e-06
concentration	M_nadph_c	5.207e-05
concentration	M_adp_c	2.609e-04
concentration	M_nad_c	1.966e-03
concentration	M_pi_c	8.714e-03
concentration	M_nadh_c	4.612e-06
concentration	M_coa_c	1.764e-02
concentration	M_co2_c	2.127e-05
concentration	M_amp_c	2.737e-04
concentration	M_nh4_c	9.999e-05
concentration	M_akg_c	3.180e-04
concentration	M_accoa_c	4.689e-04
concentration	M_pyr_c	1.035e-03
concentration	M_succ_c	4.297e-04
concentration	M_ac_c	1.000e-02
concentration	M_gln__L_c	2.104e-03
concentration	M_for_c	9.999e-05
concentration	M_oaa_c	1.683e-04
concentration	M_glx_c	2.163e-05
concentration	M_pep_c	1.767e-04
concentration	M_g3p_c	4.007e-05
concentration	M_acald_c	9.999e-05
concentration	M_dhap_c	8.346e-04
concentration	M_succoa_c	3.901e-04
concentration	M_fum_c	1.725e-03
concentration	M_mal__L_c	1.759e-03
concentration	M_r5p_c	5.603e-05
concentration	M_3pg_c	1.590e-03
concentration	M_cit_c	2.336e-03
concentration	M_ru5p__D_c	1.858e-04
concentration	M_g6p_c	8.120e-04
concentration	M_q8_c	1.713e-05
concentration	M_xu5p__D_c	1.652e-04
concentration	M_q8h2_c	5.838e-04
concentration	M_e4p_c	1.349e-05
concentration	M_13dpg_c	2.171e-05
concentration	M_s7p_c	1.145e-03
concentration	M_2pg_c	1.003e-04
concentration	M_actp_c	1.020e-03
concentration	M_lac__D_c	5.201e-04
concentration	M_etoh_c	9.999e-05
concentration	M_6pgc_c	7.900e-05
concentration	M_fdp_c	6.909e-04
concentration	M_6pgl_c	9.999e-05
concentration	M_acon_C_c	2.564e-05
concentration	M_glu__L_c	2.173e-02
concentration	M_icit_c	1.039e-05
concentration	M_f6p_c	1.475e-04

!!SBtab TableID='Predicted Gibbs energies' TableType='Quantity' TableName='Predicted Gibbs energies' SBtabVersion='1.0' Unit='kJ/mol'
!QuantityType	!Reaction	!Value
reaction gibbs energy	R_PFK	-1.751e+01
reaction gibbs energy	R_PFL	0.000e+00
reaction gibbs energy	R_PGI	-1.661e+00
reaction gibbs energy	R_PGK	-3.300e+00
reaction gibbs energy	R_PGL	0.000e+00
reaction gibbs energy	R_ACALD	0.000e+00
reaction gibbs energy	R_PGM	-2.447e+00
reaction gibbs energy	R_ALCD2x	0.000e+00
reaction gibbs energy	R_ACKr	-1.274e+00
reaction gibbs energy	R_PPC	-2.436e+01
reaction gibbs energy	R_ACONTa	-2.479e+00
reaction gibbs energy	R_ACONTb	-3.727e+00
reaction gibbs energy	R_ATPM	0.000e+00
reaction gibbs energy	R_PPCK	0.000e+00
reaction gibbs energy	R_PPS	-2.341e+01
reaction gibbs energy	R_ADK1	-5.551e+00
reaction gibbs energy	R_AKGDH	0.000e+00
reaction gibbs energy	R_PTAr	-9.160e+00
reaction gibbs energy	R_PYK	0.000e+00
reaction gibbs energy	R_RPE	0.000e+00
reaction gibbs energy	R_CS	-2.156e+01
reaction gibbs energy	R_RPI	0.000e+00
reaction gibbs energy	R_ENO	-2.459e+00
reaction gibbs energy	R_SUCDi	-1.230e+01
reaction gibbs energy	R_SUCOAS	0.000e+00
reaction gibbs energy	R_TALA	0.000e+00
reaction gibbs energy	R_TKT1	0.000e+00
reaction gibbs energy	R_TKT2	0.000e+00
reaction gibbs energy	R_TPI	-1.966e+00
reaction gibbs energy	R_FBA	-2.078e+00
reaction gibbs energy	R_FBP	0.000e+00
reaction gibbs energy	R_FRD7	0.000e+00
reaction gibbs energy	R_FUM	-3.381e+00
reaction gibbs energy	R_G6PDH2r	0.000e+00
reaction gibbs energy	R_GAPD	-1.673e+00
reaction gibbs energy	R_GLNS	0.000e+00
reaction gibbs energy	R_GLUDy	0.000e+00
reaction gibbs energy	R_GLUN	0.000e+00
reaction gibbs energy	R_GLUSy	0.000e+00
reaction gibbs energy	R_GND	0.000e+00
reaction gibbs energy	R_ICDHyr	0.000e+00
reaction gibbs energy	R_ICL	-8.195e+00
reaction gibbs energy	R_LDH_D	-8.940e+00
reaction gibbs energy	R_MALS	-1.760e+01
reaction gibbs energy	R_MDH	0.000e+00
reaction gibbs energy	R_ME1	0.000e+00
reaction gibbs energy	R_ME2	-1.056e+01
reaction gibbs energy	R_NADTRHD	-2.018e+01
reaction gibbs energy	R_PDH	0.000e+00

