!!!SBtab DocumentName='report' SBtabVersion='1.0' Date='2022-6-9'
!!SBtab TableID='Predicted concentrations' TableType='Quantity' TableName='Predicted concentrations' SBtabVersion='1.0' Unit='M'
!QuantityType	!Compound	!Value
concentration	M_h2o_c	1.000e+00
concentration	M_atp_c	1.485e-03
concentration	M_nadp_c	6.835e-06
concentration	M_nadph_c	4.769e-05
concentration	M_adp_c	4.529e-04
concentration	M_nad_c	2.288e-03
concentration	M_pi_c	1.000e-02
concentration	M_nadh_c	3.822e-06
concentration	M_coa_c	1.870e-04
concentration	M_co2_c	2.013e-05
concentration	M_amp_c	2.678e-04
concentration	M_nh4_c	4.795e-05
concentration	M_akg_c	2.238e-04
concentration	M_accoa_c	7.071e-04
concentration	M_pyr_c	9.920e-04
concentration	M_succ_c	3.528e-04
concentration	M_ac_c	1.000e-04
concentration	M_gln__L_c	2.060e-03
concentration	M_for_c	1.000e-04
concentration	M_oaa_c	1.124e-06
concentration	M_glx_c	1.000e-04
concentration	M_pep_c	2.169e-04
concentration	M_g3p_c	4.334e-05
concentration	M_acald_c	1.000e-04
concentration	M_dhap_c	9.780e-04
concentration	M_succoa_c	7.981e-04
concentration	M_fum_c	3.156e-03
concentration	M_mal__L_c	1.414e-03
concentration	M_r5p_c	1.304e-04
concentration	M_3pg_c	1.020e-03
concentration	M_cit_c	3.603e-03
concentration	M_ru5p__D_c	4.638e-04
concentration	M_g6p_c	4.957e-04
concentration	M_q8_c	2.787e-05
concentration	M_xu5p__D_c	2.388e-04
concentration	M_q8h2_c	3.589e-04
concentration	M_e4p_c	1.255e-05
concentration	M_13dpg_c	1.826e-05
concentration	M_s7p_c	4.584e-04
concentration	M_2pg_c	1.000e-04
concentration	M_actp_c	1.443e-03
concentration	M_lac__D_c	1.000e-04
concentration	M_etoh_c	1.000e-04
concentration	M_6pgc_c	9.627e-05
concentration	M_fdp_c	9.508e-04
concentration	M_6pgl_c	1.151e-05
concentration	M_acon_C_c	1.401e-05
concentration	M_glu__L_c	2.276e-02
concentration	M_icit_c	3.469e-06
concentration	M_f6p_c	1.885e-04

!!SBtab TableID='Predicted Gibbs energies' TableType='Quantity' TableName='Predicted Gibbs energies' SBtabVersion='1.0' Unit='kJ/mol'
!QuantityType	!Reaction	!Value
reaction gibbs energy	R_PFK	-1.396e+01
reaction gibbs energy	R_PFL	0.000e+00
reaction gibbs energy	R_PGI	0.000e+00
reaction gibbs energy	R_PGK	-5.189e+00
reaction gibbs energy	R_PGL	-1.866e+01
reaction gibbs energy	R_ACALD	0.000e+00
reaction gibbs energy	R_PGM	0.000e+00
reaction gibbs energy	R_ALCD2x	0.000e+00
reaction gibbs energy	R_ACKr	0.000e+00
reaction gibbs energy	R_PPC	0.000e+00
reaction gibbs energy	R_ACONTa	-5.189e+00
reaction gibbs energy	R_ACONTb	-5.189e+00
reaction gibbs energy	R_ATPM	0.000e+00
reaction gibbs energy	R_PPCK	-7.405e+00
reaction gibbs energy	R_PPS	0.000e+00
reaction gibbs energy	R_ADK1	0.000e+00
reaction gibbs energy	R_AKGDH	-4.751e+01
reaction gibbs energy	R_PTAr	0.000e+00
reaction gibbs energy	R_PYK	0.000e+00
reaction gibbs energy	R_RPE	-5.357e+00
reaction gibbs energy	R_CS	-2.045e+01
reaction gibbs energy	R_RPI	-5.366e+00
reaction gibbs energy	R_ENO	0.000e+00
reaction gibbs energy	R_SUCDi	-1.297e+01
reaction gibbs energy	R_SUCOAS	-7.348e+00
reaction gibbs energy	R_TALA	-6.463e+00
reaction gibbs energy	R_TKT1	-5.351e+00
reaction gibbs energy	R_TKT2	0.000e+00
reaction gibbs energy	R_TPI	-5.189e+00
reaction gibbs energy	R_FBA	-5.189e+00
reaction gibbs energy	R_FBP	-2.859e+01
reaction gibbs energy	R_FRD7	0.000e+00
reaction gibbs energy	R_FUM	-5.424e+00
reaction gibbs energy	R_G6PDH2r	-9.848e+00
reaction gibbs energy	R_GAPD	-5.189e+00
reaction gibbs energy	R_GLNS	-9.914e+00
reaction gibbs energy	R_GLUDy	0.000e+00
reaction gibbs energy	R_GLUN	0.000e+00
reaction gibbs energy	R_GLUSy	-3.684e+01
reaction gibbs energy	R_GND	-9.079e+00
reaction gibbs energy	R_ICDHyr	-7.231e+00
reaction gibbs energy	R_ICL	0.000e+00
reaction gibbs energy	R_LDH_D	0.000e+00
reaction gibbs energy	R_MALS	0.000e+00
reaction gibbs energy	R_MDH	-5.445e+00
reaction gibbs energy	R_ME1	0.000e+00
reaction gibbs energy	R_ME2	0.000e+00
reaction gibbs energy	R_NADTRHD	0.000e+00
reaction gibbs energy	R_PDH	-5.605e+01

