!!!SBtab DocumentName='report' SBtabVersion='1.0' Date='2022-6-9'
!!SBtab TableID='Predicted concentrations' TableType='Quantity' TableName='Predicted concentrations' SBtabVersion='1.0' Unit='M'
!QuantityType	!Compound	!Value
concentration	M_h2o_c	1.000e+00
concentration	M_atp_c	1.485e-03
concentration	M_nadp_c	6.703e-06
concentration	M_nadph_c	5.054e-05
concentration	M_adp_c	4.529e-04
concentration	M_nad_c	2.288e-03
concentration	M_pi_c	1.000e-02
concentration	M_nadh_c	3.822e-06
concentration	M_coa_c	8.830e-05
concentration	M_co2_c	2.310e-05
concentration	M_amp_c	2.678e-04
concentration	M_nh4_c	4.310e-05
concentration	M_akg_c	2.627e-04
concentration	M_accoa_c	1.740e-03
concentration	M_pyr_c	1.187e-03
concentration	M_succ_c	4.087e-04
concentration	M_ac_c	4.845e-04
concentration	M_gln__L_c	2.075e-03
concentration	M_for_c	1.000e-04
concentration	M_oaa_c	3.026e-05
concentration	M_glx_c	1.000e-04
concentration	M_pep_c	1.096e-04
concentration	M_g3p_c	4.620e-05
concentration	M_acald_c	1.000e-04
concentration	M_dhap_c	9.825e-04
concentration	M_succoa_c	3.901e-04
concentration	M_fum_c	1.234e-03
concentration	M_mal__L_c	2.312e-03
concentration	M_r5p_c	1.341e-04
concentration	M_3pg_c	2.230e-03
concentration	M_cit_c	3.380e-03
concentration	M_ru5p__D_c	4.282e-04
concentration	M_g6p_c	4.874e-04
concentration	M_q8_c	1.800e-05
concentration	M_xu5p__D_c	2.480e-04
concentration	M_q8h2_c	5.558e-04
concentration	M_e4p_c	1.314e-05
concentration	M_13dpg_c	1.826e-05
concentration	M_s7p_c	5.182e-04
concentration	M_2pg_c	9.969e-05
concentration	M_actp_c	1.020e-03
concentration	M_lac__D_c	2.722e-04
concentration	M_etoh_c	1.000e-04
concentration	M_6pgc_c	9.329e-05
concentration	M_fdp_c	9.508e-04
concentration	M_6pgl_c	1.180e-05
concentration	M_acon_C_c	1.532e-05
concentration	M_glu__L_c	2.255e-02
concentration	M_icit_c	3.999e-06
concentration	M_f6p_c	1.993e-04

!!SBtab TableID='Predicted Gibbs energies' TableType='Quantity' TableName='Predicted Gibbs energies' SBtabVersion='1.0' Unit='kJ/mol'
!QuantityType	!Reaction	!Value
reaction gibbs energy	R_PFK	-1.388e+01
reaction gibbs energy	R_PFL	0.000e+00
reaction gibbs energy	R_PGI	0.000e+00
reaction gibbs energy	R_PGK	-4.444e+00
reaction gibbs energy	R_PGL	-1.859e+01
reaction gibbs energy	R_ACALD	0.000e+00
reaction gibbs energy	R_PGM	-4.444e+00
reaction gibbs energy	R_ALCD2x	0.000e+00
reaction gibbs energy	R_ACKr	-1.250e+01
reaction gibbs energy	R_PPC	-2.457e+01
reaction gibbs energy	R_ACONTa	-4.610e+00
reaction gibbs energy	R_ACONTb	-4.840e+00
reaction gibbs energy	R_ATPM	0.000e+00
reaction gibbs energy	R_PPCK	0.000e+00
reaction gibbs energy	R_PPS	0.000e+00
reaction gibbs energy	R_ADK1	0.000e+00
reaction gibbs energy	R_AKGDH	0.000e+00
reaction gibbs energy	R_PTAr	-4.444e+00
reaction gibbs energy	R_PYK	-1.729e+01
reaction gibbs energy	R_RPE	-4.944e+00
reaction gibbs energy	R_CS	-3.279e+01
reaction gibbs energy	R_RPI	-5.072e+00
reaction gibbs energy	R_ENO	-4.444e+00
reaction gibbs energy	R_SUCDi	-1.359e+01
reaction gibbs energy	R_SUCOAS	0.000e+00
reaction gibbs energy	R_TALA	-6.598e+00
reaction gibbs energy	R_TKT1	-4.901e+00
reaction gibbs energy	R_TKT2	-8.007e+00
reaction gibbs energy	R_TPI	-4.444e+00
reaction gibbs energy	R_FBA	-4.444e+00
reaction gibbs energy	R_FBP	0.000e+00
reaction gibbs energy	R_FRD7	0.000e+00
reaction gibbs energy	R_FUM	0.000e+00
reaction gibbs energy	R_G6PDH2r	-9.611e+00
reaction gibbs energy	R_GAPD	-4.444e+00
reaction gibbs energy	R_GLNS	-9.570e+00
reaction gibbs energy	R_GLUDy	0.000e+00
reaction gibbs energy	R_GLUN	0.000e+00
reaction gibbs energy	R_GLUSy	-3.736e+01
reaction gibbs energy	R_GND	-9.154e+00
reaction gibbs energy	R_ICDHyr	-7.198e+00
reaction gibbs energy	R_ICL	0.000e+00
reaction gibbs energy	R_LDH_D	-1.004e+01
reaction gibbs energy	R_MALS	0.000e+00
reaction gibbs energy	R_MDH	0.000e+00
reaction gibbs energy	R_ME1	0.000e+00
reaction gibbs energy	R_ME2	0.000e+00
reaction gibbs energy	R_NADTRHD	0.000e+00
reaction gibbs energy	R_PDH	-5.114e+01

