!!!SBtab DocumentName='report' SBtabVersion='1.0' Date='2022-6-9'
!!SBtab TableID='Predicted concentrations' TableType='Quantity' TableName='Predicted concentrations' SBtabVersion='1.0' Unit='M'
!QuantityType	!Compound	!Value
concentration	M_h2o_c	1.000e+00
concentration	M_atp_c	2.427e-03
concentration	M_nadp_c	6.794e-06
concentration	M_nadph_c	4.866e-05
concentration	M_adp_c	2.609e-04
concentration	M_nad_c	1.996e-03
concentration	M_pi_c	8.507e-03
concentration	M_nadh_c	4.463e-06
concentration	M_coa_c	3.628e-03
concentration	M_co2_c	1.228e-04
concentration	M_amp_c	2.677e-04
concentration	M_nh4_c	2.149e-05
concentration	M_akg_c	2.733e-04
concentration	M_accoa_c	6.090e-04
concentration	M_pyr_c	1.143e-03
concentration	M_succ_c	4.104e-04
concentration	M_ac_c	1.000e-02
concentration	M_gln__L_c	2.096e-03
concentration	M_for_c	1.000e-04
concentration	M_oaa_c	2.572e-06
concentration	M_glx_c	1.000e-04
concentration	M_pep_c	1.651e-04
concentration	M_g3p_c	3.835e-05
concentration	M_acald_c	1.000e-04
concentration	M_dhap_c	8.219e-04
concentration	M_succoa_c	3.901e-04
concentration	M_fum_c	1.819e-03
concentration	M_mal__L_c	1.983e-03
concentration	M_r5p_c	9.401e-05
concentration	M_3pg_c	1.582e-03
concentration	M_cit_c	2.334e-03
concentration	M_ru5p__D_c	2.423e-04
concentration	M_g6p_c	4.829e-04
concentration	M_q8_c	1.567e-05
concentration	M_xu5p__D_c	2.099e-04
concentration	M_q8h2_c	6.382e-04
concentration	M_e4p_c	1.349e-05
concentration	M_13dpg_c	2.149e-05
concentration	M_s7p_c	7.504e-04
concentration	M_2pg_c	9.655e-05
concentration	M_actp_c	1.020e-03
concentration	M_lac__D_c	4.902e-04
concentration	M_etoh_c	1.000e-04
concentration	M_6pgc_c	1.026e-04
concentration	M_fdp_c	6.812e-04
concentration	M_6pgl_c	1.871e-05
concentration	M_acon_C_c	2.644e-05
concentration	M_glu__L_c	2.209e-02
concentration	M_icit_c	1.269e-05
concentration	M_f6p_c	2.166e-04

!!SBtab TableID='Predicted Gibbs energies' TableType='Quantity' TableName='Predicted Gibbs energies' SBtabVersion='1.0' Unit='kJ/mol'
!QuantityType	!Reaction	!Value
reaction gibbs energy	R_PFK	-1.849e+01
reaction gibbs energy	R_PFL	0.000e+00
reaction gibbs energy	R_PGI	0.000e+00
reaction gibbs energy	R_PGK	-3.287e+00
reaction gibbs energy	R_PGL	-1.950e+01
reaction gibbs energy	R_ACALD	0.000e+00
reaction gibbs energy	R_PGM	-2.528e+00
reaction gibbs energy	R_ALCD2x	0.000e+00
reaction gibbs energy	R_ACKr	-1.274e+00
reaction gibbs energy	R_PPC	0.000e+00
reaction gibbs energy	R_ACONTa	-2.401e+00
reaction gibbs energy	R_ACONTb	-3.308e+00
reaction gibbs energy	R_ATPM	0.000e+00
reaction gibbs energy	R_PPCK	0.000e+00
reaction gibbs energy	R_PPS	0.000e+00
reaction gibbs energy	R_ADK1	0.000e+00
reaction gibbs energy	R_AKGDH	0.000e+00
reaction gibbs energy	R_PTAr	-4.653e+00
reaction gibbs energy	R_PYK	-1.629e+01
reaction gibbs energy	R_RPE	-3.727e+00
reaction gibbs energy	R_CS	-1.577e+01
reaction gibbs energy	R_RPI	-4.466e+00
reaction gibbs energy	R_ENO	-2.534e+00
reaction gibbs energy	R_SUCDi	-1.161e+01
reaction gibbs energy	R_SUCOAS	0.000e+00
reaction gibbs energy	R_TALA	-6.645e+00
reaction gibbs energy	R_TKT1	-2.876e+00
reaction gibbs energy	R_TKT2	0.000e+00
reaction gibbs energy	R_TPI	-2.036e+00
reaction gibbs energy	R_FBA	-2.190e+00
reaction gibbs energy	R_FBP	0.000e+00
reaction gibbs energy	R_FRD7	0.000e+00
reaction gibbs energy	R_FUM	-3.214e+00
reaction gibbs energy	R_G6PDH2r	-8.266e+00
reaction gibbs energy	R_GAPD	-1.649e+00
reaction gibbs energy	R_GLNS	-1.082e+01
reaction gibbs energy	R_GLUDy	0.000e+00
reaction gibbs energy	R_GLUN	0.000e+00
reaction gibbs energy	R_GLUSy	-3.768e+01
reaction gibbs energy	R_GND	-4.905e+00
reaction gibbs energy	R_ICDHyr	-4.419e+00
reaction gibbs energy	R_ICL	0.000e+00
reaction gibbs energy	R_LDH_D	-9.213e+00
reaction gibbs energy	R_MALS	0.000e+00
reaction gibbs energy	R_MDH	-3.502e+00
reaction gibbs energy	R_ME1	0.000e+00
reaction gibbs energy	R_ME2	-6.481e+00
reaction gibbs energy	R_NADTRHD	-2.009e+01
reaction gibbs energy	R_PDH	-5.863e+01

