!!!SBtab DocumentName='report' SBtabVersion='1.0' Date='2022-6-9'
!!SBtab TableID='Predicted concentrations' TableType='Quantity' TableName='Predicted concentrations' SBtabVersion='1.0' Unit='M'
!QuantityType	!Compound	!Value
concentration	M_h2o_c	1.000e+00
concentration	M_atp_c	2.427e-03
concentration	M_nadp_c	6.717e-06
concentration	M_nadph_c	5.005e-05
concentration	M_adp_c	2.609e-04
concentration	M_nad_c	1.950e-03
concentration	M_pi_c	8.826e-03
concentration	M_nadh_c	4.616e-06
concentration	M_coa_c	8.844e-03
concentration	M_co2_c	1.048e-04
concentration	M_amp_c	2.677e-04
concentration	M_nh4_c	1.572e-05
concentration	M_akg_c	2.730e-04
concentration	M_accoa_c	5.446e-04
concentration	M_pyr_c	1.216e-03
concentration	M_succ_c	4.268e-04
concentration	M_ac_c	1.000e-02
concentration	M_gln__L_c	2.096e-03
concentration	M_for_c	9.995e-05
concentration	M_oaa_c	1.449e-04
concentration	M_glx_c	2.002e-05
concentration	M_pep_c	1.626e-04
concentration	M_g3p_c	3.950e-05
concentration	M_acald_c	9.995e-05
concentration	M_dhap_c	8.211e-04
concentration	M_succoa_c	3.900e-04
concentration	M_fum_c	1.216e-03
concentration	M_mal__L_c	2.207e-03
concentration	M_r5p_c	9.635e-05
concentration	M_3pg_c	1.594e-03
concentration	M_cit_c	2.384e-03
concentration	M_ru5p__D_c	2.500e-04
concentration	M_g6p_c	3.533e-04
concentration	M_q8_c	1.917e-05
concentration	M_xu5p__D_c	2.156e-04
concentration	M_q8h2_c	5.212e-04
concentration	M_e4p_c	1.341e-05
concentration	M_13dpg_c	2.169e-05
concentration	M_s7p_c	7.603e-04
concentration	M_2pg_c	9.662e-05
concentration	M_actp_c	1.020e-03
concentration	M_lac__D_c	3.913e-04
concentration	M_etoh_c	9.995e-05
concentration	M_6pgc_c	1.014e-04
concentration	M_fdp_c	6.784e-04
concentration	M_6pgl_c	2.056e-05
concentration	M_acon_C_c	2.619e-05
concentration	M_glu__L_c	2.217e-02
concentration	M_icit_c	1.180e-05
concentration	M_f6p_c	2.961e-04

!!SBtab TableID='Predicted Gibbs energies' TableType='Quantity' TableName='Predicted Gibbs energies' SBtabVersion='1.0' Unit='kJ/mol'
!QuantityType	!Reaction	!Value
reaction gibbs energy	R_PFK	-1.928e+01
reaction gibbs energy	R_PFL	0.000e+00
reaction gibbs energy	R_PGI	-2.128e+00
reaction gibbs energy	R_PGK	-3.292e+00
reaction gibbs energy	R_PGL	-1.976e+01
reaction gibbs energy	R_ACALD	0.000e+00
reaction gibbs energy	R_PGM	-2.545e+00
reaction gibbs energy	R_ALCD2x	0.000e+00
reaction gibbs energy	R_ACKr	-1.274e+00
reaction gibbs energy	R_PPC	-2.844e+01
reaction gibbs energy	R_ACONTa	-2.477e+00
reaction gibbs energy	R_ACONTb	-3.465e+00
reaction gibbs energy	R_ATPM	0.000e+00
reaction gibbs energy	R_PPCK	0.000e+00
reaction gibbs energy	R_PPS	0.000e+00
reaction gibbs energy	R_ADK1	0.000e+00
reaction gibbs energy	R_AKGDH	0.000e+00
reaction gibbs energy	R_PTAr	-7.046e+00
reaction gibbs energy	R_PYK	0.000e+00
reaction gibbs energy	R_RPE	-3.738e+00
reaction gibbs energy	R_CS	-2.322e+01
reaction gibbs energy	R_RPI	-4.482e+00
reaction gibbs energy	R_ENO	-2.574e+00
reaction gibbs energy	R_SUCDi	-1.371e+01
reaction gibbs energy	R_SUCOAS	0.000e+00
reaction gibbs energy	R_TALA	-5.991e+00
reaction gibbs energy	R_TKT1	-2.898e+00
reaction gibbs energy	R_TKT2	0.000e+00
reaction gibbs energy	R_TPI	-1.961e+00
reaction gibbs energy	R_FBA	-2.109e+00
reaction gibbs energy	R_FBP	0.000e+00
reaction gibbs energy	R_FRD7	0.000e+00
reaction gibbs energy	R_FUM	0.000e+00
reaction gibbs energy	R_G6PDH2r	-7.161e+00
reaction gibbs energy	R_GAPD	-1.649e+00
reaction gibbs energy	R_GLNS	-9.959e+00
reaction gibbs energy	R_GLUDy	0.000e+00
reaction gibbs energy	R_GLUN	0.000e+00
reaction gibbs energy	R_GLUSy	-3.776e+01
reaction gibbs energy	R_GND	-5.091e+00
reaction gibbs energy	R_ICDHyr	-4.535e+00
reaction gibbs energy	R_ICL	-8.719e+00
reaction gibbs energy	R_LDH_D	-1.007e+01
reaction gibbs energy	R_MALS	-1.893e+01
reaction gibbs energy	R_MDH	0.000e+00
reaction gibbs energy	R_ME1	-2.694e+01
reaction gibbs energy	R_ME2	0.000e+00
reaction gibbs energy	R_NADTRHD	0.000e+00
reaction gibbs energy	R_PDH	-6.151e+01

