!!!SBtab DocumentName='report' SBtabVersion='1.0' Date='2022-6-9'
!!SBtab TableID='Predicted concentrations' TableType='Quantity' TableName='Predicted concentrations' SBtabVersion='1.0' Unit='M'
!QuantityType	!Compound	!Value
concentration	M_h2o_c	1.000e+00
concentration	M_atp_c	1.485e-03
concentration	M_nadp_c	6.856e-06
concentration	M_nadph_c	4.678e-05
concentration	M_adp_c	4.529e-04
concentration	M_nad_c	2.288e-03
concentration	M_pi_c	1.000e-02
concentration	M_nadh_c	3.822e-06
concentration	M_coa_c	2.159e-04
concentration	M_co2_c	5.435e-05
concentration	M_amp_c	2.677e-04
concentration	M_nh4_c	9.999e-05
concentration	M_akg_c	2.193e-04
concentration	M_accoa_c	6.703e-04
concentration	M_pyr_c	1.086e-03
concentration	M_succ_c	3.635e-04
concentration	M_ac_c	9.999e-05
concentration	M_gln__L_c	2.104e-03
concentration	M_for_c	9.999e-05
concentration	M_oaa_c	2.644e-05
concentration	M_glx_c	9.999e-05
concentration	M_pep_c	1.096e-04
concentration	M_g3p_c	4.629e-05
concentration	M_acald_c	9.999e-05
concentration	M_dhap_c	9.824e-04
concentration	M_succoa_c	7.264e-04
concentration	M_fum_c	2.259e-03
concentration	M_mal__L_c	9.639e-04
concentration	M_r5p_c	5.603e-05
concentration	M_3pg_c	2.230e-03
concentration	M_cit_c	3.400e-03
concentration	M_ru5p__D_c	1.858e-04
concentration	M_g6p_c	4.964e-04
concentration	M_q8_c	2.193e-05
concentration	M_xu5p__D_c	1.652e-04
concentration	M_q8h2_c	4.558e-04
concentration	M_e4p_c	1.349e-05
concentration	M_13dpg_c	1.826e-05
concentration	M_s7p_c	1.145e-03
concentration	M_2pg_c	9.973e-05
concentration	M_actp_c	1.442e-03
concentration	M_lac__D_c	2.663e-04
concentration	M_etoh_c	9.999e-05
concentration	M_6pgc_c	7.900e-05
concentration	M_fdp_c	9.508e-04
concentration	M_6pgl_c	9.999e-05
concentration	M_acon_C_c	1.548e-05
concentration	M_glu__L_c	2.173e-02
concentration	M_icit_c	4.113e-06
concentration	M_f6p_c	2.372e-04

!!SBtab TableID='Predicted Gibbs energies' TableType='Quantity' TableName='Predicted Gibbs energies' SBtabVersion='1.0' Unit='kJ/mol'
!QuantityType	!Reaction	!Value
reaction gibbs energy	R_PFK	-1.430e+01
reaction gibbs energy	R_PFL	0.000e+00
reaction gibbs energy	R_PGI	0.000e+00
reaction gibbs energy	R_PGK	-4.449e+00
reaction gibbs energy	R_PGL	0.000e+00
reaction gibbs energy	R_ACALD	0.000e+00
reaction gibbs energy	R_PGM	-4.449e+00
reaction gibbs energy	R_ALCD2x	0.000e+00
reaction gibbs energy	R_ACKr	0.000e+00
reaction gibbs energy	R_PPC	-2.700e+01
reaction gibbs energy	R_ACONTa	-4.596e+00
reaction gibbs energy	R_ACONTb	-4.798e+00
reaction gibbs energy	R_ATPM	0.000e+00
reaction gibbs energy	R_PPCK	0.000e+00
reaction gibbs energy	R_PPS	0.000e+00
reaction gibbs energy	R_ADK1	0.000e+00
reaction gibbs energy	R_AKGDH	-4.585e+01
reaction gibbs energy	R_PTAr	0.000e+00
reaction gibbs energy	R_PYK	0.000e+00
reaction gibbs energy	R_RPE	0.000e+00
reaction gibbs energy	R_CS	-2.780e+01
reaction gibbs energy	R_RPI	0.000e+00
reaction gibbs energy	R_ENO	-4.449e+00
reaction gibbs energy	R_SUCDi	-1.274e+01
reaction gibbs energy	R_SUCOAS	-6.706e+00
reaction gibbs energy	R_TALA	0.000e+00
reaction gibbs energy	R_TKT1	0.000e+00
reaction gibbs energy	R_TKT2	0.000e+00
reaction gibbs energy	R_TPI	-4.449e+00
reaction gibbs energy	R_FBA	-4.449e+00
reaction gibbs energy	R_FBP	-2.806e+01
reaction gibbs energy	R_FRD7	0.000e+00
reaction gibbs energy	R_FUM	-5.550e+00
reaction gibbs energy	R_G6PDH2r	0.000e+00
reaction gibbs energy	R_GAPD	-4.449e+00
reaction gibbs energy	R_GLNS	0.000e+00
reaction gibbs energy	R_GLUDy	0.000e+00
reaction gibbs energy	R_GLUN	0.000e+00
reaction gibbs energy	R_GLUSy	0.000e+00
reaction gibbs energy	R_GND	0.000e+00
reaction gibbs energy	R_ICDHyr	-5.831e+00
reaction gibbs energy	R_ICL	0.000e+00
reaction gibbs energy	R_LDH_D	-9.874e+00
reaction gibbs energy	R_MALS	0.000e+00
reaction gibbs energy	R_MDH	0.000e+00
reaction gibbs energy	R_ME1	0.000e+00
reaction gibbs energy	R_ME2	-8.736e+00
reaction gibbs energy	R_NADTRHD	-2.081e+01
reaction gibbs energy	R_PDH	-5.350e+01

