!!!SBtab DocumentName='report' SBtabVersion='1.0' Date='2022-6-9'
!!SBtab TableID='Predicted concentrations' TableType='Quantity' TableName='Predicted concentrations' SBtabVersion='1.0' Unit='M'
!QuantityType	!Compound	!Value
concentration	M_h2o_c	1.000e+00
concentration	M_atp_c	2.427e-03
concentration	M_nadp_c	6.711e-06
concentration	M_nadph_c	5.133e-05
concentration	M_adp_c	2.609e-04
concentration	M_nad_c	1.973e-03
concentration	M_pi_c	8.655e-03
concentration	M_nadh_c	4.587e-06
concentration	M_coa_c	1.401e-02
concentration	M_co2_c	8.204e-05
concentration	M_amp_c	2.677e-04
concentration	M_nh4_c	9.999e-05
concentration	M_akg_c	3.180e-04
concentration	M_accoa_c	4.997e-04
concentration	M_pyr_c	1.527e-03
concentration	M_succ_c	4.267e-04
concentration	M_ac_c	1.000e-02
concentration	M_gln__L_c	2.104e-03
concentration	M_for_c	9.999e-05
concentration	M_oaa_c	1.131e-04
concentration	M_glx_c	2.911e-05
concentration	M_pep_c	1.629e-04
concentration	M_g3p_c	3.907e-05
concentration	M_acald_c	9.999e-05
concentration	M_dhap_c	8.265e-04
concentration	M_succoa_c	3.901e-04
concentration	M_fum_c	1.644e-03
concentration	M_mal__L_c	1.493e-03
concentration	M_r5p_c	9.583e-05
concentration	M_3pg_c	1.584e-03
concentration	M_cit_c	2.320e-03
concentration	M_ru5p__D_c	2.448e-04
concentration	M_g6p_c	4.826e-04
concentration	M_q8_c	1.809e-05
concentration	M_xu5p__D_c	2.046e-04
concentration	M_q8h2_c	5.527e-04
concentration	M_e4p_c	1.339e-05
concentration	M_13dpg_c	2.147e-05
concentration	M_s7p_c	7.424e-04
concentration	M_2pg_c	9.605e-05
concentration	M_actp_c	1.020e-03
concentration	M_lac__D_c	5.654e-04
concentration	M_etoh_c	9.999e-05
concentration	M_6pgc_c	9.871e-05
concentration	M_fdp_c	6.922e-04
concentration	M_6pgl_c	1.699e-05
concentration	M_acon_C_c	2.546e-05
concentration	M_glu__L_c	2.173e-02
concentration	M_icit_c	1.028e-05
concentration	M_f6p_c	2.268e-04

!!SBtab TableID='Predicted Gibbs energies' TableType='Quantity' TableName='Predicted Gibbs energies' SBtabVersion='1.0' Unit='kJ/mol'
!QuantityType	!Reaction	!Value
reaction gibbs energy	R_PFK	-1.857e+01
reaction gibbs energy	R_PFL	0.000e+00
reaction gibbs energy	R_PGI	0.000e+00
reaction gibbs energy	R_PGK	-3.281e+00
reaction gibbs energy	R_PGL	-1.936e+01
reaction gibbs energy	R_ACALD	0.000e+00
reaction gibbs energy	R_PGM	-2.544e+00
reaction gibbs energy	R_ALCD2x	0.000e+00
reaction gibbs energy	R_ACKr	-1.274e+00
reaction gibbs energy	R_PPC	-2.850e+01
reaction gibbs energy	R_ACONTa	-2.480e+00
reaction gibbs energy	R_ACONTb	-3.735e+00
reaction gibbs energy	R_ATPM	0.000e+00
reaction gibbs energy	R_PPCK	0.000e+00
reaction gibbs energy	R_PPS	0.000e+00
reaction gibbs energy	R_ADK1	0.000e+00
reaction gibbs energy	R_AKGDH	0.000e+00
reaction gibbs energy	R_PTAr	-8.448e+00
reaction gibbs energy	R_PYK	0.000e+00
reaction gibbs energy	R_RPE	-3.815e+00
reaction gibbs energy	R_CS	-2.132e+01
reaction gibbs energy	R_RPI	-4.444e+00
reaction gibbs energy	R_ENO	-2.554e+00
reaction gibbs energy	R_SUCDi	-1.267e+01
reaction gibbs energy	R_SUCOAS	0.000e+00
reaction gibbs energy	R_TALA	-6.568e+00
reaction gibbs energy	R_TKT1	-2.842e+00
reaction gibbs energy	R_TKT2	-7.396e+00
reaction gibbs energy	R_TPI	-2.004e+00
reaction gibbs energy	R_FBA	-2.170e+00
reaction gibbs energy	R_FBP	0.000e+00
reaction gibbs energy	R_FRD7	0.000e+00
reaction gibbs energy	R_FUM	-3.667e+00
reaction gibbs energy	R_G6PDH2r	-8.342e+00
reaction gibbs energy	R_GAPD	-1.644e+00
reaction gibbs energy	R_GLNS	0.000e+00
reaction gibbs energy	R_GLUDy	0.000e+00
reaction gibbs energy	R_GLUN	0.000e+00
reaction gibbs energy	R_GLUSy	0.000e+00
reaction gibbs energy	R_GND	-5.619e+00
reaction gibbs energy	R_ICDHyr	0.000e+00
reaction gibbs energy	R_ICL	-7.451e+00
reaction gibbs energy	R_LDH_D	-9.673e+00
reaction gibbs energy	R_MALS	-1.947e+01
reaction gibbs energy	R_MDH	0.000e+00
reaction gibbs energy	R_ME1	-2.606e+01
reaction gibbs energy	R_ME2	0.000e+00
reaction gibbs energy	R_NADTRHD	-2.016e+01
reaction gibbs energy	R_PDH	0.000e+00

