!!!SBtab DocumentName='report' SBtabVersion='1.0' Date='2022-6-9'
!!SBtab TableID='Predicted concentrations' TableType='Quantity' TableName='Predicted concentrations' SBtabVersion='1.0' Unit='M'
!QuantityType	!Compound	!Value
concentration	M_h2o_c	1.000e+00
concentration	M_atp_c	2.427e-03
concentration	M_nadp_c	6.641e-06
concentration	M_nadph_c	5.268e-05
concentration	M_adp_c	2.609e-04
concentration	M_nad_c	1.594e-03
concentration	M_pi_c	2.050e-03
concentration	M_nadh_c	1.653e-05
concentration	M_coa_c	6.792e-04
concentration	M_co2_c	1.577e-04
concentration	M_amp_c	2.677e-04
concentration	M_nh4_c	5.793e-06
concentration	M_akg_c	3.024e-04
concentration	M_accoa_c	7.474e-04
concentration	M_pyr_c	1.111e-03
concentration	M_succ_c	4.026e-04
concentration	M_ac_c	1.000e-02
concentration	M_gln__L_c	2.125e-03
concentration	M_for_c	9.999e-05
concentration	M_oaa_c	2.392e-06
concentration	M_glx_c	9.999e-05
concentration	M_pep_c	6.167e-04
concentration	M_g3p_c	1.061e-04
concentration	M_acald_c	9.999e-05
concentration	M_dhap_c	5.683e-04
concentration	M_succoa_c	3.901e-04
concentration	M_fum_c	1.681e-03
concentration	M_mal__L_c	3.176e-03
concentration	M_r5p_c	1.071e-04
concentration	M_3pg_c	2.172e-03
concentration	M_cit_c	1.930e-03
concentration	M_ru5p__D_c	2.113e-04
concentration	M_g6p_c	4.141e-04
concentration	M_q8_c	1.510e-05
concentration	M_xu5p__D_c	2.446e-04
concentration	M_q8h2_c	6.622e-04
concentration	M_e4p_c	1.363e-05
concentration	M_13dpg_c	1.826e-05
concentration	M_s7p_c	6.947e-04
concentration	M_2pg_c	2.040e-04
concentration	M_actp_c	1.020e-03
concentration	M_lac__D_c	9.999e-05
concentration	M_etoh_c	9.999e-05
concentration	M_6pgc_c	9.521e-05
concentration	M_fdp_c	1.790e-04
concentration	M_6pgl_c	1.805e-05
concentration	M_acon_C_c	3.074e-05
concentration	M_glu__L_c	2.163e-02
concentration	M_icit_c	1.864e-05
concentration	M_f6p_c	2.732e-04

!!SBtab TableID='Predicted Gibbs energies' TableType='Quantity' TableName='Predicted Gibbs energies' SBtabVersion='1.0' Unit='kJ/mol'
!QuantityType	!Reaction	!Value
reaction gibbs energy	R_PFK	0.000e+00
reaction gibbs energy	R_PFL	0.000e+00
reaction gibbs energy	R_PGI	-1.470e+00
reaction gibbs energy	R_PGK	3.192e-01
reaction gibbs energy	R_PGL	-1.978e+01
reaction gibbs energy	R_ACALD	0.000e+00
reaction gibbs energy	R_PGM	3.192e-01
reaction gibbs energy	R_ALCD2x	0.000e+00
reaction gibbs energy	R_ACKr	3.192e-01
reaction gibbs energy	R_PPC	0.000e+00
reaction gibbs energy	R_ACONTa	-1.546e+00
reaction gibbs energy	R_ACONTb	-2.754e+00
reaction gibbs energy	R_ATPM	0.000e+00
reaction gibbs energy	R_PPCK	-1.721e+00
reaction gibbs energy	R_PPS	0.000e+00
reaction gibbs energy	R_ADK1	0.000e+00
reaction gibbs energy	R_AKGDH	0.000e+00
reaction gibbs energy	R_PTAr	-4.859e+00
reaction gibbs energy	R_PYK	0.000e+00
reaction gibbs energy	R_RPE	-3.081e+00
reaction gibbs energy	R_CS	-2.094e+01
reaction gibbs energy	R_RPI	-3.821e+00
reaction gibbs energy	R_ENO	3.192e-01
reaction gibbs energy	R_SUCDi	-1.143e+01
reaction gibbs energy	R_SUCOAS	0.000e+00
reaction gibbs energy	R_TALA	-8.420e+00
reaction gibbs energy	R_TKT1	-1.338e+00
reaction gibbs energy	R_TKT2	0.000e+00
reaction gibbs energy	R_TPI	-1.125e+00
reaction gibbs energy	R_FBA	-2.465e+00
reaction gibbs energy	R_FBP	-2.680e+01
reaction gibbs energy	R_FRD7	0.000e+00
reaction gibbs energy	R_FUM	-1.849e+00
reaction gibbs energy	R_G6PDH2r	-7.636e+00
reaction gibbs energy	R_GAPD	-1.586e+00
reaction gibbs energy	R_GLNS	-1.105e+01
reaction gibbs energy	R_GLUDy	0.000e+00
reaction gibbs energy	R_GLUN	0.000e+00
reaction gibbs energy	R_GLUSy	-3.850e+01
reaction gibbs energy	R_GND	-3.564e+00
reaction gibbs energy	R_ICDHyr	-3.638e+00
reaction gibbs energy	R_ICL	0.000e+00
reaction gibbs energy	R_LDH_D	0.000e+00
reaction gibbs energy	R_MALS	0.000e+00
reaction gibbs energy	R_MDH	-1.013e+00
reaction gibbs energy	R_ME1	0.000e+00
reaction gibbs energy	R_ME2	-6.082e+00
reaction gibbs energy	R_NADTRHD	0.000e+00
reaction gibbs energy	R_PDH	-5.046e+01

