!!!SBtab DocumentName='report' SBtabVersion='1.0' Date='2022-6-9'
!!SBtab TableID='Predicted concentrations' TableType='Quantity' TableName='Predicted concentrations' SBtabVersion='1.0' Unit='M'
!QuantityType	!Compound	!Value
concentration	M_h2o_c	1.000e+00
concentration	M_atp_c	2.427e-03
concentration	M_nadp_c	6.796e-06
concentration	M_nadph_c	4.843e-05
concentration	M_adp_c	2.609e-04
concentration	M_nad_c	2.002e-03
concentration	M_pi_c	8.471e-03
concentration	M_nadh_c	4.481e-06
concentration	M_coa_c	7.274e-04
concentration	M_co2_c	1.617e-04
concentration	M_amp_c	2.677e-04
concentration	M_nh4_c	1.418e-05
concentration	M_akg_c	2.426e-04
concentration	M_accoa_c	3.273e-04
concentration	M_pyr_c	1.247e-03
concentration	M_succ_c	2.853e-04
concentration	M_ac_c	1.000e-02
concentration	M_gln__L_c	2.095e-03
concentration	M_for_c	1.000e-04
concentration	M_oaa_c	2.744e-06
concentration	M_glx_c	2.294e-05
concentration	M_pep_c	1.650e-04
concentration	M_g3p_c	3.842e-05
concentration	M_acald_c	1.000e-04
concentration	M_dhap_c	8.171e-04
concentration	M_succoa_c	1.081e-03
concentration	M_fum_c	1.904e-03
concentration	M_mal__L_c	2.251e-03
concentration	M_r5p_c	9.446e-05
concentration	M_3pg_c	1.580e-03
concentration	M_cit_c	2.353e-03
concentration	M_ru5p__D_c	2.367e-04
concentration	M_g6p_c	3.532e-04
concentration	M_q8_c	2.345e-05
concentration	M_xu5p__D_c	2.060e-04
concentration	M_q8h2_c	4.264e-04
concentration	M_e4p_c	1.339e-05
concentration	M_13dpg_c	2.151e-05
concentration	M_s7p_c	7.652e-04
concentration	M_2pg_c	9.645e-05
concentration	M_actp_c	1.020e-03
concentration	M_lac__D_c	1.000e-04
concentration	M_etoh_c	1.000e-04
concentration	M_6pgc_c	1.070e-04
concentration	M_fdp_c	6.775e-04
concentration	M_6pgl_c	1.640e-05
concentration	M_acon_C_c	2.659e-05
concentration	M_glu__L_c	2.223e-02
concentration	M_icit_c	1.245e-05
concentration	M_f6p_c	2.994e-04

!!SBtab TableID='Predicted Gibbs energies' TableType='Quantity' TableName='Predicted Gibbs energies' SBtabVersion='1.0' Unit='kJ/mol'
!QuantityType	!Reaction	!Value
reaction gibbs energy	R_PFK	-1.931e+01
reaction gibbs energy	R_PFL	0.000e+00
reaction gibbs energy	R_PGI	-2.157e+00
reaction gibbs energy	R_PGK	-3.293e+00
reaction gibbs energy	R_PGL	-1.907e+01
reaction gibbs energy	R_ACALD	0.000e+00
reaction gibbs energy	R_PGM	-2.527e+00
reaction gibbs energy	R_ALCD2x	0.000e+00
reaction gibbs energy	R_ACKr	-1.274e+00
reaction gibbs energy	R_PPC	0.000e+00
reaction gibbs energy	R_ACONTa	-2.407e+00
reaction gibbs energy	R_ACONTb	-3.369e+00
reaction gibbs energy	R_ATPM	0.000e+00
reaction gibbs energy	R_PPCK	0.000e+00
reaction gibbs energy	R_PPS	0.000e+00
reaction gibbs energy	R_ADK1	0.000e+00
reaction gibbs energy	R_AKGDH	-4.333e+01
reaction gibbs energy	R_PTAr	-2.220e+00
reaction gibbs energy	R_PYK	-1.608e+01
reaction gibbs energy	R_RPE	-3.715e+00
reaction gibbs energy	R_CS	-1.835e+01
reaction gibbs energy	R_RPI	-4.396e+00
reaction gibbs energy	R_ENO	-2.532e+00
reaction gibbs energy	R_SUCDi	-1.260e+01
reaction gibbs energy	R_SUCOAS	-2.218e+00
reaction gibbs energy	R_TALA	-5.915e+00
reaction gibbs energy	R_TKT1	-2.789e+00
reaction gibbs energy	R_TKT2	-6.765e+00
reaction gibbs energy	R_TPI	-2.017e+00
reaction gibbs energy	R_FBA	-2.186e+00
reaction gibbs energy	R_FBP	0.000e+00
reaction gibbs energy	R_FRD7	0.000e+00
reaction gibbs energy	R_FUM	-3.014e+00
reaction gibbs energy	R_G6PDH2r	-7.831e+00
reaction gibbs energy	R_GAPD	-1.639e+00
reaction gibbs energy	R_GLNS	-9.813e+00
reaction gibbs energy	R_GLUDy	0.000e+00
reaction gibbs energy	R_GLUN	0.000e+00
reaction gibbs energy	R_GLUSy	-3.734e+01
reaction gibbs energy	R_GND	-4.397e+00
reaction gibbs energy	R_ICDHyr	-3.999e+00
reaction gibbs energy	R_ICL	-9.512e+00
reaction gibbs energy	R_LDH_D	0.000e+00
reaction gibbs energy	R_MALS	-2.415e+01
reaction gibbs energy	R_MDH	-3.655e+00
reaction gibbs energy	R_ME1	0.000e+00
reaction gibbs energy	R_ME2	0.000e+00
reaction gibbs energy	R_NADTRHD	0.000e+00
reaction gibbs energy	R_PDH	-5.571e+01

