!!!SBtab DocumentName='report' SBtabVersion='1.0' Date='2022-6-9'
!!SBtab TableID='Predicted concentrations' TableType='Quantity' TableName='Predicted concentrations' SBtabVersion='1.0' Unit='M'
!QuantityType	!Compound	!Value
concentration	M_h2o_c	1.000e+00
concentration	M_atp_c	2.427e-03
concentration	M_nadp_c	6.736e-06
concentration	M_nadph_c	4.958e-05
concentration	M_adp_c	2.609e-04
concentration	M_nad_c	1.934e-03
concentration	M_pi_c	8.817e-03
concentration	M_nadh_c	4.425e-06
concentration	M_coa_c	7.353e-04
concentration	M_co2_c	1.234e-04
concentration	M_amp_c	2.677e-04
concentration	M_nh4_c	1.000e-04
concentration	M_akg_c	2.621e-04
concentration	M_accoa_c	3.119e-04
concentration	M_pyr_c	1.540e-03
concentration	M_succ_c	2.790e-04
concentration	M_ac_c	1.000e-02
concentration	M_gln__L_c	2.104e-03
concentration	M_for_c	1.000e-04
concentration	M_oaa_c	1.276e-04
concentration	M_glx_c	1.000e-04
concentration	M_pep_c	1.650e-04
concentration	M_g3p_c	3.822e-05
concentration	M_acald_c	1.000e-04
concentration	M_dhap_c	8.140e-04
concentration	M_succoa_c	1.083e-03
concentration	M_fum_c	1.578e-03
concentration	M_mal__L_c	1.356e-03
concentration	M_r5p_c	9.578e-05
concentration	M_3pg_c	1.590e-03
concentration	M_cit_c	2.403e-03
concentration	M_ru5p__D_c	2.412e-04
concentration	M_g6p_c	4.879e-04
concentration	M_q8_c	2.118e-05
concentration	M_xu5p__D_c	2.077e-04
concentration	M_q8h2_c	4.720e-04
concentration	M_e4p_c	1.339e-05
concentration	M_13dpg_c	2.174e-05
concentration	M_s7p_c	7.460e-04
concentration	M_2pg_c	9.707e-05
concentration	M_actp_c	1.020e-03
concentration	M_lac__D_c	4.856e-04
concentration	M_etoh_c	1.000e-04
concentration	M_6pgc_c	1.034e-04
concentration	M_fdp_c	6.647e-04
concentration	M_6pgl_c	1.897e-05
concentration	M_acon_C_c	2.702e-05
concentration	M_glu__L_c	2.173e-02
concentration	M_icit_c	1.318e-05
concentration	M_f6p_c	2.337e-04

!!SBtab TableID='Predicted Gibbs energies' TableType='Quantity' TableName='Predicted Gibbs energies' SBtabVersion='1.0' Unit='kJ/mol'
!QuantityType	!Reaction	!Value
reaction gibbs energy	R_PFK	-1.874e+01
reaction gibbs energy	R_PFL	0.000e+00
reaction gibbs energy	R_PGI	0.000e+00
reaction gibbs energy	R_PGK	-3.303e+00
reaction gibbs energy	R_PGL	-1.952e+01
reaction gibbs energy	R_ACALD	0.000e+00
reaction gibbs energy	R_PGM	-2.528e+00
reaction gibbs energy	R_ALCD2x	0.000e+00
reaction gibbs energy	R_ACKr	-1.274e+00
reaction gibbs energy	R_PPC	-2.920e+01
reaction gibbs energy	R_ACONTa	-2.420e+00
reaction gibbs energy	R_ACONTb	-3.266e+00
reaction gibbs energy	R_ATPM	0.000e+00
reaction gibbs energy	R_PPCK	0.000e+00
reaction gibbs energy	R_PPS	0.000e+00
reaction gibbs energy	R_ADK1	0.000e+00
reaction gibbs energy	R_AKGDH	-4.416e+01
reaction gibbs energy	R_PTAr	-2.268e+00
reaction gibbs energy	R_PYK	0.000e+00
reaction gibbs energy	R_RPE	-3.742e+00
reaction gibbs energy	R_CS	-2.767e+01
reaction gibbs energy	R_RPI	-4.409e+00
reaction gibbs energy	R_ENO	-2.549e+00
reaction gibbs energy	R_SUCDi	-1.250e+01
reaction gibbs energy	R_SUCOAS	-2.348e+00
reaction gibbs energy	R_TALA	-6.451e+00
reaction gibbs energy	R_TKT1	-2.920e+00
reaction gibbs energy	R_TKT2	-7.414e+00
reaction gibbs energy	R_TPI	-2.021e+00
reaction gibbs energy	R_FBA	-2.162e+00
reaction gibbs energy	R_FBP	-2.690e+01
reaction gibbs energy	R_FRD7	0.000e+00
reaction gibbs energy	R_FUM	-3.804e+00
reaction gibbs energy	R_G6PDH2r	-8.190e+00
reaction gibbs energy	R_GAPD	-1.643e+00
reaction gibbs energy	R_GLNS	0.000e+00
reaction gibbs energy	R_GLUDy	0.000e+00
reaction gibbs energy	R_GLUN	0.000e+00
reaction gibbs energy	R_GLUSy	0.000e+00
reaction gibbs energy	R_GND	-4.856e+00
reaction gibbs energy	R_ICDHyr	-4.538e+00
reaction gibbs energy	R_ICL	0.000e+00
reaction gibbs energy	R_LDH_D	-1.003e+01
reaction gibbs energy	R_MALS	0.000e+00
reaction gibbs energy	R_MDH	0.000e+00
reaction gibbs energy	R_ME1	-2.482e+01
reaction gibbs energy	R_ME2	0.000e+00
reaction gibbs energy	R_NADTRHD	-2.010e+01
reaction gibbs energy	R_PDH	0.000e+00

