!!!SBtab DocumentName='report' SBtabVersion='1.0' Date='2022-6-9'
!!SBtab TableID='Predicted concentrations' TableType='Quantity' TableName='Predicted concentrations' SBtabVersion='1.0' Unit='M'
!QuantityType	!Compound	!Value
concentration	M_h2o_c	1.000e+00
concentration	M_atp_c	2.427e-03
concentration	M_nadp_c	6.628e-06
concentration	M_nadph_c	5.377e-05
concentration	M_adp_c	2.609e-04
concentration	M_nad_c	1.992e-03
concentration	M_pi_c	8.757e-03
concentration	M_nadh_c	4.494e-06
concentration	M_coa_c	1.402e-02
concentration	M_co2_c	3.846e-05
concentration	M_amp_c	2.743e-04
concentration	M_nh4_c	1.630e-05
concentration	M_akg_c	2.963e-04
concentration	M_accoa_c	4.979e-04
concentration	M_pyr_c	1.061e-03
concentration	M_succ_c	4.218e-04
concentration	M_ac_c	1.000e-02
concentration	M_gln__L_c	2.091e-03
concentration	M_for_c	9.999e-05
concentration	M_oaa_c	1.531e-04
concentration	M_glx_c	2.847e-05
concentration	M_pep_c	1.728e-04
concentration	M_g3p_c	3.794e-05
concentration	M_acald_c	9.999e-05
concentration	M_dhap_c	8.203e-04
concentration	M_succoa_c	3.901e-04
concentration	M_fum_c	1.690e-03
concentration	M_mal__L_c	1.621e-03
concentration	M_r5p_c	9.455e-05
concentration	M_3pg_c	1.591e-03
concentration	M_cit_c	2.349e-03
concentration	M_ru5p__D_c	2.543e-04
concentration	M_g6p_c	3.535e-04
concentration	M_q8_c	1.748e-05
concentration	M_xu5p__D_c	2.109e-04
concentration	M_q8h2_c	5.721e-04
concentration	M_e4p_c	1.344e-05
concentration	M_13dpg_c	2.159e-05
concentration	M_s7p_c	7.704e-04
concentration	M_2pg_c	9.897e-05
concentration	M_actp_c	1.020e-03
concentration	M_lac__D_c	4.395e-04
concentration	M_etoh_c	9.999e-05
concentration	M_6pgc_c	9.226e-05
concentration	M_fdp_c	6.742e-04
concentration	M_6pgl_c	1.553e-05
concentration	M_acon_C_c	2.597e-05
concentration	M_glu__L_c	2.220e-02
concentration	M_icit_c	1.033e-05
concentration	M_f6p_c	2.991e-04

!!SBtab TableID='Predicted Gibbs energies' TableType='Quantity' TableName='Predicted Gibbs energies' SBtabVersion='1.0' Unit='kJ/mol'
!QuantityType	!Reaction	!Value
reaction gibbs energy	R_PFK	-1.932e+01
reaction gibbs energy	R_PFL	0.000e+00
reaction gibbs energy	R_PGI	-2.152e+00
reaction gibbs energy	R_PGK	-3.284e+00
reaction gibbs energy	R_PGL	-1.930e+01
reaction gibbs energy	R_ACALD	0.000e+00
reaction gibbs energy	R_PGM	-2.481e+00
reaction gibbs energy	R_ALCD2x	0.000e+00
reaction gibbs energy	R_ACKr	-1.274e+00
reaction gibbs energy	R_PPC	-2.599e+01
reaction gibbs energy	R_ACONTa	-2.461e+00
reaction gibbs energy	R_ACONTb	-3.774e+00
reaction gibbs energy	R_ATPM	0.000e+00
reaction gibbs energy	R_PPCK	0.000e+00
reaction gibbs energy	R_PPS	-2.351e+01
reaction gibbs energy	R_ADK1	-5.557e+00
reaction gibbs energy	R_AKGDH	0.000e+00
reaction gibbs energy	R_PTAr	-8.429e+00
reaction gibbs energy	R_PYK	0.000e+00
reaction gibbs energy	R_RPE	-3.835e+00
reaction gibbs energy	R_CS	-2.203e+01
reaction gibbs energy	R_RPI	-4.572e+00
reaction gibbs energy	R_ENO	-2.483e+00
reaction gibbs energy	R_SUCDi	-1.241e+01
reaction gibbs energy	R_SUCOAS	0.000e+00
reaction gibbs energy	R_TALA	-5.894e+00
reaction gibbs energy	R_TKT1	-2.864e+00
reaction gibbs energy	R_TKT2	0.000e+00
reaction gibbs energy	R_TPI	-2.058e+00
reaction gibbs energy	R_FBA	-2.196e+00
reaction gibbs energy	R_FBP	0.000e+00
reaction gibbs energy	R_FRD7	0.000e+00
reaction gibbs energy	R_FUM	-3.531e+00
reaction gibbs energy	R_G6PDH2r	-7.647e+00
reaction gibbs energy	R_GAPD	-1.661e+00
reaction gibbs energy	R_GLNS	-1.008e+01
reaction gibbs energy	R_GLUDy	0.000e+00
reaction gibbs energy	R_GLUN	0.000e+00
reaction gibbs energy	R_GLUSy	-3.816e+01
reaction gibbs energy	R_GND	-7.089e+00
reaction gibbs energy	R_ICDHyr	-6.276e+00
reaction gibbs energy	R_ICL	-7.545e+00
reaction gibbs energy	R_LDH_D	-9.321e+00
reaction gibbs energy	R_MALS	-1.920e+01
reaction gibbs energy	R_MDH	0.000e+00
reaction gibbs energy	R_ME1	0.000e+00
reaction gibbs energy	R_ME2	-8.734e+00
reaction gibbs energy	R_NADTRHD	0.000e+00
reaction gibbs energy	R_PDH	0.000e+00

