!!!SBtab DocumentName='report' SBtabVersion='1.0' Date='2022-6-9'
!!SBtab TableID='Predicted concentrations' TableType='Quantity' TableName='Predicted concentrations' SBtabVersion='1.0' Unit='M'
!QuantityType	!Compound	!Value
concentration	M_h2o_c	1.000e+00
concentration	M_atp_c	2.427e-03
concentration	M_nadp_c	6.575e-06
concentration	M_nadph_c	5.244e-05
concentration	M_adp_c	2.609e-04
concentration	M_nad_c	1.571e-03
concentration	M_pi_c	5.298e-03
concentration	M_nadh_c	1.988e-04
concentration	M_coa_c	3.505e-03
concentration	M_co2_c	1.142e-04
concentration	M_amp_c	2.701e-04
concentration	M_nh4_c	9.078e-06
concentration	M_akg_c	2.948e-04
concentration	M_accoa_c	6.300e-04
concentration	M_pyr_c	9.635e-04
concentration	M_succ_c	4.295e-04
concentration	M_ac_c	1.000e-02
concentration	M_gln__L_c	2.133e-03
concentration	M_for_c	1.000e-04
concentration	M_oaa_c	1.607e-04
concentration	M_glx_c	2.517e-05
concentration	M_pep_c	6.167e-04
concentration	M_g3p_c	1.180e-04
concentration	M_acald_c	1.000e-04
concentration	M_dhap_c	5.808e-04
concentration	M_succoa_c	3.901e-04
concentration	M_fum_c	1.505e-03
concentration	M_mal__L_c	2.209e-03
concentration	M_r5p_c	1.107e-04
concentration	M_3pg_c	2.172e-03
concentration	M_cit_c	1.925e-03
concentration	M_ru5p__D_c	2.243e-04
concentration	M_g6p_c	4.078e-04
concentration	M_q8_c	1.877e-05
concentration	M_xu5p__D_c	2.526e-04
concentration	M_q8h2_c	5.329e-04
concentration	M_e4p_c	1.357e-05
concentration	M_13dpg_c	1.826e-05
concentration	M_s7p_c	6.815e-04
concentration	M_2pg_c	2.040e-04
concentration	M_actp_c	1.020e-03
concentration	M_lac__D_c	1.000e-04
concentration	M_etoh_c	1.000e-04
concentration	M_6pgc_c	9.491e-05
concentration	M_fdp_c	1.826e-04
concentration	M_6pgl_c	3.199e-05
concentration	M_acon_C_c	2.943e-05
concentration	M_glu__L_c	2.181e-02
concentration	M_icit_c	1.375e-05
concentration	M_f6p_c	2.698e-04

!!SBtab TableID='Predicted Gibbs energies' TableType='Quantity' TableName='Predicted Gibbs energies' SBtabVersion='1.0' Unit='kJ/mol'
!QuantityType	!Reaction	!Value
reaction gibbs energy	R_PFK	0.000e+00
reaction gibbs energy	R_PFL	0.000e+00
reaction gibbs energy	R_PGI	-1.477e+00
reaction gibbs energy	R_PGK	3.192e-01
reaction gibbs energy	R_PGL	-2.120e+01
reaction gibbs energy	R_ACALD	0.000e+00
reaction gibbs energy	R_PGM	3.192e-01
reaction gibbs energy	R_ALCD2x	0.000e+00
reaction gibbs energy	R_ACKr	3.192e-01
reaction gibbs energy	R_PPC	-3.418e+01
reaction gibbs energy	R_ACONTa	-1.646e+00
reaction gibbs energy	R_ACONTb	-3.400e+00
reaction gibbs energy	R_ATPM	0.000e+00
reaction gibbs energy	R_PPCK	0.000e+00
reaction gibbs energy	R_PPS	-2.136e+01
reaction gibbs energy	R_ADK1	-5.515e+00
reaction gibbs energy	R_AKGDH	0.000e+00
reaction gibbs energy	R_PTAr	-6.996e+00
reaction gibbs energy	R_PYK	0.000e+00
reaction gibbs energy	R_RPE	-3.148e+00
reaction gibbs energy	R_CS	-2.688e+01
reaction gibbs energy	R_RPI	-3.886e+00
reaction gibbs energy	R_ENO	3.192e-01
reaction gibbs energy	R_SUCDi	-1.294e+01
reaction gibbs energy	R_SUCOAS	0.000e+00
reaction gibbs energy	R_TALA	-8.678e+00
reaction gibbs energy	R_TKT1	-1.285e+00
reaction gibbs energy	R_TKT2	0.000e+00
reaction gibbs energy	R_TPI	-1.333e+00
reaction gibbs energy	R_FBA	-2.732e+00
reaction gibbs energy	R_FBP	-2.452e+01
reaction gibbs energy	R_FRD7	0.000e+00
reaction gibbs energy	R_FUM	-2.474e+00
reaction gibbs energy	R_G6PDH2r	-6.167e+00
reaction gibbs energy	R_GAPD	-5.169e+00
reaction gibbs energy	R_GLNS	-9.820e+00
reaction gibbs energy	R_GLUDy	0.000e+00
reaction gibbs energy	R_GLUN	0.000e+00
reaction gibbs energy	R_GLUSy	-3.842e+01
reaction gibbs energy	R_GND	-4.194e+00
reaction gibbs energy	R_ICDHyr	-3.731e+00
reaction gibbs energy	R_ICL	-8.604e+00
reaction gibbs energy	R_LDH_D	0.000e+00
reaction gibbs energy	R_MALS	-2.102e+01
reaction gibbs energy	R_MDH	0.000e+00
reaction gibbs energy	R_ME1	0.000e+00
reaction gibbs energy	R_ME2	-6.321e+00
reaction gibbs energy	R_NADTRHD	-1.036e+01
reaction gibbs energy	R_PDH	-4.920e+01

