!!!SBtab DocumentName='report' SBtabVersion='1.0' Date='2022-6-9'
!!SBtab TableID='Predicted concentrations' TableType='Quantity' TableName='Predicted concentrations' SBtabVersion='1.0' Unit='M'
!QuantityType	!Compound	!Value
concentration	M_h2o_c	1.000e+00
concentration	M_atp_c	2.427e-03
concentration	M_nadp_c	6.664e-06
concentration	M_nadph_c	5.026e-05
concentration	M_adp_c	2.609e-04
concentration	M_nad_c	1.552e-03
concentration	M_pi_c	2.117e-03
concentration	M_nadh_c	2.351e-05
concentration	M_coa_c	1.140e-03
concentration	M_co2_c	2.211e-04
concentration	M_amp_c	2.679e-04
concentration	M_nh4_c	9.264e-06
concentration	M_akg_c	2.917e-04
concentration	M_accoa_c	6.918e-04
concentration	M_pyr_c	8.152e-04
concentration	M_succ_c	4.059e-04
concentration	M_ac_c	1.000e-04
concentration	M_gln__L_c	2.126e-03
concentration	M_for_c	1.000e-04
concentration	M_oaa_c	1.638e-06
concentration	M_glx_c	1.000e-04
concentration	M_pep_c	6.167e-04
concentration	M_g3p_c	1.069e-04
concentration	M_acald_c	1.000e-04
concentration	M_dhap_c	5.217e-04
concentration	M_succoa_c	3.901e-04
concentration	M_fum_c	1.822e-03
concentration	M_mal__L_c	3.386e-03
concentration	M_r5p_c	1.125e-04
concentration	M_3pg_c	2.056e-03
concentration	M_cit_c	2.003e-03
concentration	M_ru5p__D_c	2.138e-04
concentration	M_g6p_c	4.055e-04
concentration	M_q8_c	2.150e-05
concentration	M_xu5p__D_c	2.485e-04
concentration	M_q8h2_c	4.651e-04
concentration	M_e4p_c	1.360e-05
concentration	M_13dpg_c	1.826e-05
concentration	M_s7p_c	6.648e-04
concentration	M_2pg_c	1.947e-04
concentration	M_actp_c	1.442e-03
concentration	M_lac__D_c	7.876e-04
concentration	M_etoh_c	1.000e-04
concentration	M_6pgc_c	1.045e-04
concentration	M_fdp_c	1.572e-04
concentration	M_6pgl_c	3.309e-05
concentration	M_acon_C_c	2.993e-05
concentration	M_glu__L_c	2.076e-02
concentration	M_icit_c	1.981e-05
concentration	M_f6p_c	2.896e-04

!!SBtab TableID='Predicted Gibbs energies' TableType='Quantity' TableName='Predicted Gibbs energies' SBtabVersion='1.0' Unit='kJ/mol'
!QuantityType	!Reaction	!Value
reaction gibbs energy	R_PFK	0.000e+00
reaction gibbs energy	R_PFL	0.000e+00
reaction gibbs energy	R_PGI	-1.659e+00
reaction gibbs energy	R_PGK	-1.870e-02
reaction gibbs energy	R_PGL	-2.112e+01
reaction gibbs energy	R_ACALD	0.000e+00
reaction gibbs energy	R_PGM	-1.870e-02
reaction gibbs energy	R_ALCD2x	0.000e+00
reaction gibbs energy	R_ACKr	0.000e+00
reaction gibbs energy	R_PPC	0.000e+00
reaction gibbs energy	R_ACONTa	-1.672e+00
reaction gibbs energy	R_ACONTb	-2.565e+00
reaction gibbs energy	R_ATPM	0.000e+00
reaction gibbs energy	R_PPCK	0.000e+00
reaction gibbs energy	R_PPS	-2.327e+01
reaction gibbs energy	R_ADK1	-5.472e+00
reaction gibbs energy	R_AKGDH	0.000e+00
reaction gibbs energy	R_PTAr	0.000e+00
reaction gibbs energy	R_PYK	0.000e+00
reaction gibbs energy	R_RPE	-3.099e+00
reaction gibbs energy	R_CS	-1.861e+01
reaction gibbs energy	R_RPI	-3.736e+00
reaction gibbs energy	R_ENO	-1.870e-02
reaction gibbs energy	R_SUCDi	-1.277e+01
reaction gibbs energy	R_SUCOAS	0.000e+00
reaction gibbs energy	R_TALA	-8.208e+00
reaction gibbs energy	R_TKT1	-1.624e+00
reaction gibbs energy	R_TKT2	-4.941e+00
reaction gibbs energy	R_TPI	-1.311e+00
reaction gibbs energy	R_FBA	-2.552e+00
reaction gibbs energy	R_FBP	-2.626e+01
reaction gibbs energy	R_FRD7	0.000e+00
reaction gibbs energy	R_FUM	-1.888e+00
reaction gibbs energy	R_G6PDH2r	-6.183e+00
reaction gibbs energy	R_GAPD	-2.122e+00
reaction gibbs energy	R_GLNS	-1.203e+01
reaction gibbs energy	R_GLUDy	0.000e+00
reaction gibbs energy	R_GLUN	0.000e+00
reaction gibbs energy	R_GLUSy	-3.857e+01
reaction gibbs energy	R_GND	-2.887e+00
reaction gibbs energy	R_ICDHyr	-2.966e+00
reaction gibbs energy	R_ICL	0.000e+00
reaction gibbs energy	R_LDH_D	-1.194e+01
reaction gibbs energy	R_MALS	0.000e+00
reaction gibbs energy	R_MDH	-1.145e+00
reaction gibbs energy	R_ME1	0.000e+00
reaction gibbs energy	R_ME2	-6.107e+00
reaction gibbs energy	R_NADTRHD	-1.548e+01
reaction gibbs energy	R_PDH	-4.996e+01

